GAME_ID,TEAM_ID,TEAM_ABBREVIATION,GAME_DATE,REST_DAYS,SCORE_MARGIN,IS_BLOWOUT,IS_CLOSE_GAME,WL
0022500082,1610612737,ATL,2025-10-22,3.0,-20,1,0,L
0022500090,1610612737,ATL,2025-10-24,1.0,4,0,1,W
0022500101,1610612737,ATL,2025-10-25,0.0,-17,1,0,L
0022500115,1610612737,ATL,2025-10-27,1.0,-5,0,1,L
0022500130,1610612737,ATL,2025-10-29,1.0,5,0,1,W
0022500020,1610612737,ATL,2025-10-31,1.0,20,1,0,W
0022500151,1610612737,ATL,2025-11-02,1.0,-8,0,0,L
0022500166,1610612737,ATL,2025-11-04,1.0,15,1,0,W
0022500030,1610612737,ATL,2025-11-07,2.0,-12,0,0,L
0022500185,1610612737,ATL,2025-11-08,0.0,20,1,0,W
0022500206,1610612737,ATL,2025-11-10,1.0,3,0,1,W
0022500223,1610612737,ATL,2025-11-12,1.0,33,1,0,W
0022500227,1610612737,ATL,2025-11-13,0.0,10,0,0,W
0022500239,1610612737,ATL,2025-11-16,2.0,2,0,1,W
0022500251,1610612737,ATL,2025-11-18,1.0,-8,0,0,L
0022500267,1610612737,ATL,2025-11-20,1.0,-9,0,0,L
0022500270,1610612737,ATL,2025-11-22,1.0,17,1,0,W
0022500276,1610612737,ATL,2025-11-23,0.0,3,0,1,W
0022500057,1610612737,ATL,2025-11-25,1.0,-19,1,0,L
0022500069,1610612737,ATL,2025-11-28,2.0,7,0,0,W
0022500304,1610612737,ATL,2025-11-30,1.0,8,0,0,W
0022500309,1610612737,ATL,2025-12-01,0.0,-1,0,1,L
0022500327,1610612737,ATL,2025-12-03,1.0,-23,1,0,L
0022500340,1610612737,ATL,2025-12-05,1.0,-1,0,1,L
0022500351,1610612737,ATL,2025-12-06,0.0,15,1,0,W
0022501210,1610612737,ATL,2025-12-12,5.0,-27,1,0,L
0022501217,1610612737,ATL,2025-12-14,1.0,3,0,1,W
0022500371,1610612737,ATL,2025-12-18,3.0,-7,0,0,L
0022500383,1610612737,ATL,2025-12-19,0.0,-28,1,0,L
0022500396,1610612737,ATL,2025-12-21,1.0,-2,0,1,L
0022500411,1610612737,ATL,2025-12-23,1.0,-3,0,1,L
0022500423,1610612737,ATL,2025-12-26,2.0,-15,1,0,L
0022500435,1610612737,ATL,2025-12-27,0.0,-3,0,1,L
0022500455,1610612737,ATL,2025-12-29,1.0,-11,0,0,L
0022500463,1610612737,ATL,2025-12-31,1.0,24,1,0,W
0022500479,1610612737,ATL,2026-01-02,1.0,12,0,0,W
0022500488,1610612737,ATL,2026-01-03,0.0,-17,1,0,L
0022500504,1610612737,ATL,2026-01-05,1.0,-18,1,0,L
0022500519,1610612737,ATL,2026-01-07,1.0,17,1,0,W
0022500537,1610612737,ATL,2026-01-09,1.0,23,1,0,W
0022500556,1610612737,ATL,2026-01-11,1.0,13,0,0,W
0022500569,1610612737,ATL,2026-01-13,1.0,-25,1,0,L
0022500585,1610612737,ATL,2026-01-15,1.0,-16,1,0,L
0022500594,1610612737,ATL,2026-01-17,1.0,-26,1,0,L
0022500014,1610612737,ATL,2026-01-19,1.0,-2,0,1,L
0022500623,1610612737,ATL,2026-01-21,1.0,2,0,1,W
0022500636,1610612737,ATL,2026-01-23,1.0,7,0,0,W
0022500659,1610612737,ATL,2026-01-26,2.0,16,1,0,W
0022500673,1610612737,ATL,2026-01-28,1.0,11,0,0,W
0022500682,1610612737,ATL,2026-01-29,0.0,-18,1,0,L
0022500698,1610612737,ATL,2026-01-31,1.0,-5,0,1,L
0022500720,1610612737,ATL,2026-02-03,2.0,12,0,0,W
0022500735,1610612737,ATL,2026-02-05,1.0,2,0,1,W
0022500751,1610612737,ATL,2026-02-07,1.0,-7,0,0,L
0022500765,1610612737,ATL,2026-02-09,1.0,-22,1,0,L
0022500775,1610612737,ATL,2026-02-11,1.0,-3,0,1,L
0022500794,1610612737,ATL,2026-02-19,7.0,10,0,0,W
0022500805,1610612737,ATL,2026-02-20,0.0,-31,1,0,L
0022500818,1610612737,ATL,2026-02-22,1.0,11,0,0,W
0022500832,1610612737,ATL,2026-02-24,1.0,21,1,0,W
0022500850,1610612737,ATL,2026-02-26,1.0,30,1,0,W
0022500873,1610612737,ATL,2026-03-01,2.0,34,1,0,W
0022500897,1610612737,ATL,2026-03-04,2.0,18,1,0,W
0022500917,1610612737,ATL,2026-03-07,2.0,9,0,0,W
0022500939,1610612737,ATL,2026-03-10,2.0,12,0,0,W
0022500956,1610612737,ATL,2026-03-12,1.0,11,0,0,W
0022500970,1610612737,ATL,2026-03-14,1.0,23,1,0,W
0022500983,1610612737,ATL,2026-03-16,1.0,12,0,0,W
0022501006,1610612737,ATL,2026-03-18,1.0,15,1,0,W
0022501018,1610612737,ATL,2026-03-20,1.0,-22,1,0,L
0022501026,1610612737,ATL,2026-03-21,0.0,16,1,0,W
0022501037,1610612737,ATL,2026-03-23,1.0,39,1,0,W
0022501051,1610612737,ATL,2026-03-25,1.0,1,0,1,W
0022501067,1610612737,ATL,2026-03-27,1.0,-7,0,0,L
0022501078,1610612737,ATL,2026-03-28,0.0,10,0,0,W
0022501092,1610612737,ATL,2026-03-30,1.0,10,0,0,W
0022501107,1610612737,ATL,2026-04-01,1.0,29,1,0,W
0022501122,1610612737,ATL,2026-04-03,1.0,34,1,0,W
0022501143,1610612737,ATL,2026-04-06,2.0,-3,0,1,L
0022501158,1610612737,ATL,2026-04-08,1.0,-6,0,0,L
0022501173,1610612737,ATL,2026-04-10,1.0,22,1,0,W
0022501189,1610612737,ATL,2026-04-12,1.0,-26,1,0,L
0022500083,1610612738,BOS,2025-10-22,3.0,-1,0,1,L
0022500018,1610612738,BOS,2025-10-24,1.0,-10,0,0,L
0022500106,1610612738,BOS,2025-10-26,1.0,-6,0,0,L
0022500117,1610612738,BOS,2025-10-27,0.0,32,1,0,W
0022500128,1610612738,BOS,2025-10-29,1.0,20,1,0,W
0022500021,1610612738,BOS,2025-10-31,1.0,1,0,1,W
0022500146,1610612738,BOS,2025-11-01,0.0,-27,1,0,L
0022500158,1610612738,BOS,2025-11-03,1.0,-2,0,1,L
0022500174,1610612738,BOS,2025-11-05,1.0,29,1,0,W
0022500028,1610612738,BOS,2025-11-07,1.0,-13,0,0,L
0022500193,1610612738,BOS,2025-11-09,1.0,4,0,1,W
0022500209,1610612738,BOS,2025-11-11,1.0,-2,0,1,L
0022500216,1610612738,BOS,2025-11-12,0.0,36,1,0,W
0022500233,1610612738,BOS,2025-11-16,3.0,3,0,1,W
0022500250,1610612738,BOS,2025-11-18,1.0,14,0,0,W
0022500049,1610612738,BOS,2025-11-21,2.0,-8,0,0,L
0022500277,1610612738,BOS,2025-11-23,1.0,9,0,0,W
0022500060,1610612738,BOS,2025-11-26,2.0,3,0,1,W
0022500293,1610612738,BOS,2025-11-29,2.0,-4,0,1,L
0022500302,1610612738,BOS,2025-11-30,0.0,2,0,1,W
0022500320,1610612738,BOS,2025-12-02,1.0,6,0,0,W
0022500334,1610612738,BOS,2025-12-04,1.0,45,1,0,W
0022500338,1610612738,BOS,2025-12-05,0.0,21,1,0,W
0022500358,1610612738,BOS,2025-12-07,1.0,8,0,0,W
0022501206,1610612738,BOS,2025-12-11,3.0,-15,1,0,L
0022501222,1610612738,BOS,2025-12-15,3.0,-7,0,0,L
0022500381,1610612738,BOS,2025-12-19,3.0,13,0,0,W
0022500388,1610612738,BOS,2025-12-20,0.0,16,1,0,W
0022500403,1610612738,BOS,2025-12-22,1.0,8,0,0,W
0022500426,1610612738,BOS,2025-12-26,3.0,18,1,0,W
0022500444,1610612738,BOS,2025-12-28,1.0,-6,0,0,L
0022500459,1610612738,BOS,2025-12-30,1.0,10,0,0,W
0022500474,1610612738,BOS,2026-01-01,1.0,14,0,0,W
0022500493,1610612738,BOS,2026-01-03,1.0,31,1,0,W
0022500503,1610612738,BOS,2026-01-05,1.0,14,0,0,W
0022500520,1610612738,BOS,2026-01-07,1.0,-4,0,1,L
0022500532,1610612738,BOS,2026-01-09,1.0,8,0,0,W
0022500545,1610612738,BOS,2026-01-10,0.0,-5,0,1,L
0022500559,1610612738,BOS,2026-01-12,1.0,-2,0,1,L
0022500580,1610612738,BOS,2026-01-15,2.0,5,0,1,W
0022500594,1610612738,BOS,2026-01-17,1.0,26,1,0,W
0022500017,1610612738,BOS,2026-01-19,1.0,-1,0,1,L
0022500621,1610612738,BOS,2026-01-21,1.0,15,1,0,W
0022500637,1610612738,BOS,2026-01-23,1.0,4,0,1,W
0022500647,1610612738,BOS,2026-01-24,0.0,-3,0,1,L
0022500660,1610612738,BOS,2026-01-26,1.0,8,0,0,W
0022500673,1610612738,BOS,2026-01-28,1.0,-11,0,0,L
0022500689,1610612738,BOS,2026-01-30,1.0,19,1,0,W
0022500702,1610612738,BOS,2026-02-01,1.0,28,1,0,W
0022500721,1610612738,BOS,2026-02-03,1.0,10,0,0,W
0022500728,1610612738,BOS,2026-02-04,0.0,21,1,0,W
0022500741,1610612738,BOS,2026-02-06,1.0,2,0,1,W
0022500757,1610612738,BOS,2026-02-08,1.0,-22,1,0,L
0022500778,1610612738,BOS,2026-02-11,2.0,19,1,0,W
0022500799,1610612738,BOS,2026-02-19,7.0,11,0,0,W
0022500823,1610612738,BOS,2026-02-22,2.0,22,1,0,W
0022500839,1610612738,BOS,2026-02-24,1.0,16,1,0,W
0022500847,1610612738,BOS,2026-02-25,0.0,-19,1,0,L
0022500859,1610612738,BOS,2026-02-27,1.0,37,1,0,W
0022500874,1610612738,BOS,2026-03-01,1.0,16,1,0,W
0022500880,1610612738,BOS,2026-03-02,0.0,27,1,0,W
0022500894,1610612738,BOS,2026-03-04,1.0,-29,1,0,L
0022500908,1610612738,BOS,2026-03-06,1.0,20,1,0,W
0022500921,1610612738,BOS,2026-03-08,1.0,11,0,0,W
0022500942,1610612738,BOS,2026-03-10,1.0,-9,0,0,L
0022500959,1610612738,BOS,2026-03-12,1.0,-2,0,1,L
0022500971,1610612738,BOS,2026-03-14,1.0,11,0,0,W
0022500986,1610612738,BOS,2026-03-16,1.0,8,0,0,W
0022500999,1610612738,BOS,2026-03-18,1.0,21,1,0,W
0022501019,1610612738,BOS,2026-03-20,1.0,5,0,1,W
0022501035,1610612738,BOS,2026-03-22,1.0,-10,0,0,L
0022501054,1610612738,BOS,2026-03-25,2.0,10,0,0,W
0022501067,1610612738,BOS,2026-03-27,1.0,7,0,0,W
0022501085,1610612738,BOS,2026-03-29,1.0,15,1,0,W
0022501092,1610612738,BOS,2026-03-30,0.0,-10,0,0,L
0022501106,1610612738,BOS,2026-04-01,1.0,18,1,0,W
0022501126,1610612738,BOS,2026-04-03,1.0,32,1,0,W
0022501132,1610612738,BOS,2026-04-05,1.0,14,0,0,W
0022501149,1610612738,BOS,2026-04-07,1.0,11,0,0,W
0022501168,1610612738,BOS,2026-04-09,1.0,-6,0,0,L
0022501174,1610612738,BOS,2026-04-10,0.0,26,1,0,W
0022501186,1610612738,BOS,2026-04-12,1.0,5,0,1,W
0022500003,1610612739,CLE,2025-10-22,3.0,-8,0,0,L
0022500091,1610612739,CLE,2025-10-24,1.0,7,0,0,W
0022500107,1610612739,CLE,2025-10-26,1.0,5,0,1,W
0022500007,1610612739,CLE,2025-10-27,0.0,21,1,0,W
0022500128,1610612739,CLE,2025-10-29,1.0,-20,1,0,L
0022500022,1610612739,CLE,2025-10-31,1.0,-11,0,0,L
0022500151,1610612739,CLE,2025-11-02,1.0,8,0,0,W
0022500171,1610612739,CLE,2025-11-05,2.0,11,0,0,W
0022500029,1610612739,CLE,2025-11-07,1.0,33,1,0,W
0022500186,1610612739,CLE,2025-11-08,0.0,6,0,0,W
0022500201,1610612739,CLE,2025-11-10,1.0,-2,0,1,L
0022500217,1610612739,CLE,2025-11-12,1.0,14,0,0,W
0022500225,1610612739,CLE,2025-11-13,0.0,-13,0,0,L
0022500228,1610612739,CLE,2025-11-15,1.0,8,0,0,W
0022500241,1610612739,CLE,2025-11-17,1.0,12,0,0,W
0022500255,1610612739,CLE,2025-11-19,1.0,-10,0,0,L
0022500048,1610612739,CLE,2025-11-21,1.0,11,0,0,W
0022500278,1610612739,CLE,2025-11-23,1.0,15,1,0,W
0022500284,1610612739,CLE,2025-11-24,0.0,-11,0,0,L
0022500069,1610612739,CLE,2025-11-28,3.0,-7,0,0,L
0022500302,1610612739,CLE,2025-11-30,1.0,-2,0,1,L
0022500310,1610612739,CLE,2025-12-01,0.0,16,1,0,W
0022500324,1610612739,CLE,2025-12-03,1.0,-12,0,0,L
0022500341,1610612739,CLE,2025-12-05,1.0,13,0,0,W
0022500352,1610612739,CLE,2025-12-06,0.0,-5,0,1,L
0022501212,1610612739,CLE,2025-12-12,5.0,4,0,1,W
0022501218,1610612739,CLE,2025-12-14,1.0,-8,0,0,L
0022500367,1610612739,CLE,2025-12-17,2.0,-16,1,0,L
0022500384,1610612739,CLE,2025-12-19,1.0,-11,0,0,L
0022500402,1610612739,CLE,2025-12-22,2.0,7,0,0,W
0022500412,1610612739,CLE,2025-12-23,0.0,23,1,0,W
0022500009,1610612739,CLE,2025-12-25,1.0,-2,0,1,L
0022500438,1610612739,CLE,2025-12-27,1.0,-17,1,0,L
0022500456,1610612739,CLE,2025-12-29,1.0,12,0,0,W
0022500465,1610612739,CLE,2025-12-31,1.0,16,1,0,W
0022500478,1610612739,CLE,2026-01-02,1.0,5,0,1,W
0022500494,1610612739,CLE,2026-01-04,1.0,-4,0,1,L
0022500510,1610612739,CLE,2026-01-06,1.0,4,0,1,W
0022500530,1610612739,CLE,2026-01-08,1.0,-9,0,0,L
0022500542,1610612739,CLE,2026-01-10,1.0,12,0,0,W
0022500558,1610612739,CLE,2026-01-12,1.0,-11,0,0,L
0022500572,1610612739,CLE,2026-01-14,1.0,26,1,0,W
0022500589,1610612739,CLE,2026-01-16,1.0,2,0,1,W
0022500015,1610612739,CLE,2026-01-19,2.0,-32,1,0,L
0022500620,1610612739,CLE,2026-01-21,1.0,7,0,0,W
0022500638,1610612739,CLE,2026-01-23,1.0,5,0,1,W
0022500646,1610612739,CLE,2026-01-24,0.0,14,0,0,W
0022500658,1610612739,CLE,2026-01-26,1.0,16,1,0,W
0022500671,1610612739,CLE,2026-01-28,1.0,30,1,0,W
0022500693,1610612739,CLE,2026-01-30,1.0,-13,0,0,L
0022500710,1610612739,CLE,2026-02-01,1.0,19,1,0,W
0022500732,1610612739,CLE,2026-02-04,2.0,33,1,0,W
0022500756,1610612739,CLE,2026-02-07,2.0,6,0,0,W
0022500767,1610612739,CLE,2026-02-09,1.0,2,0,1,W
0022500776,1610612739,CLE,2026-02-11,1.0,25,1,0,W
0022500793,1610612739,CLE,2026-02-19,7.0,28,1,0,W
0022500802,1610612739,CLE,2026-02-20,0.0,5,0,1,W
0022500817,1610612739,CLE,2026-02-22,1.0,-8,0,0,L
0022500835,1610612739,CLE,2026-02-24,1.0,15,1,0,W
0022500846,1610612739,CLE,2026-02-25,0.0,-2,0,1,L
0022500858,1610612739,CLE,2026-02-27,1.0,-3,0,1,L
0022500869,1610612739,CLE,2026-03-01,1.0,4,0,1,W
0022500884,1610612739,CLE,2026-03-03,1.0,4,0,1,W
0022500921,1610612739,CLE,2026-03-08,4.0,-11,0,0,L
0022500931,1610612739,CLE,2026-03-09,0.0,14,0,0,W
0022500947,1610612739,CLE,2026-03-11,1.0,-6,0,0,L
0022500965,1610612739,CLE,2026-03-13,1.0,33,1,0,W
0022500977,1610612739,CLE,2026-03-15,1.0,-10,0,0,L
0022500995,1610612739,CLE,2026-03-17,1.0,7,0,0,W
0022501011,1610612739,CLE,2026-03-19,1.0,5,0,1,W
0022501025,1610612739,CLE,2026-03-21,1.0,5,0,1,W
0022501049,1610612739,CLE,2026-03-24,2.0,5,0,1,W
0022501055,1610612739,CLE,2026-03-25,0.0,-17,1,0,L
0022501068,1610612739,CLE,2026-03-27,1.0,21,1,0,W
0022501096,1610612739,CLE,2026-03-30,2.0,9,0,0,W
0022501103,1610612739,CLE,2026-03-31,0.0,-14,0,0,L
0022501117,1610612739,CLE,2026-04-02,1.0,7,0,0,W
0022501136,1610612739,CLE,2026-04-05,2.0,9,0,0,W
0022501145,1610612739,CLE,2026-04-06,0.0,16,1,0,W
0022501158,1610612739,CLE,2026-04-08,1.0,6,0,0,W
0022501173,1610612739,CLE,2026-04-10,1.0,-22,1,0,L
0022501187,1610612739,CLE,2026-04-12,1.0,13,0,0,W
0022500085,1610612740,NOP,2025-10-22,3.0,-6,0,0,L
0022500095,1610612740,NOP,2025-10-24,1.0,-4,0,1,L
0022500117,1610612740,NOP,2025-10-27,2.0,-32,1,0,L
0022500134,1610612740,NOP,2025-10-29,1.0,-34,1,0,L
0022500027,1610612740,NOP,2025-10-31,1.0,-2,0,1,L
0022500148,1610612740,NOP,2025-11-02,1.0,-31,1,0,L
0022500168,1610612740,NOP,2025-11-04,1.0,4,0,1,W
0022500177,1610612740,NOP,2025-11-05,0.0,2,0,1,W
0022500188,1610612740,NOP,2025-11-08,2.0,-7,0,0,L
0022500204,1610612740,NOP,2025-11-10,1.0,-23,1,0,L
0022500219,1610612740,NOP,2025-11-12,1.0,-8,0,0,L
0022500045,1610612740,NOP,2025-11-14,1.0,-14,0,0,L
0022500237,1610612740,NOP,2025-11-16,1.0,-18,1,0,L
0022500247,1610612740,NOP,2025-11-17,0.0,-17,1,0,L
0022500260,1610612740,NOP,2025-11-19,1.0,-7,0,0,L
0022500052,1610612740,NOP,2025-11-21,1.0,-3,0,1,L
0022500270,1610612740,NOP,2025-11-22,0.0,-17,1,0,L
0022500289,1610612740,NOP,2025-11-24,1.0,13,0,0,W
0022500065,1610612740,NOP,2025-11-26,1.0,-5,0,1,L
0022500298,1610612740,NOP,2025-11-29,2.0,-8,0,0,L
0022500308,1610612740,NOP,2025-11-30,0.0,-12,0,0,L
0022500321,1610612740,NOP,2025-12-02,1.0,-7,0,0,L
0022500337,1610612740,NOP,2025-12-04,1.0,-9,0,0,L
0022500350,1610612740,NOP,2025-12-06,1.0,-18,1,0,L
0022500366,1610612740,NOP,2025-12-08,1.0,-3,0,1,L
0022501207,1610612740,NOP,2025-12-11,2.0,23,1,0,W
0022501223,1610612740,NOP,2025-12-14,2.0,10,0,0,W
0022500375,1610612740,NOP,2025-12-18,3.0,5,0,1,W
0022500389,1610612740,NOP,2025-12-20,1.0,19,1,0,W
0022500404,1610612740,NOP,2025-12-22,1.0,6,0,0,W
0022500412,1610612740,NOP,2025-12-23,0.0,-23,1,0,L
0022500429,1610612740,NOP,2025-12-26,2.0,-7,0,0,L
0022500434,1610612740,NOP,2025-12-27,0.0,-9,0,0,L
0022500454,1610612740,NOP,2025-12-29,1.0,-5,0,1,L
0022500466,1610612740,NOP,2025-12-31,1.0,-16,1,0,L
0022500482,1610612740,NOP,2026-01-02,1.0,-13,0,0,L
0022500497,1610612740,NOP,2026-01-04,1.0,-19,1,0,L
0022500514,1610612740,NOP,2026-01-06,1.0,-8,0,0,L
0022500519,1610612740,NOP,2026-01-07,0.0,-17,1,0,L
0022500534,1610612740,NOP,2026-01-09,1.0,21,1,0,W
0022500548,1610612740,NOP,2026-01-11,1.0,-10,0,0,L
0022500567,1610612740,NOP,2026-01-13,1.0,-6,0,0,L
0022500574,1610612740,NOP,2026-01-14,0.0,3,0,1,W
0022500588,1610612740,NOP,2026-01-16,1.0,-8,0,0,L
0022500604,1610612740,NOP,2026-01-18,1.0,-9,0,0,L
0022500624,1610612740,NOP,2026-01-21,2.0,-8,0,0,L
0022500639,1610612740,NOP,2026-01-23,1.0,6,0,0,W
0022500654,1610612740,NOP,2026-01-25,1.0,9,0,0,W
0022500667,1610612740,NOP,2026-01-27,1.0,-9,0,0,L
0022500691,1610612740,NOP,2026-01-30,2.0,8,0,0,W
0022500699,1610612740,NOP,2026-01-31,0.0,-10,0,0,L
0022500712,1610612740,NOP,2026-02-02,1.0,-7,0,0,L
0022500729,1610612740,NOP,2026-02-04,1.0,-4,0,1,L
0022500744,1610612740,NOP,2026-02-06,1.0,4,0,1,W
0022500766,1610612740,NOP,2026-02-09,2.0,26,1,0,W
0022500784,1610612740,NOP,2026-02-11,1.0,-12,0,0,L
0022500807,1610612740,NOP,2026-02-20,7.0,-21,1,0,L
0022500812,1610612740,NOP,2026-02-21,0.0,15,1,0,W
0022500838,1610612740,NOP,2026-02-24,2.0,4,0,1,W
0022500856,1610612740,NOP,2026-02-26,1.0,11,0,0,W
0022500867,1610612740,NOP,2026-02-28,1.0,10,0,0,W
0022500877,1610612740,NOP,2026-03-01,0.0,-20,1,0,L
0022500891,1610612740,NOP,2026-03-03,1.0,-9,0,0,L
0022500907,1610612740,NOP,2026-03-05,1.0,10,0,0,W
0022500912,1610612740,NOP,2026-03-06,0.0,-2,0,1,L
0022500925,1610612740,NOP,2026-03-08,1.0,20,1,0,W
0022500948,1610612740,NOP,2026-03-11,2.0,11,0,0,W
0022500964,1610612740,NOP,2026-03-13,1.0,-2,0,1,L
0022500988,1610612740,NOP,2026-03-16,2.0,18,1,0,W
0022501005,1610612740,NOP,2026-03-18,1.0,15,1,0,W
0022501012,1610612740,NOP,2026-03-19,0.0,6,0,0,W
0022501025,1610612740,NOP,2026-03-21,1.0,-5,0,1,L
0022501048,1610612740,NOP,2026-03-24,2.0,-5,0,1,L
0022501064,1610612740,NOP,2026-03-26,1.0,-21,1,0,L
0022501071,1610612740,NOP,2026-03-27,0.0,-13,0,0,L
0022501088,1610612740,NOP,2026-03-29,1.0,-32,1,0,L
0022501118,1610612740,NOP,2026-04-02,3.0,-12,0,0,L
0022501128,1610612740,NOP,2026-04-03,0.0,-4,0,1,L
0022501138,1610612740,NOP,2026-04-05,1.0,-4,0,1,L
0022501153,1610612740,NOP,2026-04-07,1.0,19,1,0,W
0022501174,1610612740,NOP,2026-04-10,2.0,-26,1,0,L
0022501195,1610612740,NOP,2026-04-12,1.0,-6,0,0,L
0022500084,1610612741,CHI,2025-10-22,3.0,4,0,1,W
0022500100,1610612741,CHI,2025-10-25,2.0,12,0,0,W
0022500115,1610612741,CHI,2025-10-27,1.0,5,0,1,W
0022500132,1610612741,CHI,2025-10-29,1.0,13,0,0,W
0022500023,1610612741,CHI,2025-10-31,1.0,10,0,0,W
0022500153,1610612741,CHI,2025-11-02,1.0,-12,0,0,L
0022500167,1610612741,CHI,2025-11-04,1.0,2,0,1,W
0022500035,1610612741,CHI,2025-11-07,2.0,-16,1,0,L
0022500186,1610612741,CHI,2025-11-08,0.0,-6,0,0,L
0022500202,1610612741,CHI,2025-11-10,1.0,-4,0,1,L
0022500214,1610612741,CHI,2025-11-12,1.0,-11,0,0,L
0022500240,1610612741,CHI,2025-11-16,3.0,-3,0,1,L
0022500248,1610612741,CHI,2025-11-17,0.0,3,0,1,W
0022500263,1610612741,CHI,2025-11-19,1.0,1,0,1,W
0022500051,1610612741,CHI,2025-11-21,1.0,-36,1,0,L
0022500271,1610612741,CHI,2025-11-22,0.0,1,0,1,W
0022500289,1610612741,CHI,2025-11-24,1.0,-13,0,0,L
0022500071,1610612741,CHI,2025-11-28,3.0,-7,0,0,L
0022500295,1610612741,CHI,2025-11-29,0.0,-2,0,1,L
0022500314,1610612741,CHI,2025-12-01,1.0,-5,0,1,L
0022500329,1610612741,CHI,2025-12-03,1.0,-10,0,0,L
0022500345,1610612741,CHI,2025-12-05,1.0,-15,1,0,L
0022500361,1610612741,CHI,2025-12-07,1.0,-32,1,0,L
0022501209,1610612741,CHI,2025-12-12,4.0,3,0,1,W
0022501223,1610612741,CHI,2025-12-14,1.0,-10,0,0,L
0022500367,1610612741,CHI,2025-12-17,2.0,16,1,0,W
0022500384,1610612741,CHI,2025-12-19,1.0,11,0,0,W
0022500396,1610612741,CHI,2025-12-21,1.0,2,0,1,W
0022500411,1610612741,CHI,2025-12-23,1.0,3,0,1,W
0022500427,1610612741,CHI,2025-12-26,2.0,7,0,0,W
0022500437,1610612741,CHI,2025-12-27,0.0,-9,0,0,L
0022500452,1610612741,CHI,2025-12-29,1.0,-35,1,0,L
0022500466,1610612741,CHI,2025-12-31,1.0,16,1,0,W
0022500480,1610612741,CHI,2026-01-02,1.0,7,0,0,W
0022500489,1610612741,CHI,2026-01-03,0.0,-13,0,0,L
0022500503,1610612741,CHI,2026-01-05,1.0,-14,0,0,L
0022500517,1610612741,CHI,2026-01-07,1.0,-15,1,0,L
0022500546,1610612741,CHI,2026-01-10,2.0,18,1,0,W
0022500565,1610612741,CHI,2026-01-13,2.0,-6,0,0,L
0022500573,1610612741,CHI,2026-01-14,0.0,2,0,1,W
0022500587,1610612741,CHI,2026-01-16,1.0,-3,0,1,L
0022500603,1610612741,CHI,2026-01-18,1.0,22,1,0,W
0022500614,1610612741,CHI,2026-01-20,1.0,28,1,0,W
0022500631,1610612741,CHI,2026-01-22,1.0,5,0,1,W
0022500647,1610612741,CHI,2026-01-24,1.0,3,0,1,W
0022500661,1610612741,CHI,2026-01-26,1.0,-11,0,0,L
0022500672,1610612741,CHI,2026-01-28,1.0,-3,0,1,L
0022500529,1610612741,CHI,2026-01-29,0.0,-3,0,1,L
0022500692,1610612741,CHI,2026-01-31,1.0,7,0,0,W
0022500705,1610612741,CHI,2026-02-01,0.0,-43,1,0,L
0022500722,1610612741,CHI,2026-02-03,1.0,-16,1,0,L
0022500736,1610612741,CHI,2026-02-05,1.0,-16,1,0,L
0022500752,1610612741,CHI,2026-02-07,1.0,-16,1,0,L
0022500762,1610612741,CHI,2026-02-09,1.0,-8,0,0,L
0022500778,1610612741,CHI,2026-02-11,1.0,-19,1,0,L
0022500797,1610612741,CHI,2026-02-19,7.0,-9,0,0,L
0022500814,1610612741,CHI,2026-02-21,1.0,-16,1,0,L
0022500825,1610612741,CHI,2026-02-22,0.0,-6,0,0,L
0022500836,1610612741,CHI,2026-02-24,1.0,-32,1,0,L
0022500853,1610612741,CHI,2026-02-26,1.0,-9,0,0,L
0022500870,1610612741,CHI,2026-03-01,2.0,23,1,0,W
0022500889,1610612741,CHI,2026-03-03,1.0,-8,0,0,L
0022500905,1610612741,CHI,2026-03-05,1.0,2,0,1,W
0022500930,1610612741,CHI,2026-03-08,2.0,-16,1,0,L
0022500943,1610612741,CHI,2026-03-10,1.0,6,0,0,W
0022500960,1610612741,CHI,2026-03-12,1.0,-12,0,0,L
0022500968,1610612741,CHI,2026-03-13,0.0,-11,0,0,L
0022500987,1610612741,CHI,2026-03-16,2.0,25,1,0,W
0022501002,1610612741,CHI,2026-03-18,1.0,-30,1,0,L
0022501011,1610612741,CHI,2026-03-19,0.0,-5,0,1,L
0022501042,1610612741,CHI,2026-03-23,3.0,8,0,0,W
0022501053,1610612741,CHI,2026-03-25,1.0,-20,1,0,L
0022501070,1610612741,CHI,2026-03-27,1.0,-18,1,0,L
0022501079,1610612741,CHI,2026-03-28,0.0,-1,0,1,L
0022501094,1610612741,CHI,2026-03-30,1.0,-15,1,0,L
0022501109,1610612741,CHI,2026-04-01,1.0,-19,1,0,L
0022501123,1610612741,CHI,2026-04-03,1.0,-40,1,0,L
0022501134,1610612741,CHI,2026-04-05,1.0,-10,0,0,L
0022501148,1610612741,CHI,2026-04-07,1.0,31,1,0,W
0022501166,1610612741,CHI,2026-04-09,1.0,11,0,0,W
0022501177,1610612741,CHI,2026-04-10,0.0,-24,1,0,L
0022501193,1610612741,CHI,2026-04-12,1.0,-21,1,0,L
0022500004,1610612742,DAL,2025-10-22,3.0,-33,1,0,L
0022500096,1610612742,DAL,2025-10-24,1.0,-10,0,0,L
0022500111,1610612742,DAL,2025-10-26,1.0,10,0,0,W
0022500119,1610612742,DAL,2025-10-27,0.0,-7,0,0,L
0022500133,1610612742,DAL,2025-10-29,1.0,2,0,1,W
0022500147,1610612742,DAL,2025-11-01,2.0,-12,0,0,L
0022500160,1610612742,DAL,2025-11-03,1.0,-8,0,0,L
0022500177,1610612742,DAL,2025-11-05,1.0,-2,0,1,L
0022500034,1610612742,DAL,2025-11-07,1.0,-14,0,0,L
0022500183,1610612742,DAL,2025-11-08,0.0,6,0,0,W
0022500203,1610612742,DAL,2025-11-10,1.0,-2,0,1,L
0022500221,1610612742,DAL,2025-11-12,1.0,-9,0,0,L
0022500046,1610612742,DAL,2025-11-14,1.0,-6,0,0,L
0022500238,1610612742,DAL,2025-11-16,1.0,5,0,1,W
0022500246,1610612742,DAL,2025-11-17,0.0,-24,1,0,L
0022500262,1610612742,DAL,2025-11-19,1.0,-2,0,1,L
0022500052,1610612742,DAL,2025-11-21,1.0,3,0,1,W
0022500273,1610612742,DAL,2025-11-22,0.0,-6,0,0,L
0022500286,1610612742,DAL,2025-11-24,1.0,-4,0,1,L
0022500078,1610612742,DAL,2025-11-28,3.0,-10,0,0,L
0022500300,1610612742,DAL,2025-11-29,0.0,4,0,1,W
0022500315,1610612742,DAL,2025-12-01,1.0,10,0,0,W
0022500332,1610612742,DAL,2025-12-03,1.0,10,0,0,W
0022500349,1610612742,DAL,2025-12-05,1.0,-21,1,0,L
0022500356,1610612742,DAL,2025-12-06,0.0,13,0,0,W
0022501214,1610612742,DAL,2025-12-12,5.0,8,0,0,W
0022501224,1610612742,DAL,2025-12-15,2.0,-7,0,0,L
0022500376,1610612742,DAL,2025-12-18,2.0,2,0,1,W
0022500387,1610612742,DAL,2025-12-20,1.0,-7,0,0,L
0022500404,1610612742,DAL,2025-12-22,1.0,-6,0,0,L
0022500415,1610612742,DAL,2025-12-23,0.0,1,0,1,W
0022500011,1610612742,DAL,2025-12-25,1.0,-10,0,0,L
0022500432,1610612742,DAL,2025-12-27,1.0,-6,0,0,L
0022500457,1610612742,DAL,2025-12-29,1.0,-3,0,1,L
0022500473,1610612742,DAL,2026-01-01,2.0,-15,1,0,L
0022500491,1610612742,DAL,2026-01-03,1.0,6,0,0,W
0022500515,1610612742,DAL,2026-01-06,2.0,2,0,1,W
0022500531,1610612742,DAL,2026-01-08,1.0,-2,0,1,L
0022500546,1610612742,DAL,2026-01-10,1.0,-18,1,0,L
0022500561,1610612742,DAL,2026-01-12,1.0,8,0,0,W
0022500575,1610612742,DAL,2026-01-14,1.0,-9,0,0,L
0022500583,1610612742,DAL,2026-01-15,0.0,22,1,0,W
0022500593,1610612742,DAL,2026-01-17,1.0,18,1,0,W
0022500016,1610612742,DAL,2026-01-19,1.0,17,1,0,W
0022500630,1610612742,DAL,2026-01-22,2.0,8,0,0,W
0022500648,1610612742,DAL,2026-01-24,1.0,-6,0,0,L
0022500677,1610612742,DAL,2026-01-28,3.0,-13,0,0,L
0022500683,1610612742,DAL,2026-01-29,0.0,-2,0,1,L
0022500701,1610612742,DAL,2026-01-31,1.0,-4,0,1,L
0022500721,1610612742,DAL,2026-02-03,2.0,-10,0,0,L
0022500738,1610612742,DAL,2026-02-05,1.0,-12,0,0,L
0022500749,1610612742,DAL,2026-02-07,1.0,-13,0,0,L
0022500773,1610612742,DAL,2026-02-10,2.0,-9,0,0,L
0022500791,1610612742,DAL,2026-02-12,1.0,-20,1,0,L
0022500806,1610612742,DAL,2026-02-20,7.0,-11,0,0,L
0022500821,1610612742,DAL,2026-02-22,1.0,4,0,1,W
0022500833,1610612742,DAL,2026-02-24,1.0,9,0,0,W
0022500854,1610612742,DAL,2026-02-26,1.0,-9,0,0,L
0022500861,1610612742,DAL,2026-02-27,0.0,-19,1,0,L
0022500876,1610612742,DAL,2026-03-01,1.0,-13,0,0,L
0022500883,1610612742,DAL,2026-03-03,1.0,-27,1,0,L
0022500899,1610612742,DAL,2026-03-05,1.0,-1,0,1,L
0022500908,1610612742,DAL,2026-03-06,0.0,-20,1,0,L
0022500924,1610612742,DAL,2026-03-08,1.0,-30,1,0,L
0022500939,1610612742,DAL,2026-03-10,1.0,-12,0,0,L
0022501111,1610612742,DAL,2026-03-12,1.0,8,0,0,W
0022500965,1610612742,DAL,2026-03-13,0.0,-33,1,0,L
0022500977,1610612742,DAL,2026-03-15,1.0,10,0,0,W
0022500988,1610612742,DAL,2026-03-16,0.0,-18,1,0,L
0022501006,1610612742,DAL,2026-03-18,1.0,-15,1,0,L
0022501029,1610612742,DAL,2026-03-21,2.0,-7,0,0,L
0022501044,1610612742,DAL,2026-03-23,1.0,-6,0,0,L
0022501059,1610612742,DAL,2026-03-25,1.0,-7,0,0,L
0022501074,1610612742,DAL,2026-03-27,1.0,7,0,0,W
0022501095,1610612742,DAL,2026-03-30,2.0,-30,1,0,L
0022500652,1610612742,DAL,2026-03-31,0.0,-24,1,0,L
0022501127,1610612742,DAL,2026-04-03,2.0,-11,0,0,L
0022501140,1610612742,DAL,2026-04-05,1.0,6,0,0,W
0022501156,1610612742,DAL,2026-04-07,1.0,-13,0,0,L
0022501164,1610612742,DAL,2026-04-08,0.0,-5,0,1,L
0022501180,1610612742,DAL,2026-04-10,1.0,-19,1,0,L
0022501193,1610612742,DAL,2026-04-12,1.0,21,1,0,W
0022500006,1610612743,DEN,2025-10-23,3.0,-6,0,0,L
0022500104,1610612743,DEN,2025-10-25,1.0,22,1,0,W
0022500008,1610612743,DEN,2025-10-27,1.0,13,0,0,W
0022500134,1610612743,DEN,2025-10-29,1.0,34,1,0,W
0022500026,1610612743,DEN,2025-10-31,1.0,-2,0,1,L
0022500162,1610612743,DEN,2025-11-03,2.0,6,0,0,W
0022500178,1610612743,DEN,2025-11-05,1.0,10,0,0,W
0022500037,1610612743,DEN,2025-11-07,1.0,25,1,0,W
0022500189,1610612743,DEN,2025-11-08,0.0,17,1,0,W
0022500212,1610612743,DEN,2025-11-11,2.0,14,0,0,W
0022500224,1610612743,DEN,2025-11-12,0.0,14,0,0,W
0022500232,1610612743,DEN,2025-11-15,2.0,11,0,0,W
0022500248,1610612743,DEN,2025-11-17,1.0,-3,0,1,L
0022500260,1610612743,DEN,2025-11-19,1.0,7,0,0,W
0022500054,1610612743,DEN,2025-11-21,1.0,3,0,1,W
0022500274,1610612743,DEN,2025-11-22,0.0,-5,0,1,L
0022500287,1610612743,DEN,2025-11-24,1.0,10,0,0,W
0022500076,1610612743,DEN,2025-11-28,3.0,-3,0,1,L
0022500299,1610612743,DEN,2025-11-29,0.0,18,1,0,W
0022500315,1610612743,DEN,2025-12-01,1.0,-10,0,0,L
0022500325,1610612743,DEN,2025-12-03,1.0,15,1,0,W
0022500340,1610612743,DEN,2025-12-05,1.0,1,0,1,W
0022500359,1610612743,DEN,2025-12-07,1.0,9,0,0,W
0022501208,1610612743,DEN,2025-12-11,3.0,31,1,0,W
0022501225,1610612743,DEN,2025-12-15,3.0,3,0,1,W
0022500377,1610612743,DEN,2025-12-18,2.0,11,0,0,W
0022500386,1610612743,DEN,2025-12-20,1.0,-14,0,0,L
0022500405,1610612743,DEN,2025-12-22,1.0,23,1,0,W
0022500415,1610612743,DEN,2025-12-23,0.0,-1,0,1,L
0022500013,1610612743,DEN,2025-12-25,1.0,4,0,1,W
0022500433,1610612743,DEN,2025-12-27,1.0,-1,0,1,L
0022500450,1610612743,DEN,2025-12-29,1.0,-24,1,0,L
0022500468,1610612743,DEN,2025-12-31,1.0,3,0,1,W
0022500478,1610612743,DEN,2026-01-02,1.0,-5,0,1,L
0022500496,1610612743,DEN,2026-01-04,1.0,-12,0,0,L
0022500507,1610612743,DEN,2026-01-05,0.0,1,0,1,W
0022500520,1610612743,DEN,2026-01-07,1.0,4,0,1,W
0022500537,1610612743,DEN,2026-01-09,1.0,-23,1,0,L
0022500554,1610612743,DEN,2026-01-11,1.0,4,0,1,W
0022500567,1610612743,DEN,2026-01-13,1.0,6,0,0,W
0022500575,1610612743,DEN,2026-01-14,0.0,9,0,0,W
0022500600,1610612743,DEN,2026-01-17,2.0,6,0,0,W
0022500605,1610612743,DEN,2026-01-18,0.0,-23,1,0,L
0022500617,1610612743,DEN,2026-01-20,1.0,-8,0,0,L
0022500629,1610612743,DEN,2026-01-22,1.0,10,0,0,W
0022500640,1610612743,DEN,2026-01-23,0.0,2,0,1,W
0022500668,1610612743,DEN,2026-01-27,3.0,-2,0,1,L
0022500684,1610612743,DEN,2026-01-29,1.0,4,0,1,W
0022500695,1610612743,DEN,2026-01-30,0.0,13,0,0,W
0022500711,1610612743,DEN,2026-02-01,1.0,-10,0,0,L
0022500716,1610612743,DEN,2026-02-03,1.0,-3,0,1,L
0022500726,1610612743,DEN,2026-02-04,0.0,-7,0,0,L
0022500752,1610612743,DEN,2026-02-07,2.0,16,1,0,W
0022500767,1610612743,DEN,2026-02-09,1.0,-2,0,1,L
0022500787,1610612743,DEN,2026-02-11,1.0,6,0,0,W
0022500801,1610612743,DEN,2026-02-19,7.0,-1,0,1,L
0022500810,1610612743,DEN,2026-02-20,0.0,54,1,0,W
0022500820,1610612743,DEN,2026-02-22,1.0,-11,0,0,L
0022500847,1610612743,DEN,2026-02-25,2.0,19,1,0,W
0022500862,1610612743,DEN,2026-02-27,1.0,-6,0,0,L
0022500871,1610612743,DEN,2026-03-01,1.0,-9,0,0,L
0022500881,1610612743,DEN,2026-03-02,0.0,3,0,1,W
0022500906,1610612743,DEN,2026-03-05,2.0,7,0,0,W
0022500911,1610612743,DEN,2026-03-06,0.0,-39,1,0,L
0022500933,1610612743,DEN,2026-03-09,2.0,-3,0,1,L
0022500950,1610612743,DEN,2026-03-11,1.0,36,1,0,W
0022500958,1610612743,DEN,2026-03-12,0.0,5,0,1,W
0022500974,1610612743,DEN,2026-03-14,1.0,-2,0,1,L
0022500997,1610612743,DEN,2026-03-17,2.0,28,1,0,W
0022500651,1610612743,DEN,2026-03-18,0.0,-7,0,0,L
0022501021,1610612743,DEN,2026-03-20,1.0,6,0,0,W
0022501032,1610612743,DEN,2026-03-22,1.0,16,1,0,W
0022501050,1610612743,DEN,2026-03-24,1.0,2,0,1,W
0022501059,1610612743,DEN,2026-03-25,0.0,7,0,0,W
0022501072,1610612743,DEN,2026-03-27,1.0,6,0,0,W
0022501090,1610612743,DEN,2026-03-29,1.0,23,1,0,W
0022501112,1610612743,DEN,2026-04-01,2.0,13,0,0,W
0022501130,1610612743,DEN,2026-04-04,2.0,2,0,1,W
0022501147,1610612743,DEN,2026-04-06,1.0,5,0,1,W
0022501162,1610612743,DEN,2026-04-08,1.0,17,1,0,W
0022501182,1610612743,DEN,2026-04-10,1.0,20,1,0,W
0022501197,1610612743,DEN,2026-04-12,1.0,10,0,0,W
0022500002,1610612744,GSW,2025-10-21,3.0,10,0,0,W
0022500006,1610612744,GSW,2025-10-23,1.0,6,0,0,W
0022500097,1610612744,GSW,2025-10-24,0.0,-20,1,0,L
0022500121,1610612744,GSW,2025-10-27,2.0,13,0,0,W
0022500127,1610612744,GSW,2025-10-28,0.0,19,1,0,W
0022500139,1610612744,GSW,2025-10-30,1.0,-10,0,0,L
0022500144,1610612744,GSW,2025-11-01,1.0,-5,0,1,L
0022500169,1610612744,GSW,2025-11-04,2.0,11,0,0,W
0022500181,1610612744,GSW,2025-11-05,0.0,-5,0,1,L
0022500037,1610612744,GSW,2025-11-07,1.0,-25,1,0,L
0022500196,1610612744,GSW,2025-11-09,1.0,31,1,0,W
0022500210,1610612744,GSW,2025-11-11,1.0,-24,1,0,L
0022500220,1610612744,GSW,2025-11-12,0.0,5,0,1,W
0022500047,1610612744,GSW,2025-11-14,1.0,1,0,1,W
0022500237,1610612744,GSW,2025-11-16,1.0,18,1,0,W
0022500249,1610612744,GSW,2025-11-18,1.0,-8,0,0,L
0022500257,1610612744,GSW,2025-11-19,0.0,-14,0,0,L
0022500056,1610612744,GSW,2025-11-21,1.0,-4,0,1,L
0022500291,1610612744,GSW,2025-11-24,2.0,17,1,0,W
0022500066,1610612744,GSW,2025-11-26,1.0,-4,0,1,L
0022500298,1610612744,GSW,2025-11-29,2.0,8,0,0,W
0022500323,1610612744,GSW,2025-12-02,2.0,-12,0,0,L
0022500333,1610612744,GSW,2025-12-04,1.0,-1,0,1,L
0022500352,1610612744,GSW,2025-12-06,1.0,5,0,1,W
0022500361,1610612744,GSW,2025-12-07,0.0,32,1,0,W
0022501215,1610612744,GSW,2025-12-12,4.0,-7,0,0,L
0022501221,1610612744,GSW,2025-12-14,1.0,-5,0,1,L
0022500378,1610612744,GSW,2025-12-18,3.0,-1,0,1,L
0022500392,1610612744,GSW,2025-12-20,1.0,3,0,1,W
0022500407,1610612744,GSW,2025-12-22,1.0,23,1,0,W
0022500011,1610612744,GSW,2025-12-25,2.0,10,0,0,W
0022500441,1610612744,GSW,2025-12-28,2.0,-14,0,0,L
0022500449,1610612744,GSW,2025-12-29,0.0,13,0,0,W
0022500462,1610612744,GSW,2025-12-31,1.0,7,0,0,W
0022500484,1610612744,GSW,2026-01-02,1.0,-37,1,0,L
0022500492,1610612744,GSW,2026-01-03,0.0,9,0,0,W
0022500508,1610612744,GSW,2026-01-05,1.0,-1,0,1,L
0022500526,1610612744,GSW,2026-01-07,1.0,7,0,0,W
0022500539,1610612744,GSW,2026-01-09,1.0,34,1,0,W
0022500556,1610612744,GSW,2026-01-11,1.0,-13,0,0,L
0022500570,1610612744,GSW,2026-01-13,1.0,22,1,0,W
0022500584,1610612744,GSW,2026-01-15,1.0,13,0,0,W
0022500599,1610612744,GSW,2026-01-17,1.0,20,1,0,W
0022500612,1610612744,GSW,2026-01-19,1.0,23,1,0,W
0022500618,1610612744,GSW,2026-01-20,0.0,-18,1,0,L
0022500630,1610612744,GSW,2026-01-22,1.0,-8,0,0,L
0022500644,1610612744,GSW,2026-01-25,2.0,26,1,0,W
0022500663,1610612744,GSW,2026-01-26,0.0,-25,1,0,L
0022500678,1610612744,GSW,2026-01-28,1.0,16,1,0,W
0022500696,1610612744,GSW,2026-01-30,1.0,-7,0,0,L
0022500724,1610612744,GSW,2026-02-03,3.0,-19,1,0,L
0022500739,1610612744,GSW,2026-02-05,1.0,4,0,1,W
0022500753,1610612744,GSW,2026-02-07,1.0,-6,0,0,L
0022500768,1610612744,GSW,2026-02-09,1.0,1,0,1,W
0022500788,1610612744,GSW,2026-02-11,1.0,-13,0,0,L
0022500799,1610612744,GSW,2026-02-19,7.0,-11,0,0,L
0022500820,1610612744,GSW,2026-02-22,2.0,11,0,0,W
0022500838,1610612744,GSW,2026-02-24,1.0,-4,0,1,L
0022500844,1610612744,GSW,2026-02-25,0.0,21,1,0,W
0022500866,1610612744,GSW,2026-02-28,2.0,-28,1,0,L
0022500882,1610612744,GSW,2026-03-02,1.0,-13,0,0,L
0022500902,1610612744,GSW,2026-03-05,2.0,2,0,1,W
0022500920,1610612744,GSW,2026-03-07,1.0,-7,0,0,L
0022500934,1610612744,GSW,2026-03-09,1.0,-3,0,1,L
0022500943,1610612744,GSW,2026-03-10,0.0,-6,0,0,L
0022500966,1610612744,GSW,2026-03-13,2.0,-10,0,0,L
0022500981,1610612744,GSW,2026-03-15,1.0,-3,0,1,L
0022500984,1610612744,GSW,2026-03-16,0.0,8,0,0,W
0022500999,1610612744,GSW,2026-03-18,1.0,-21,1,0,L
0022501017,1610612744,GSW,2026-03-20,1.0,-14,0,0,L
0022501026,1610612744,GSW,2026-03-21,0.0,-16,1,0,L
0022501044,1610612744,GSW,2026-03-23,1.0,6,0,0,W
0022501060,1610612744,GSW,2026-03-25,1.0,3,0,1,W
0022501073,1610612744,GSW,2026-03-27,1.0,5,0,1,W
0022501090,1610612744,GSW,2026-03-29,1.0,-23,1,0,L
0022501113,1610612744,GSW,2026-04-01,2.0,-14,0,0,L
0022501117,1610612744,GSW,2026-04-02,0.0,-7,0,0,L
0022501142,1610612744,GSW,2026-04-05,2.0,-1,0,1,L
0022501154,1610612744,GSW,2026-04-07,1.0,5,0,1,W
0022501170,1610612744,GSW,2026-04-09,1.0,-16,1,0,L
0022501184,1610612744,GSW,2026-04-10,0.0,-6,0,0,L
0022501199,1610612744,GSW,2026-04-12,1.0,-5,0,1,L
0022500001,1610612745,HOU,2025-10-21,3.0,-1,0,1,L
0022500093,1610612745,HOU,2025-10-24,2.0,-4,0,1,L
0022500116,1610612745,HOU,2025-10-27,2.0,28,1,0,W
0022500131,1610612745,HOU,2025-10-29,1.0,18,1,0,W
0022500146,1610612745,HOU,2025-11-01,2.0,27,1,0,W
0022500160,1610612745,HOU,2025-11-03,1.0,8,0,0,W
0022500176,1610612745,HOU,2025-11-05,1.0,15,1,0,W
0022500032,1610612745,HOU,2025-11-07,1.0,-11,0,0,L
0022500191,1610612745,HOU,2025-11-09,1.0,7,0,0,W
0022500218,1610612745,HOU,2025-11-12,2.0,23,1,0,W
0022500042,1610612745,HOU,2025-11-14,1.0,24,1,0,W
0022500236,1610612745,HOU,2025-11-16,1.0,4,0,1,W
0022500255,1610612745,HOU,2025-11-19,2.0,10,0,0,W
0022500054,1610612745,HOU,2025-11-21,1.0,-3,0,1,L
0022500290,1610612745,HOU,2025-11-24,2.0,22,1,0,W
0022500066,1610612745,HOU,2025-11-26,1.0,4,0,1,W
0022500301,1610612745,HOU,2025-11-30,3.0,28,1,0,W
0022500316,1610612745,HOU,2025-12-01,0.0,-8,0,0,L
0022500330,1610612745,HOU,2025-12-03,1.0,26,1,0,W
0022500346,1610612745,HOU,2025-12-05,1.0,19,1,0,W
0022500356,1610612745,HOU,2025-12-06,0.0,-13,0,0,L
0022501205,1610612745,HOU,2025-12-11,4.0,2,0,1,W
0022501225,1610612745,HOU,2025-12-15,3.0,-3,0,1,L
0022500375,1610612745,HOU,2025-12-18,2.0,-5,0,1,L
0022500386,1610612745,HOU,2025-12-20,1.0,14,0,0,W
0022500401,1610612745,HOU,2025-12-21,0.0,-1,0,1,L
0022500422,1610612745,HOU,2025-12-23,1.0,-20,1,0,L
0022500012,1610612745,HOU,2025-12-25,1.0,23,1,0,W
0022500438,1610612745,HOU,2025-12-27,1.0,17,1,0,W
0022500453,1610612745,HOU,2025-12-29,1.0,7,0,0,W
0022500471,1610612745,HOU,2026-01-01,2.0,24,1,0,W
0022500491,1610612745,HOU,2026-01-03,1.0,-6,0,0,L
0022500505,1610612745,HOU,2026-01-05,1.0,3,0,1,W
0022500527,1610612745,HOU,2026-01-07,1.0,-1,0,1,L
0022500540,1610612745,HOU,2026-01-09,1.0,-6,0,0,L
0022500557,1610612745,HOU,2026-01-11,1.0,-13,0,0,L
0022500565,1610612745,HOU,2026-01-13,1.0,6,0,0,W
0022500581,1610612745,HOU,2026-01-15,1.0,-20,1,0,L
0022500591,1610612745,HOU,2026-01-16,0.0,5,0,1,W
0022500604,1610612745,HOU,2026-01-18,1.0,9,0,0,W
0022500615,1610612745,HOU,2026-01-20,1.0,5,0,1,W
0022500628,1610612745,HOU,2026-01-22,1.0,-6,0,0,L
0022500635,1610612745,HOU,2026-01-23,0.0,7,0,0,W
0022500662,1610612745,HOU,2026-01-26,2.0,9,0,0,W
0022500679,1610612745,HOU,2026-01-28,1.0,-12,0,0,L
0022500682,1610612745,HOU,2026-01-29,0.0,18,1,0,W
0022500701,1610612745,HOU,2026-01-31,1.0,4,0,1,W
0022500713,1610612745,HOU,2026-02-02,1.0,4,0,1,W
0022500728,1610612745,HOU,2026-02-04,1.0,-21,1,0,L
0022500737,1610612745,HOU,2026-02-05,0.0,-10,0,0,L
0022500748,1610612745,HOU,2026-02-07,1.0,6,0,0,W
0022500772,1610612745,HOU,2026-02-10,2.0,7,0,0,W
0022500782,1610612745,HOU,2026-02-11,0.0,-3,0,1,L
0022500792,1610612745,HOU,2026-02-19,7.0,4,0,1,W
0022500816,1610612745,HOU,2026-02-21,1.0,-2,0,1,L
0022500830,1610612745,HOU,2026-02-23,1.0,20,1,0,W
0022500845,1610612745,HOU,2026-02-25,1.0,31,1,0,W
0022500852,1610612745,HOU,2026-02-26,0.0,5,0,1,W
0022500864,1610612745,HOU,2026-02-28,1.0,-10,0,0,L
0022500879,1610612745,HOU,2026-03-02,1.0,5,0,1,W
0022500902,1610612745,HOU,2026-03-05,2.0,-2,0,1,L
0022500910,1610612745,HOU,2026-03-06,0.0,7,0,0,W
0022500927,1610612745,HOU,2026-03-08,1.0,-25,1,0,L
0022500940,1610612745,HOU,2026-03-10,1.0,14,0,0,W
0022500950,1610612745,HOU,2026-03-11,0.0,-36,1,0,L
0022500964,1610612745,HOU,2026-03-13,1.0,2,0,1,W
0022500989,1610612745,HOU,2026-03-16,2.0,-8,0,0,L
0022501007,1610612745,HOU,2026-03-18,1.0,-8,0,0,L
0022501018,1610612745,HOU,2026-03-20,1.0,22,1,0,W
0022501027,1610612745,HOU,2026-03-21,0.0,1,0,1,W
0022501042,1610612745,HOU,2026-03-23,1.0,-8,0,0,L
0022501058,1610612745,HOU,2026-03-25,1.0,-2,0,1,L
0022501069,1610612745,HOU,2026-03-27,1.0,10,0,0,W
0022501088,1610612745,HOU,2026-03-29,1.0,32,1,0,W
0022501102,1610612745,HOU,2026-03-31,1.0,17,1,0,W
0022501110,1610612745,HOU,2026-04-01,0.0,6,0,0,W
0022501124,1610612745,HOU,2026-04-03,1.0,34,1,0,W
0022501142,1610612745,HOU,2026-04-05,1.0,1,0,1,W
0022501157,1610612745,HOU,2026-04-07,1.0,14,0,0,W
0022501169,1610612745,HOU,2026-04-09,1.0,11,0,0,W
0022501178,1610612745,HOU,2026-04-10,0.0,-4,0,1,L
0022501194,1610612745,HOU,2026-04-12,1.0,31,1,0,W
0022500087,1610612746,LAC,2025-10-22,3.0,-21,1,0,L
0022500099,1610612746,LAC,2025-10-24,1.0,27,1,0,W
0022500112,1610612746,LAC,2025-10-26,1.0,7,0,0,W
0022500127,1610612746,LAC,2025-10-28,1.0,-19,1,0,L
0022500027,1610612746,LAC,2025-10-31,2.0,2,0,1,W
0022500164,1610612746,LAC,2025-11-03,2.0,-1,0,1,L
0022500170,1610612746,LAC,2025-11-04,0.0,-19,1,0,L
0022500182,1610612746,LAC,2025-11-06,1.0,-13,0,0,L
0022500190,1610612746,LAC,2025-11-08,1.0,-11,0,0,L
0022500206,1610612746,LAC,2025-11-10,1.0,-3,0,1,L
0022500224,1610612746,LAC,2025-11-12,1.0,-14,0,0,L
0022500046,1610612746,LAC,2025-11-14,1.0,6,0,0,W
0022500233,1610612746,LAC,2025-11-16,1.0,-3,0,1,L
0022500243,1610612746,LAC,2025-11-17,0.0,-2,0,1,L
0022500264,1610612746,LAC,2025-11-20,2.0,-28,1,0,L
0022500268,1610612746,LAC,2025-11-22,1.0,15,1,0,W
0022500278,1610612746,LAC,2025-11-23,0.0,-15,1,0,L
0022500059,1610612746,LAC,2025-11-25,1.0,-17,1,0,L
0022500079,1610612746,LAC,2025-11-28,2.0,-5,0,1,L
0022500300,1610612746,LAC,2025-11-29,0.0,-4,0,1,L
0022500313,1610612746,LAC,2025-12-01,1.0,-17,1,0,L
0022500327,1610612746,LAC,2025-12-03,1.0,23,1,0,W
0022500347,1610612746,LAC,2025-12-05,1.0,-9,0,0,L
0022500355,1610612746,LAC,2025-12-06,0.0,-3,0,1,L
0022501205,1610612746,LAC,2025-12-11,4.0,-2,0,1,L
0022501226,1610612746,LAC,2025-12-15,3.0,-18,1,0,L
0022500369,1610612746,LAC,2025-12-18,2.0,-21,1,0,L
0022500395,1610612746,LAC,2025-12-20,1.0,15,1,0,W
0022500422,1610612746,LAC,2025-12-23,2.0,20,1,0,W
0022500431,1610612746,LAC,2025-12-26,2.0,16,1,0,W
0022500445,1610612746,LAC,2025-12-28,1.0,13,0,0,W
0022500461,1610612746,LAC,2025-12-30,1.0,41,1,0,W
0022500475,1610612746,LAC,2026-01-01,1.0,17,1,0,W
0022500493,1610612746,LAC,2026-01-03,1.0,-31,1,0,L
0022500508,1610612746,LAC,2026-01-05,1.0,1,0,1,W
0022500522,1610612746,LAC,2026-01-07,1.0,-12,0,0,L
0022500535,1610612746,LAC,2026-01-09,1.0,16,1,0,W
0022500544,1610612746,LAC,2026-01-10,0.0,6,0,0,W
0022500563,1610612746,LAC,2026-01-12,1.0,8,0,0,W
0022500577,1610612746,LAC,2026-01-14,1.0,14,0,0,W
0022500590,1610612746,LAC,2026-01-16,1.0,4,0,1,W
0022500608,1610612746,LAC,2026-01-19,2.0,4,0,1,W
0022500614,1610612746,LAC,2026-01-20,0.0,-28,1,0,L
0022500633,1610612746,LAC,2026-01-22,1.0,8,0,0,W
0022500656,1610612746,LAC,2026-01-25,2.0,37,1,0,W
0022500670,1610612746,LAC,2026-01-27,1.0,12,0,0,W
0022500695,1610612746,LAC,2026-01-30,2.0,-13,0,0,L
0022500709,1610612746,LAC,2026-02-01,1.0,24,1,0,W
0022500715,1610612746,LAC,2026-02-02,0.0,-15,1,0,L
0022500732,1610612746,LAC,2026-02-04,1.0,-33,1,0,L
0022500746,1610612746,LAC,2026-02-06,1.0,3,0,1,W
0022500760,1610612746,LAC,2026-02-08,1.0,19,1,0,W
0022500772,1610612746,LAC,2026-02-10,1.0,-7,0,0,L
0022500782,1610612746,LAC,2026-02-11,0.0,3,0,1,W
0022500801,1610612746,LAC,2026-02-19,7.0,1,0,1,W
0022500809,1610612746,LAC,2026-02-20,0.0,-3,0,1,L
0022500827,1610612746,LAC,2026-02-22,1.0,-2,0,1,L
0022500857,1610612746,LAC,2026-02-26,3.0,-6,0,0,L
0022500877,1610612746,LAC,2026-03-01,2.0,20,1,0,W
0022500882,1610612746,LAC,2026-03-02,0.0,13,0,0,W
0022500898,1610612746,LAC,2026-03-04,1.0,23,1,0,W
0022500913,1610612746,LAC,2026-03-06,1.0,-4,0,1,L
0022500918,1610612746,LAC,2026-03-07,0.0,3,0,1,W
0022500935,1610612746,LAC,2026-03-09,1.0,8,0,0,W
0022500952,1610612746,LAC,2026-03-11,1.0,25,1,0,W
0022500968,1610612746,LAC,2026-03-13,1.0,11,0,0,W
0022500975,1610612746,LAC,2026-03-14,0.0,-9,0,0,L
0022500990,1610612746,LAC,2026-03-16,1.0,-4,0,1,L
0022501005,1610612746,LAC,2026-03-18,1.0,-15,1,0,L
0022501012,1610612746,LAC,2026-03-19,0.0,-6,0,0,L
0022501029,1610612746,LAC,2026-03-21,1.0,7,0,0,W
0022501046,1610612746,LAC,2026-03-23,1.0,33,1,0,W
0022501062,1610612746,LAC,2026-03-25,1.0,25,1,0,W
0022501066,1610612746,LAC,2026-03-27,1.0,1,0,1,W
0022501082,1610612746,LAC,2026-03-29,1.0,14,0,0,W
0022501104,1610612746,LAC,2026-03-31,1.0,-10,0,0,L
0022501119,1610612746,LAC,2026-04-02,1.0,-19,1,0,L
0022501141,1610612746,LAC,2026-04-05,2.0,29,1,0,W
0022501156,1610612746,LAC,2026-04-07,1.0,13,0,0,W
0022501163,1610612746,LAC,2026-04-08,0.0,-18,1,0,L
0022501183,1610612746,LAC,2026-04-10,1.0,-19,1,0,L
0022501199,1610612746,LAC,2026-04-12,1.0,5,0,1,W
0022500002,1610612747,LAL,2025-10-21,3.0,-10,0,0,L
0022500019,1610612747,LAL,2025-10-24,2.0,18,1,0,W
0022500113,1610612747,LAL,2025-10-26,1.0,7,0,0,W
0022500122,1610612747,LAL,2025-10-27,0.0,-14,0,0,L
0022500136,1610612747,LAL,2025-10-29,1.0,1,0,1,W
0022500024,1610612747,LAL,2025-10-31,1.0,5,0,1,W
0022500155,1610612747,LAL,2025-11-02,1.0,10,0,0,W
0022500163,1610612747,LAL,2025-11-03,0.0,8,0,0,W
0022500179,1610612747,LAL,2025-11-05,1.0,2,0,1,W
0022500185,1610612747,LAL,2025-11-08,2.0,-20,1,0,L
0022500198,1610612747,LAL,2025-11-10,1.0,10,0,0,W
0022500222,1610612747,LAL,2025-11-12,1.0,-29,1,0,L
0022500045,1610612747,LAL,2025-11-14,1.0,14,0,0,W
0022500231,1610612747,LAL,2025-11-15,0.0,24,1,0,W
0022500253,1610612747,LAL,2025-11-18,2.0,14,0,0,W
0022500282,1610612747,LAL,2025-11-23,4.0,2,0,1,W
0022500059,1610612747,LAL,2025-11-25,1.0,17,1,0,W
0022500078,1610612747,LAL,2025-11-28,2.0,10,0,0,W
0022500308,1610612747,LAL,2025-11-30,1.0,12,0,0,W
0022500317,1610612747,LAL,2025-12-01,0.0,-17,1,0,L
0022500336,1610612747,LAL,2025-12-04,2.0,3,0,1,W
0022500338,1610612747,LAL,2025-12-05,0.0,-21,1,0,L
0022500362,1610612747,LAL,2025-12-07,1.0,4,0,1,W
0022501204,1610612747,LAL,2025-12-10,2.0,-13,0,0,L
0022501228,1610612747,LAL,2025-12-14,3.0,2,0,1,W
0022500379,1610612747,LAL,2025-12-18,3.0,8,0,0,W
0022500395,1610612747,LAL,2025-12-20,1.0,-15,1,0,L
0022500418,1610612747,LAL,2025-12-23,2.0,-24,1,0,L
0022500012,1610612747,LAL,2025-12-25,1.0,-23,1,0,L
0022500446,1610612747,LAL,2025-12-28,2.0,24,1,0,W
0022500460,1610612747,LAL,2025-12-30,1.0,-22,1,0,L
0022500485,1610612747,LAL,2026-01-02,2.0,7,0,0,W
0022500501,1610612747,LAL,2026-01-04,1.0,6,0,0,W
0022500514,1610612747,LAL,2026-01-06,1.0,8,0,0,W
0022500523,1610612747,LAL,2026-01-07,0.0,-16,1,0,L
0022500541,1610612747,LAL,2026-01-09,1.0,-4,0,1,L
0022500562,1610612747,LAL,2026-01-12,2.0,-12,0,0,L
0022500569,1610612747,LAL,2026-01-13,0.0,25,1,0,W
0022500586,1610612747,LAL,2026-01-15,1.0,-18,1,0,L
0022500601,1610612747,LAL,2026-01-17,1.0,-16,1,0,L
0022500607,1610612747,LAL,2026-01-18,0.0,17,1,0,W
0022500617,1610612747,LAL,2026-01-20,1.0,8,0,0,W
0022500633,1610612747,LAL,2026-01-22,1.0,-8,0,0,L
0022500648,1610612747,LAL,2026-01-24,1.0,6,0,0,W
0022500661,1610612747,LAL,2026-01-26,1.0,11,0,0,W
0022500671,1610612747,LAL,2026-01-28,1.0,-30,1,0,L
0022500688,1610612747,LAL,2026-01-30,1.0,31,1,0,W
0022500708,1610612747,LAL,2026-02-01,1.0,-12,0,0,L
0022500719,1610612747,LAL,2026-02-03,1.0,16,1,0,W
0022500740,1610612747,LAL,2026-02-05,1.0,4,0,1,W
0022500753,1610612747,LAL,2026-02-07,1.0,6,0,0,W
0022500769,1610612747,LAL,2026-02-09,1.0,-9,0,0,L
0022500774,1610612747,LAL,2026-02-10,0.0,-28,1,0,L
0022500791,1610612747,LAL,2026-02-12,1.0,20,1,0,W
0022500809,1610612747,LAL,2026-02-20,7.0,3,0,1,W
0022500823,1610612747,LAL,2026-02-22,1.0,-22,1,0,L
0022500840,1610612747,LAL,2026-02-24,1.0,-1,0,1,L
0022500855,1610612747,LAL,2026-02-26,1.0,-3,0,1,L
0022500866,1610612747,LAL,2026-02-28,1.0,28,1,0,W
0022500878,1610612747,LAL,2026-03-01,0.0,24,1,0,W
0022500891,1610612747,LAL,2026-03-03,1.0,9,0,0,W
0022500906,1610612747,LAL,2026-03-05,1.0,-7,0,0,L
0022500914,1610612747,LAL,2026-03-06,0.0,11,0,0,W
0022500922,1610612747,LAL,2026-03-08,1.0,13,0,0,W
0022500946,1610612747,LAL,2026-03-10,1.0,14,0,0,W
0022500960,1610612747,LAL,2026-03-12,1.0,12,0,0,W
0022500974,1610612747,LAL,2026-03-14,1.0,2,0,1,W
0022500989,1610612747,LAL,2026-03-16,1.0,8,0,0,W
0022501007,1610612747,LAL,2026-03-18,1.0,8,0,0,W
0022501010,1610612747,LAL,2026-03-19,0.0,8,0,0,W
0022501024,1610612747,LAL,2026-03-21,1.0,1,0,1,W
0022501038,1610612747,LAL,2026-03-23,1.0,-3,0,1,L
0022501052,1610612747,LAL,2026-03-25,1.0,7,0,0,W
0022501075,1610612747,LAL,2026-03-27,1.0,17,1,0,W
0022501098,1610612747,LAL,2026-03-30,2.0,19,1,0,W
0022501103,1610612747,LAL,2026-03-31,0.0,14,0,0,W
0022501116,1610612747,LAL,2026-04-02,1.0,-43,1,0,L
0022501140,1610612747,LAL,2026-04-05,2.0,-6,0,0,L
0022501155,1610612747,LAL,2026-04-07,1.0,-36,1,0,L
0022501170,1610612747,LAL,2026-04-09,1.0,16,1,0,W
0022501185,1610612747,LAL,2026-04-10,0.0,28,1,0,W
0022501198,1610612747,LAL,2026-04-12,1.0,24,1,0,W
0022500081,1610612748,MIA,2025-10-22,3.0,-4,0,1,L
0022500094,1610612748,MIA,2025-10-24,1.0,32,1,0,W
0022500108,1610612748,MIA,2025-10-26,1.0,8,0,0,W
0022500124,1610612748,MIA,2025-10-28,1.0,27,1,0,W
0022500141,1610612748,MIA,2025-10-30,1.0,-6,0,0,L
0022500155,1610612748,MIA,2025-11-02,2.0,-10,0,0,L
0022500164,1610612748,MIA,2025-11-03,0.0,1,0,1,W
0022500178,1610612748,MIA,2025-11-05,1.0,-10,0,0,L
0022500033,1610612748,MIA,2025-11-07,1.0,18,1,0,W
0022500187,1610612748,MIA,2025-11-08,0.0,5,0,1,W
0022500201,1610612748,MIA,2025-11-10,1.0,2,0,1,W
0022500217,1610612748,MIA,2025-11-12,1.0,-14,0,0,L
0022500039,1610612748,MIA,2025-11-14,1.0,-8,0,0,L
0022500244,1610612748,MIA,2025-11-17,2.0,2,0,1,W
0022500257,1610612748,MIA,2025-11-19,1.0,14,0,0,W
0022500051,1610612748,MIA,2025-11-21,1.0,36,1,0,W
0022500275,1610612748,MIA,2025-11-23,1.0,10,0,0,W
0022500286,1610612748,MIA,2025-11-24,0.0,4,0,1,W
0022500062,1610612748,MIA,2025-11-26,1.0,3,0,1,W
0022500296,1610612748,MIA,2025-11-29,2.0,-3,0,1,L
0022500313,1610612748,MIA,2025-12-01,1.0,17,1,0,W
0022500332,1610612748,MIA,2025-12-03,1.0,-10,0,0,L
0022500339,1610612748,MIA,2025-12-05,1.0,-1,0,1,L
0022500354,1610612748,MIA,2025-12-06,0.0,-16,1,0,L
0022501201,1610612748,MIA,2025-12-09,2.0,-9,0,0,L
0022501227,1610612748,MIA,2025-12-15,5.0,-10,0,0,L
0022500373,1610612748,MIA,2025-12-18,2.0,11,0,0,W
0022500381,1610612748,MIA,2025-12-19,0.0,-13,0,0,L
0022500398,1610612748,MIA,2025-12-21,1.0,-7,0,0,L
0022500414,1610612748,MIA,2025-12-23,1.0,-21,1,0,L
0022500423,1610612748,MIA,2025-12-26,2.0,15,1,0,W
0022500436,1610612748,MIA,2025-12-27,0.0,26,1,0,W
0022500450,1610612748,MIA,2025-12-29,1.0,24,1,0,W
0022500472,1610612748,MIA,2026-01-01,2.0,6,0,0,W
0022500486,1610612748,MIA,2026-01-03,1.0,-10,0,0,L
0022500497,1610612748,MIA,2026-01-04,0.0,19,1,0,W
0022500513,1610612748,MIA,2026-01-06,1.0,-28,1,0,L
0022500543,1610612748,MIA,2026-01-10,3.0,-24,1,0,L
0022500553,1610612748,MIA,2026-01-11,0.0,-12,0,0,L
0022500564,1610612748,MIA,2026-01-13,1.0,6,0,0,W
0022500580,1610612748,MIA,2026-01-15,1.0,-5,0,1,L
0022500597,1610612748,MIA,2026-01-17,1.0,2,0,1,W
0022500612,1610612748,MIA,2026-01-19,1.0,-23,1,0,L
0022500619,1610612748,MIA,2026-01-20,0.0,13,0,0,W
0022500634,1610612748,MIA,2026-01-22,1.0,-17,1,0,L
0022500649,1610612748,MIA,2026-01-24,1.0,31,1,0,W
0022500655,1610612748,MIA,2026-01-25,0.0,9,0,0,W
0022500674,1610612748,MIA,2026-01-28,2.0,-9,0,0,L
0022500529,1610612748,MIA,2026-01-29,0.0,3,0,1,W
0022500692,1610612748,MIA,2026-01-31,1.0,-7,0,0,L
0022500705,1610612748,MIA,2026-02-01,0.0,43,1,0,W
0022500720,1610612748,MIA,2026-02-03,1.0,-12,0,0,L
0022500741,1610612748,MIA,2026-02-06,2.0,-2,0,1,L
0022500758,1610612748,MIA,2026-02-08,1.0,31,1,0,W
0022500763,1610612748,MIA,2026-02-09,0.0,-4,0,1,L
0022500784,1610612748,MIA,2026-02-11,1.0,12,0,0,W
0022500805,1610612748,MIA,2026-02-20,7.0,31,1,0,W
0022500813,1610612748,MIA,2026-02-21,0.0,16,1,0,W
0022500837,1610612748,MIA,2026-02-24,2.0,-11,0,0,L
0022500849,1610612748,MIA,2026-02-26,1.0,-7,0,0,L
0022500864,1610612748,MIA,2026-02-28,1.0,10,0,0,W
0022500886,1610612748,MIA,2026-03-03,2.0,26,1,0,W
0022500901,1610612748,MIA,2026-03-05,1.0,16,1,0,W
0022500909,1610612748,MIA,2026-03-06,0.0,8,0,0,W
0022500923,1610612748,MIA,2026-03-08,1.0,11,0,0,W
0022500938,1610612748,MIA,2026-03-10,1.0,21,1,0,W
0022500957,1610612748,MIA,2026-03-12,1.0,7,0,0,W
0022500972,1610612748,MIA,2026-03-14,1.0,-4,0,1,L
0022500991,1610612748,MIA,2026-03-17,2.0,-30,1,0,L
0022501010,1610612748,MIA,2026-03-19,1.0,-8,0,0,L
0022501027,1610612748,MIA,2026-03-21,1.0,-1,0,1,L
0022501041,1610612748,MIA,2026-03-23,1.0,-25,1,0,L
0022501055,1610612748,MIA,2026-03-25,1.0,17,1,0,W
0022501068,1610612748,MIA,2026-03-27,1.0,-21,1,0,L
0022501083,1610612748,MIA,2026-03-29,1.0,-17,1,0,L
0022501091,1610612748,MIA,2026-03-30,0.0,10,0,0,W
0022501106,1610612748,MIA,2026-04-01,1.0,-18,1,0,L
0022501129,1610612748,MIA,2026-04-04,2.0,16,1,0,W
0022501151,1610612748,MIA,2026-04-07,2.0,-26,1,0,L
0022501165,1610612748,MIA,2026-04-09,1.0,-14,0,0,L
0022501172,1610612748,MIA,2026-04-10,0.0,23,1,0,W
0022501189,1610612748,MIA,2026-04-12,1.0,26,1,0,W
0022500086,1610612749,MIL,2025-10-22,3.0,13,0,0,W
0022500092,1610612749,MIL,2025-10-24,1.0,6,0,0,W
0022500107,1610612749,MIL,2025-10-26,1.0,-5,0,1,L
0022500125,1610612749,MIL,2025-10-28,1.0,10,0,0,W
0022500139,1610612749,MIL,2025-10-30,1.0,10,0,0,W
0022500142,1610612749,MIL,2025-11-01,1.0,-2,0,1,L
0022500157,1610612749,MIL,2025-11-03,1.0,2,0,1,W
0022500165,1610612749,MIL,2025-11-04,0.0,-28,1,0,L
0022500035,1610612749,MIL,2025-11-07,2.0,16,1,0,W
0022500191,1610612749,MIL,2025-11-09,1.0,-7,0,0,L
0022500203,1610612749,MIL,2025-11-10,0.0,2,0,1,W
0022500213,1610612749,MIL,2025-11-12,1.0,-11,0,0,L
0022500043,1610612749,MIL,2025-11-14,1.0,13,0,0,W
0022500231,1610612749,MIL,2025-11-15,0.0,-24,1,0,L
0022500241,1610612749,MIL,2025-11-17,1.0,-12,0,0,L
0022500266,1610612749,MIL,2025-11-20,2.0,-9,0,0,L
0022500272,1610612749,MIL,2025-11-22,1.0,-13,0,0,L
0022500288,1610612749,MIL,2025-11-24,1.0,-12,0,0,L
0022500062,1610612749,MIL,2025-11-26,1.0,-3,0,1,L
0022500074,1610612749,MIL,2025-11-28,1.0,-9,0,0,L
0022500297,1610612749,MIL,2025-11-29,0.0,17,1,0,W
0022500311,1610612749,MIL,2025-12-01,1.0,-3,0,1,L
0022500331,1610612749,MIL,2025-12-03,1.0,4,0,1,W
0022500348,1610612749,MIL,2025-12-05,1.0,-15,1,0,L
0022500353,1610612749,MIL,2025-12-06,0.0,-12,0,0,L
0022501206,1610612749,MIL,2025-12-11,4.0,15,1,0,W
0022501219,1610612749,MIL,2025-12-14,2.0,-45,1,0,L
0022500374,1610612749,MIL,2025-12-18,3.0,-6,0,0,L
0022500400,1610612749,MIL,2025-12-21,2.0,-3,0,1,L
0022500413,1610612749,MIL,2025-12-23,1.0,17,1,0,W
0022500428,1610612749,MIL,2025-12-26,2.0,-21,1,0,L
0022500437,1610612749,MIL,2025-12-27,0.0,9,0,0,W
0022500447,1610612749,MIL,2025-12-29,1.0,10,0,0,W
0022500469,1610612749,MIL,2025-12-31,1.0,-1,0,1,L
0022500481,1610612749,MIL,2026-01-02,1.0,1,0,1,W
0022500500,1610612749,MIL,2026-01-04,1.0,17,1,0,W
0022500526,1610612749,MIL,2026-01-07,2.0,-7,0,0,L
0022500541,1610612749,MIL,2026-01-09,1.0,4,0,1,W
0022500554,1610612749,MIL,2026-01-11,1.0,-4,0,1,L
0022500566,1610612749,MIL,2026-01-13,1.0,-33,1,0,L
0022500582,1610612749,MIL,2026-01-15,1.0,-18,1,0,L
0022500014,1610612749,MIL,2026-01-19,3.0,2,0,1,W
0022500625,1610612749,MIL,2026-01-21,1.0,-20,1,0,L
0022500640,1610612749,MIL,2026-01-23,1.0,-2,0,1,L
0022500666,1610612749,MIL,2026-01-27,3.0,-17,1,0,L
0022500681,1610612749,MIL,2026-01-29,1.0,-10,0,0,L
0022500702,1610612749,MIL,2026-02-01,2.0,-28,1,0,L
0022500722,1610612749,MIL,2026-02-03,1.0,16,1,0,W
0022500729,1610612749,MIL,2026-02-04,0.0,4,0,1,W
0022500743,1610612749,MIL,2026-02-06,1.0,6,0,0,W
0022500764,1610612749,MIL,2026-02-09,2.0,-19,1,0,L
0022500777,1610612749,MIL,2026-02-11,1.0,8,0,0,W
0022500789,1610612749,MIL,2026-02-12,0.0,17,1,0,W
0022500807,1610612749,MIL,2026-02-20,7.0,21,1,0,W
0022500819,1610612749,MIL,2026-02-22,1.0,-28,1,0,L
0022500837,1610612749,MIL,2026-02-24,1.0,11,0,0,W
0022500846,1610612749,MIL,2026-02-25,0.0,2,0,1,W
0022500860,1610612749,MIL,2026-02-27,1.0,-29,1,0,L
0022500870,1610612749,MIL,2026-03-01,1.0,-23,1,0,L
0022500880,1610612749,MIL,2026-03-02,0.0,-27,1,0,L
0022500897,1610612749,MIL,2026-03-04,1.0,-18,1,0,L
0022500919,1610612749,MIL,2026-03-07,2.0,14,0,0,W
0022500926,1610612749,MIL,2026-03-08,0.0,-39,1,0,L
0022500941,1610612749,MIL,2026-03-10,1.0,-15,1,0,L
0022500957,1610612749,MIL,2026-03-12,1.0,-7,0,0,L
0022500970,1610612749,MIL,2026-03-14,1.0,-23,1,0,L
0022500979,1610612749,MIL,2026-03-15,0.0,11,0,0,W
0022500995,1610612749,MIL,2026-03-17,1.0,-7,0,0,L
0022501014,1610612749,MIL,2026-03-19,1.0,-32,1,0,L
0022501031,1610612749,MIL,2026-03-21,1.0,3,0,1,W
0022501046,1610612749,MIL,2026-03-23,1.0,-33,1,0,L
0022501061,1610612749,MIL,2026-03-25,1.0,-31,1,0,L
0022501076,1610612749,MIL,2026-03-28,2.0,-32,1,0,L
0022501082,1610612749,MIL,2026-03-29,0.0,-14,0,0,L
0022500652,1610612749,MIL,2026-03-31,1.0,24,1,0,W
0022501110,1610612749,MIL,2026-04-01,0.0,-6,0,0,L
0022501126,1610612749,MIL,2026-04-03,1.0,-32,1,0,L
0022501135,1610612749,MIL,2026-04-05,1.0,16,1,0,W
0022501150,1610612749,MIL,2026-04-07,1.0,-6,0,0,L
0022501160,1610612749,MIL,2026-04-08,0.0,-26,1,0,L
0022501179,1610612749,MIL,2026-04-10,1.0,17,1,0,W
0022501191,1610612749,MIL,2026-04-12,1.0,-20,1,0,L
0022500089,1610612750,MIN,2025-10-22,3.0,4,0,1,W
0022500019,1610612750,MIN,2025-10-24,1.0,-18,1,0,L
0022500110,1610612750,MIN,2025-10-26,1.0,4,0,1,W
0022500008,1610612750,MIN,2025-10-27,0.0,-13,0,0,L
0022500136,1610612750,MIN,2025-10-29,1.0,-1,0,1,L
0022500143,1610612750,MIN,2025-11-01,2.0,17,1,0,W
0022500156,1610612750,MIN,2025-11-03,1.0,16,1,0,W
0022500175,1610612750,MIN,2025-11-05,1.0,-23,1,0,L
0022500036,1610612750,MIN,2025-11-07,1.0,40,1,0,W
0022500197,1610612750,MIN,2025-11-09,1.0,27,1,0,W
0022500205,1610612750,MIN,2025-11-10,0.0,7,0,0,W
0022500044,1610612750,MIN,2025-11-14,3.0,14,0,0,W
0022500232,1610612750,MIN,2025-11-15,0.0,-11,0,0,L
0022500246,1610612750,MIN,2025-11-17,1.0,24,1,0,W
0022500259,1610612750,MIN,2025-11-19,1.0,11,0,0,W
0022500053,1610612750,MIN,2025-11-21,1.0,-1,0,1,L
0022500292,1610612750,MIN,2025-11-24,2.0,-5,0,1,L
0022500064,1610612750,MIN,2025-11-26,1.0,-8,0,0,L
0022500293,1610612750,MIN,2025-11-29,2.0,4,0,1,W
0022500306,1610612750,MIN,2025-11-30,0.0,13,0,0,W
0022500321,1610612750,MIN,2025-12-02,1.0,7,0,0,W
0022500337,1610612750,MIN,2025-12-04,1.0,9,0,0,W
0022500355,1610612750,MIN,2025-12-06,1.0,3,0,1,W
0022500365,1610612750,MIN,2025-12-08,1.0,-3,0,1,L
0022501215,1610612750,MIN,2025-12-12,3.0,7,0,0,W
0022501220,1610612750,MIN,2025-12-14,1.0,14,0,0,W
0022500368,1610612750,MIN,2025-12-17,2.0,-6,0,0,L
0022500385,1610612750,MIN,2025-12-19,1.0,5,0,1,W
0022500400,1610612750,MIN,2025-12-21,1.0,3,0,1,W
0022500416,1610612750,MIN,2025-12-23,1.0,11,0,0,W
0022500013,1610612750,MIN,2025-12-25,1.0,-4,0,1,L
0022500439,1610612750,MIN,2025-12-27,1.0,-16,1,0,L
0022500452,1610612750,MIN,2025-12-29,1.0,35,1,0,W
0022500463,1610612750,MIN,2025-12-31,1.0,-24,1,0,L
0022500486,1610612750,MIN,2026-01-03,2.0,10,0,0,W
0022500498,1610612750,MIN,2026-01-04,0.0,26,1,0,W
0022500513,1610612750,MIN,2026-01-06,1.0,28,1,0,W
0022500530,1610612750,MIN,2026-01-08,1.0,9,0,0,W
0022500542,1610612750,MIN,2026-01-10,1.0,-12,0,0,L
0022500552,1610612750,MIN,2026-01-11,0.0,1,0,1,W
0022500566,1610612750,MIN,2026-01-13,1.0,33,1,0,W
0022500591,1610612750,MIN,2026-01-16,2.0,-5,0,1,L
0022500598,1610612750,MIN,2026-01-17,0.0,-3,0,1,L
0022500616,1610612750,MIN,2026-01-20,2.0,-5,0,1,L
0022500631,1610612750,MIN,2026-01-22,1.0,-5,0,1,L
0022500644,1610612750,MIN,2026-01-25,2.0,-26,1,0,L
0022500663,1610612750,MIN,2026-01-26,0.0,25,1,0,W
0022500677,1610612750,MIN,2026-01-28,1.0,13,0,0,W
0022500686,1610612750,MIN,2026-01-29,0.0,12,0,0,W
0022500700,1610612750,MIN,2026-01-31,1.0,17,1,0,W
0022500714,1610612750,MIN,2026-02-02,1.0,-9,0,0,L
0022500727,1610612750,MIN,2026-02-04,1.0,2,0,1,W
0022500744,1610612750,MIN,2026-02-06,1.0,-4,0,1,L
0022500760,1610612750,MIN,2026-02-08,1.0,-19,1,0,L
0022500765,1610612750,MIN,2026-02-09,0.0,22,1,0,W
0022500783,1610612750,MIN,2026-02-11,1.0,24,1,0,W
0022500806,1610612750,MIN,2026-02-20,7.0,11,0,0,W
0022500824,1610612750,MIN,2026-02-22,1.0,-27,1,0,L
0022500841,1610612750,MIN,2026-02-24,1.0,3,0,1,W
0022500857,1610612750,MIN,2026-02-26,1.0,6,0,0,W
0022500871,1610612750,MIN,2026-03-01,2.0,9,0,0,W
0022500890,1610612750,MIN,2026-03-03,1.0,7,0,0,W
0022500903,1610612750,MIN,2026-03-05,1.0,8,0,0,W
0022500915,1610612750,MIN,2026-03-07,1.0,-27,1,0,L
0022500946,1610612750,MIN,2026-03-10,2.0,-14,0,0,L
0022500952,1610612750,MIN,2026-03-11,0.0,-25,1,0,L
0022500966,1610612750,MIN,2026-03-13,1.0,10,0,0,W
0022500976,1610612750,MIN,2026-03-15,1.0,-13,0,0,L
0022500996,1610612750,MIN,2026-03-17,1.0,12,0,0,W
0022501004,1610612750,MIN,2026-03-18,0.0,36,1,0,W
0022501020,1610612750,MIN,2026-03-20,1.0,-4,0,1,L
0022501035,1610612750,MIN,2026-03-22,1.0,10,0,0,W
0022501058,1610612750,MIN,2026-03-25,2.0,2,0,1,W
0022501080,1610612750,MIN,2026-03-28,2.0,-22,1,0,L
0022501095,1610612750,MIN,2026-03-30,1.0,30,1,0,W
0022501115,1610612750,MIN,2026-04-02,2.0,-5,0,1,L
0022501121,1610612750,MIN,2026-04-03,0.0,-12,0,0,L
0022501137,1610612750,MIN,2026-04-05,1.0,-14,0,0,L
0022501152,1610612750,MIN,2026-04-07,1.0,20,1,0,W
0022501159,1610612750,MIN,2026-04-08,0.0,-12,0,0,L
0022501178,1610612750,MIN,2026-04-10,1.0,4,0,1,W
0022501195,1610612750,MIN,2026-04-12,1.0,6,0,0,W
0022500080,1610612751,BKN,2025-10-22,3.0,-19,1,0,L
0022500091,1610612751,BKN,2025-10-24,1.0,-7,0,0,L
0022500105,1610612751,BKN,2025-10-26,1.0,-11,0,0,L
0022500116,1610612751,BKN,2025-10-27,0.0,-28,1,0,L
0022500130,1610612751,BKN,2025-10-29,1.0,-5,0,1,L
0022500149,1610612751,BKN,2025-11-02,3.0,-24,1,0,L
0022500156,1610612751,BKN,2025-11-03,0.0,-16,1,0,L
0022500173,1610612751,BKN,2025-11-05,1.0,9,0,0,W
0022500031,1610612751,BKN,2025-11-07,1.0,-18,1,0,L
0022500192,1610612751,BKN,2025-11-09,1.0,-36,1,0,L
0022500207,1610612751,BKN,2025-11-11,1.0,-10,0,0,L
0022500040,1610612751,BKN,2025-11-14,2.0,-7,0,0,L
0022500235,1610612751,BKN,2025-11-16,1.0,23,1,0,W
0022500250,1610612751,BKN,2025-11-18,1.0,-14,0,0,L
0022500049,1610612751,BKN,2025-11-21,2.0,8,0,0,W
0022500279,1610612751,BKN,2025-11-23,1.0,-10,0,0,L
0022500285,1610612751,BKN,2025-11-24,0.0,-13,0,0,L
0022500070,1610612751,BKN,2025-11-28,3.0,-12,0,0,L
0022500297,1610612751,BKN,2025-11-29,0.0,-17,1,0,L
0022500312,1610612751,BKN,2025-12-01,1.0,13,0,0,W
0022500329,1610612751,BKN,2025-12-03,1.0,10,0,0,W
0022500335,1610612751,BKN,2025-12-04,0.0,-13,0,0,L
0022500350,1610612751,BKN,2025-12-06,1.0,18,1,0,W
0022501214,1610612751,BKN,2025-12-12,5.0,-8,0,0,L
0022501219,1610612751,BKN,2025-12-14,1.0,45,1,0,W
0022500373,1610612751,BKN,2025-12-18,3.0,-11,0,0,L
0022500397,1610612751,BKN,2025-12-21,2.0,15,1,0,W
0022500410,1610612751,BKN,2025-12-23,1.0,8,0,0,W
0022500439,1610612751,BKN,2025-12-27,3.0,16,1,0,W
0022500449,1610612751,BKN,2025-12-29,1.0,-13,0,0,L
0022500471,1610612751,BKN,2026-01-01,2.0,-24,1,0,L
0022500477,1610612751,BKN,2026-01-02,0.0,-20,1,0,L
0022500496,1610612751,BKN,2026-01-04,1.0,12,0,0,W
0022500521,1610612751,BKN,2026-01-07,2.0,-1,0,1,L
0022500535,1610612751,BKN,2026-01-09,1.0,-16,1,0,L
0022500549,1610612751,BKN,2026-01-11,1.0,-5,0,1,L
0022500561,1610612751,BKN,2026-01-12,0.0,-8,0,0,L
0022500574,1610612751,BKN,2026-01-14,1.0,-3,0,1,L
0022500587,1610612751,BKN,2026-01-16,1.0,3,0,1,W
0022500603,1610612751,BKN,2026-01-18,1.0,-22,1,0,L
0022500610,1610612751,BKN,2026-01-19,0.0,-9,0,0,L
0022500622,1610612751,BKN,2026-01-21,1.0,-54,1,0,L
0022500637,1610612751,BKN,2026-01-23,1.0,-4,0,1,L
0022500656,1610612751,BKN,2026-01-25,1.0,-37,1,0,L
0022500669,1610612751,BKN,2026-01-27,1.0,-4,0,1,L
0022500684,1610612751,BKN,2026-01-29,1.0,-4,0,1,L
0022500694,1610612751,BKN,2026-01-30,0.0,10,0,0,W
0022500704,1610612751,BKN,2026-02-01,1.0,-53,1,0,L
0022500719,1610612751,BKN,2026-02-03,1.0,-16,1,0,L
0022500734,1610612751,BKN,2026-02-05,1.0,-20,1,0,L
0022500747,1610612751,BKN,2026-02-07,1.0,14,0,0,W
0022500762,1610612751,BKN,2026-02-09,1.0,8,0,0,W
0022500779,1610612751,BKN,2026-02-11,1.0,-5,0,1,L
0022500793,1610612751,BKN,2026-02-19,7.0,-28,1,0,L
0022500808,1610612751,BKN,2026-02-20,0.0,-19,1,0,L
0022500818,1610612751,BKN,2026-02-22,1.0,-11,0,0,L
0022500833,1610612751,BKN,2026-02-24,1.0,-9,0,0,L
0022500851,1610612751,BKN,2026-02-26,1.0,-16,1,0,L
0022500859,1610612751,BKN,2026-02-27,0.0,-37,1,0,L
0022500869,1610612751,BKN,2026-03-01,1.0,-4,0,1,L
0022500886,1610612751,BKN,2026-03-03,1.0,-26,1,0,L
0022500901,1610612751,BKN,2026-03-05,1.0,-16,1,0,L
0022500916,1610612751,BKN,2026-03-07,1.0,2,0,1,W
0022500932,1610612751,BKN,2026-03-09,1.0,11,0,0,W
0022500937,1610612751,BKN,2026-03-10,0.0,-38,1,0,L
0022500956,1610612751,BKN,2026-03-12,1.0,-11,0,0,L
0022500969,1610612751,BKN,2026-03-14,1.0,-7,0,0,L
0022500985,1610612751,BKN,2026-03-16,1.0,-19,1,0,L
0022501000,1610612751,BKN,2026-03-18,1.0,-29,1,0,L
0022501016,1610612751,BKN,2026-03-20,1.0,-1,0,1,L
0022501033,1610612751,BKN,2026-03-22,1.0,-4,0,1,L
0022501045,1610612751,BKN,2026-03-23,0.0,-35,1,0,L
0022501060,1610612751,BKN,2026-03-25,1.0,-3,0,1,L
0022501075,1610612751,BKN,2026-03-27,1.0,-17,1,0,L
0022501084,1610612751,BKN,2026-03-29,1.0,17,1,0,W
0022501100,1610612751,BKN,2026-03-31,1.0,-31,1,0,L
0022501122,1610612751,BKN,2026-04-03,2.0,-34,1,0,L
0022501133,1610612751,BKN,2026-04-05,1.0,6,0,0,W
0022501150,1610612751,BKN,2026-04-07,1.0,6,0,0,W
0022501167,1610612751,BKN,2026-04-09,1.0,-29,1,0,L
0022501179,1610612751,BKN,2026-04-10,0.0,-17,1,0,L
0022501192,1610612751,BKN,2026-04-12,1.0,-35,1,0,L
0022500003,1610612752,NYK,2025-10-22,3.0,8,0,0,W
0022500018,1610612752,NYK,2025-10-24,1.0,10,0,0,W
0022500108,1610612752,NYK,2025-10-26,1.0,-8,0,0,L
0022500125,1610612752,NYK,2025-10-28,1.0,-10,0,0,L
0022500023,1610612752,NYK,2025-10-31,2.0,-10,0,0,L
0022500153,1610612752,NYK,2025-11-02,1.0,12,0,0,W
0022500159,1610612752,NYK,2025-11-03,0.0,17,1,0,W
0022500175,1610612752,NYK,2025-11-05,1.0,23,1,0,W
0022500192,1610612752,NYK,2025-11-09,3.0,36,1,0,W
0022500208,1610612752,NYK,2025-11-11,1.0,13,0,0,W
0022500215,1610612752,NYK,2025-11-12,0.0,-17,1,0,L
0022500039,1610612752,NYK,2025-11-14,1.0,8,0,0,W
0022500244,1610612752,NYK,2025-11-17,2.0,-2,0,1,L
0022500262,1610612752,NYK,2025-11-19,1.0,2,0,1,W
0022500269,1610612752,NYK,2025-11-22,2.0,-12,0,0,L
0022500285,1610612752,NYK,2025-11-24,1.0,13,0,0,W
0022500061,1610612752,NYK,2025-11-26,1.0,28,1,0,W
0022500074,1610612752,NYK,2025-11-28,1.0,9,0,0,W
0022500303,1610612752,NYK,2025-11-30,1.0,22,1,0,W
0022500320,1610612752,NYK,2025-12-02,1.0,-6,0,0,L
0022500328,1610612752,NYK,2025-12-03,0.0,15,1,0,W
0022500343,1610612752,NYK,2025-12-05,1.0,34,1,0,W
0022500357,1610612752,NYK,2025-12-07,1.0,6,0,0,W
0022501202,1610612752,NYK,2025-12-09,1.0,16,1,0,W
0022501229,1610612752,NYK,2025-12-13,3.0,12,0,0,W
0022500372,1610612752,NYK,2025-12-18,4.0,1,0,1,W
0022500382,1610612752,NYK,2025-12-19,0.0,-9,0,0,L
0022500398,1610612752,NYK,2025-12-21,1.0,7,0,0,W
0022500416,1610612752,NYK,2025-12-23,1.0,-11,0,0,L
0022500009,1610612752,NYK,2025-12-25,1.0,2,0,1,W
0022500435,1610612752,NYK,2025-12-27,1.0,3,0,1,W
0022500454,1610612752,NYK,2025-12-29,1.0,5,0,1,W
0022500467,1610612752,NYK,2025-12-31,1.0,-2,0,1,L
0022500479,1610612752,NYK,2026-01-02,1.0,-12,0,0,L
0022500487,1610612752,NYK,2026-01-03,0.0,-11,0,0,L
0022500502,1610612752,NYK,2026-01-05,1.0,-31,1,0,L
0022500522,1610612752,NYK,2026-01-07,1.0,12,0,0,W
0022500538,1610612752,NYK,2026-01-09,1.0,-5,0,1,L
0022500551,1610612752,NYK,2026-01-11,1.0,9,0,0,W
0022500576,1610612752,NYK,2026-01-14,2.0,-11,0,0,L
0022500584,1610612752,NYK,2026-01-15,0.0,-13,0,0,L
0022500596,1610612752,NYK,2026-01-17,1.0,-7,0,0,L
0022500016,1610612752,NYK,2026-01-19,1.0,-17,1,0,L
0022500622,1610612752,NYK,2026-01-21,1.0,54,1,0,W
0022500643,1610612752,NYK,2026-01-24,2.0,3,0,1,W
0022500665,1610612752,NYK,2026-01-27,2.0,16,1,0,W
0022500675,1610612752,NYK,2026-01-28,0.0,27,1,0,W
0022500690,1610612752,NYK,2026-01-30,1.0,30,1,0,W
0022500708,1610612752,NYK,2026-02-01,1.0,12,0,0,W
0022500718,1610612752,NYK,2026-02-03,1.0,31,1,0,W
0022500726,1610612752,NYK,2026-02-04,0.0,7,0,0,W
0022500742,1610612752,NYK,2026-02-06,1.0,-38,1,0,L
0022500757,1610612752,NYK,2026-02-08,1.0,22,1,0,W
0022500771,1610612752,NYK,2026-02-10,1.0,-3,0,1,L
0022500780,1610612752,NYK,2026-02-11,0.0,49,1,0,W
0022500796,1610612752,NYK,2026-02-19,7.0,-15,1,0,L
0022500816,1610612752,NYK,2026-02-21,1.0,2,0,1,W
0022500825,1610612752,NYK,2026-02-22,0.0,6,0,0,W
0022500835,1610612752,NYK,2026-02-24,1.0,-15,1,0,L
0022500860,1610612752,NYK,2026-02-27,2.0,29,1,0,W
0022500868,1610612752,NYK,2026-03-01,1.0,25,1,0,W
0022500887,1610612752,NYK,2026-03-03,1.0,16,1,0,W
0022500893,1610612752,NYK,2026-03-04,0.0,-3,0,1,L
0022500911,1610612752,NYK,2026-03-06,1.0,39,1,0,W
0022500922,1610612752,NYK,2026-03-08,1.0,-13,0,0,L
0022500935,1610612752,NYK,2026-03-09,0.0,-8,0,0,L
0022500949,1610612752,NYK,2026-03-11,1.0,17,1,0,W
0022500962,1610612752,NYK,2026-03-13,1.0,9,0,0,W
0022500981,1610612752,NYK,2026-03-15,1.0,3,0,1,W
0022500994,1610612752,NYK,2026-03-17,1.0,26,1,0,W
0022501016,1610612752,NYK,2026-03-20,2.0,1,0,1,W
0022501034,1610612752,NYK,2026-03-22,1.0,32,1,0,W
0022501048,1610612752,NYK,2026-03-24,1.0,5,0,1,W
0022501063,1610612752,NYK,2026-03-26,1.0,-11,0,0,L
0022501089,1610612752,NYK,2026-03-29,2.0,-11,0,0,L
0022501102,1610612752,NYK,2026-03-31,1.0,-17,1,0,L
0022501003,1610612752,NYK,2026-04-01,0.0,11,0,0,W
0022501123,1610612752,NYK,2026-04-03,1.0,40,1,0,W
0022501143,1610612752,NYK,2026-04-06,2.0,3,0,1,W
0022501168,1610612752,NYK,2026-04-09,2.0,6,0,0,W
0022501176,1610612752,NYK,2026-04-10,0.0,17,1,0,W
0022501190,1610612752,NYK,2026-04-12,1.0,-14,0,0,L
0022500081,1610612753,ORL,2025-10-22,3.0,4,0,1,W
0022500090,1610612753,ORL,2025-10-24,1.0,-4,0,1,L
0022500100,1610612753,ORL,2025-10-25,0.0,-12,0,0,L
0022500114,1610612753,ORL,2025-10-27,1.0,-12,0,0,L
0022500129,1610612753,ORL,2025-10-29,1.0,-19,1,0,L
0022500138,1610612753,ORL,2025-10-30,0.0,16,1,0,W
0022500145,1610612753,ORL,2025-11-01,1.0,31,1,0,W
0022500166,1610612753,ORL,2025-11-04,2.0,-15,1,0,L
0022500028,1610612753,ORL,2025-11-07,2.0,13,0,0,W
0022500193,1610612753,ORL,2025-11-09,1.0,-4,0,1,L
0022500200,1610612753,ORL,2025-11-10,0.0,3,0,1,W
0022500215,1610612753,ORL,2025-11-12,1.0,17,1,0,W
0022500040,1610612753,ORL,2025-11-14,1.0,7,0,0,W
0022500236,1610612753,ORL,2025-11-16,1.0,-4,0,1,L
0022500249,1610612753,ORL,2025-11-18,1.0,8,0,0,W
0022500264,1610612753,ORL,2025-11-20,1.0,28,1,0,W
0022500269,1610612753,ORL,2025-11-22,1.0,12,0,0,W
0022500277,1610612753,ORL,2025-11-23,0.0,-9,0,0,L
0022500058,1610612753,ORL,2025-11-25,1.0,41,1,0,W
0022500072,1610612753,ORL,2025-11-28,2.0,3,0,1,W
0022500314,1610612753,ORL,2025-12-01,2.0,5,0,1,W
0022500326,1610612753,ORL,2025-12-03,1.0,-2,0,1,L
0022500339,1610612753,ORL,2025-12-05,1.0,1,0,1,W
0022500357,1610612753,ORL,2025-12-07,1.0,-6,0,0,L
0022501201,1610612753,ORL,2025-12-09,1.0,9,0,0,W
0022501229,1610612753,ORL,2025-12-13,3.0,-12,0,0,L
0022500377,1610612753,ORL,2025-12-18,4.0,-11,0,0,L
0022500393,1610612753,ORL,2025-12-20,1.0,1,0,1,W
0022500407,1610612753,ORL,2025-12-22,1.0,-23,1,0,L
0022500420,1610612753,ORL,2025-12-23,0.0,4,0,1,W
0022500424,1610612753,ORL,2025-12-26,2.0,-15,1,0,L
0022500433,1610612753,ORL,2025-12-27,0.0,1,0,1,W
0022500451,1610612753,ORL,2025-12-29,1.0,-1,0,1,L
0022500464,1610612753,ORL,2025-12-31,1.0,2,0,1,W
0022500480,1610612753,ORL,2026-01-02,1.0,-7,0,0,L
0022500495,1610612753,ORL,2026-01-04,1.0,8,0,0,W
0022500511,1610612753,ORL,2026-01-06,1.0,-8,0,0,L
0022500521,1610612753,ORL,2026-01-07,0.0,1,0,1,W
0022500533,1610612753,ORL,2026-01-09,1.0,-12,0,0,L
0022500548,1610612753,ORL,2026-01-11,1.0,10,0,0,W
0022500578,1610612753,ORL,2026-01-15,3.0,7,0,0,W
0022500602,1610612753,ORL,2026-01-18,2.0,-17,1,0,L
0022500627,1610612753,ORL,2026-01-22,3.0,-27,1,0,L
0022500646,1610612753,ORL,2026-01-24,1.0,-14,0,0,L
0022500658,1610612753,ORL,2026-01-26,1.0,-16,1,0,L
0022500674,1610612753,ORL,2026-01-28,1.0,9,0,0,W
0022500687,1610612753,ORL,2026-01-30,1.0,10,0,0,W
0022500703,1610612753,ORL,2026-02-01,1.0,-9,0,0,L
0022500723,1610612753,ORL,2026-02-03,1.0,-36,1,0,L
0022500734,1610612753,ORL,2026-02-05,1.0,20,1,0,W
0022500750,1610612753,ORL,2026-02-07,1.0,3,0,1,W
0022500764,1610612753,ORL,2026-02-09,1.0,19,1,0,W
0022500777,1610612753,ORL,2026-02-11,1.0,-8,0,0,L
0022500800,1610612753,ORL,2026-02-19,7.0,37,1,0,W
0022500811,1610612753,ORL,2026-02-21,1.0,-3,0,1,L
0022500827,1610612753,ORL,2026-02-22,0.0,2,0,1,W
0022500840,1610612753,ORL,2026-02-24,1.0,1,0,1,W
0022500852,1610612753,ORL,2026-02-26,1.0,-5,0,1,L
0022500875,1610612753,ORL,2026-03-01,2.0,-14,0,0,L
0022500885,1610612753,ORL,2026-03-03,1.0,17,1,0,W
0022500899,1610612753,ORL,2026-03-05,1.0,1,0,1,W
0022500915,1610612753,ORL,2026-03-07,1.0,27,1,0,W
0022500926,1610612753,ORL,2026-03-08,0.0,39,1,0,W
0022500947,1610612753,ORL,2026-03-11,2.0,6,0,0,W
0022500955,1610612753,ORL,2026-03-12,0.0,5,0,1,W
0022500972,1610612753,ORL,2026-03-14,1.0,4,0,1,W
0022500983,1610612753,ORL,2026-03-16,1.0,-12,0,0,L
0022500992,1610612753,ORL,2026-03-17,0.0,-5,0,1,L
0022501008,1610612753,ORL,2026-03-19,1.0,-19,1,0,L
0022501024,1610612753,ORL,2026-03-21,1.0,-1,0,1,L
0022501039,1610612753,ORL,2026-03-23,1.0,-2,0,1,L
0022501049,1610612753,ORL,2026-03-24,0.0,-5,0,1,L
0022501065,1610612753,ORL,2026-03-26,1.0,4,0,1,W
0022501086,1610612753,ORL,2026-03-29,2.0,-52,1,0,L
0022501099,1610612753,ORL,2026-03-31,1.0,4,0,1,W
0022501107,1610612753,ORL,2026-04-01,0.0,-29,1,0,L
0022501127,1610612753,ORL,2026-04-03,1.0,11,0,0,W
0022501138,1610612753,ORL,2026-04-05,1.0,4,0,1,W
0022501144,1610612753,ORL,2026-04-06,0.0,16,1,0,W
0022501159,1610612753,ORL,2026-04-08,1.0,12,0,0,W
0022501177,1610612753,ORL,2026-04-10,1.0,24,1,0,W
0022501186,1610612753,ORL,2026-04-12,1.0,-5,0,1,L
0022500005,1610612754,IND,2025-10-23,3.0,-6,0,0,L
0022500103,1610612754,IND,2025-10-25,1.0,-25,1,0,L
0022500110,1610612754,IND,2025-10-26,0.0,-4,0,1,L
0022500133,1610612754,IND,2025-10-29,2.0,-2,0,1,L
0022500020,1610612754,IND,2025-10-31,1.0,-20,1,0,L
0022500144,1610612754,IND,2025-11-01,0.0,5,0,1,W
0022500157,1610612754,IND,2025-11-03,1.0,-2,0,1,L
0022500173,1610612754,IND,2025-11-05,1.0,-9,0,0,L
0022500189,1610612754,IND,2025-11-08,2.0,-17,1,0,L
0022500196,1610612754,IND,2025-11-09,0.0,-31,1,0,L
0022500211,1610612754,IND,2025-11-11,1.0,-24,1,0,L
0022500226,1610612754,IND,2025-11-13,1.0,-35,1,0,L
0022500230,1610612754,IND,2025-11-15,1.0,-18,1,0,L
0022500242,1610612754,IND,2025-11-17,1.0,-15,1,0,L
0022500256,1610612754,IND,2025-11-19,1.0,9,0,0,W
0022500048,1610612754,IND,2025-11-21,1.0,-11,0,0,L
0022500283,1610612754,IND,2025-11-24,2.0,-5,0,1,L
0022500063,1610612754,IND,2025-11-26,1.0,-2,0,1,L
0022500073,1610612754,IND,2025-11-28,1.0,33,1,0,W
0022500295,1610612754,IND,2025-11-29,0.0,2,0,1,W
0022500310,1610612754,IND,2025-12-01,1.0,-16,1,0,L
0022500325,1610612754,IND,2025-12-03,1.0,-15,1,0,L
0022500345,1610612754,IND,2025-12-05,1.0,15,1,0,W
0022500364,1610612754,IND,2025-12-08,2.0,11,0,0,W
0022501211,1610612754,IND,2025-12-12,3.0,-10,0,0,L
0022501216,1610612754,IND,2025-12-14,1.0,-19,1,0,L
0022500372,1610612754,IND,2025-12-18,3.0,-1,0,1,L
0022500389,1610612754,IND,2025-12-20,1.0,-19,1,0,L
0022500403,1610612754,IND,2025-12-22,1.0,-8,0,0,L
0022500413,1610612754,IND,2025-12-23,0.0,-17,1,0,L
0022500426,1610612754,IND,2025-12-26,2.0,-18,1,0,L
0022500436,1610612754,IND,2025-12-27,0.0,-26,1,0,L
0022500453,1610612754,IND,2025-12-29,1.0,-7,0,0,L
0022500464,1610612754,IND,2025-12-31,1.0,-2,0,1,L
0022500476,1610612754,IND,2026-01-02,1.0,-10,0,0,L
0022500495,1610612754,IND,2026-01-04,1.0,-8,0,0,L
0022500510,1610612754,IND,2026-01-06,1.0,-4,0,1,L
0022500528,1610612754,IND,2026-01-08,1.0,2,0,1,W
0022500543,1610612754,IND,2026-01-10,1.0,24,1,0,W
0022500559,1610612754,IND,2026-01-12,1.0,2,0,1,W
0022500571,1610612754,IND,2026-01-14,1.0,-14,0,0,L
0022500588,1610612754,IND,2026-01-16,1.0,8,0,0,W
0022500595,1610612754,IND,2026-01-17,0.0,-43,1,0,L
0022500609,1610612754,IND,2026-01-19,1.0,-9,0,0,L
0022500621,1610612754,IND,2026-01-21,1.0,-15,1,0,L
0022500641,1610612754,IND,2026-01-23,1.0,3,0,1,W
0022500659,1610612754,IND,2026-01-26,2.0,-16,1,0,L
0022500672,1610612754,IND,2026-01-28,1.0,3,0,1,W
0022500698,1610612754,IND,2026-01-31,2.0,5,0,1,W
0022500713,1610612754,IND,2026-02-02,1.0,-4,0,1,L
0022500717,1610612754,IND,2026-02-03,0.0,-9,0,0,L
0022500743,1610612754,IND,2026-02-06,2.0,-6,0,0,L
0022500759,1610612754,IND,2026-02-08,1.0,-18,1,0,L
0022500771,1610612754,IND,2026-02-10,1.0,3,0,1,W
0022500779,1610612754,IND,2026-02-11,0.0,5,0,1,W
0022500795,1610612754,IND,2026-02-19,7.0,-7,0,0,L
0022500803,1610612754,IND,2026-02-20,0.0,-13,0,0,L
0022500821,1610612754,IND,2026-02-22,1.0,-4,0,1,L
0022500831,1610612754,IND,2026-02-24,1.0,-21,1,0,L
0022500848,1610612754,IND,2026-02-26,1.0,-24,1,0,L
0022500872,1610612754,IND,2026-03-01,2.0,-19,1,0,L
0022500898,1610612754,IND,2026-03-04,2.0,-23,1,0,L
0022500914,1610612754,IND,2026-03-06,1.0,-11,0,0,L
0022500929,1610612754,IND,2026-03-08,1.0,-20,1,0,L
0022500945,1610612754,IND,2026-03-10,1.0,-5,0,1,L
0022500954,1610612754,IND,2026-03-12,1.0,-15,1,0,L
0022500962,1610612754,IND,2026-03-13,0.0,-9,0,0,L
0022500979,1610612754,IND,2026-03-15,1.0,-11,0,0,L
0022500994,1610612754,IND,2026-03-17,1.0,-26,1,0,L
0022501001,1610612754,IND,2026-03-18,0.0,-8,0,0,L
0022501028,1610612754,IND,2026-03-21,2.0,-15,1,0,L
0022501039,1610612754,IND,2026-03-23,1.0,2,0,1,W
0022501052,1610612754,IND,2026-03-25,1.0,-7,0,0,L
0022501066,1610612754,IND,2026-03-27,1.0,-1,0,1,L
0022501083,1610612754,IND,2026-03-29,1.0,17,1,0,W
0022501109,1610612754,IND,2026-04-01,2.0,19,1,0,W
0022501120,1610612754,IND,2026-04-03,1.0,-21,1,0,L
0022501136,1610612754,IND,2026-04-05,1.0,-9,0,0,L
0022501152,1610612754,IND,2026-04-07,1.0,-20,1,0,L
0022501167,1610612754,IND,2026-04-09,1.0,29,1,0,W
0022501175,1610612754,IND,2026-04-10,0.0,-11,0,0,L
0022501188,1610612754,IND,2026-04-12,1.0,-12,0,0,L
0022500083,1610612755,PHI,2025-10-22,3.0,1,0,1,W
0022500102,1610612755,PHI,2025-10-25,2.0,4,0,1,W
0022500114,1610612755,PHI,2025-10-27,1.0,12,0,0,W
0022500123,1610612755,PHI,2025-10-28,0.0,5,0,1,W
0022500021,1610612755,PHI,2025-10-31,2.0,-1,0,1,L
0022500149,1610612755,PHI,2025-11-02,1.0,24,1,0,W
0022500167,1610612755,PHI,2025-11-04,1.0,-2,0,1,L
0022500171,1610612755,PHI,2025-11-05,0.0,-11,0,0,L
0022500184,1610612755,PHI,2025-11-08,2.0,10,0,0,W
0022500195,1610612755,PHI,2025-11-09,0.0,-3,0,1,L
0022500209,1610612755,PHI,2025-11-11,1.0,2,0,1,W
0022500041,1610612755,PHI,2025-11-14,2.0,-9,0,0,L
0022500243,1610612755,PHI,2025-11-17,2.0,2,0,1,W
0022500258,1610612755,PHI,2025-11-19,1.0,-9,0,0,L
0022500266,1610612755,PHI,2025-11-20,0.0,9,0,0,W
0022500275,1610612755,PHI,2025-11-23,2.0,-10,0,0,L
0022500058,1610612755,PHI,2025-11-25,1.0,-41,1,0,L
0022500070,1610612755,PHI,2025-11-28,2.0,12,0,0,W
0022500304,1610612755,PHI,2025-11-30,1.0,-8,0,0,L
0022500318,1610612755,PHI,2025-12-02,1.0,19,1,0,W
0022500333,1610612755,PHI,2025-12-04,1.0,1,0,1,W
0022500348,1610612755,PHI,2025-12-05,0.0,15,1,0,W
0022500362,1610612755,PHI,2025-12-07,1.0,-4,0,1,L
0022501211,1610612755,PHI,2025-12-12,4.0,10,0,0,W
0022501217,1610612755,PHI,2025-12-14,1.0,-3,0,1,L
0022500382,1610612755,PHI,2025-12-19,4.0,9,0,0,W
0022500387,1610612755,PHI,2025-12-20,0.0,7,0,0,W
0022500410,1610612755,PHI,2025-12-23,2.0,-8,0,0,L
0022500427,1610612755,PHI,2025-12-26,2.0,-7,0,0,L
0022500442,1610612755,PHI,2025-12-28,1.0,-25,1,0,L
0022500458,1610612755,PHI,2025-12-30,1.0,3,0,1,W
0022500473,1610612755,PHI,2026-01-01,1.0,15,1,0,W
0022500487,1610612755,PHI,2026-01-03,1.0,11,0,0,W
0022500507,1610612755,PHI,2026-01-05,1.0,-1,0,1,L
0022500518,1610612755,PHI,2026-01-07,1.0,21,1,0,W
0022500533,1610612755,PHI,2026-01-09,1.0,12,0,0,W
0022500550,1610612755,PHI,2026-01-11,1.0,-1,0,1,L
0022500560,1610612755,PHI,2026-01-12,0.0,13,0,0,W
0022500572,1610612755,PHI,2026-01-14,1.0,-26,1,0,L
0022500589,1610612755,PHI,2026-01-16,1.0,-2,0,1,L
0022500609,1610612755,PHI,2026-01-19,2.0,9,0,0,W
0022500613,1610612755,PHI,2026-01-20,0.0,-6,0,0,L
0022500628,1610612755,PHI,2026-01-22,1.0,6,0,0,W
0022500643,1610612755,PHI,2026-01-24,1.0,-3,0,1,L
0022500657,1610612755,PHI,2026-01-26,1.0,-37,1,0,L
0022500666,1610612755,PHI,2026-01-27,0.0,17,1,0,W
0022500680,1610612755,PHI,2026-01-29,1.0,2,0,1,W
0022500699,1610612755,PHI,2026-01-31,1.0,10,0,0,W
0022500715,1610612755,PHI,2026-02-02,1.0,15,1,0,W
0022500724,1610612755,PHI,2026-02-03,0.0,19,1,0,W
0022500740,1610612755,PHI,2026-02-05,1.0,-4,0,1,L
0022500754,1610612755,PHI,2026-02-07,1.0,6,0,0,W
0022500770,1610612755,PHI,2026-02-09,1.0,-17,1,0,L
0022500780,1610612755,PHI,2026-02-11,1.0,-49,1,0,L
0022500794,1610612755,PHI,2026-02-19,7.0,-10,0,0,L
0022500812,1610612755,PHI,2026-02-21,1.0,-15,1,0,L
0022500824,1610612755,PHI,2026-02-22,0.0,27,1,0,W
0022500831,1610612755,PHI,2026-02-24,1.0,21,1,0,W
0022500849,1610612755,PHI,2026-02-26,1.0,7,0,0,W
0022500874,1610612755,PHI,2026-03-01,2.0,-16,1,0,L
0022500888,1610612755,PHI,2026-03-03,1.0,-40,1,0,L
0022500895,1610612755,PHI,2026-03-04,0.0,4,0,1,W
0022500917,1610612755,PHI,2026-03-07,2.0,-9,0,0,L
0022500931,1610612755,PHI,2026-03-09,1.0,-14,0,0,L
0022500936,1610612755,PHI,2026-03-10,0.0,10,0,0,W
0022500953,1610612755,PHI,2026-03-12,1.0,-22,1,0,L
0022500969,1610612755,PHI,2026-03-14,1.0,7,0,0,W
0022500980,1610612755,PHI,2026-03-15,0.0,6,0,0,W
0022500997,1610612755,PHI,2026-03-17,1.0,-28,1,0,L
0022501015,1610612755,PHI,2026-03-19,1.0,21,1,0,W
0022501030,1610612755,PHI,2026-03-21,1.0,10,0,0,W
0022501040,1610612755,PHI,2026-03-23,1.0,-20,1,0,L
0022501053,1610612755,PHI,2026-03-25,1.0,20,1,0,W
0022501077,1610612755,PHI,2026-03-28,2.0,4,0,1,W
0022501091,1610612755,PHI,2026-03-30,1.0,-10,0,0,L
0022501105,1610612755,PHI,2026-04-01,1.0,22,1,0,W
0022501121,1610612755,PHI,2026-04-03,1.0,12,0,0,W
0022501131,1610612755,PHI,2026-04-04,0.0,-23,1,0,L
0022501146,1610612755,PHI,2026-04-06,1.0,-13,0,0,L
0022501169,1610612755,PHI,2026-04-09,2.0,-11,0,0,L
0022501175,1610612755,PHI,2026-04-10,0.0,11,0,0,W
0022501191,1610612755,PHI,2026-04-12,1.0,20,1,0,W
0022500088,1610612756,PHX,2025-10-22,3.0,4,0,1,W
0022500099,1610612756,PHX,2025-10-24,1.0,-27,1,0,L
0022500104,1610612756,PHX,2025-10-25,0.0,-22,1,0,L
0022500120,1610612756,PHX,2025-10-27,1.0,-4,0,1,L
0022500137,1610612756,PHX,2025-10-29,1.0,-1,0,1,L
0022500025,1610612756,PHX,2025-10-31,1.0,22,1,0,W
0022500154,1610612756,PHX,2025-11-02,1.0,12,0,0,W
0022500169,1610612756,PHX,2025-11-04,1.0,-11,0,0,L
0022500182,1610612756,PHX,2025-11-06,1.0,13,0,0,W
0022500190,1610612756,PHX,2025-11-08,1.0,11,0,0,W
0022500204,1610612756,PHX,2025-11-10,1.0,23,1,0,W
0022500221,1610612756,PHX,2025-11-12,1.0,9,0,0,W
0022500226,1610612756,PHX,2025-11-13,0.0,35,1,0,W
0022500239,1610612756,PHX,2025-11-16,2.0,-2,0,1,L
0022500254,1610612756,PHX,2025-11-18,1.0,17,1,0,W
0022500053,1610612756,PHX,2025-11-21,2.0,1,0,1,W
0022500281,1610612756,PHX,2025-11-23,1.0,9,0,0,W
0022500290,1610612756,PHX,2025-11-24,0.0,-22,1,0,L
0022500068,1610612756,PHX,2025-11-26,1.0,12,0,0,W
0022500075,1610612756,PHX,2025-11-28,1.0,-4,0,1,L
0022500299,1610612756,PHX,2025-11-29,0.0,-18,1,0,L
0022500317,1610612756,PHX,2025-12-01,1.0,17,1,0,W
0022500346,1610612756,PHX,2025-12-05,3.0,-19,1,0,L
0022500365,1610612756,PHX,2025-12-08,2.0,3,0,1,W
0022501203,1610612756,PHX,2025-12-10,1.0,-49,1,0,L
0022501228,1610612756,PHX,2025-12-14,3.0,-2,0,1,L
0022500378,1610612756,PHX,2025-12-18,3.0,1,0,1,W
0022500392,1610612756,PHX,2025-12-20,1.0,-3,0,1,L
0022500418,1610612756,PHX,2025-12-23,2.0,24,1,0,W
0022500429,1610612756,PHX,2025-12-26,2.0,7,0,0,W
0022500434,1610612756,PHX,2025-12-27,0.0,9,0,0,W
0022500448,1610612756,PHX,2025-12-29,1.0,14,0,0,W
0022500465,1610612756,PHX,2025-12-31,1.0,-16,1,0,L
0022500483,1610612756,PHX,2026-01-02,1.0,27,1,0,W
0022500499,1610612756,PHX,2026-01-04,1.0,3,0,1,W
0022500505,1610612756,PHX,2026-01-05,0.0,-3,0,1,L
0022500524,1610612756,PHX,2026-01-07,1.0,19,1,0,W
0022500538,1610612756,PHX,2026-01-09,1.0,5,0,1,W
0022500555,1610612756,PHX,2026-01-11,1.0,19,1,0,W
0022500564,1610612756,PHX,2026-01-13,1.0,-6,0,0,L
0022500579,1610612756,PHX,2026-01-15,1.0,-3,0,1,L
0022500596,1610612756,PHX,2026-01-17,1.0,7,0,0,W
0022500610,1610612756,PHX,2026-01-19,1.0,9,0,0,W
0022500613,1610612756,PHX,2026-01-20,0.0,6,0,0,W
0022500636,1610612756,PHX,2026-01-23,2.0,-7,0,0,L
0022500655,1610612756,PHX,2026-01-25,1.0,-9,0,0,L
0022500669,1610612756,PHX,2026-01-27,1.0,4,0,1,W
0022500685,1610612756,PHX,2026-01-29,1.0,18,1,0,W
0022500693,1610612756,PHX,2026-01-30,0.0,13,0,0,W
0022500709,1610612756,PHX,2026-02-01,1.0,-24,1,0,L
0022500725,1610612756,PHX,2026-02-03,1.0,5,0,1,W
0022500739,1610612756,PHX,2026-02-05,1.0,-4,0,1,L
0022500754,1610612756,PHX,2026-02-07,1.0,-6,0,0,L
0022500773,1610612756,PHX,2026-02-10,2.0,9,0,0,W
0022500785,1610612756,PHX,2026-02-11,0.0,-27,1,0,L
0022500798,1610612756,PHX,2026-02-19,7.0,-27,1,0,L
0022500811,1610612756,PHX,2026-02-21,1.0,3,0,1,W
0022500826,1610612756,PHX,2026-02-22,0.0,-15,1,0,L
0022500839,1610612756,PHX,2026-02-24,1.0,-16,1,0,L
0022500855,1610612756,PHX,2026-02-26,1.0,3,0,1,W
0022500892,1610612756,PHX,2026-03-03,4.0,11,0,0,W
0022500905,1610612756,PHX,2026-03-05,1.0,-2,0,1,L
0022500912,1610612756,PHX,2026-03-06,0.0,2,0,1,W
0022500928,1610612756,PHX,2026-03-08,1.0,12,0,0,W
0022500941,1610612756,PHX,2026-03-10,1.0,15,1,0,W
0022500954,1610612756,PHX,2026-03-12,1.0,15,1,0,W
0022500963,1610612756,PHX,2026-03-13,0.0,-7,0,0,L
0022500986,1610612756,PHX,2026-03-16,2.0,-8,0,0,L
0022500996,1610612756,PHX,2026-03-17,0.0,-12,0,0,L
0022501013,1610612756,PHX,2026-03-19,1.0,-1,0,1,L
0022501031,1610612756,PHX,2026-03-21,1.0,-3,0,1,L
0022501036,1610612756,PHX,2026-03-22,0.0,22,1,0,W
0022501050,1610612756,PHX,2026-03-24,1.0,-2,0,1,L
0022501081,1610612756,PHX,2026-03-28,3.0,25,1,0,W
0022501093,1610612756,PHX,2026-03-30,1.0,26,1,0,W
0022501099,1610612756,PHX,2026-03-31,0.0,-4,0,1,L
0022501114,1610612756,PHX,2026-04-02,1.0,-20,1,0,L
0022501134,1610612756,PHX,2026-04-05,2.0,10,0,0,W
0022501157,1610612756,PHX,2026-04-07,1.0,-14,0,0,L
0022501164,1610612756,PHX,2026-04-08,0.0,5,0,1,W
0022501185,1610612756,PHX,2026-04-10,1.0,-28,1,0,L
0022501196,1610612756,PHX,2026-04-12,1.0,32,1,0,W
0022500089,1610612757,POR,2025-10-22,3.0,-4,0,1,L
0022500097,1610612757,POR,2025-10-24,1.0,20,1,0,W
0022500112,1610612757,POR,2025-10-26,1.0,-7,0,0,L
0022500122,1610612757,POR,2025-10-27,0.0,14,0,0,W
0022500135,1610612757,POR,2025-10-29,1.0,2,0,1,W
0022500026,1610612757,POR,2025-10-31,1.0,2,0,1,W
0022500163,1610612757,POR,2025-11-03,2.0,-8,0,0,L
0022500180,1610612757,POR,2025-11-05,1.0,2,0,1,W
0022500187,1610612757,POR,2025-11-08,2.0,-5,0,1,L
0022500200,1610612757,POR,2025-11-10,1.0,-3,0,1,L
0022500219,1610612757,POR,2025-11-12,1.0,8,0,0,W
0022500042,1610612757,POR,2025-11-14,1.0,-24,1,0,L
0022500238,1610612757,POR,2025-11-16,1.0,-5,0,1,L
0022500254,1610612757,POR,2025-11-18,1.0,-17,1,0,L
0022500263,1610612757,POR,2025-11-19,0.0,-1,0,1,L
0022500056,1610612757,POR,2025-11-21,1.0,4,0,1,W
0022500280,1610612757,POR,2025-11-23,1.0,-27,1,0,L
0022500288,1610612757,POR,2025-11-24,0.0,12,0,0,W
0022500067,1610612757,POR,2025-11-26,1.0,-13,0,0,L
0022500305,1610612757,POR,2025-11-30,3.0,-8,0,0,L
0022500319,1610612757,POR,2025-12-02,1.0,-3,0,1,L
0022500324,1610612757,POR,2025-12-03,0.0,12,0,0,W
0022500342,1610612757,POR,2025-12-05,1.0,-6,0,0,L
0022500360,1610612757,POR,2025-12-07,1.0,-23,1,0,L
0022501207,1610612757,POR,2025-12-11,3.0,-23,1,0,L
0022501221,1610612757,POR,2025-12-14,2.0,5,0,1,W
0022500380,1610612757,POR,2025-12-18,3.0,1,0,1,W
0022500394,1610612757,POR,2025-12-20,1.0,5,0,1,W
0022500408,1610612757,POR,2025-12-22,1.0,-8,0,0,L
0022500420,1610612757,POR,2025-12-23,0.0,-4,0,1,L
0022500431,1610612757,POR,2025-12-26,2.0,-16,1,0,L
0022500444,1610612757,POR,2025-12-28,1.0,6,0,0,W
0022500457,1610612757,POR,2025-12-29,0.0,3,0,1,W
0022500470,1610612757,POR,2025-12-31,1.0,-29,1,0,L
0022500482,1610612757,POR,2026-01-02,1.0,13,0,0,W
0022500490,1610612757,POR,2026-01-03,0.0,5,0,1,W
0022500509,1610612757,POR,2026-01-05,1.0,20,1,0,W
0022500527,1610612757,POR,2026-01-07,1.0,1,0,1,W
0022500540,1610612757,POR,2026-01-09,1.0,6,0,0,W
0022500551,1610612757,POR,2026-01-11,1.0,-9,0,0,L
0022500570,1610612757,POR,2026-01-13,1.0,-22,1,0,L
0022500585,1610612757,POR,2026-01-15,1.0,16,1,0,W
0022500601,1610612757,POR,2026-01-17,1.0,16,1,0,W
0022500606,1610612757,POR,2026-01-18,0.0,7,0,0,W
0022500634,1610612757,POR,2026-01-22,3.0,17,1,0,W
0022500642,1610612757,POR,2026-01-23,0.0,-12,0,0,L
0022500660,1610612757,POR,2026-01-26,2.0,-8,0,0,L
0022500664,1610612757,POR,2026-01-27,0.0,-4,0,1,L
0022500690,1610612757,POR,2026-01-30,2.0,-30,1,0,L
0022500710,1610612757,POR,2026-02-01,1.0,-19,1,0,L
0022500725,1610612757,POR,2026-02-03,1.0,-5,0,1,L
0022500745,1610612757,POR,2026-02-06,2.0,20,1,0,W
0022500755,1610612757,POR,2026-02-07,0.0,7,0,0,W
0022500770,1610612757,POR,2026-02-09,1.0,17,1,0,W
0022500783,1610612757,POR,2026-02-11,1.0,-24,1,0,L
0022500790,1610612757,POR,2026-02-12,0.0,16,1,0,W
0022500810,1610612757,POR,2026-02-20,7.0,-54,1,0,L
0022500826,1610612757,POR,2026-02-22,1.0,15,1,0,W
0022500841,1610612757,POR,2026-02-24,1.0,-3,0,1,L
0022500853,1610612757,POR,2026-02-26,1.0,9,0,0,W
0022500863,1610612757,POR,2026-02-28,1.0,-16,1,0,L
0022500873,1610612757,POR,2026-03-01,0.0,-34,1,0,L
0022500896,1610612757,POR,2026-03-04,2.0,8,0,0,W
0022500910,1610612757,POR,2026-03-06,1.0,-7,0,0,L
0022500929,1610612757,POR,2026-03-08,1.0,20,1,0,W
0022500944,1610612757,POR,2026-03-10,1.0,-2,0,1,L
0022500967,1610612757,POR,2026-03-13,2.0,10,0,0,W
0022500980,1610612757,POR,2026-03-15,1.0,-6,0,0,L
0022500985,1610612757,POR,2026-03-16,0.0,19,1,0,W
0022501001,1610612757,POR,2026-03-18,1.0,8,0,0,W
0022501020,1610612757,POR,2026-03-20,1.0,4,0,1,W
0022501032,1610612757,POR,2026-03-22,1.0,-16,1,0,L
0022501045,1610612757,POR,2026-03-23,0.0,35,1,0,W
0022501061,1610612757,POR,2026-03-25,1.0,31,1,0,W
0022501074,1610612757,POR,2026-03-27,1.0,-7,0,0,L
0022501087,1610612757,POR,2026-03-29,1.0,35,1,0,W
0022501104,1610612757,POR,2026-03-31,1.0,10,0,0,W
0022501118,1610612757,POR,2026-04-02,1.0,12,0,0,W
0022501147,1610612757,POR,2026-04-06,3.0,-5,0,1,L
0022501161,1610612757,POR,2026-04-08,1.0,-11,0,0,L
0022501183,1610612757,POR,2026-04-10,1.0,19,1,0,W
0022501200,1610612757,POR,2026-04-12,1.0,12,0,0,W
0022500088,1610612758,SAC,2025-10-22,3.0,-4,0,1,L
0022500098,1610612758,SAC,2025-10-24,1.0,1,0,1,W
0022500113,1610612758,SAC,2025-10-26,1.0,-7,0,0,L
0022500126,1610612758,SAC,2025-10-28,1.0,-6,0,0,L
0022500132,1610612758,SAC,2025-10-29,0.0,-13,0,0,L
0022500142,1610612758,SAC,2025-11-01,2.0,2,0,1,W
0022500162,1610612758,SAC,2025-11-03,1.0,-6,0,0,L
0022500181,1610612758,SAC,2025-11-05,1.0,5,0,1,W
0022500038,1610612758,SAC,2025-11-07,1.0,-31,1,0,L
0022500197,1610612758,SAC,2025-11-09,1.0,-27,1,0,L
0022500212,1610612758,SAC,2025-11-11,1.0,-14,0,0,L
0022500223,1610612758,SAC,2025-11-12,0.0,-33,1,0,L
0022500044,1610612758,SAC,2025-11-14,1.0,-14,0,0,L
0022500234,1610612758,SAC,2025-11-16,1.0,-13,0,0,L
0022500261,1610612758,SAC,2025-11-19,2.0,-14,0,0,L
0022500265,1610612758,SAC,2025-11-20,0.0,-41,1,0,L
0022500274,1610612758,SAC,2025-11-22,1.0,5,0,1,W
0022500292,1610612758,SAC,2025-11-24,1.0,5,0,1,W
0022500068,1610612758,SAC,2025-11-26,1.0,-12,0,0,L
0022500077,1610612758,SAC,2025-11-28,1.0,-9,0,0,L
0022500307,1610612758,SAC,2025-11-30,1.0,-8,0,0,L
0022500330,1610612758,SAC,2025-12-03,2.0,-26,1,0,L
0022500354,1610612758,SAC,2025-12-06,2.0,16,1,0,W
0022500364,1610612758,SAC,2025-12-08,1.0,-11,0,0,L
0022501208,1610612758,SAC,2025-12-11,2.0,-31,1,0,L
0022501220,1610612758,SAC,2025-12-14,2.0,-14,0,0,L
0022500380,1610612758,SAC,2025-12-18,3.0,-1,0,1,L
0022500394,1610612758,SAC,2025-12-20,1.0,-5,0,1,L
0022500401,1610612758,SAC,2025-12-21,0.0,1,0,1,W
0022500421,1610612758,SAC,2025-12-23,1.0,-9,0,0,L
0022500432,1610612758,SAC,2025-12-27,3.0,6,0,0,W
0022500446,1610612758,SAC,2025-12-28,0.0,-24,1,0,L
0022500461,1610612758,SAC,2025-12-30,1.0,-41,1,0,L
0022500474,1610612758,SAC,2026-01-01,1.0,-14,0,0,L
0022500483,1610612758,SAC,2026-01-02,0.0,-27,1,0,L
0022500500,1610612758,SAC,2026-01-04,1.0,-17,1,0,L
0022500515,1610612758,SAC,2026-01-06,1.0,-2,0,1,L
0022500539,1610612758,SAC,2026-01-09,2.0,-34,1,0,L
0022500557,1610612758,SAC,2026-01-11,1.0,13,0,0,W
0022500562,1610612758,SAC,2026-01-12,0.0,12,0,0,W
0022500576,1610612758,SAC,2026-01-14,1.0,11,0,0,W
0022500592,1610612758,SAC,2026-01-16,1.0,13,0,0,W
0022500606,1610612758,SAC,2026-01-18,1.0,-7,0,0,L
0022500619,1610612758,SAC,2026-01-20,1.0,-13,0,0,L
0022500626,1610612758,SAC,2026-01-21,0.0,-13,0,0,L
0022500638,1610612758,SAC,2026-01-23,1.0,-5,0,1,L
0022500650,1610612758,SAC,2026-01-25,1.0,-23,1,0,L
0022500665,1610612758,SAC,2026-01-27,1.0,-16,1,0,L
0022500680,1610612758,SAC,2026-01-29,1.0,-2,0,1,L
0022500689,1610612758,SAC,2026-01-30,0.0,-19,1,0,L
0022500707,1610612758,SAC,2026-02-01,1.0,-4,0,1,L
0022500731,1610612758,SAC,2026-02-04,2.0,-4,0,1,L
0022500746,1610612758,SAC,2026-02-06,1.0,-3,0,1,L
0022500756,1610612758,SAC,2026-02-07,0.0,-6,0,0,L
0022500766,1610612758,SAC,2026-02-09,1.0,-26,1,0,L
0022500786,1610612758,SAC,2026-02-11,1.0,-28,1,0,L
0022500800,1610612758,SAC,2026-02-19,7.0,-37,1,0,L
0022500815,1610612758,SAC,2026-02-21,1.0,-17,1,0,L
0022500829,1610612758,SAC,2026-02-23,1.0,9,0,0,W
0022500845,1610612758,SAC,2026-02-25,1.0,-31,1,0,L
0022500854,1610612758,SAC,2026-02-26,0.0,9,0,0,W
0022500878,1610612758,SAC,2026-03-01,2.0,-24,1,0,L
0022500892,1610612758,SAC,2026-03-03,1.0,-11,0,0,L
0022500907,1610612758,SAC,2026-03-05,1.0,-10,0,0,L
0022500930,1610612758,SAC,2026-03-08,2.0,16,1,0,W
0022500945,1610612758,SAC,2026-03-10,1.0,5,0,1,W
0022500951,1610612758,SAC,2026-03-11,0.0,-8,0,0,L
0022500975,1610612758,SAC,2026-03-14,2.0,9,0,0,W
0022500982,1610612758,SAC,2026-03-15,0.0,5,0,1,W
0022500998,1610612758,SAC,2026-03-17,1.0,-28,1,0,L
0022501015,1610612758,SAC,2026-03-19,1.0,-21,1,0,L
0022501033,1610612758,SAC,2026-03-22,2.0,4,0,1,W
0022501047,1610612758,SAC,2026-03-24,1.0,-44,1,0,L
0022501065,1610612758,SAC,2026-03-26,1.0,-4,0,1,L
0022501078,1610612758,SAC,2026-03-28,1.0,-10,0,0,L
0022501084,1610612758,SAC,2026-03-29,0.0,-17,1,0,L
0022501108,1610612758,SAC,2026-04-01,2.0,8,0,0,W
0022501128,1610612758,SAC,2026-04-03,1.0,4,0,1,W
0022501141,1610612758,SAC,2026-04-05,1.0,-29,1,0,L
0022501154,1610612758,SAC,2026-04-07,1.0,-5,0,1,L
0022501184,1610612758,SAC,2026-04-10,2.0,6,0,0,W
0022501200,1610612758,SAC,2026-04-12,1.0,-12,0,0,L
0022500004,1610612759,SAS,2025-10-22,3.0,33,1,0,W
0022500095,1610612759,SAS,2025-10-24,1.0,4,0,1,W
0022500105,1610612759,SAS,2025-10-26,1.0,11,0,0,W
0022500118,1610612759,SAS,2025-10-27,0.0,18,1,0,W
0022500141,1610612759,SAS,2025-10-30,2.0,6,0,0,W
0022500154,1610612759,SAS,2025-11-02,2.0,-12,0,0,L
0022500179,1610612759,SAS,2025-11-05,2.0,-2,0,1,L
0022500032,1610612759,SAS,2025-11-07,1.0,11,0,0,W
0022500188,1610612759,SAS,2025-11-08,0.0,7,0,0,W
0022500202,1610612759,SAS,2025-11-10,1.0,4,0,1,W
0022500220,1610612759,SAS,2025-11-12,1.0,-5,0,1,L
0022500047,1610612759,SAS,2025-11-14,1.0,-1,0,1,L
0022500234,1610612759,SAS,2025-11-16,1.0,13,0,0,W
0022500252,1610612759,SAS,2025-11-18,1.0,10,0,0,W
0022500267,1610612759,SAS,2025-11-20,1.0,9,0,0,W
0022500281,1610612759,SAS,2025-11-23,2.0,-9,0,0,L
0022500067,1610612759,SAS,2025-11-26,2.0,13,0,0,W
0022500076,1610612759,SAS,2025-11-28,1.0,3,0,1,W
0022500306,1610612759,SAS,2025-11-30,1.0,-13,0,0,L
0022500322,1610612759,SAS,2025-12-02,1.0,7,0,0,W
0022500326,1610612759,SAS,2025-12-03,0.0,2,0,1,W
0022500341,1610612759,SAS,2025-12-05,1.0,-13,0,0,L
0022500366,1610612759,SAS,2025-12-08,2.0,3,0,1,W
0022501204,1610612759,SAS,2025-12-10,1.0,13,0,0,W
0022501230,1610612759,SAS,2025-12-13,2.0,2,0,1,W
0022500370,1610612759,SAS,2025-12-18,4.0,25,1,0,W
0022500383,1610612759,SAS,2025-12-19,0.0,28,1,0,W
0022500399,1610612759,SAS,2025-12-21,1.0,11,0,0,W
0022500417,1610612759,SAS,2025-12-23,1.0,20,1,0,W
0022500010,1610612759,SAS,2025-12-25,1.0,15,1,0,W
0022500440,1610612759,SAS,2025-12-27,1.0,-13,0,0,L
0022500456,1610612759,SAS,2025-12-29,1.0,-12,0,0,L
0022500467,1610612759,SAS,2025-12-31,1.0,2,0,1,W
0022500476,1610612759,SAS,2026-01-02,1.0,10,0,0,W
0022500490,1610612759,SAS,2026-01-03,0.0,-5,0,1,L
0022500512,1610612759,SAS,2026-01-06,2.0,-1,0,1,L
0022500523,1610612759,SAS,2026-01-07,0.0,16,1,0,W
0022500545,1610612759,SAS,2026-01-10,2.0,5,0,1,W
0022500552,1610612759,SAS,2026-01-11,0.0,-1,0,1,L
0022500568,1610612759,SAS,2026-01-13,1.0,-21,1,0,L
0022500582,1610612759,SAS,2026-01-15,1.0,18,1,0,W
0022500598,1610612759,SAS,2026-01-17,1.0,3,0,1,W
0022500611,1610612759,SAS,2026-01-19,1.0,13,0,0,W
0022500615,1610612759,SAS,2026-01-20,0.0,-5,0,1,L
0022500632,1610612759,SAS,2026-01-22,1.0,17,1,0,W
0022500654,1610612759,SAS,2026-01-25,2.0,-9,0,0,L
0022500679,1610612759,SAS,2026-01-28,2.0,12,0,0,W
0022500697,1610612759,SAS,2026-01-31,2.0,-5,0,1,L
0022500703,1610612759,SAS,2026-02-01,0.0,9,0,0,W
0022500730,1610612759,SAS,2026-02-04,2.0,10,0,0,W
0022500738,1610612759,SAS,2026-02-05,0.0,12,0,0,W
0022500749,1610612759,SAS,2026-02-07,1.0,13,0,0,W
0022500774,1610612759,SAS,2026-02-10,2.0,28,1,0,W
0022500788,1610612759,SAS,2026-02-11,0.0,13,0,0,W
0022500798,1610612759,SAS,2026-02-19,7.0,27,1,0,W
0022500815,1610612759,SAS,2026-02-21,1.0,17,1,0,W
0022500828,1610612759,SAS,2026-02-23,1.0,11,0,0,W
0022500843,1610612759,SAS,2026-02-25,1.0,3,0,1,W
0022500851,1610612759,SAS,2026-02-26,0.0,16,1,0,W
0022500868,1610612759,SAS,2026-03-01,2.0,-25,1,0,L
0022500888,1610612759,SAS,2026-03-03,1.0,40,1,0,W
0022500904,1610612759,SAS,2026-03-05,1.0,15,1,0,W
0022500913,1610612759,SAS,2026-03-06,0.0,4,0,1,W
0022500927,1610612759,SAS,2026-03-08,1.0,25,1,0,W
0022500942,1610612759,SAS,2026-03-10,1.0,9,0,0,W
0022500958,1610612759,SAS,2026-03-12,1.0,-5,0,1,L
0022500973,1610612759,SAS,2026-03-14,1.0,13,0,0,W
0022500990,1610612759,SAS,2026-03-16,1.0,4,0,1,W
0022500998,1610612759,SAS,2026-03-17,0.0,28,1,0,W
0022501013,1610612759,SAS,2026-03-19,1.0,1,0,1,W
0022501028,1610612759,SAS,2026-03-21,1.0,15,1,0,W
0022501041,1610612759,SAS,2026-03-23,1.0,25,1,0,W
0022501056,1610612759,SAS,2026-03-25,1.0,25,1,0,W
0022501076,1610612759,SAS,2026-03-28,2.0,32,1,0,W
0022501094,1610612759,SAS,2026-03-30,1.0,15,1,0,W
0022501113,1610612759,SAS,2026-04-01,1.0,14,0,0,W
0022501119,1610612759,SAS,2026-04-02,0.0,19,1,0,W
0022501130,1610612759,SAS,2026-04-04,1.0,-2,0,1,L
0022501146,1610612759,SAS,2026-04-06,1.0,13,0,0,W
0022501161,1610612759,SAS,2026-04-08,1.0,11,0,0,W
0022501180,1610612759,SAS,2026-04-10,1.0,19,1,0,W
0022501197,1610612759,SAS,2026-04-12,1.0,-10,0,0,L
0022500001,1610612760,OKC,2025-10-21,3.0,1,0,1,W
0022500005,1610612760,OKC,2025-10-23,1.0,6,0,0,W
0022500101,1610612760,OKC,2025-10-25,1.0,17,1,0,W
0022500119,1610612760,OKC,2025-10-27,1.0,7,0,0,W
0022500126,1610612760,OKC,2025-10-28,0.0,6,0,0,W
0022500140,1610612760,OKC,2025-10-30,1.0,19,1,0,W
0022500148,1610612760,OKC,2025-11-02,2.0,31,1,0,W
0022500170,1610612760,OKC,2025-11-04,1.0,19,1,0,W
0022500180,1610612760,OKC,2025-11-05,0.0,-2,0,1,L
0022500038,1610612760,OKC,2025-11-07,1.0,31,1,0,W
0022500194,1610612760,OKC,2025-11-09,1.0,14,0,0,W
0022500210,1610612760,OKC,2025-11-11,1.0,24,1,0,W
0022500222,1610612760,OKC,2025-11-12,0.0,29,1,0,W
0022500229,1610612760,OKC,2025-11-15,2.0,13,0,0,W
0022500247,1610612760,OKC,2025-11-17,1.0,17,1,0,W
0022500261,1610612760,OKC,2025-11-19,1.0,14,0,0,W
0022500055,1610612760,OKC,2025-11-21,1.0,32,1,0,W
0022500280,1610612760,OKC,2025-11-23,1.0,27,1,0,W
0022500064,1610612760,OKC,2025-11-26,2.0,8,0,0,W
0022500075,1610612760,OKC,2025-11-28,1.0,4,0,1,W
0022500305,1610612760,OKC,2025-11-30,1.0,8,0,0,W
0022500323,1610612760,OKC,2025-12-02,1.0,12,0,0,W
0022500349,1610612760,OKC,2025-12-05,2.0,21,1,0,W
0022500363,1610612760,OKC,2025-12-07,1.0,30,1,0,W
0022501203,1610612760,OKC,2025-12-10,2.0,49,1,0,W
0022501230,1610612760,OKC,2025-12-13,2.0,-2,0,1,L
0022500369,1610612760,OKC,2025-12-18,4.0,21,1,0,W
0022500385,1610612760,OKC,2025-12-19,0.0,-5,0,1,L
0022500406,1610612760,OKC,2025-12-22,2.0,16,1,0,W
0022500417,1610612760,OKC,2025-12-23,0.0,-20,1,0,L
0022500010,1610612760,OKC,2025-12-25,1.0,-15,1,0,L
0022500442,1610612760,OKC,2025-12-28,2.0,25,1,0,W
0022500455,1610612760,OKC,2025-12-29,0.0,11,0,0,W
0022500470,1610612760,OKC,2025-12-31,1.0,29,1,0,W
0022500484,1610612760,OKC,2026-01-02,1.0,37,1,0,W
0022500499,1610612760,OKC,2026-01-04,1.0,-3,0,1,L
0022500506,1610612760,OKC,2026-01-05,0.0,-27,1,0,L
0022500525,1610612760,OKC,2026-01-07,1.0,4,0,1,W
0022500536,1610612760,OKC,2026-01-09,1.0,1,0,1,W
0022500553,1610612760,OKC,2026-01-11,1.0,12,0,0,W
0022500568,1610612760,OKC,2026-01-13,1.0,21,1,0,W
0022500581,1610612760,OKC,2026-01-15,1.0,20,1,0,W
0022500597,1610612760,OKC,2026-01-17,1.0,-2,0,1,L
0022500015,1610612760,OKC,2026-01-19,1.0,32,1,0,W
0022500625,1610612760,OKC,2026-01-21,1.0,20,1,0,W
0022500641,1610612760,OKC,2026-01-23,1.0,-3,0,1,L
0022500653,1610612760,OKC,2026-01-25,1.0,-2,0,1,L
0022500667,1610612760,OKC,2026-01-27,1.0,9,0,0,W
0022500686,1610612760,OKC,2026-01-29,1.0,-12,0,0,L
0022500711,1610612760,OKC,2026-02-01,2.0,10,0,0,W
0022500723,1610612760,OKC,2026-02-03,1.0,36,1,0,W
0022500730,1610612760,OKC,2026-02-04,0.0,-10,0,0,L
0022500748,1610612760,OKC,2026-02-07,2.0,-6,0,0,L
0022500769,1610612760,OKC,2026-02-09,1.0,9,0,0,W
0022500785,1610612760,OKC,2026-02-11,1.0,27,1,0,W
0022500789,1610612760,OKC,2026-02-12,0.0,-17,1,0,L
0022500808,1610612760,OKC,2026-02-20,7.0,19,1,0,W
0022500817,1610612760,OKC,2026-02-22,1.0,8,0,0,W
0022500834,1610612760,OKC,2026-02-24,1.0,9,0,0,W
0022500842,1610612760,OKC,2026-02-25,0.0,-8,0,0,L
0022500862,1610612760,OKC,2026-02-27,1.0,6,0,0,W
0022500876,1610612760,OKC,2026-03-01,1.0,13,0,0,W
0022500889,1610612760,OKC,2026-03-03,1.0,8,0,0,W
0022500893,1610612760,OKC,2026-03-04,0.0,3,0,1,W
0022500920,1610612760,OKC,2026-03-07,2.0,7,0,0,W
0022500933,1610612760,OKC,2026-03-09,1.0,3,0,1,W
0022500959,1610612760,OKC,2026-03-12,2.0,2,0,1,W
0022500976,1610612760,OKC,2026-03-15,2.0,13,0,0,W
0022500992,1610612760,OKC,2026-03-17,1.0,5,0,1,W
0022501000,1610612760,OKC,2026-03-18,0.0,29,1,0,W
0022501022,1610612760,OKC,2026-03-21,2.0,21,1,0,W
0022501040,1610612760,OKC,2026-03-23,1.0,20,1,0,W
0022501054,1610612760,OKC,2026-03-25,1.0,-10,0,0,L
0022501070,1610612760,OKC,2026-03-27,1.0,18,1,0,W
0022501089,1610612760,OKC,2026-03-29,1.0,11,0,0,W
0022501097,1610612760,OKC,2026-03-30,0.0,4,0,1,W
0022501116,1610612760,OKC,2026-04-02,2.0,43,1,0,W
0022501139,1610612760,OKC,2026-04-05,2.0,35,1,0,W
0022501155,1610612760,OKC,2026-04-07,1.0,36,1,0,W
0022501163,1610612760,OKC,2026-04-08,0.0,18,1,0,W
0022501182,1610612760,OKC,2026-04-10,1.0,-20,1,0,L
0022501196,1610612760,OKC,2026-04-12,1.0,-32,1,0,L
0022500082,1610612761,TOR,2025-10-22,3.0,20,1,0,W
0022500092,1610612761,TOR,2025-10-24,1.0,-6,0,0,L
0022500111,1610612761,TOR,2025-10-26,1.0,-10,0,0,L
0022500118,1610612761,TOR,2025-10-27,0.0,-18,1,0,L
0022500131,1610612761,TOR,2025-10-29,1.0,-18,1,0,L
0022500022,1610612761,TOR,2025-10-31,1.0,11,0,0,W
0022500152,1610612761,TOR,2025-11-02,1.0,13,0,0,W
0022500165,1610612761,TOR,2025-11-04,1.0,28,1,0,W
0022500030,1610612761,TOR,2025-11-07,2.0,12,0,0,W
0022500184,1610612761,TOR,2025-11-08,0.0,-10,0,0,L
0022500207,1610612761,TOR,2025-11-11,2.0,10,0,0,W
0022500225,1610612761,TOR,2025-11-13,1.0,13,0,0,W
0022500230,1610612761,TOR,2025-11-15,1.0,18,1,0,W
0022500245,1610612761,TOR,2025-11-17,1.0,2,0,1,W
0022500258,1610612761,TOR,2025-11-19,1.0,9,0,0,W
0022500050,1610612761,TOR,2025-11-21,1.0,30,1,0,W
0022500279,1610612761,TOR,2025-11-23,1.0,10,0,0,W
0022500284,1610612761,TOR,2025-11-24,0.0,11,0,0,W
0022500063,1610612761,TOR,2025-11-26,1.0,2,0,1,W
0022500294,1610612761,TOR,2025-11-29,2.0,-7,0,0,L
0022500303,1610612761,TOR,2025-11-30,0.0,-22,1,0,L
0022500319,1610612761,TOR,2025-12-02,1.0,3,0,1,W
0022500336,1610612761,TOR,2025-12-04,1.0,-3,0,1,L
0022500344,1610612761,TOR,2025-12-05,0.0,-25,1,0,L
0022500358,1610612761,TOR,2025-12-07,1.0,-8,0,0,L
0022501202,1610612761,TOR,2025-12-09,1.0,-16,1,0,L
0022501227,1610612761,TOR,2025-12-15,5.0,10,0,0,W
0022500374,1610612761,TOR,2025-12-18,2.0,6,0,0,W
0022500388,1610612761,TOR,2025-12-20,1.0,-16,1,0,L
0022500397,1610612761,TOR,2025-12-21,0.0,-15,1,0,L
0022500414,1610612761,TOR,2025-12-23,1.0,21,1,0,W
0022500425,1610612761,TOR,2025-12-26,2.0,-21,1,0,L
0022500441,1610612761,TOR,2025-12-28,1.0,14,0,0,W
0022500451,1610612761,TOR,2025-12-29,0.0,1,0,1,W
0022500468,1610612761,TOR,2025-12-31,1.0,-3,0,1,L
0022500488,1610612761,TOR,2026-01-03,2.0,17,1,0,W
0022500504,1610612761,TOR,2026-01-05,1.0,18,1,0,W
0022500516,1610612761,TOR,2026-01-07,1.0,1,0,1,W
0022500532,1610612761,TOR,2026-01-09,1.0,-8,0,0,L
0022500550,1610612761,TOR,2026-01-11,1.0,1,0,1,W
0022500560,1610612761,TOR,2026-01-12,0.0,-13,0,0,L
0022500571,1610612761,TOR,2026-01-14,1.0,14,0,0,W
0022500590,1610612761,TOR,2026-01-16,1.0,-4,0,1,L
0022500607,1610612761,TOR,2026-01-18,1.0,-17,1,0,L
0022500618,1610612761,TOR,2026-01-20,1.0,18,1,0,W
0022500626,1610612761,TOR,2026-01-21,0.0,13,0,0,W
0022500642,1610612761,TOR,2026-01-23,1.0,12,0,0,W
0022500653,1610612761,TOR,2026-01-25,1.0,2,0,1,W
0022500675,1610612761,TOR,2026-01-28,2.0,-27,1,0,L
0022500687,1610612761,TOR,2026-01-30,1.0,-10,0,0,L
0022500706,1610612761,TOR,2026-02-01,1.0,7,0,0,W
0022500727,1610612761,TOR,2026-02-04,2.0,-2,0,1,L
0022500736,1610612761,TOR,2026-02-05,0.0,16,1,0,W
0022500759,1610612761,TOR,2026-02-08,2.0,18,1,0,W
0022500781,1610612761,TOR,2026-02-11,2.0,-18,1,0,L
0022500797,1610612761,TOR,2026-02-19,7.0,9,0,0,W
0022500819,1610612761,TOR,2026-02-22,2.0,28,1,0,W
0022500834,1610612761,TOR,2026-02-24,1.0,-9,0,0,L
0022500843,1610612761,TOR,2026-02-25,0.0,-3,0,1,L
0022500865,1610612761,TOR,2026-02-28,2.0,9,0,0,W
0022500887,1610612761,TOR,2026-03-03,2.0,-16,1,0,L
0022500903,1610612761,TOR,2026-03-05,1.0,-8,0,0,L
0022500924,1610612761,TOR,2026-03-08,2.0,30,1,0,W
0022500940,1610612761,TOR,2026-03-10,1.0,-14,0,0,L
0022500948,1610612761,TOR,2026-03-11,0.0,-11,0,0,L
0022500963,1610612761,TOR,2026-03-13,1.0,7,0,0,W
0022500978,1610612761,TOR,2026-03-15,1.0,11,0,0,W
0022501002,1610612761,TOR,2026-03-18,2.0,30,1,0,W
0022501021,1610612761,TOR,2026-03-20,1.0,-6,0,0,L
0022501036,1610612761,TOR,2026-03-22,1.0,-22,1,0,L
0022501043,1610612761,TOR,2026-03-23,0.0,16,1,0,W
0022501062,1610612761,TOR,2026-03-25,1.0,-25,1,0,L
0022501071,1610612761,TOR,2026-03-27,1.0,13,0,0,W
0022501086,1610612761,TOR,2026-03-29,1.0,52,1,0,W
0022501101,1610612761,TOR,2026-03-31,1.0,-11,0,0,L
0022501108,1610612761,TOR,2026-04-01,0.0,-8,0,0,L
0022501125,1610612761,TOR,2026-04-03,1.0,32,1,0,W
0022501132,1610612761,TOR,2026-04-05,1.0,-14,0,0,L
0022501151,1610612761,TOR,2026-04-07,1.0,26,1,0,W
0022501165,1610612761,TOR,2026-04-09,1.0,14,0,0,W
0022501176,1610612761,TOR,2026-04-10,0.0,-17,1,0,L
0022501192,1610612761,TOR,2026-04-12,1.0,35,1,0,W
0022500087,1610612762,UTA,2025-10-22,3.0,21,1,0,W
0022500098,1610612762,UTA,2025-10-24,1.0,-1,0,1,L
0022500120,1610612762,UTA,2025-10-27,2.0,4,0,1,W
0022500135,1610612762,UTA,2025-10-29,1.0,-2,0,1,L
0022500025,1610612762,UTA,2025-10-31,1.0,-22,1,0,L
0022500150,1610612762,UTA,2025-11-02,1.0,-23,1,0,L
0022500158,1610612762,UTA,2025-11-03,0.0,2,0,1,W
0022500172,1610612762,UTA,2025-11-05,1.0,-11,0,0,L
0022500036,1610612762,UTA,2025-11-07,1.0,-40,1,0,L
0022500205,1610612762,UTA,2025-11-10,2.0,-7,0,0,L
0022500211,1610612762,UTA,2025-11-11,0.0,24,1,0,W
0022500227,1610612762,UTA,2025-11-13,1.0,-10,0,0,L
0022500240,1610612762,UTA,2025-11-16,2.0,3,0,1,W
0022500253,1610612762,UTA,2025-11-18,1.0,-14,0,0,L
0022500055,1610612762,UTA,2025-11-21,2.0,-32,1,0,L
0022500282,1610612762,UTA,2025-11-23,1.0,-2,0,1,L
0022500291,1610612762,UTA,2025-11-24,0.0,-17,1,0,L
0022500077,1610612762,UTA,2025-11-28,3.0,9,0,0,W
0022500301,1610612762,UTA,2025-11-30,1.0,-28,1,0,L
0022500316,1610612762,UTA,2025-12-01,0.0,8,0,0,W
0022500335,1610612762,UTA,2025-12-04,2.0,13,0,0,W
0022500343,1610612762,UTA,2025-12-05,0.0,-34,1,0,L
0022500363,1610612762,UTA,2025-12-07,1.0,-30,1,0,L
0022501213,1610612762,UTA,2025-12-12,4.0,4,0,1,W
0022501224,1610612762,UTA,2025-12-15,2.0,7,0,0,W
0022500379,1610612762,UTA,2025-12-18,2.0,-8,0,0,L
0022500393,1610612762,UTA,2025-12-20,1.0,-1,0,1,L
0022500405,1610612762,UTA,2025-12-22,1.0,-23,1,0,L
0022500419,1610612762,UTA,2025-12-23,0.0,-9,0,0,L
0022500430,1610612762,UTA,2025-12-26,2.0,2,0,1,W
0022500440,1610612762,UTA,2025-12-27,0.0,13,0,0,W
0022500459,1610612762,UTA,2025-12-30,2.0,-10,0,0,L
0022500475,1610612762,UTA,2026-01-01,1.0,-17,1,0,L
0022500492,1610612762,UTA,2026-01-03,1.0,-9,0,0,L
0022500509,1610612762,UTA,2026-01-05,1.0,-20,1,0,L
0022500525,1610612762,UTA,2026-01-07,1.0,-4,0,1,L
0022500531,1610612762,UTA,2026-01-08,0.0,2,0,1,W
0022500547,1610612762,UTA,2026-01-10,1.0,-55,1,0,L
0022500558,1610612762,UTA,2026-01-12,1.0,11,0,0,W
0022500573,1610612762,UTA,2026-01-14,1.0,-2,0,1,L
0022500583,1610612762,UTA,2026-01-15,0.0,-22,1,0,L
0022500593,1610612762,UTA,2026-01-17,1.0,-18,1,0,L
0022500611,1610612762,UTA,2026-01-19,1.0,-13,0,0,L
0022500616,1610612762,UTA,2026-01-20,0.0,5,0,1,W
0022500632,1610612762,UTA,2026-01-22,1.0,-17,1,0,L
0022500649,1610612762,UTA,2026-01-24,1.0,-31,1,0,L
0022500670,1610612762,UTA,2026-01-27,2.0,-12,0,0,L
0022500678,1610612762,UTA,2026-01-28,0.0,-16,1,0,L
0022500694,1610612762,UTA,2026-01-30,1.0,-10,0,0,L
0022500706,1610612762,UTA,2026-02-01,1.0,-7,0,0,L
0022500717,1610612762,UTA,2026-02-03,1.0,9,0,0,W
0022500735,1610612762,UTA,2026-02-05,1.0,-2,0,1,L
0022500750,1610612762,UTA,2026-02-07,1.0,-3,0,1,L
0022500763,1610612762,UTA,2026-02-09,1.0,4,0,1,W
0022500786,1610612762,UTA,2026-02-11,1.0,28,1,0,W
0022500790,1610612762,UTA,2026-02-12,0.0,-16,1,0,L
0022500804,1610612762,UTA,2026-02-20,7.0,-9,0,0,L
0022500830,1610612762,UTA,2026-02-23,2.0,-20,1,0,L
0022500856,1610612762,UTA,2026-02-26,2.0,-11,0,0,L
0022500867,1610612762,UTA,2026-02-28,1.0,-10,0,0,L
0022500881,1610612762,UTA,2026-03-02,1.0,-3,0,1,L
0022500895,1610612762,UTA,2026-03-04,1.0,-4,0,1,L
0022500900,1610612762,UTA,2026-03-05,0.0,10,0,0,W
0022500919,1610612762,UTA,2026-03-07,1.0,-14,0,0,L
0022500934,1610612762,UTA,2026-03-09,1.0,3,0,1,W
0022500949,1610612762,UTA,2026-03-11,1.0,-17,1,0,L
0022500967,1610612762,UTA,2026-03-13,1.0,-10,0,0,L
0022500982,1610612762,UTA,2026-03-15,1.0,-5,0,1,L
0022501004,1610612762,UTA,2026-03-18,2.0,-36,1,0,L
0022501014,1610612762,UTA,2026-03-19,0.0,32,1,0,W
0022501030,1610612762,UTA,2026-03-21,1.0,-10,0,0,L
0022501043,1610612762,UTA,2026-03-23,1.0,-16,1,0,L
0022501057,1610612762,UTA,2026-03-25,1.0,-23,1,0,L
0022501072,1610612762,UTA,2026-03-27,1.0,-6,0,0,L
0022501081,1610612762,UTA,2026-03-28,0.0,-25,1,0,L
0022501096,1610612762,UTA,2026-03-30,1.0,-9,0,0,L
0022501112,1610612762,UTA,2026-04-01,1.0,-13,0,0,L
0022501124,1610612762,UTA,2026-04-03,1.0,-34,1,0,L
0022501139,1610612762,UTA,2026-04-05,1.0,-35,1,0,L
0022501153,1610612762,UTA,2026-04-07,1.0,-19,1,0,L
0022501181,1610612762,UTA,2026-04-10,2.0,46,1,0,W
0022501198,1610612762,UTA,2026-04-12,1.0,-24,1,0,L
0022500085,1610612763,MEM,2025-10-22,3.0,6,0,0,W
0022500094,1610612763,MEM,2025-10-24,1.0,-32,1,0,L
0022500103,1610612763,MEM,2025-10-25,0.0,25,1,0,W
0022500121,1610612763,MEM,2025-10-27,1.0,-13,0,0,L
0022500137,1610612763,MEM,2025-10-29,1.0,1,0,1,W
0022500024,1610612763,MEM,2025-10-31,1.0,-5,0,1,L
0022500152,1610612763,MEM,2025-11-02,1.0,-13,0,0,L
0022500161,1610612763,MEM,2025-11-03,0.0,-8,0,0,L
0022500176,1610612763,MEM,2025-11-05,1.0,-15,1,0,L
0022500034,1610612763,MEM,2025-11-07,1.0,14,0,0,W
0022500194,1610612763,MEM,2025-11-09,1.0,-14,0,0,L
0022500208,1610612763,MEM,2025-11-11,1.0,-13,0,0,L
0022500216,1610612763,MEM,2025-11-12,0.0,-36,1,0,L
0022500228,1610612763,MEM,2025-11-15,2.0,-8,0,0,L
0022500252,1610612763,MEM,2025-11-18,2.0,-10,0,0,L
0022500265,1610612763,MEM,2025-11-20,1.0,41,1,0,W
0022500273,1610612763,MEM,2025-11-22,1.0,6,0,0,W
0022500287,1610612763,MEM,2025-11-24,1.0,-10,0,0,L
0022500065,1610612763,MEM,2025-11-26,1.0,5,0,1,W
0022500079,1610612763,MEM,2025-11-28,1.0,5,0,1,W
0022500307,1610612763,MEM,2025-11-30,1.0,8,0,0,W
0022500322,1610612763,MEM,2025-12-02,1.0,-7,0,0,L
0022500347,1610612763,MEM,2025-12-05,2.0,9,0,0,W
0022500360,1610612763,MEM,2025-12-07,1.0,23,1,0,W
0022501213,1610612763,MEM,2025-12-12,4.0,-4,0,1,L
0022501226,1610612763,MEM,2025-12-15,2.0,18,1,0,W
0022500368,1610612763,MEM,2025-12-17,1.0,6,0,0,W
0022500391,1610612763,MEM,2025-12-20,2.0,-8,0,0,L
0022500406,1610612763,MEM,2025-12-22,1.0,-16,1,0,L
0022500419,1610612763,MEM,2025-12-23,0.0,9,0,0,W
0022500428,1610612763,MEM,2025-12-26,2.0,21,1,0,W
0022500443,1610612763,MEM,2025-12-28,1.0,-4,0,1,L
0022500458,1610612763,MEM,2025-12-30,1.0,-3,0,1,L
0022500485,1610612763,MEM,2026-01-02,2.0,-7,0,0,L
0022500501,1610612763,MEM,2026-01-04,1.0,-6,0,0,L
0022500512,1610612763,MEM,2026-01-06,1.0,1,0,1,W
0022500524,1610612763,MEM,2026-01-07,0.0,-19,1,0,L
0022500536,1610612763,MEM,2026-01-09,1.0,-1,0,1,L
0022500549,1610612763,MEM,2026-01-11,1.0,5,0,1,W
0022500578,1610612763,MEM,2026-01-15,3.0,-7,0,0,L
0022500602,1610612763,MEM,2026-01-18,2.0,17,1,0,W
0022500623,1610612763,MEM,2026-01-21,2.0,-2,0,1,L
0022500639,1610612763,MEM,2026-01-23,1.0,-6,0,0,L
0022500662,1610612763,MEM,2026-01-26,2.0,-9,0,0,L
0022500676,1610612763,MEM,2026-01-28,1.0,-15,1,0,L
0022500691,1610612763,MEM,2026-01-30,1.0,-8,0,0,L
0022500700,1610612763,MEM,2026-01-31,0.0,-17,1,0,L
0022500714,1610612763,MEM,2026-02-02,1.0,9,0,0,W
0022500731,1610612763,MEM,2026-02-04,1.0,4,0,1,W
0022500745,1610612763,MEM,2026-02-06,1.0,-20,1,0,L
0022500755,1610612763,MEM,2026-02-07,0.0,-7,0,0,L
0022500768,1610612763,MEM,2026-02-09,1.0,-1,0,1,L
0022500787,1610612763,MEM,2026-02-11,1.0,-6,0,0,L
0022500804,1610612763,MEM,2026-02-20,7.0,9,0,0,W
0022500813,1610612763,MEM,2026-02-21,0.0,-16,1,0,L
0022500829,1610612763,MEM,2026-02-23,1.0,-9,0,0,L
0022500844,1610612763,MEM,2026-02-25,1.0,-21,1,0,L
0022500861,1610612763,MEM,2026-02-27,1.0,19,1,0,W
0022500872,1610612763,MEM,2026-03-01,1.0,19,1,0,W
0022500890,1610612763,MEM,2026-03-03,1.0,-7,0,0,L
0022500896,1610612763,MEM,2026-03-04,0.0,-8,0,0,L
0022500918,1610612763,MEM,2026-03-07,2.0,-3,0,1,L
0022500932,1610612763,MEM,2026-03-09,1.0,-11,0,0,L
0022500936,1610612763,MEM,2026-03-10,0.0,-10,0,0,L
0022501111,1610612763,MEM,2026-03-12,1.0,-8,0,0,L
0022500961,1610612763,MEM,2026-03-13,0.0,-16,1,0,L
0022500987,1610612763,MEM,2026-03-16,2.0,-25,1,0,L
0022500651,1610612763,MEM,2026-03-18,1.0,7,0,0,W
0022501019,1610612763,MEM,2026-03-20,1.0,-5,0,1,L
0022501023,1610612763,MEM,2026-03-21,0.0,-23,1,0,L
0022501037,1610612763,MEM,2026-03-23,1.0,-39,1,0,L
0022501056,1610612763,MEM,2026-03-25,1.0,-25,1,0,L
0022501069,1610612763,MEM,2026-03-27,1.0,-10,0,0,L
0022501079,1610612763,MEM,2026-03-28,0.0,1,0,1,W
0022501093,1610612763,MEM,2026-03-30,1.0,-26,1,0,L
0022501003,1610612763,MEM,2026-04-01,1.0,-11,0,0,L
0022501125,1610612763,MEM,2026-04-03,1.0,-32,1,0,L
0022501135,1610612763,MEM,2026-04-05,1.0,-16,1,0,L
0022501145,1610612763,MEM,2026-04-06,0.0,-16,1,0,L
0022501162,1610612763,MEM,2026-04-08,1.0,-17,1,0,L
0022501181,1610612763,MEM,2026-04-10,1.0,-46,1,0,L
0022501194,1610612763,MEM,2026-04-12,1.0,-31,1,0,L
0022500086,1610612764,WAS,2025-10-22,3.0,-13,0,0,L
0022500096,1610612764,WAS,2025-10-24,1.0,10,0,0,W
0022500109,1610612764,WAS,2025-10-26,1.0,-26,1,0,L
0022500123,1610612764,WAS,2025-10-28,1.0,-5,0,1,L
0022500140,1610612764,WAS,2025-10-30,1.0,-19,1,0,L
0022500145,1610612764,WAS,2025-11-01,1.0,-31,1,0,L
0022500159,1610612764,WAS,2025-11-03,1.0,-17,1,0,L
0022500174,1610612764,WAS,2025-11-05,1.0,-29,1,0,L
0022500029,1610612764,WAS,2025-11-07,1.0,-33,1,0,L
0022500183,1610612764,WAS,2025-11-08,0.0,-6,0,0,L
0022500199,1610612764,WAS,2025-11-10,1.0,-2,0,1,L
0022500218,1610612764,WAS,2025-11-12,1.0,-23,1,0,L
0022500235,1610612764,WAS,2025-11-16,3.0,-23,1,0,L
0022500259,1610612764,WAS,2025-11-19,2.0,-11,0,0,L
0022500050,1610612764,WAS,2025-11-21,1.0,-30,1,0,L
0022500271,1610612764,WAS,2025-11-22,0.0,-1,0,1,L
0022500057,1610612764,WAS,2025-11-25,2.0,19,1,0,W
0022500073,1610612764,WAS,2025-11-28,2.0,-33,1,0,L
0022500311,1610612764,WAS,2025-12-01,2.0,3,0,1,W
0022500318,1610612764,WAS,2025-12-02,0.0,-19,1,0,L
0022500334,1610612764,WAS,2025-12-04,1.0,-45,1,0,L
0022500351,1610612764,WAS,2025-12-06,1.0,-15,1,0,L
0022501212,1610612764,WAS,2025-12-12,5.0,-4,0,1,L
0022501216,1610612764,WAS,2025-12-14,1.0,19,1,0,W
0022500370,1610612764,WAS,2025-12-18,3.0,-25,1,0,L
0022500391,1610612764,WAS,2025-12-20,1.0,8,0,0,W
0022500399,1610612764,WAS,2025-12-21,0.0,-11,0,0,L
0022500409,1610612764,WAS,2025-12-23,1.0,-17,1,0,L
0022500425,1610612764,WAS,2025-12-26,2.0,21,1,0,W
0022500443,1610612764,WAS,2025-12-28,1.0,4,0,1,W
0022500448,1610612764,WAS,2025-12-29,0.0,-14,0,0,L
0022500469,1610612764,WAS,2025-12-31,1.0,1,0,1,W
0022500477,1610612764,WAS,2026-01-02,1.0,20,1,0,W
0022500498,1610612764,WAS,2026-01-04,1.0,-26,1,0,L
0022500511,1610612764,WAS,2026-01-06,1.0,8,0,0,W
0022500518,1610612764,WAS,2026-01-07,0.0,-21,1,0,L
0022500534,1610612764,WAS,2026-01-09,1.0,-21,1,0,L
0022500555,1610612764,WAS,2026-01-11,1.0,-19,1,0,L
0022500577,1610612764,WAS,2026-01-14,2.0,-14,0,0,L
0022500592,1610612764,WAS,2026-01-16,1.0,-13,0,0,L
0022500600,1610612764,WAS,2026-01-17,0.0,-6,0,0,L
0022500608,1610612764,WAS,2026-01-19,1.0,-4,0,1,L
0022500629,1610612764,WAS,2026-01-22,2.0,-10,0,0,L
0022500645,1610612764,WAS,2026-01-24,1.0,-4,0,1,L
0022500664,1610612764,WAS,2026-01-27,2.0,4,0,1,W
0022500681,1610612764,WAS,2026-01-29,1.0,10,0,0,W
0022500688,1610612764,WAS,2026-01-30,0.0,-31,1,0,L
0022500707,1610612764,WAS,2026-02-01,1.0,4,0,1,W
0022500718,1610612764,WAS,2026-02-03,1.0,-31,1,0,L
0022500733,1610612764,WAS,2026-02-05,1.0,9,0,0,W
0022500747,1610612764,WAS,2026-02-07,1.0,-14,0,0,L
0022500758,1610612764,WAS,2026-02-08,0.0,-31,1,0,L
0022500776,1610612764,WAS,2026-02-11,2.0,-25,1,0,L
0022500795,1610612764,WAS,2026-02-19,7.0,7,0,0,W
0022500803,1610612764,WAS,2026-02-20,0.0,13,0,0,W
0022500822,1610612764,WAS,2026-02-22,1.0,-17,1,0,L
0022500832,1610612764,WAS,2026-02-24,1.0,-21,1,0,L
0022500850,1610612764,WAS,2026-02-26,1.0,-30,1,0,L
0022500865,1610612764,WAS,2026-02-28,1.0,-9,0,0,L
0022500879,1610612764,WAS,2026-03-02,1.0,-5,0,1,L
0022500885,1610612764,WAS,2026-03-03,0.0,-17,1,0,L
0022500900,1610612764,WAS,2026-03-05,1.0,-10,0,0,L
0022500925,1610612764,WAS,2026-03-08,2.0,-20,1,0,L
0022500938,1610612764,WAS,2026-03-10,1.0,-21,1,0,L
0022500955,1610612764,WAS,2026-03-12,1.0,-5,0,1,L
0022500971,1610612764,WAS,2026-03-14,1.0,-11,0,0,L
0022500984,1610612764,WAS,2026-03-16,1.0,-8,0,0,L
0022500993,1610612764,WAS,2026-03-17,0.0,-13,0,0,L
0022501009,1610612764,WAS,2026-03-19,1.0,-22,1,0,L
0022501022,1610612764,WAS,2026-03-21,1.0,-21,1,0,L
0022501034,1610612764,WAS,2026-03-22,0.0,-32,1,0,L
0022501057,1610612764,WAS,2026-03-25,2.0,23,1,0,W
0022501073,1610612764,WAS,2026-03-27,1.0,-5,0,1,L
0022501087,1610612764,WAS,2026-03-29,1.0,-35,1,0,L
0022501098,1610612764,WAS,2026-03-30,0.0,-19,1,0,L
0022501105,1610612764,WAS,2026-04-01,1.0,-22,1,0,L
0022501129,1610612764,WAS,2026-04-04,2.0,-16,1,0,L
0022501133,1610612764,WAS,2026-04-05,0.0,-6,0,0,L
0022501148,1610612764,WAS,2026-04-07,1.0,-31,1,0,L
0022501166,1610612764,WAS,2026-04-09,1.0,-11,0,0,L
0022501172,1610612764,WAS,2026-04-10,0.0,-23,1,0,L
0022501187,1610612764,WAS,2026-04-12,1.0,-13,0,0,L
0022500084,1610612765,DET,2025-10-22,3.0,-4,0,1,L
0022500093,1610612765,DET,2025-10-24,1.0,4,0,1,W
0022500106,1610612765,DET,2025-10-26,1.0,6,0,0,W
0022500007,1610612765,DET,2025-10-27,0.0,-21,1,0,L
0022500129,1610612765,DET,2025-10-29,1.0,19,1,0,W
0022500147,1610612765,DET,2025-11-01,2.0,12,0,0,W
0022500161,1610612765,DET,2025-11-03,1.0,8,0,0,W
0022500172,1610612765,DET,2025-11-05,1.0,11,0,0,W
0022500031,1610612765,DET,2025-11-07,1.0,18,1,0,W
0022500195,1610612765,DET,2025-11-09,1.0,3,0,1,W
0022500199,1610612765,DET,2025-11-10,0.0,2,0,1,W
0022500214,1610612765,DET,2025-11-12,1.0,11,0,0,W
0022500041,1610612765,DET,2025-11-14,1.0,9,0,0,W
0022500242,1610612765,DET,2025-11-17,2.0,15,1,0,W
0022500251,1610612765,DET,2025-11-18,0.0,8,0,0,W
0022500272,1610612765,DET,2025-11-22,3.0,13,0,0,W
0022500283,1610612765,DET,2025-11-24,1.0,5,0,1,W
0022500060,1610612765,DET,2025-11-26,1.0,-3,0,1,L
0022500072,1610612765,DET,2025-11-28,1.0,-3,0,1,L
0022500296,1610612765,DET,2025-11-29,0.0,3,0,1,W
0022500309,1610612765,DET,2025-12-01,1.0,1,0,1,W
0022500331,1610612765,DET,2025-12-03,1.0,-4,0,1,L
0022500342,1610612765,DET,2025-12-05,1.0,6,0,0,W
0022500353,1610612765,DET,2025-12-06,0.0,12,0,0,W
0022501210,1610612765,DET,2025-12-12,5.0,27,1,0,W
0022501222,1610612765,DET,2025-12-15,2.0,7,0,0,W
0022500376,1610612765,DET,2025-12-18,2.0,-2,0,1,L
0022500390,1610612765,DET,2025-12-20,1.0,26,1,0,W
0022500408,1610612765,DET,2025-12-22,1.0,8,0,0,W
0022500421,1610612765,DET,2025-12-23,0.0,9,0,0,W
0022500430,1610612765,DET,2025-12-26,2.0,-2,0,1,L
0022500445,1610612765,DET,2025-12-28,1.0,-13,0,0,L
0022500460,1610612765,DET,2025-12-30,1.0,22,1,0,W
0022500472,1610612765,DET,2026-01-01,1.0,-6,0,0,L
0022500494,1610612765,DET,2026-01-04,2.0,4,0,1,W
0022500502,1610612765,DET,2026-01-05,0.0,31,1,0,W
0022500517,1610612765,DET,2026-01-07,1.0,15,1,0,W
0022500544,1610612765,DET,2026-01-10,2.0,-6,0,0,L
0022500579,1610612765,DET,2026-01-15,4.0,3,0,1,W
0022500595,1610612765,DET,2026-01-17,1.0,43,1,0,W
0022500017,1610612765,DET,2026-01-19,1.0,1,0,1,W
0022500624,1610612765,DET,2026-01-21,1.0,8,0,0,W
0022500635,1610612765,DET,2026-01-23,1.0,-7,0,0,L
0022500650,1610612765,DET,2026-01-25,1.0,23,1,0,W
0022500668,1610612765,DET,2026-01-27,1.0,2,0,1,W
0022500685,1610612765,DET,2026-01-29,1.0,-18,1,0,L
0022500696,1610612765,DET,2026-01-30,0.0,7,0,0,W
0022500704,1610612765,DET,2026-02-01,1.0,53,1,0,W
0022500716,1610612765,DET,2026-02-03,1.0,3,0,1,W
0022500733,1610612765,DET,2026-02-05,1.0,-9,0,0,L
0022500742,1610612765,DET,2026-02-06,0.0,38,1,0,W
0022500761,1610612765,DET,2026-02-09,2.0,6,0,0,W
0022500781,1610612765,DET,2026-02-11,1.0,18,1,0,W
0022500796,1610612765,DET,2026-02-19,7.0,15,1,0,W
0022500814,1610612765,DET,2026-02-21,1.0,16,1,0,W
0022500828,1610612765,DET,2026-02-23,1.0,-11,0,0,L
0022500842,1610612765,DET,2026-02-25,1.0,8,0,0,W
0022500858,1610612765,DET,2026-02-27,1.0,3,0,1,W
0022500875,1610612765,DET,2026-03-01,1.0,14,0,0,W
0022500884,1610612765,DET,2026-03-03,1.0,-4,0,1,L
0022500904,1610612765,DET,2026-03-05,1.0,-15,1,0,L
0022500916,1610612765,DET,2026-03-07,1.0,-2,0,1,L
0022500923,1610612765,DET,2026-03-08,0.0,-11,0,0,L
0022500937,1610612765,DET,2026-03-10,1.0,38,1,0,W
0022500953,1610612765,DET,2026-03-12,1.0,22,1,0,W
0022500961,1610612765,DET,2026-03-13,0.0,16,1,0,W
0022500978,1610612765,DET,2026-03-15,1.0,-11,0,0,L
0022500993,1610612765,DET,2026-03-17,1.0,13,0,0,W
0022501009,1610612765,DET,2026-03-19,1.0,22,1,0,W
0022501017,1610612765,DET,2026-03-20,0.0,14,0,0,W
0022501038,1610612765,DET,2026-03-23,2.0,3,0,1,W
0022501051,1610612765,DET,2026-03-25,1.0,-1,0,1,L
0022501064,1610612765,DET,2026-03-26,0.0,21,1,0,W
0022501080,1610612765,DET,2026-03-28,1.0,22,1,0,W
0022501097,1610612765,DET,2026-03-30,1.0,-4,0,1,L
0022501101,1610612765,DET,2026-03-31,0.0,11,0,0,W
0022501115,1610612765,DET,2026-04-02,1.0,5,0,1,W
0022501131,1610612765,DET,2026-04-04,1.0,23,1,0,W
0022501144,1610612765,DET,2026-04-06,1.0,-16,1,0,L
0022501160,1610612765,DET,2026-04-08,1.0,26,1,0,W
0022501171,1610612765,DET,2026-04-10,1.0,18,1,0,W
0022501188,1610612765,DET,2026-04-12,1.0,12,0,0,W
0022500080,1610612766,CHA,2025-10-22,3.0,19,1,0,W
0022500102,1610612766,CHA,2025-10-25,2.0,-4,0,1,L
0022500109,1610612766,CHA,2025-10-26,0.0,26,1,0,W
0022500124,1610612766,CHA,2025-10-28,1.0,-27,1,0,L
0022500138,1610612766,CHA,2025-10-30,1.0,-16,1,0,L
0022500143,1610612766,CHA,2025-11-01,1.0,-17,1,0,L
0022500150,1610612766,CHA,2025-11-02,0.0,23,1,0,W
0022500168,1610612766,CHA,2025-11-04,1.0,-4,0,1,L
0022500033,1610612766,CHA,2025-11-07,2.0,-18,1,0,L
0022500198,1610612766,CHA,2025-11-10,2.0,-10,0,0,L
0022500213,1610612766,CHA,2025-11-12,1.0,11,0,0,W
0022500043,1610612766,CHA,2025-11-14,1.0,-13,0,0,L
0022500229,1610612766,CHA,2025-11-15,0.0,-13,0,0,L
0022500245,1610612766,CHA,2025-11-17,1.0,-2,0,1,L
0022500256,1610612766,CHA,2025-11-19,1.0,-9,0,0,L
0022500268,1610612766,CHA,2025-11-22,2.0,-15,1,0,L
0022500276,1610612766,CHA,2025-11-23,0.0,-3,0,1,L
0022500061,1610612766,CHA,2025-11-26,2.0,-28,1,0,L
0022500071,1610612766,CHA,2025-11-28,1.0,7,0,0,W
0022500294,1610612766,CHA,2025-11-29,0.0,7,0,0,W
0022500312,1610612766,CHA,2025-12-01,1.0,-13,0,0,L
0022500328,1610612766,CHA,2025-12-03,1.0,-15,1,0,L
0022500344,1610612766,CHA,2025-12-05,1.0,25,1,0,W
0022500359,1610612766,CHA,2025-12-07,1.0,-9,0,0,L
0022501209,1610612766,CHA,2025-12-12,4.0,-3,0,1,L
0022501218,1610612766,CHA,2025-12-14,1.0,8,0,0,W
0022500371,1610612766,CHA,2025-12-18,3.0,7,0,0,W
0022500390,1610612766,CHA,2025-12-20,1.0,-26,1,0,L
0022500402,1610612766,CHA,2025-12-22,1.0,-7,0,0,L
0022500409,1610612766,CHA,2025-12-23,0.0,17,1,0,W
0022500424,1610612766,CHA,2025-12-26,2.0,15,1,0,W
0022500447,1610612766,CHA,2025-12-29,2.0,-10,0,0,L
0022500462,1610612766,CHA,2025-12-31,1.0,-7,0,0,L
0022500481,1610612766,CHA,2026-01-02,1.0,-1,0,1,L
0022500489,1610612766,CHA,2026-01-03,0.0,13,0,0,W
0022500506,1610612766,CHA,2026-01-05,1.0,27,1,0,W
0022500516,1610612766,CHA,2026-01-07,1.0,-1,0,1,L
0022500528,1610612766,CHA,2026-01-08,0.0,-2,0,1,L
0022500547,1610612766,CHA,2026-01-10,1.0,55,1,0,W
0022500563,1610612766,CHA,2026-01-12,1.0,-8,0,0,L
0022500586,1610612766,CHA,2026-01-15,2.0,18,1,0,W
0022500599,1610612766,CHA,2026-01-17,1.0,-20,1,0,L
0022500605,1610612766,CHA,2026-01-18,0.0,23,1,0,W
0022500620,1610612766,CHA,2026-01-21,2.0,-7,0,0,L
0022500627,1610612766,CHA,2026-01-22,0.0,27,1,0,W
0022500645,1610612766,CHA,2026-01-24,1.0,4,0,1,W
0022500657,1610612766,CHA,2026-01-26,1.0,37,1,0,W
0022500676,1610612766,CHA,2026-01-28,1.0,15,1,0,W
0022500683,1610612766,CHA,2026-01-29,0.0,2,0,1,W
0022500697,1610612766,CHA,2026-01-31,1.0,5,0,1,W
0022500712,1610612766,CHA,2026-02-02,1.0,7,0,0,W
0022500737,1610612766,CHA,2026-02-05,2.0,10,0,0,W
0022500751,1610612766,CHA,2026-02-07,1.0,7,0,0,W
0022500761,1610612766,CHA,2026-02-09,1.0,-6,0,0,L
0022500775,1610612766,CHA,2026-02-11,1.0,3,0,1,W
0022500792,1610612766,CHA,2026-02-19,7.0,-4,0,1,L
0022500802,1610612766,CHA,2026-02-20,0.0,-5,0,1,L
0022500822,1610612766,CHA,2026-02-22,1.0,17,1,0,W
0022500836,1610612766,CHA,2026-02-24,1.0,32,1,0,W
0022500848,1610612766,CHA,2026-02-26,1.0,24,1,0,W
0022500863,1610612766,CHA,2026-02-28,1.0,16,1,0,W
0022500883,1610612766,CHA,2026-03-03,2.0,27,1,0,W
0022500894,1610612766,CHA,2026-03-04,0.0,29,1,0,W
0022500909,1610612766,CHA,2026-03-06,1.0,-8,0,0,L
0022500928,1610612766,CHA,2026-03-08,1.0,-12,0,0,L
0022500944,1610612766,CHA,2026-03-10,1.0,2,0,1,W
0022500951,1610612766,CHA,2026-03-11,0.0,8,0,0,W
0022500973,1610612766,CHA,2026-03-14,2.0,-13,0,0,L
0022500991,1610612766,CHA,2026-03-17,2.0,30,1,0,W
0022501008,1610612766,CHA,2026-03-19,1.0,19,1,0,W
0022501023,1610612766,CHA,2026-03-21,1.0,23,1,0,W
0022501047,1610612766,CHA,2026-03-24,2.0,44,1,0,W
0022501063,1610612766,CHA,2026-03-26,1.0,11,0,0,W
0022501077,1610612766,CHA,2026-03-28,1.0,-4,0,1,L
0022501085,1610612766,CHA,2026-03-29,0.0,-15,1,0,L
0022501100,1610612766,CHA,2026-03-31,1.0,31,1,0,W
0022501114,1610612766,CHA,2026-04-02,1.0,20,1,0,W
0022501120,1610612766,CHA,2026-04-03,0.0,21,1,0,W
0022501137,1610612766,CHA,2026-04-05,1.0,14,0,0,W
0022501149,1610612766,CHA,2026-04-07,1.0,-11,0,0,L
0022501171,1610612766,CHA,2026-04-10,2.0,-18,1,0,L
0022501190,1610612766,CHA,2026-04-12,1.0,14,0,0,W
