PLAYER_ID,PLAYER_NAME,NICKNAME,TEAM_ID,TEAM_ABBREVIATION,AGE,GP,W,L,W_PCT,MIN,FGM,FGA,FG_PCT,FG3M,FG3A,FG3_PCT,FTM,FTA,FT_PCT,OREB,DREB,REB,AST,TOV,STL,BLK,BLKA,PF,PFD,PTS,PLUS_MINUS,NBA_FANTASY_PTS,DD2,TD3,WNBA_FANTASY_PTS,GP_RANK,W_RANK,L_RANK,W_PCT_RANK,MIN_RANK,FGM_RANK,FGA_RANK,FG_PCT_RANK,FG3M_RANK,FG3A_RANK,FG3_PCT_RANK,FTM_RANK,FTA_RANK,FT_PCT_RANK,OREB_RANK,DREB_RANK,REB_RANK,AST_RANK,TOV_RANK,STL_RANK,BLK_RANK,BLKA_RANK,PF_RANK,PFD_RANK,PTS_RANK,PLUS_MINUS_RANK,NBA_FANTASY_PTS_RANK,DD2_RANK,TD3_RANK,WNBA_FANTASY_PTS_RANK,TEAM_COUNT,PLAYER_NAME_adv,NICKNAME_adv,TEAM_ID_adv,TEAM_ABBREVIATION_adv,AGE_adv,GP_adv,W_adv,L_adv,W_PCT_adv,MIN_adv,E_OFF_RATING,OFF_RATING,sp_work_OFF_RATING,E_DEF_RATING,DEF_RATING,sp_work_DEF_RATING,E_NET_RATING,NET_RATING,sp_work_NET_RATING,AST_PCT,AST_TO,AST_RATIO,OREB_PCT,DREB_PCT,REB_PCT,TM_TOV_PCT,E_TOV_PCT,EFG_PCT,TS_PCT,USG_PCT,E_USG_PCT,E_PACE,PACE,PACE_PER40,sp_work_PACE,PIE,POSS,FGM_adv,FGA_adv,FGM_PG,FGA_PG,FG_PCT_adv,GP_RANK_adv,W_RANK_adv,L_RANK_adv,W_PCT_RANK_adv,MIN_RANK_adv,E_OFF_RATING_RANK,OFF_RATING_RANK,sp_work_OFF_RATING_RANK,E_DEF_RATING_RANK,DEF_RATING_RANK,sp_work_DEF_RATING_RANK,E_NET_RATING_RANK,NET_RATING_RANK,sp_work_NET_RATING_RANK,AST_PCT_RANK,AST_TO_RANK,AST_RATIO_RANK,OREB_PCT_RANK,DREB_PCT_RANK,REB_PCT_RANK,TM_TOV_PCT_RANK,E_TOV_PCT_RANK,EFG_PCT_RANK,TS_PCT_RANK,USG_PCT_RANK,E_USG_PCT_RANK,E_PACE_RANK,PACE_RANK,sp_work_PACE_RANK,PIE_RANK,FGM_RANK_adv,FGA_RANK_adv,FGM_PG_RANK,FGA_PG_RANK,FG_PCT_RANK_adv,TEAM_COUNT_adv,VOLUME_SCORE
1630639,A.J. Lawson,A.J.,1610612761,TOR,25.0,7,3,4,0.429,7.2,0.6,2.3,0.25,0.3,1.1,0.25,0.3,0.3,1.0,0.0,0.4,0.4,0.6,0.3,0.0,0.3,0.3,1.1,0.6,1.7,1.0,3.7,0,0,3.6,89,88,62,95,163,184,158,198,149,143,136,162,176,1,191,191,200,144,168,182,98,106,143,148,181,60,189,49,5,189,1,A.J. Lawson,A.J.,1610612761,TOR,25.0,7,3,4,0.429,7.2,113.4,116.5,116.5,109.6,110.8,110.8,3.8,5.7,5.7,0.108,2.0,17.4,0.0,0.068,0.033,8.7,8.7,0.313,0.355,0.157,0.162,99.08,97.2,81.0,97.2,-0.011,103,4,16,0.6,2.3,0.25,89,88,77,95,163,46,27,27,128,132,132,61,59,59,126,62,100,191,182,204,104,104,199,200,133,137,90,140,140,214,164,148,184,158,198,1,15.7
203932,Aaron Gordon,Aaron,1610612743,DEN,30.0,3,1,2,0.333,29.8,4.0,10.0,0.4,1.0,4.7,0.214,2.3,3.3,0.7,1.3,4.0,5.3,2.3,0.3,0.0,0.3,0.3,3.0,3.3,11.3,0.0,21.9,0,0,20.7,196,163,183,138,68,66,58,143,82,50,152,51,43,120,46,46,51,63,161,182,88,94,32,43,68,89,80,49,5,86,1,Aaron Gordon,Aaron,1610612743,DEN,30.0,3,1,2,0.333,29.8,108.0,110.5,110.5,109.6,110.5,110.5,-1.5,0.0,0.0,0.109,7.0,16.3,0.04,0.125,0.082,2.3,2.4,0.45,0.494,0.175,0.172,103.71,102.09,85.07,102.09,0.064,190,12,30,4.0,10.0,0.4,196,163,26,138,68,94,80,80,127,130,130,96,92,92,123,2,114,103,91,105,32,32,159,160,102,121,9,44,44,159,125,124,66,58,143,1,41.3
1628988,Aaron Holiday,Aaron,1610612745,HOU,29.0,6,2,4,0.333,11.1,1.0,3.7,0.273,0.7,2.5,0.267,0.0,0.0,0.0,0.0,0.3,0.3,0.5,0.5,0.3,0.2,0.2,1.0,0.3,2.7,0.2,4.8,0,0,5.2,119,128,62,138,139,150,126,197,110,100,129,184,187,184,191,195,205,151,139,133,127,127,147,173,159,86,173,49,5,164,1,Aaron Holiday,Aaron,1610612745,HOU,29.0,6,2,4,0.333,11.1,96.3,100.8,100.8,98.1,97.8,97.8,-1.8,3.0,3.0,0.077,1.0,10.7,0.0,0.029,0.014,10.7,10.7,0.364,0.364,0.155,0.164,97.31,95.33,79.44,95.33,-0.008,131,6,22,1.0,3.7,0.273,119,128,77,138,139,190,164,164,36,41,41,98,72,72,152,135,154,191,208,215,132,133,189,199,137,132,137,185,185,212,151,137,150,126,197,1,18.3
1630598,Aaron Wiggins,Aaron,1610612760,OKC,27.0,13,10,3,0.769,5.8,0.7,1.9,0.36,0.1,0.7,0.111,0.0,0.0,0.0,0.1,0.3,0.4,0.4,0.3,0.1,0.1,0.2,0.3,0.1,1.5,0.0,2.7,0,0,2.6,44,29,155,22,173,170,172,167,167,169,165,184,187,184,190,201,203,170,167,180,148,116,195,199,191,89,200,49,5,199,1,Aaron Wiggins,Aaron,1610612760,OKC,27.0,13,10,3,0.769,5.8,108.3,103.8,103.8,109.2,107.9,107.9,-0.8,-4.1,-4.1,0.104,1.25,14.7,0.013,0.056,0.034,11.8,11.8,0.38,0.38,0.163,0.177,95.51,98.14,81.79,98.14,0.02,157,9,25,0.7,1.9,0.36,44,29,49,22,173,88,141,141,119,107,107,88,130,130,130,121,122,178,195,202,154,155,183,195,121,111,183,115,115,201,138,131,170,172,167,1,16.7
1641737,Adem Bona,Adem,1610612755,PHI,23.0,10,3,7,0.3,9.6,0.8,1.6,0.5,0.0,0.0,0.0,1.0,1.6,0.625,1.1,1.0,2.1,0.1,1.1,0.1,0.7,0.3,2.3,1.3,2.6,0.3,6.6,0,0,6.4,63,88,19,173,147,163,179,51,170,198,170,92,84,137,67,145,126,199,73,176,47,103,78,101,162,82,151,49,5,153,1,Adem Bona,Adem,1610612755,PHI,23.0,10,3,7,0.3,9.6,104.8,108.4,108.4,105.7,106.8,106.8,-0.9,1.6,1.6,0.015,0.09,2.8,0.107,0.096,0.101,30.6,31.4,0.5,0.564,0.158,0.156,97.58,95.4,79.5,95.4,-0.003,190,8,16,0.8,1.6,0.5,63,88,197,173,147,126,95,95,89,99,99,90,84,84,199,182,198,25,142,72,216,218,111,91,132,151,127,184,184,210,143,148,163,179,51,1,18.5
1642876,Adou Thiero,Adou,1610612747,LAL,22.0,6,1,5,0.167,5.6,0.5,1.0,0.5,0.0,0.3,0.0,0.5,1.0,0.5,0.8,1.2,2.0,0.2,0.7,0.0,0.0,0.0,0.8,0.7,1.5,-0.7,3.5,0,0,3.7,119,163,51,193,178,188,194,51,170,182,170,130,115,152,94,143,127,192,111,182,154,158,161,137,187,119,190,49,5,188,1,Adou Thiero,Adou,1610612747,LAL,22.0,6,1,5,0.167,5.6,111.4,111.4,111.4,135.2,126.2,126.2,-23.8,-14.7,-14.7,0.045,0.25,7.7,0.147,0.2,0.174,30.8,29.3,0.5,0.521,0.141,0.154,93.48,96.6,80.5,96.6,0.033,70,3,6,0.5,1.0,0.5,119,163,170,193,178,63,70,70,224,221,221,217,186,186,184,179,179,12,31,15,217,216,111,137,161,155,204,154,154,194,176,186,188,194,51,1,11.7
1642349,Ajay Mitchell,Ajay,1610612760,OKC,23.0,11,10,1,0.909,28.8,5.7,12.5,0.46,1.2,3.6,0.325,2.5,2.7,0.9,1.2,2.5,3.7,4.3,1.4,1.5,0.1,0.5,1.8,3.2,15.1,13.7,29.5,1,0,27.5,54,29,206,6,74,41,40,90,73,73,101,47,57,34,60,86,82,29,62,19,145,68,110,45,43,2,44,32,5,49,1,Ajay Mitchell,Ajay,1610612760,OKC,23.0,11,10,1,0.909,28.8,125.3,125.7,125.7,102.6,103.0,103.0,22.7,22.7,22.7,0.194,3.13,22.2,0.046,0.094,0.071,7.1,7.1,0.507,0.553,0.223,0.231,97.39,97.07,80.9,97.07,0.122,643,63,137,5.7,12.5,0.46,54,29,6,6,74,7,4,4,67,69,69,15,20,20,60,21,58,92,147,131,71,71,104,107,54,52,132,144,144,55,28,30,41,40,90,1,52.7
1627936,Alex Caruso,Alex,1610612760,OKC,32.0,15,11,4,0.733,23.5,3.7,7.7,0.478,2.2,4.9,0.446,1.5,1.8,0.815,0.4,2.6,3.0,2.1,0.9,1.4,0.5,0.1,2.1,1.5,11.0,8.1,22.4,0,0,22.0,29,21,62,26,88,79,82,75,26,49,32,75,80,71,144,84,102,77,90,24,68,142,90,94,72,10,77,49,5,77,1,Alex Caruso,Alex,1610612760,OKC,32.0,15,11,4,0.733,23.5,121.1,120.1,120.1,103.5,103.7,103.7,17.6,16.4,16.4,0.128,2.21,17.9,0.017,0.111,0.064,8.1,8.1,0.622,0.65,0.17,0.176,98.53,98.84,82.37,98.84,0.111,727,55,115,3.7,7.7,0.478,29,21,77,26,88,11,16,16,69,78,78,23,27,27,104,56,93,160,118,148,94,95,44,42,111,114,108,97,97,72,41,41,79,82,75,1,36.0
1630578,Alperen Sengun,Alperen,1610612745,HOU,23.0,6,2,4,0.333,38.7,7.7,16.5,0.465,0.2,1.3,0.125,4.8,7.0,0.69,3.5,6.7,10.2,4.7,3.0,1.8,1.3,1.5,3.5,7.2,20.3,-0.5,46.0,3,0,41.7,119,128,62,138,11,18,18,83,162,133,164,15,11,122,2,8,5,25,19,13,11,7,14,3,22,111,7,9,5,9,1,Alperen Sengun,Alperen,1610612745,HOU,23.0,6,2,4,0.333,38.7,99.5,103.5,103.5,105.3,104.9,104.9,-5.8,-1.4,-1.4,0.226,1.56,17.3,0.08,0.203,0.132,11.1,11.0,0.47,0.519,0.247,0.253,95.57,93.85,78.2,93.85,0.145,455,46,99,7.7,16.5,0.465,119,128,77,138,11,179,146,146,85,86,86,138,104,104,45,101,101,39,30,38,137,137,148,139,36,42,180,210,210,33,47,48,18,18,83,1,70.4
1641708,Amen Thompson,Amen,1610612745,HOU,23.0,6,2,4,0.333,44.1,7.0,14.3,0.488,0.3,1.3,0.25,4.8,6.8,0.707,2.5,4.5,7.0,5.7,2.5,2.0,1.2,2.5,3.2,5.3,19.2,1.2,43.1,1,0,38.5,119,128,62,138,1,22,30,68,143,133,136,15,14,116,14,36,25,14,27,7,14,2,26,16,26,58,10,32,5,16,1,Amen Thompson,Amen,1610612745,HOU,23.0,6,2,4,0.333,44.1,102.6,105.5,105.5,103.7,103.1,103.1,-1.1,2.4,2.4,0.231,2.27,22.2,0.052,0.114,0.08,9.8,9.8,0.5,0.553,0.197,0.201,94.09,93.02,77.52,93.02,0.125,510,42,86,7.0,14.3,0.488,119,128,77,138,1,147,124,124,72,70,70,91,78,78,43,53,53,78,112,111,120,120,111,106,74,87,200,216,216,53,54,62,22,30,68,1,61.9
203083,Andre Drummond,Andre,1610612755,PHI,32.0,11,4,7,0.364,12.9,1.5,2.1,0.696,0.4,0.7,0.5,0.6,0.9,0.7,1.1,3.2,4.3,0.6,0.8,0.4,0.2,0.2,2.5,1.1,3.9,-3.4,10.8,0,0,10.3,54,69,19,132,128,136,162,12,142,167,16,128,125,120,68,73,66,141,97,131,125,125,69,112,138,176,124,49,5,125,1,Andre Drummond,Andre,1610612755,PHI,32.0,11,4,7,0.364,12.9,111.7,112.4,112.4,126.2,126.3,126.3,-14.5,-14.0,-14.0,0.071,0.78,15.9,0.088,0.276,0.179,20.5,20.7,0.783,0.785,0.112,0.116,95.82,95.5,79.59,95.5,0.089,283,16,23,1.5,2.1,0.696,54,69,197,132,128,60,61,61,214,223,223,183,182,182,157,156,116,36,9,13,208,208,13,15,202,201,173,180,180,103,111,135,136,162,12,1,13.2
1641710,Anthony Black,Anthony,1610612753,ORL,22.0,7,3,4,0.429,27.9,2.9,7.7,0.37,1.0,3.1,0.318,1.9,3.0,0.619,0.3,2.9,3.1,1.4,0.7,2.1,0.7,1.0,2.7,1.9,8.6,-8.7,22.3,0,0,19.9,89,88,62,95,77,95,81,162,82,85,102,61,51,141,165,79,99,95,106,5,45,21,50,77,90,211,78,49,5,88,1,Anthony Black,Anthony,1610612753,ORL,22.0,7,3,4,0.429,27.9,91.7,95.4,95.4,109.8,112.7,112.7,-18.1,-17.3,-17.3,0.097,2.0,12.8,0.008,0.106,0.051,6.4,6.4,0.435,0.474,0.144,0.15,98.67,95.48,79.57,95.48,0.068,392,20,54,2.9,7.7,0.37,89,88,77,95,77,207,189,189,130,159,159,200,193,193,133,62,135,187,129,180,59,59,162,167,158,160,103,181,181,147,101,96,95,81,162,1,33.5
1630162,Anthony Edwards,Anthony,1610612750,MIN,24.0,10,5,5,0.5,32.4,7.7,18.0,0.428,2.0,6.3,0.317,4.2,5.1,0.824,0.5,5.2,5.7,2.7,2.5,0.5,0.7,1.0,2.9,3.6,21.6,-8.0,33.6,2,0,34.4,63,65,51,53,51,17,14,121,30,24,103,22,27,67,121,24,45,52,27,98,47,21,41,35,20,210,31,20,5,29,1,Anthony Edwards,Anthony,1610612750,MIN,24.0,10,5,5,0.5,32.4,101.7,102.9,102.9,113.9,114.3,114.3,-12.2,-11.4,-11.4,0.145,1.08,10.6,0.013,0.151,0.079,9.8,9.8,0.483,0.533,0.287,0.294,103.24,102.47,85.39,102.47,0.109,692,77,180,7.7,18.0,0.428,63,65,170,53,51,158,151,151,170,174,174,175,172,172,89,133,156,176,67,115,121,122,139,126,19,20,13,38,38,77,22,15,17,14,121,1,74.2
1630574,Ariel Hukporti,Ariel,1610612752,NYK,24.0,8,8,0,1.0,8.8,0.6,1.4,0.455,0.0,0.1,0.0,0.9,1.9,0.467,1.6,2.3,3.9,0.3,0.6,0.3,0.6,0.1,2.1,1.3,2.1,0.9,9.2,0,0,8.0,84,32,226,1,155,180,186,97,170,192,170,105,76,173,32,98,79,181,121,147,55,143,89,103,168,62,133,49,5,136,1,Ariel Hukporti,Ariel,1610612752,NYK,24.0,8,8,0,1.0,8.8,118.0,115.6,115.6,111.7,111.0,111.0,6.3,4.5,4.5,0.036,0.4,8.0,0.181,0.265,0.221,20.0,20.3,0.455,0.483,0.124,0.129,103.66,105.07,87.56,105.07,0.042,154,5,11,0.6,1.4,0.455,84,32,1,1,155,20,32,32,158,137,137,51,64,64,189,176,177,5,10,2,205,206,158,163,190,187,10,17,17,189,158,167,180,186,97,1,12.9
1641709,Ausar Thompson,Ausar,1610612765,DET,23.0,14,7,7,0.5,30.5,3.5,6.9,0.505,0.1,0.5,0.143,1.1,2.2,0.516,3.2,4.6,7.9,3.1,1.6,2.0,1.8,0.6,2.9,1.9,8.2,0.3,32.1,0,0,26.9,38,45,19,53,65,83,89,48,168,173,163,87,66,151,6,34,16,42,47,7,2,66,39,75,92,84,38,49,5,52,1,Ausar Thompson,Ausar,1610612765,DET,23.0,14,7,7,0.5,30.5,107.3,108.0,108.0,103.7,105.5,105.5,3.6,2.5,2.5,0.16,1.91,24.7,0.104,0.147,0.126,12.9,12.9,0.51,0.52,0.136,0.138,96.27,95.17,79.31,95.17,0.109,839,49,97,3.5,6.9,0.505,38,45,197,53,65,101,101,101,73,91,91,62,75,75,76,81,41,27,68,43,167,167,101,138,168,172,162,188,188,76,44,52,83,89,48,1,33.0
1630559,Austin Reaves,Austin,1610612747,LAL,28.0,6,1,5,0.167,36.8,6.2,15.2,0.407,1.5,5.8,0.257,6.2,7.2,0.86,0.5,3.5,4.0,5.8,4.5,0.0,1.2,1.3,3.5,5.8,20.0,-10.2,32.6,0,0,33.7,119,163,51,193,20,34,27,139,56,32,134,10,9,49,121,60,70,13,4,182,14,14,14,12,23,218,35,49,5,31,1,Austin Reaves,Austin,1610612747,LAL,28.0,6,1,5,0.167,36.8,105.8,107.6,107.6,120.3,121.3,121.3,-14.5,-13.7,-13.7,0.255,1.3,20.8,0.014,0.108,0.059,16.1,15.7,0.456,0.546,0.265,0.279,95.91,94.73,78.94,94.73,0.083,435,37,91,6.2,15.2,0.407,119,163,170,193,20,120,107,107,202,204,204,182,178,178,28,120,64,171,125,156,191,189,156,117,28,24,171,196,196,117,63,58,34,27,139,1,70.6
1630245,Ayo Dosunmu,Ayo,1610612750,MIN,26.0,10,4,6,0.4,29.2,5.7,11.4,0.5,1.7,4.0,0.425,2.5,2.7,0.926,0.7,2.9,3.6,4.1,1.5,0.9,0.4,0.7,2.8,1.6,15.6,-7.0,28.5,0,0,27.6,63,69,35,122,72,43,50,51,48,62,38,44,59,29,104,77,84,31,52,63,79,51,44,89,42,202,51,49,5,48,1,Ayo Dosunmu,Ayo,1610612750,MIN,26.0,10,4,6,0.4,29.2,106.2,107.8,107.8,118.2,118.7,118.7,-12.0,-11.0,-11.0,0.222,2.73,22.5,0.022,0.1,0.059,8.2,8.2,0.575,0.62,0.197,0.204,102.59,101.63,84.69,101.63,0.116,617,57,114,5.7,11.4,0.5,63,69,181,122,72,113,105,105,190,193,193,174,170,170,48,29,51,151,135,156,96,97,67,54,75,78,17,52,52,64,35,42,43,50,51,1,47.3
1631248,Baylor Scheierman,Baylor,1610612738,BOS,25.0,7,3,4,0.429,14.2,1.6,3.7,0.423,1.1,3.0,0.381,0.0,0.0,0.0,1.0,1.9,2.9,0.6,0.3,0.9,0.1,0.0,1.1,0.4,4.3,-0.4,11.3,0,0,10.9,89,88,62,95,121,130,125,125,77,87,58,184,187,184,71,107,106,144,168,66,132,158,143,167,132,107,121,49,5,121,1,Baylor Scheierman,Baylor,1610612738,BOS,25.0,7,3,4,0.429,14.2,115.0,110.6,110.6,109.0,109.9,109.9,6.0,0.7,0.7,0.062,2.0,12.5,0.061,0.138,0.096,6.3,6.3,0.577,0.577,0.119,0.125,95.75,97.19,80.99,97.19,0.086,199,11,26,1.6,3.7,0.423,89,88,77,95,121,32,79,79,114,123,123,55,86,86,173,62,138,59,81,81,55,57,65,79,193,191,178,141,141,113,128,130,130,125,125,1,14.7
1630538,Bones Hyland,Bones,1610612750,MIN,25.0,10,5,5,0.5,11.6,1.5,5.0,0.3,0.9,3.4,0.265,0.7,0.8,0.875,0.3,1.0,1.3,1.5,0.8,0.4,0.1,0.5,1.1,1.3,4.6,-1.7,9.1,0,0,9.3,63,65,51,53,136,133,106,188,96,79,130,119,132,40,162,145,159,92,98,124,143,71,146,101,125,151,134,49,5,127,1,Bones Hyland,Bones,1610612750,MIN,25.0,10,5,5,0.5,11.6,101.9,104.8,104.8,114.3,111.1,111.1,-12.5,-6.3,-6.3,0.185,1.88,19.7,0.023,0.088,0.053,10.5,10.5,0.39,0.43,0.204,0.212,104.16,104.15,86.79,104.15,0.049,251,15,50,1.5,5.0,0.3,63,65,170,53,136,152,133,133,172,139,139,176,148,148,65,83,77,146,163,177,131,130,179,181,66,70,7,21,21,175,114,97,133,106,188,1,29.5
1627742,Brandon Ingram,Brandon,1610612761,TOR,28.0,5,2,3,0.4,29.6,3.8,11.6,0.328,1.0,2.6,0.385,3.4,4.6,0.739,0.4,2.8,3.2,2.2,2.0,0.6,0.8,0.6,2.0,4.2,12.0,-4.0,21.3,0,0,21.2,155,128,155,122,69,74,47,182,82,97,56,32,30,106,144,81,94,72,36,90,35,61,93,25,62,182,85,49,5,80,1,Brandon Ingram,Brandon,1610612761,TOR,28.0,5,2,3,0.4,29.6,107.1,109.0,109.0,112.3,115.5,115.5,-5.2,-6.5,-6.5,0.108,1.1,12.2,0.014,0.095,0.055,11.1,11.2,0.371,0.44,0.224,0.224,102.8,100.48,83.73,100.48,0.047,310,19,58,3.8,11.6,0.328,155,128,49,122,69,104,88,88,162,182,182,133,151,151,127,132,141,172,144,165,137,142,187,178,52,58,16,68,68,179,105,89,74,47,182,1,52.8
1642355,Bronny James,Bronny,1610612747,LAL,21.0,8,4,4,0.5,5.3,0.6,1.3,0.5,0.3,0.8,0.333,0.0,0.0,0.0,0.4,0.0,0.4,0.9,0.5,0.1,0.0,0.0,0.6,0.0,1.5,0.0,3.1,0,0,3.3,84,69,62,53,182,180,189,51,153,164,88,184,187,184,151,210,204,126,139,173,154,158,174,200,187,89,195,49,5,192,1,Bronny James,Bronny,1610612747,LAL,21.0,8,4,4,0.5,5.3,113.6,112.7,112.7,118.4,114.1,114.1,-4.8,-1.4,-1.4,0.269,1.75,33.3,0.07,0.0,0.037,19.0,19.0,0.6,0.6,0.146,0.152,86.83,88.8,74.0,88.8,0.05,79,5,10,0.6,1.3,0.5,84,69,77,53,182,44,58,58,191,173,173,127,105,105,24,88,11,48,210,200,204,203,49,64,156,158,220,228,228,174,158,170,180,189,51,1,11.9
1628971,Bruce Brown,Bruce,1610612743,DEN,29.0,6,2,4,0.333,19.4,2.5,5.7,0.441,0.5,1.8,0.273,0.8,1.5,0.556,0.5,2.2,2.7,1.7,1.5,1.7,0.0,0.2,2.7,1.0,6.3,-4.3,15.5,0,0,14.5,119,128,62,138,103,101,102,110,124,122,125,109,90,149,121,100,111,86,52,18,154,127,53,114,108,186,99,49,5,103,1,Bruce Brown,Bruce,1610612743,DEN,29.0,6,2,4,0.333,19.4,107.4,107.5,107.5,114.7,115.4,115.4,-7.4,-7.9,-7.9,0.135,1.11,17.5,0.025,0.118,0.069,15.8,15.8,0.485,0.501,0.169,0.176,100.78,100.4,83.67,100.4,0.059,240,15,34,2.5,5.7,0.441,119,128,77,138,103,100,108,108,173,181,181,147,158,158,98,131,99,143,103,137,188,190,136,153,112,113,41,70,70,162,114,116,101,102,110,1,28.5
203468,CJ McCollum,CJ,1610612737,ATL,34.0,6,2,4,0.333,32.1,7.7,16.5,0.465,1.7,5.5,0.303,2.2,4.0,0.542,1.2,1.8,3.0,2.0,3.5,1.0,1.2,0.8,2.3,3.7,19.2,-10.2,28.8,0,0,30.2,119,128,62,138,54,18,18,83,51,37,113,55,38,150,61,110,102,78,11,50,14,39,75,31,26,218,49,49,5,38,1,CJ McCollum,CJ,1610612737,ATL,34.0,6,2,4,0.333,32.1,102.7,104.6,104.6,119.3,119.7,119.7,-16.6,-15.2,-15.2,0.115,0.57,8.5,0.034,0.059,0.046,14.8,14.7,0.515,0.525,0.289,0.299,99.57,98.45,82.04,98.45,0.069,394,46,99,7.7,16.5,0.465,119,128,77,138,54,145,136,136,198,196,196,195,188,188,114,166,171,119,192,187,181,183,96,132,18,16,73,107,107,145,47,48,18,18,83,1,69.5
1630595,Cade Cunningham,Cade,1610612765,DET,24.0,14,7,7,0.5,40.8,9.1,21.0,0.432,2.9,7.3,0.402,7.1,8.2,0.861,0.9,4.2,5.1,7.5,5.6,1.1,0.6,1.2,3.1,5.6,28.1,2.4,44.9,5,1,47.0,38,45,19,53,4,5,5,117,9,12,45,4,6,48,88,42,55,4,2,45,60,17,30,13,1,41,8,4,3,4,1,Cade Cunningham,Cade,1610612765,DET,24.0,14,7,7,0.5,40.8,108.5,110.6,110.6,105.5,107.1,107.1,3.0,3.5,3.5,0.332,1.33,20.0,0.022,0.099,0.061,15.0,14.9,0.502,0.572,0.315,0.322,97.23,95.61,79.68,95.61,0.139,1136,127,294,9.1,21.0,0.432,38,45,197,53,4,85,78,78,88,101,101,65,70,70,13,118,76,149,139,153,185,184,110,84,9,10,142,177,177,37,6,4,5,5,117,1,91.3
1629661,Cameron Johnson,Cameron,1610612743,DEN,30.0,6,2,4,0.333,31.1,5.2,10.3,0.5,1.8,5.8,0.314,2.0,2.8,0.706,0.5,2.7,3.2,2.3,1.0,1.0,0.3,0.0,3.0,2.2,14.2,-1.7,24.5,0,0,24.2,119,128,62,138,61,51,55,51,39,32,105,57,56,117,121,83,98,63,75,50,88,158,32,62,49,150,72,49,5,67,1,Cameron Johnson,Cameron,1610612743,DEN,30.0,6,2,4,0.333,31.1,108.2,108.6,108.6,112.9,112.5,112.5,-4.8,-3.9,-3.9,0.121,2.33,15.6,0.017,0.081,0.05,6.7,6.7,0.589,0.612,0.175,0.18,101.36,101.35,84.46,101.35,0.083,396,31,62,5.2,10.3,0.5,119,128,77,138,61,90,93,93,165,156,156,126,128,128,109,45,118,162,172,181,64,65,55,56,100,109,32,55,55,118,74,86,51,55,51,1,42.3
1627747,Caris LeVert,Caris,1610612765,DET,31.0,13,6,7,0.462,16.6,2.2,5.0,0.446,0.8,2.1,0.37,0.7,0.8,0.9,0.5,1.8,2.2,1.2,0.6,0.6,0.5,0.2,1.5,0.8,5.9,1.2,13.1,0,0,12.3,44,57,19,86,112,106,106,106,104,114,66,121,137,34,140,113,122,103,122,89,70,135,128,131,112,59,112,49,5,111,1,Caris LeVert,Caris,1610612765,DET,31.0,13,6,7,0.462,16.6,110.4,113.3,113.3,108.4,109.4,109.4,2.0,4.0,4.0,0.105,2.0,17.2,0.027,0.1,0.064,8.6,8.6,0.523,0.555,0.15,0.153,98.77,97.01,80.84,97.01,0.084,435,29,65,2.2,5.0,0.446,44,57,197,86,112,67,52,52,107,115,115,72,67,67,129,62,104,140,134,149,101,101,90,103,150,157,100,145,145,115,79,79,106,106,106,1,24.6
1642868,Carter Bryant,Carter,1610612759,SAS,20.0,20,13,7,0.65,8.8,1.0,2.1,0.488,0.6,1.4,0.393,0.1,0.3,0.333,0.5,1.3,1.8,0.8,0.7,0.1,0.3,0.1,2.0,0.2,2.7,0.9,6.4,0,0,6.5,7,7,19,39,156,150,163,69,121,132,54,181,175,178,141,135,140,134,118,176,95,157,106,186,161,63,153,49,5,151,1,Carter Bryant,Carter,1610612759,SAS,20.0,20,13,7,0.65,8.8,117.7,114.8,114.8,104.6,103.9,103.9,13.1,10.9,10.9,0.115,1.15,20.8,0.057,0.121,0.094,18.1,18.1,0.622,0.607,0.139,0.143,100.78,102.34,85.29,102.34,0.039,364,20,41,1.0,2.1,0.488,7,7,197,39,156,22,39,39,80,80,80,31,39,39,116,128,64,68,100,83,201,201,43,61,166,168,42,41,41,192,101,106,150,163,69,1,17.1
1641717,Cason Wallace,Cason,1610612760,OKC,22.0,15,11,4,0.733,25.0,3.1,6.4,0.479,2.0,4.1,0.484,0.5,0.5,0.875,1.3,2.5,3.8,2.4,0.7,2.1,0.5,0.3,2.0,0.5,8.6,3.4,23.8,0,0,22.0,29,21,62,26,84,90,95,74,30,61,24,137,151,40,46,92,80,62,103,6,68,94,93,152,89,30,74,49,5,77,1,Cason Wallace,Cason,1610612760,OKC,22.0,15,11,4,0.733,25.0,113.7,113.9,113.9,105.1,106.3,106.3,8.6,7.6,7.6,0.14,3.27,24.5,0.052,0.092,0.072,7.5,7.5,0.635,0.648,0.124,0.129,99.69,99.06,82.55,99.06,0.107,769,46,96,3.1,6.4,0.479,29,21,77,26,84,43,48,48,83,96,96,42,50,50,96,20,43,80,149,128,83,83,36,43,189,188,69,93,93,80,47,53,90,95,74,1,26.3
1631096,Chet Holmgren,Chet,1610612760,OKC,24.0,15,11,4,0.733,30.6,5.5,9.7,0.568,1.0,2.8,0.357,2.9,3.5,0.827,2.0,6.2,8.2,1.1,1.3,1.1,1.5,0.7,2.3,3.7,14.9,4.5,32.7,4,0,30.3,29,21,62,26,63,48,62,36,82,93,75,42,42,64,23,12,14,108,63,46,8,46,81,30,45,23,34,6,5,36,1,Chet Holmgren,Chet,1610612760,OKC,24.0,15,11,4,0.733,30.6,116.9,118.8,118.8,109.9,111.5,111.5,7.1,7.3,7.3,0.051,0.85,8.3,0.068,0.195,0.134,9.7,9.7,0.62,0.663,0.175,0.179,98.84,97.34,81.12,97.34,0.135,931,83,146,5.5,9.7,0.568,29,21,77,26,63,25,19,19,131,146,146,47,52,52,180,152,174,50,36,37,119,119,45,35,104,110,98,136,136,41,19,24,48,62,36,1,44.8
1631128,Christian Braun,Christian,1610612743,DEN,25.0,6,2,4,0.333,31.1,2.5,6.0,0.417,1.0,2.3,0.429,2.3,3.2,0.737,0.3,3.2,3.5,1.7,0.7,1.0,0.8,0.7,2.2,2.0,8.3,-2.5,19.9,0,0,18.2,119,128,62,138,59,101,97,129,82,104,36,51,47,108,153,74,85,86,111,50,30,52,86,66,91,165,93,49,5,93,1,Christian Braun,Christian,1610612743,DEN,25.0,6,2,4,0.333,31.1,104.4,105.8,105.8,108.9,109.6,109.6,-4.5,-3.8,-3.8,0.077,2.5,16.9,0.01,0.094,0.053,6.8,6.9,0.5,0.564,0.112,0.114,102.44,101.46,84.55,101.46,0.059,395,15,36,2.5,6.0,0.417,119,128,77,138,59,130,121,121,113,116,116,124,126,126,152,36,107,184,145,174,68,68,111,92,201,203,18,54,54,161,114,112,101,97,129,1,27.7
203991,Clint Capela,Clint,1610612745,HOU,32.0,4,0,4,0.0,5.4,0.8,2.0,0.375,0.0,0.0,0.0,0.0,0.0,0.0,1.3,0.5,1.8,0.3,0.3,0.0,0.3,0.3,0.3,0.0,1.5,-5.0,4.5,0,0,4.0,172,196,62,196,180,165,164,159,170,198,170,184,187,184,55,185,140,181,175,182,104,112,198,200,187,191,179,49,5,187,1,Clint Capela,Clint,1610612745,HOU,32.0,4,0,4,0.0,5.4,110.4,104.7,104.7,143.6,135.4,135.4,-33.1,-30.8,-30.8,0.071,1.0,10.0,0.179,0.118,0.156,10.0,10.0,0.375,0.375,0.161,0.171,94.77,100.24,83.53,100.24,0.048,43,3,8,0.8,2.0,0.375,172,196,77,196,180,66,135,135,228,227,227,223,219,219,157,135,158,6,104,24,124,124,184,196,127,122,193,74,74,178,176,176,165,164,159,1,13.9
1631221,Collin Gillespie,Collin,1610612756,PHX,26.0,4,0,4,0.0,28.4,4.0,9.0,0.444,2.5,6.3,0.4,0.0,0.3,0.0,1.5,3.5,5.0,3.8,1.0,1.3,0.3,0.0,3.0,2.0,10.5,-20.5,25.6,0,0,24.8,172,196,62,196,76,66,71,107,15,26,46,184,180,184,39,60,58,37,75,33,104,158,32,66,77,230,64,49,5,61,1,Collin Gillespie,Collin,1610612756,PHX,26.0,4,0,4,0.0,28.4,100.9,102.6,102.6,134.7,135.7,135.7,-33.8,-33.2,-33.2,0.205,3.75,27.3,0.052,0.137,0.092,7.3,7.2,0.583,0.576,0.153,0.156,101.0,99.79,83.16,99.79,0.088,235,16,36,4.0,9.0,0.444,172,196,77,196,76,164,155,155,223,228,228,224,222,222,53,13,25,79,82,85,78,78,61,81,143,148,37,82,82,106,111,112,66,71,107,1,32.2
1642867,Collin Murray-Boyles,Collin,1610612761,TOR,20.0,7,3,4,0.429,27.3,6.0,9.1,0.656,0.0,0.4,0.0,2.4,3.1,0.773,3.0,3.4,6.4,2.4,1.9,1.3,1.1,0.9,2.3,2.0,14.4,-1.9,31.2,1,0,28.1,89,88,62,95,79,37,69,19,170,180,170,49,50,90,9,63,32,59,42,29,18,36,79,66,47,154,41,32,5,45,1,Collin Murray-Boyles,Collin,1610612761,TOR,20.0,7,3,4,0.429,27.3,108.1,111.5,111.5,111.1,113.4,113.4,-3.0,-2.0,-2.0,0.15,1.31,16.7,0.111,0.126,0.118,12.7,12.5,0.656,0.685,0.192,0.2,97.43,94.96,79.14,94.96,0.158,375,42,64,6.0,9.1,0.656,89,88,77,95,79,91,69,69,147,165,165,109,109,109,85,119,108,23,90,50,166,165,32,29,84,88,131,191,191,21,54,84,37,69,19,1,42.2
1630557,Corey Kispert,Corey,1610612737,ATL,27.0,5,2,3,0.4,10.8,0.8,4.4,0.182,0.2,2.4,0.083,0.4,0.6,0.667,0.6,1.0,1.6,1.2,0.6,0.4,0.0,0.4,1.6,0.2,2.2,2.6,6.5,0,0,6.0,155,128,155,122,141,163,115,207,161,102,169,146,146,125,109,145,145,104,123,124,154,88,122,186,167,36,152,49,5,155,1,Corey Kispert,Corey,1610612737,ATL,27.0,5,2,3,0.4,10.8,109.5,114.2,114.2,101.0,100.9,100.9,8.5,13.2,13.2,0.158,2.0,18.8,0.048,0.089,0.067,9.4,9.3,0.205,0.236,0.202,0.206,96.35,94.37,78.64,94.37,-0.025,106,4,22,0.8,4.4,0.182,155,128,49,122,141,72,44,44,48,58,58,43,33,33,77,62,84,88,156,143,116,115,208,215,68,75,160,200,200,220,164,137,163,115,207,1,26.4
1631207,Dalen Terry,Dalen,1610612755,PHI,23.0,7,2,5,0.286,5.6,0.6,1.9,0.308,0.3,0.7,0.4,0.4,1.0,0.429,0.0,0.6,0.6,1.0,0.3,0.7,0.0,0.0,0.4,0.9,1.9,-1.0,5.9,0,0,5.1,89,128,51,174,176,184,174,184,149,168,46,141,115,175,191,184,197,114,168,78,154,158,186,126,178,129,157,49,5,165,1,Dalen Terry,Dalen,1610612755,PHI,23.0,7,2,5,0.286,5.6,86.0,84.9,84.9,96.9,94.1,94.1,-10.8,-9.2,-9.2,0.318,3.5,28.0,0.0,0.103,0.049,8.0,8.0,0.385,0.404,0.191,0.201,101.8,103.94,86.62,103.94,0.094,86,4,13,0.6,1.9,0.308,89,128,170,174,176,213,211,211,34,31,31,169,165,165,14,17,23,191,132,184,92,92,180,189,85,83,21,24,24,97,164,160,184,174,184,1,20.4
1642450,Daniss Jenkins,Daniss,1610612765,DET,24.0,14,7,7,0.5,22.7,3.1,8.7,0.361,1.1,4.2,0.271,1.7,2.2,0.774,0.9,1.7,2.6,3.0,0.7,0.4,0.4,0.9,1.6,1.8,9.1,-1.6,18.5,0,0,17.5,38,45,19,53,92,87,73,166,77,60,128,65,66,89,88,118,113,45,106,120,87,32,121,82,86,149,94,49,5,95,1,Daniss Jenkins,Daniss,1610612765,DET,24.0,14,7,7,0.5,22.7,101.7,103.7,103.7,106.1,106.5,106.5,-4.4,-2.8,-2.8,0.227,4.2,22.2,0.039,0.074,0.056,5.3,5.3,0.426,0.472,0.199,0.203,95.8,94.67,78.89,94.67,0.089,624,44,122,3.1,8.7,0.361,38,45,197,53,92,159,143,143,94,97,97,121,120,120,44,7,53,108,176,164,46,46,168,170,72,79,175,197,197,104,52,36,87,73,166,1,41.6
1628368,De'Aaron Fox,De'Aaron,1610612759,SAS,28.0,19,12,7,0.632,33.2,6.1,14.3,0.428,1.3,4.5,0.294,2.4,3.2,0.75,0.5,3.4,3.9,5.9,2.0,1.2,0.4,1.1,2.6,2.8,15.9,6.2,32.4,1,0,30.3,10,17,19,40,44,36,32,120,67,57,116,50,49,95,120,67,77,11,36,36,78,20,58,50,41,15,36,32,5,37,1,De'Aaron Fox,De'Aaron,1610612759,SAS,28.0,19,12,7,0.632,33.2,113.1,112.3,112.3,102.3,103.5,103.5,10.8,8.8,8.8,0.278,2.97,25.2,0.015,0.09,0.054,8.5,8.5,0.474,0.508,0.223,0.23,100.91,100.7,83.91,100.7,0.106,1322,116,271,6.1,14.3,0.428,10,17,197,40,44,49,63,63,62,73,73,37,48,48,22,26,37,166,155,171,100,100,145,146,53,55,39,63,63,83,7,7,36,32,120,1,59.9
1629731,Dean Wade,Dean,1610612739,CLE,29.0,18,8,10,0.444,22.6,1.7,3.6,0.462,1.0,2.7,0.375,0.1,0.2,0.333,1.3,2.6,3.9,0.8,0.6,0.7,0.1,0.1,1.2,0.3,4.4,1.6,12.0,0,0,11.6,11,32,1,87,93,126,129,86,82,96,60,183,184,178,46,85,78,131,133,77,152,148,142,180,130,51,115,49,5,116,1,Dean Wade,Dean,1610612739,CLE,29.0,18,8,10,0.444,22.6,113.2,114.3,114.3,106.9,109.3,109.3,6.3,5.0,5.0,0.048,1.4,15.6,0.062,0.114,0.089,11.1,11.1,0.6,0.596,0.08,0.083,97.25,95.71,79.76,95.71,0.064,807,30,65,1.7,3.6,0.462,11,32,225,87,93,47,43,43,99,114,114,52,61,61,183,114,118,57,111,91,137,139,49,68,222,222,139,173,173,154,77,79,126,129,86,1,15.5
1629028,Deandre Ayton,Deandre,1610612747,LAL,27.0,10,4,6,0.4,28.5,4.6,8.4,0.548,0.0,0.0,0.0,0.8,1.3,0.615,3.7,5.9,9.6,0.9,1.3,0.2,0.8,1.0,2.8,2.1,10.0,-3.4,24.6,4,0,22.5,63,69,35,122,75,58,76,40,170,198,170,113,104,142,1,17,6,125,67,158,35,21,44,63,80,177,71,6,5,75,1,Deandre Ayton,Deandre,1610612747,LAL,27.0,10,4,6,0.4,28.5,107.6,107.5,107.5,111.2,113.9,113.9,-3.6,-6.4,-6.4,0.053,0.69,8.1,0.146,0.206,0.178,11.7,11.6,0.548,0.557,0.164,0.169,93.24,92.2,76.83,92.2,0.102,547,46,84,4.6,8.4,0.548,63,69,181,122,75,97,109,109,149,171,171,115,149,149,179,160,176,13,29,14,153,150,77,102,119,124,208,221,221,90,47,65,58,76,40,1,36.0
203471,Dennis Schröder,Dennis,1610612739,CLE,32.0,17,8,9,0.471,15.9,1.9,4.9,0.381,0.6,1.9,0.333,1.1,1.4,0.792,0.2,1.2,1.5,2.4,1.4,0.4,0.2,0.4,1.4,1.5,5.5,-1.4,11.1,0,0,11.1,17,32,7,83,116,119,109,155,113,120,88,89,98,81,176,139,155,61,58,132,126,92,136,95,114,141,122,49,5,120,1,Dennis Schröder,Dennis,1610612739,CLE,32.0,17,8,9,0.471,15.9,104.1,103.7,103.7,106.5,109.7,109.7,-2.3,-6.0,-6.0,0.247,1.71,25.6,0.014,0.072,0.044,15.0,15.0,0.446,0.497,0.188,0.196,96.82,95.59,79.66,95.59,0.067,544,32,84,1.9,4.9,0.381,17,32,222,83,116,134,144,144,96,119,119,103,145,145,35,92,35,169,179,189,184,185,161,157,89,91,145,178,178,149,72,65,119,109,155,1,31.6
1628401,Derrick White,Derrick,1610612738,BOS,31.0,7,3,4,0.429,35.8,3.7,11.6,0.321,2.1,7.9,0.273,1.6,1.9,0.846,1.4,1.9,3.3,3.1,1.6,0.9,1.4,0.0,1.7,2.6,11.1,-3.4,25.1,0,0,24.3,89,88,62,95,26,77,48,183,27,8,125,68,77,54,43,107,93,42,49,66,9,158,114,55,69,178,70,49,5,65,1,Derrick White,Derrick,1610612738,BOS,31.0,7,3,4,0.429,35.8,105.4,107.9,107.9,110.4,113.6,113.6,-5.0,-5.8,-5.8,0.131,2.0,18.3,0.036,0.05,0.043,9.2,9.2,0.414,0.45,0.171,0.173,96.8,94.3,78.59,94.3,0.053,495,26,81,3.7,11.6,0.321,89,88,77,95,26,124,103,103,140,167,167,128,142,142,102,62,89,113,199,190,113,112,171,177,109,118,149,202,202,169,88,69,77,48,183,1,44.4
1630217,Desmond Bane,Desmond,1610612753,ORL,27.0,7,3,4,0.429,36.2,6.1,15.7,0.391,3.6,8.3,0.431,2.3,2.9,0.8,1.4,3.3,4.7,1.9,1.6,1.9,0.3,2.0,4.0,1.9,18.1,-2.6,31.4,0,0,32.6,89,88,62,95,25,35,22,150,1,6,35,53,55,74,43,69,63,81,49,11,98,4,4,77,30,168,40,49,5,33,1,Desmond Bane,Desmond,1610612753,ORL,27.0,7,3,4,0.429,36.2,100.6,102.1,102.1,106.0,107.1,107.1,-5.4,-5.0,-5.0,0.096,1.18,9.1,0.035,0.09,0.061,7.7,7.7,0.505,0.535,0.215,0.221,98.16,96.92,80.77,96.92,0.085,515,43,110,6.1,15.7,0.391,89,88,77,95,25,168,159,159,93,100,100,134,138,138,134,124,163,117,154,154,85,86,109,124,57,62,116,148,148,114,53,44,35,22,150,1,58.2
1626164,Devin Booker,Devin,1610612756,PHX,29.0,4,0,4,0.0,38.3,7.3,15.8,0.46,1.3,5.0,0.25,5.5,7.0,0.786,2.5,1.8,4.3,4.8,4.0,0.3,0.3,2.3,3.8,6.0,21.3,-16.8,31.0,0,0,32.5,172,196,62,196,15,21,21,89,69,44,136,13,11,86,14,114,67,24,5,147,104,3,11,10,21,229,42,49,5,34,1,Devin Booker,Devin,1610612756,PHX,29.0,4,0,4,0.0,38.3,108.1,110.3,110.3,128.8,131.1,131.1,-20.7,-20.8,-20.8,0.198,1.19,17.3,0.063,0.045,0.054,14.5,14.5,0.5,0.564,0.251,0.255,99.39,97.5,81.25,97.5,0.073,310,29,63,7.3,15.8,0.46,172,196,77,196,15,93,82,82,219,225,225,210,203,203,59,123,103,56,202,172,180,179,111,90,34,40,77,134,134,140,79,85,21,21,89,1,69.2
1630170,Devin Vassell,Devin,1610612759,SAS,25.0,21,13,8,0.619,34.3,4.5,10.8,0.416,2.3,6.4,0.363,1.5,1.8,0.816,0.9,4.4,5.2,2.7,1.0,1.2,0.8,0.1,2.0,1.2,12.8,7.6,28.0,1,0,27.0,1,7,10,41,36,61,53,130,23,23,69,74,79,69,92,39,54,53,75,34,39,151,92,105,57,11,54,32,5,51,1,Devin Vassell,Devin,1610612759,SAS,25.0,21,13,8,0.619,34.3,112.1,112.6,112.6,100.6,102.9,102.9,11.4,9.8,9.8,0.112,2.67,17.7,0.024,0.108,0.069,6.6,6.6,0.524,0.552,0.15,0.155,101.68,100.33,83.6,100.33,0.095,1513,94,226,4.5,10.8,0.416,1,7,213,41,36,56,59,59,46,66,66,36,43,43,119,32,98,144,124,138,63,62,89,110,149,152,24,72,72,96,15,9,61,53,130,1,43.5
1628415,Dillon Brooks,Dillon,1610612756,PHX,30.0,4,0,4,0.0,37.3,9.8,21.3,0.459,3.5,8.0,0.438,3.0,3.0,1.0,1.3,4.8,6.0,1.8,1.5,0.3,0.3,0.5,4.5,3.8,26.0,-7.5,35.8,0,0,38.3,172,196,62,196,18,2,2,94,2,7,34,40,51,1,55,30,38,84,52,147,104,71,1,29,5,207,27,49,5,19,1,Dillon Brooks,Dillon,1610612756,PHX,30.0,4,0,4,0.0,37.3,112.8,116.7,116.7,123.6,125.4,125.4,-10.8,-8.7,-8.7,0.079,1.17,6.9,0.031,0.125,0.077,5.9,5.8,0.541,0.576,0.268,0.274,99.31,96.96,80.8,96.96,0.101,300,39,85,9.8,21.3,0.459,172,196,77,196,18,52,26,26,212,220,220,168,163,163,149,127,189,126,91,119,51,51,82,82,25,29,81,146,146,91,58,63,2,2,94,1,73.5
1631230,Dominick Barlow,Dominick,1610612755,PHI,23.0,9,3,6,0.333,10.6,1.1,1.9,0.588,0.0,0.1,0.0,0.7,0.8,0.857,0.7,1.0,1.7,0.1,0.2,0.2,0.4,0.2,1.0,0.6,2.9,-5.7,6.8,0,0,6.0,74,88,35,138,143,148,173,28,170,194,170,122,134,50,105,145,143,197,182,155,75,118,147,151,149,197,149,49,5,155,1,Dominick Barlow,Dominick,1610612755,PHI,23.0,9,3,6,0.333,10.6,92.6,89.0,89.0,113.9,116.3,116.3,-21.3,-27.3,-27.3,0.02,0.5,4.3,0.065,0.087,0.077,8.7,8.7,0.588,0.647,0.106,0.112,94.88,95.7,79.75,95.7,0.076,191,10,17,1.1,1.9,0.588,74,88,181,138,143,204,204,204,169,185,185,212,216,216,196,169,196,54,167,123,104,103,56,44,209,207,189,174,174,133,136,146,148,173,28,1,10.5
1642270,Donovan Clingan,Donovan,1610612757,POR,22.0,5,1,4,0.2,21.4,2.8,9.2,0.304,1.0,5.0,0.2,0.4,0.8,0.5,2.8,5.0,7.8,2.2,0.6,0.2,0.6,1.2,2.8,1.2,7.0,-9.4,21.5,0,0,19.6,155,163,62,179,101,98,68,187,82,44,155,146,132,152,12,25,17,72,123,158,56,18,44,106,102,215,84,49,5,90,1,Donovan Clingan,Donovan,1610612757,POR,22.0,5,1,4,0.2,21.4,95.2,97.7,97.7,117.9,117.0,117.0,-22.8,-19.2,-19.2,0.175,3.67,17.7,0.105,0.263,0.171,4.8,4.9,0.359,0.366,0.196,0.2,100.62,99.7,83.09,99.7,0.073,220,14,46,2.8,9.2,0.304,155,163,77,179,101,197,181,181,189,189,189,214,199,199,70,14,97,26,11,17,42,42,190,197,77,90,46,85,85,139,118,100,98,68,187,1,36.9
1628378,Donovan Mitchell,Donovan,1610612739,CLE,29.0,18,8,10,0.444,36.2,9.5,21.1,0.451,2.8,8.7,0.327,4.2,5.1,0.815,0.8,4.0,4.8,3.1,2.6,1.2,0.3,1.2,3.1,4.4,26.0,-2.9,38.1,1,0,39.6,11,32,1,87,23,3,4,100,10,2,98,23,26,70,94,46,61,44,26,38,103,16,31,23,5,173,19,32,5,14,1,Donovan Mitchell,Donovan,1610612739,CLE,29.0,18,8,10,0.444,36.2,106.8,107.4,107.4,110.2,111.4,111.4,-3.4,-4.0,-4.0,0.168,1.17,10.5,0.023,0.111,0.066,9.0,9.0,0.518,0.558,0.306,0.315,98.51,97.74,81.45,97.74,0.126,1329,171,379,9.5,21.1,0.451,11,32,225,87,23,108,110,110,137,144,144,113,129,129,71,126,157,146,119,145,110,110,92,101,13,14,109,124,124,50,1,1,3,4,100,1,85.1
1628978,Donte DiVincenzo,Donte,1610612750,MIN,29.0,4,3,1,0.75,24.0,4.0,8.0,0.5,2.8,5.8,0.478,0.0,0.5,0.0,0.0,3.8,3.8,4.0,1.0,1.8,0.0,0.3,2.5,1.0,10.8,11.3,25.5,0,0,24.8,172,88,206,24,87,66,77,51,11,35,25,184,153,184,191,56,81,32,75,16,154,112,67,114,75,4,65,49,5,61,1,Donte DiVincenzo,Donte,1610612750,MIN,29.0,4,3,1,0.75,24.0,116.5,117.1,117.1,93.5,94.4,94.4,23.0,22.8,22.8,0.205,4.0,30.2,0.0,0.133,0.07,7.5,7.6,0.672,0.654,0.16,0.162,106.3,105.54,87.95,105.54,0.126,210,16,32,4.0,8.0,0.5,172,88,6,24,87,26,25,25,23,35,35,13,19,19,54,9,18,191,84,134,84,84,26,41,128,136,4,12,12,49,111,120,66,77,51,1,30.3
1627827,Dorian Finney-Smith,Dorian,1610612745,HOU,33.0,4,2,2,0.5,12.3,0.5,3.5,0.143,0.5,2.8,0.182,0.5,0.5,1.0,0.3,1.8,2.0,0.3,0.5,0.3,0.3,0.5,1.5,0.3,2.0,-6.5,5.8,0,0,5.8,172,128,183,53,131,188,131,208,124,94,158,130,153,1,168,114,127,181,139,147,104,71,130,181,169,201,158,49,5,158,1,Dorian Finney-Smith,Dorian,1610612745,HOU,33.0,4,2,2,0.5,12.3,87.5,86.6,86.6,107.9,113.4,113.4,-20.4,-26.8,-26.8,0.042,0.5,5.6,0.019,0.143,0.079,11.1,11.2,0.214,0.269,0.15,0.161,96.2,94.3,78.58,94.3,-0.012,97,2,14,0.5,3.5,0.143,172,128,26,53,131,209,207,207,106,164,164,209,215,215,187,169,192,155,73,114,137,141,207,209,147,139,163,203,203,215,186,154,188,131,208,1,17.9
1629130,Duncan Robinson,Duncan,1610612765,DET,32.0,13,7,6,0.538,29.5,3.9,8.8,0.447,3.2,6.9,0.456,0.8,1.4,0.611,0.3,2.1,2.4,2.3,1.0,1.3,0.2,0.2,2.9,2.5,11.8,0.2,21.8,0,0,22.8,44,45,35,52,70,70,72,104,7,16,30,108,99,143,161,101,117,68,75,27,117,116,40,57,63,87,81,49,5,73,1,Duncan Robinson,Duncan,1610612765,DET,32.0,13,7,6,0.538,29.5,108.4,108.8,108.8,108.5,109.8,109.8,-0.2,-1.0,-1.0,0.12,2.31,18.3,0.011,0.068,0.04,7.9,7.9,0.627,0.632,0.151,0.155,97.25,96.52,80.43,96.52,0.079,775,51,114,3.9,8.8,0.447,44,45,181,52,70,87,92,92,109,120,120,86,100,100,110,51,90,182,182,194,91,89,41,49,146,154,138,158,158,126,43,42,70,72,104,1,36.1
1642844,Dylan Harper,Dylan,1610612759,SAS,20.0,21,13,8,0.619,26.3,4.9,9.6,0.505,0.9,2.8,0.305,2.7,3.2,0.851,1.3,4.4,5.7,2.6,1.5,1.0,0.2,0.7,2.1,2.1,13.3,6.7,26.2,3,0,24.9,1,7,10,41,82,54,64,49,98,92,111,43,46,53,51,39,46,56,51,49,124,48,87,64,55,12,62,9,5,59,1,Dylan Harper,Dylan,1610612759,SAS,20.0,21,13,8,0.619,26.3,113.5,114.1,114.1,100.7,101.6,101.6,12.8,12.6,12.6,0.154,1.72,17.2,0.048,0.143,0.098,10.0,10.0,0.55,0.603,0.198,0.203,101.24,100.53,83.77,100.53,0.134,1154,102,202,4.9,9.6,0.505,1,7,213,41,82,45,46,46,47,61,61,33,36,36,83,91,105,88,72,78,124,125,76,63,73,80,33,66,66,42,9,13,54,64,49,1,47.5
1630700,Dyson Daniels,Dyson,1610612737,ATL,23.0,6,2,4,0.333,27.6,3.0,6.8,0.439,0.7,2.3,0.286,0.7,1.0,0.667,1.5,4.7,6.2,5.0,1.8,1.8,0.3,0.3,2.0,1.7,7.3,-12.7,26.9,0,0,23.5,119,128,62,138,78,91,91,113,110,104,121,122,115,125,39,32,35,22,43,13,88,94,93,86,99,225,60,49,5,70,1,Dyson Daniels,Dyson,1610612737,ATL,23.0,6,2,4,0.333,27.6,99.8,101.5,101.5,119.5,121.9,121.9,-19.7,-20.4,-20.4,0.283,2.73,35.3,0.053,0.182,0.114,12.9,13.0,0.488,0.504,0.144,0.148,100.27,98.47,82.06,98.47,0.107,337,18,41,3.0,6.8,0.439,119,128,77,138,78,177,163,163,200,207,207,205,200,200,21,30,10,76,43,53,168,168,132,150,159,161,55,106,106,81,110,106,91,91,113,1,29.0
1630596,Evan Mobley,Evan,1610612739,CLE,24.0,18,8,10,0.444,35.5,6.3,11.8,0.535,1.3,3.9,0.338,3.0,4.8,0.621,2.1,6.0,8.1,3.9,2.3,0.9,1.8,0.8,2.4,3.4,17.0,-4.1,38.4,3,0,35.7,11,32,1,87,30,30,44,42,64,68,87,40,29,140,22,16,15,36,32,62,3,45,73,42,34,184,18,9,5,25,1,Evan Mobley,Evan,1610612739,CLE,24.0,18,8,10,0.444,35.5,105.4,105.5,105.5,109.9,111.6,111.6,-4.4,-6.0,-6.0,0.186,1.71,19.1,0.057,0.168,0.113,11.2,11.3,0.592,0.609,0.197,0.201,99.61,98.8,82.34,98.8,0.136,1319,114,213,6.3,11.8,0.535,11,32,225,87,30,123,123,123,133,148,148,122,144,144,63,93,79,67,52,55,142,145,54,59,76,84,72,99,99,40,8,11,30,44,42,1,55.5
1630532,Franz Wagner,Franz,1610612753,ORL,24.0,4,3,1,0.75,30.4,6.3,14.3,0.439,0.8,2.3,0.333,3.5,3.8,0.933,1.0,4.5,5.5,3.5,1.5,2.8,0.3,1.5,2.0,3.5,16.8,5.8,36.1,0,0,32.5,172,88,206,24,66,32,33,114,105,108,88,31,40,26,71,36,48,38,52,1,104,7,93,39,36,16,23,49,5,34,1,Franz Wagner,Franz,1610612753,ORL,24.0,4,3,1,0.75,30.4,105.5,104.8,104.8,96.0,98.0,98.0,9.6,6.8,6.8,0.206,2.33,16.7,0.028,0.146,0.082,7.1,7.2,0.465,0.527,0.233,0.243,98.84,98.18,81.82,98.18,0.158,252,25,57,6.3,14.3,0.439,172,88,6,24,66,121,134,134,31,42,42,40,55,55,52,45,108,137,70,103,72,75,153,130,45,47,99,113,113,22,92,92,32,33,114,1,56.9
1629216,Gabe Vincent,Gabe,1610612737,ATL,29.0,6,2,4,0.333,15.5,1.3,3.7,0.364,1.0,3.0,0.333,0.7,0.8,0.8,0.5,0.0,0.5,1.2,0.5,0.3,0.2,0.0,1.7,1.2,4.3,-9.8,7.7,0,0,8.0,119,128,62,138,117,140,126,164,82,87,88,122,130,74,121,210,198,107,139,133,127,158,117,107,131,217,141,49,5,136,1,Gabe Vincent,Gabe,1610612737,ATL,29.0,6,2,4,0.333,15.5,95.1,93.7,93.7,123.1,127.4,127.4,-27.9,-33.7,-33.7,0.123,2.33,20.6,0.028,0.0,0.015,8.8,8.8,0.5,0.537,0.123,0.131,97.92,96.95,80.79,96.95,0.027,190,8,22,1.3,3.7,0.364,119,128,77,138,117,198,195,195,210,224,224,221,224,224,106,45,67,135,210,214,107,105,111,123,191,185,122,147,147,197,143,137,140,126,164,1,16.6
1629048,Goga Bitadze,Goga,1610612753,ORL,26.0,6,3,3,0.5,13.9,1.0,2.5,0.4,0.0,0.0,0.0,0.8,1.2,0.714,2.2,1.8,4.0,0.3,0.7,0.3,1.7,0.5,2.3,1.3,2.8,-4.2,13.5,0,0,11.2,119,88,155,53,123,150,151,143,170,198,170,109,109,114,20,110,70,171,111,133,7,71,75,99,153,185,111,49,5,118,1,Goga Bitadze,Goga,1610612753,ORL,26.0,6,3,3,0.5,13.9,81.2,80.1,80.1,92.4,94.2,94.2,-11.2,-14.1,-14.1,0.05,0.5,8.3,0.121,0.113,0.118,16.7,16.6,0.4,0.47,0.106,0.113,99.15,98.88,82.4,98.88,0.068,171,6,15,1.0,2.5,0.4,119,88,49,53,123,220,214,214,18,34,34,172,183,183,181,169,172,18,116,51,192,192,175,172,209,205,87,96,96,146,151,151,150,151,143,1,12.4
203084,Harrison Barnes,Harrison,1610612759,SAS,34.0,20,12,8,0.6,9.1,0.7,2.0,0.333,0.3,1.3,0.231,0.7,0.9,0.824,0.8,0.5,1.3,0.3,0.3,0.1,0.1,0.0,0.4,0.8,2.3,1.9,4.4,0,0,4.5,7,17,10,47,152,179,171,175,147,137,150,119,129,67,98,185,159,181,175,176,153,158,188,132,165,44,182,49,5,177,1,Harrison Barnes,Harrison,1610612759,SAS,34.0,20,12,8,0.6,9.1,113.9,115.2,115.2,103.6,102.9,102.9,10.2,12.3,12.3,0.036,1.0,8.8,0.088,0.05,0.068,8.8,8.9,0.41,0.495,0.119,0.121,97.98,97.77,81.48,97.77,0.044,369,13,39,0.7,2.0,0.333,7,17,213,47,152,42,36,36,71,68,68,38,37,37,188,135,167,37,198,139,106,106,172,159,192,199,120,123,123,182,122,108,179,171,175,1,15.1
1628392,Isaiah Hartenstein,Isaiah,1610612760,OKC,28.0,15,11,4,0.733,23.4,3.8,6.0,0.633,0.0,0.1,0.0,1.5,2.0,0.767,3.3,5.0,8.3,2.6,1.7,0.8,0.7,0.6,3.2,2.1,9.1,3.5,25.7,3,0,23.0,29,21,62,26,90,74,97,25,170,196,170,70,69,93,4,25,13,57,46,74,49,61,25,65,87,29,63,9,5,72,1,Isaiah Hartenstein,Isaiah,1610612760,OKC,28.0,15,11,4,0.733,23.4,116.4,117.8,117.8,110.3,110.5,110.5,6.2,7.3,7.3,0.152,1.5,23.1,0.147,0.218,0.183,15.4,15.5,0.633,0.664,0.154,0.158,98.53,97.88,81.57,97.88,0.127,715,57,90,3.8,6.0,0.633,29,21,77,26,90,27,22,22,139,129,129,54,53,53,84,103,48,11,24,11,186,187,38,34,138,142,107,121,121,48,35,59,74,97,25,1,31.5
1630198,Isaiah Joe,Isaiah,1610612760,OKC,26.0,13,10,3,0.769,11.0,1.8,4.2,0.418,1.2,3.5,0.348,0.1,0.1,1.0,0.4,1.0,1.4,1.1,0.4,0.5,0.1,0.1,1.3,0.4,4.8,-1.2,9.6,0,0,9.8,44,29,155,22,140,123,118,128,70,76,82,182,186,1,150,145,156,112,159,96,148,154,138,172,122,136,128,49,5,126,1,Isaiah Joe,Isaiah,1610612760,OKC,26.0,13,10,3,0.769,11.0,104.3,102.6,102.6,106.6,108.9,108.9,-2.3,-6.3,-6.3,0.157,2.8,18.9,0.03,0.088,0.058,6.8,6.7,0.564,0.568,0.166,0.177,102.09,101.79,84.83,101.79,0.086,305,23,55,1.8,4.2,0.418,44,29,49,22,140,131,154,154,98,112,112,101,147,147,78,28,81,129,161,161,66,67,71,87,116,112,20,50,50,111,97,95,123,118,128,1,22.6
1630191,Isaiah Stewart,Isaiah,1610612765,DET,25.0,14,7,7,0.5,11.8,1.4,2.4,0.588,0.3,0.6,0.5,0.9,1.2,0.706,0.9,1.5,2.4,0.2,0.6,0.1,1.0,0.3,2.6,1.4,4.0,0.4,9.8,0,0,9.1,38,45,19,53,135,137,154,28,149,171,16,106,105,117,88,125,116,191,120,181,22,106,60,98,136,77,127,49,5,129,1,Isaiah Stewart,Isaiah,1610612765,DET,25.0,14,7,7,0.5,11.8,99.0,98.8,98.8,93.6,94.8,94.8,5.4,4.0,4.0,0.03,0.33,5.7,0.071,0.107,0.089,17.0,16.8,0.647,0.675,0.128,0.134,100.39,99.81,83.18,99.81,0.064,340,20,34,1.4,2.4,0.588,38,45,197,53,135,182,179,179,24,37,37,56,66,66,192,177,191,47,127,89,197,196,33,32,180,180,50,81,81,157,101,116,137,154,28,1,16.8
1642266,Ja'Kobe Walter,Ja'Kobe,1610612761,TOR,21.0,7,3,4,0.429,32.1,3.6,9.6,0.373,2.4,7.4,0.327,1.6,1.7,0.917,0.3,2.9,3.1,1.4,0.6,2.0,0.3,0.3,2.9,1.4,11.1,-7.0,23.3,0,0,22.7,89,88,62,95,55,80,65,161,16,11,98,68,82,30,165,79,99,95,129,7,98,106,42,97,69,202,75,49,5,74,1,Ja'Kobe Walter,Ja'Kobe,1610612761,TOR,21.0,7,3,4,0.429,32.1,99.4,102.4,102.4,110.2,111.1,111.1,-10.8,-8.7,-8.7,0.069,2.5,11.8,0.008,0.087,0.046,4.7,4.6,0.5,0.54,0.14,0.144,101.53,99.68,83.07,99.68,0.07,462,25,67,3.6,9.6,0.373,89,88,77,95,55,180,156,156,138,138,138,167,162,162,164,36,144,188,166,188,40,40,111,121,163,167,29,86,86,144,92,78,80,65,161,1,35.5
1631095,Jabari Smith Jr.,Jabari,1610612745,HOU,23.0,6,2,4,0.333,41.9,5.5,14.2,0.388,3.2,8.5,0.373,3.3,4.3,0.769,2.0,6.5,8.5,1.8,1.0,1.0,0.7,0.7,2.8,2.3,17.5,-1.5,34.5,1,0,34.3,119,128,62,138,2,49,34,152,5,4,63,35,34,92,23,10,11,82,75,50,49,52,43,59,32,144,30,32,5,30,1,Jabari Smith Jr.,Jabari,1610612745,HOU,23.0,6,2,4,0.333,41.9,101.7,104.1,104.1,105.7,105.4,105.4,-4.0,-1.2,-1.2,0.075,1.83,9.6,0.043,0.169,0.1,5.3,5.3,0.5,0.544,0.18,0.183,93.25,92.26,76.88,92.26,0.105,482,33,85,5.5,14.2,0.388,119,128,77,138,2,160,138,138,90,89,89,119,102,102,156,85,161,95,51,75,45,45,111,118,96,102,207,220,220,84,68,63,49,34,152,1,54.9
1630183,Jaden McDaniels,Jaden,1610612750,MIN,25.0,12,6,6,0.5,33.8,6.5,14.7,0.443,0.8,3.5,0.238,2.5,2.9,0.857,2.3,3.4,5.8,2.4,1.4,0.5,0.7,0.7,4.4,3.1,16.3,-4.9,28.9,2,0,27.7,48,57,35,53,38,28,28,109,99,77,148,44,54,50,18,65,43,60,57,98,49,52,2,46,39,190,46,20,5,47,1,Jaden McDaniels,Jaden,1610612750,MIN,25.0,12,6,6,0.5,33.8,101.9,103.7,103.7,109.9,110.1,110.1,-8.1,-6.4,-6.4,0.115,1.71,12.3,0.059,0.1,0.078,7.2,7.2,0.472,0.512,0.208,0.214,101.62,100.66,83.89,100.66,0.079,849,78,176,6.5,14.7,0.443,48,57,181,53,38,153,145,145,134,124,124,151,150,150,115,94,139,63,138,117,75,74,147,144,63,68,26,64,64,129,21,17,28,28,109,1,56.2
1630256,Jae'Sean Tate,Jae'Sean,1610612745,HOU,30.0,5,1,4,0.2,6.1,0.6,2.0,0.3,0.0,0.8,0.0,0.8,1.2,0.667,1.2,0.8,2.0,0.0,0.0,0.2,0.0,0.0,1.6,0.6,2.0,-2.8,5.0,0,0,4.4,155,163,62,179,172,182,164,188,170,162,170,113,106,125,58,168,127,200,200,158,154,158,122,144,169,171,170,49,5,178,1,Jae'Sean Tate,Jae'Sean,1610612745,HOU,30.0,5,1,4,0.2,6.1,86.8,84.4,84.4,102.2,101.5,101.5,-15.4,-17.1,-17.1,0.0,0.0,0.0,0.158,0.118,0.139,0.0,0.0,0.3,0.396,0.163,0.173,101.51,103.25,86.04,103.25,0.015,64,3,10,0.6,2.0,0.3,155,163,77,179,172,210,212,212,61,60,60,186,192,192,200,183,200,10,104,35,1,1,200,190,123,120,30,29,29,203,176,170,182,164,188,1,16.5
1631222,Jake LaRavia,Jake,1610612747,LAL,24.0,8,4,4,0.5,14.2,1.1,3.4,0.333,0.3,0.9,0.286,0.8,0.8,1.0,1.1,1.0,2.1,0.8,1.4,0.5,0.8,0.6,2.0,0.5,3.3,-1.3,9.3,0,0,8.9,84,69,62,53,120,147,135,175,153,160,121,117,138,1,66,145,125,134,61,98,41,59,93,153,144,137,131,49,5,131,1,Jake LaRavia,Jake,1610612747,LAL,24.0,8,4,4,0.5,14.2,96.9,95.7,95.7,95.0,100.0,100.0,1.9,-4.3,-4.3,0.085,0.55,12.8,0.09,0.058,0.072,23.4,23.6,0.37,0.439,0.156,0.161,99.79,97.82,81.52,97.82,0.02,232,9,27,1.1,3.4,0.333,84,69,77,53,120,187,188,188,27,46,46,73,133,133,142,168,136,32,193,129,211,211,188,179,136,138,65,122,122,200,138,129,147,135,175,1,20.9
1627751,Jakob Poeltl,Jakob,1610612761,TOR,30.0,7,3,4,0.429,19.2,2.9,4.4,0.645,0.0,0.0,0.0,1.3,2.0,0.643,1.7,4.3,6.0,1.4,0.9,0.9,0.9,0.4,2.7,1.6,7.0,0.7,20.6,0,0,17.9,89,88,62,95,104,95,114,20,170,198,170,78,69,134,30,41,38,95,94,66,27,83,50,92,102,70,88,49,5,94,1,Jakob Poeltl,Jakob,1610612761,TOR,30.0,7,3,4,0.429,19.2,107.3,109.1,109.1,107.2,107.3,107.3,0.1,1.7,1.7,0.112,1.67,18.9,0.084,0.213,0.148,11.3,11.3,0.645,0.659,0.132,0.134,103.4,102.52,85.43,102.52,0.127,287,20,31,2.9,4.4,0.645,89,88,77,95,104,102,87,87,101,103,103,84,82,82,117,95,82,38,27,27,145,144,34,37,174,181,12,37,37,47,101,122,95,114,20,1,22.3
1628973,Jalen Brunson,Jalen,1610612752,NYK,29.0,17,14,3,0.824,36.2,9.8,21.2,0.46,2.2,6.5,0.345,5.2,6.1,0.846,0.6,2.5,3.1,6.2,2.6,1.1,0.0,1.1,2.2,5.4,26.9,12.5,40.4,1,0,40.5,17,1,155,9,24,1,3,91,25,21,84,14,18,54,114,91,101,10,25,47,154,19,84,15,3,3,13,32,5,12,1,Jalen Brunson,Jalen,1610612752,NYK,29.0,17,14,3,0.824,36.2,120.3,122.5,122.5,104.9,106.2,106.2,15.5,16.3,16.3,0.271,2.33,18.9,0.017,0.067,0.043,8.1,8.1,0.512,0.563,0.313,0.321,98.89,97.41,81.18,97.41,0.137,1254,166,361,9.8,21.2,0.46,17,1,49,9,24,13,11,11,82,95,95,28,28,28,23,45,83,161,185,191,93,94,99,96,11,12,95,135,135,38,2,2,1,3,91,1,87.4
1631105,Jalen Duren,Jalen,1610612765,DET,22.0,14,7,7,0.5,30.2,4.0,7.8,0.514,0.0,0.0,0.0,2.2,3.3,0.674,3.3,5.2,8.5,2.1,2.3,0.6,1.2,1.4,3.4,2.6,10.2,-0.4,26.9,3,0,24.6,38,45,19,53,67,66,80,46,170,198,170,54,44,124,5,23,11,74,31,86,12,13,18,53,79,107,59,9,5,63,1,Jalen Duren,Jalen,1610612765,DET,22.0,14,7,7,0.5,30.2,110.6,112.1,112.1,111.4,112.4,112.4,-0.9,-0.3,-0.3,0.109,0.94,15.7,0.111,0.176,0.144,16.8,16.7,0.514,0.553,0.164,0.167,96.44,95.4,79.5,95.4,0.087,838,56,109,4.0,7.8,0.514,38,45,197,53,67,65,65,65,154,152,152,89,96,96,125,149,117,20,48,29,196,195,98,105,118,129,157,183,183,109,38,45,66,80,46,1,39.7
1630224,Jalen Green,Jalen,1610612756,PHX,24.0,4,0,4,0.0,37.7,8.0,20.8,0.386,1.8,8.5,0.206,4.0,5.0,0.8,1.3,4.0,5.3,3.5,3.3,2.0,0.3,1.5,2.0,4.3,21.8,-10.5,36.8,0,0,36.8,172,196,62,196,16,14,6,154,45,4,154,25,28,74,55,46,52,38,16,7,104,7,93,24,19,220,22,49,5,21,1,Jalen Green,Jalen,1610612756,PHX,24.0,4,0,4,0.0,37.7,110.3,112.9,112.9,124.3,126.3,126.3,-14.0,-13.4,-13.4,0.149,1.08,11.9,0.031,0.105,0.067,11.0,10.9,0.428,0.474,0.291,0.298,98.58,96.67,80.56,96.67,0.084,303,32,83,8.0,20.8,0.386,172,196,77,196,16,68,56,56,213,222,222,179,175,175,86,134,143,127,131,144,136,136,166,168,17,19,106,150,150,116,72,67,14,6,154,1,79.1
1630552,Jalen Johnson,Jalen,1610612737,ATL,24.0,6,2,4,0.333,35.7,6.7,15.3,0.435,1.5,5.2,0.29,4.7,5.3,0.875,1.0,6.7,7.7,5.2,2.3,0.8,0.3,0.8,3.3,3.7,19.5,-15.2,37.6,2,0,36.2,119,128,62,138,28,26,25,115,56,42,120,20,22,40,71,8,18,19,30,70,88,39,22,31,25,228,20,20,5,24,1,Jalen Johnson,Jalen,1610612737,ATL,24.0,6,2,4,0.333,35.7,103.3,104.8,104.8,121.5,125.3,125.3,-18.1,-20.5,-20.5,0.238,2.21,20.5,0.028,0.2,0.111,9.3,9.3,0.484,0.551,0.247,0.251,100.2,97.95,81.63,97.95,0.121,437,40,92,6.7,15.3,0.435,119,128,77,138,28,137,132,132,205,219,219,201,201,201,38,56,68,137,31,56,114,114,138,111,38,44,56,119,119,57,57,56,26,25,115,1,65.1
1630591,Jalen Suggs,Jalen,1610612753,ORL,25.0,7,3,4,0.429,35.4,3.7,12.4,0.299,1.9,7.7,0.241,1.9,2.0,0.929,0.7,3.3,4.0,4.1,3.0,1.9,0.6,0.9,3.9,1.6,11.1,-4.9,26.4,0,0,26.0,89,88,62,95,31,77,41,191,38,10,147,61,69,28,102,69,70,30,19,11,60,36,8,92,69,189,61,49,5,57,1,Jalen Suggs,Jalen,1610612753,ORL,25.0,7,3,4,0.429,35.4,102.3,104.2,104.2,107.9,110.4,110.4,-5.6,-6.3,-6.3,0.188,1.38,20.4,0.019,0.089,0.053,14.8,14.7,0.374,0.419,0.194,0.202,100.13,98.09,81.74,98.09,0.044,506,26,87,3.7,12.4,0.299,89,88,77,95,31,150,137,137,105,127,127,136,146,146,62,115,70,156,157,176,181,181,186,187,82,81,58,116,116,183,88,61,77,41,191,1,48.9
1631114,Jalen Williams,Jalen,1610612760,OKC,25.0,5,3,2,0.6,21.4,5.8,11.2,0.518,1.0,2.4,0.417,1.8,2.4,0.75,1.0,2.2,3.2,2.8,1.2,1.0,0.4,1.0,1.0,1.8,14.4,4.0,25.4,0,0,24.2,155,88,183,47,100,39,51,45,82,102,41,64,64,95,71,99,94,49,70,50,79,21,147,81,48,26,66,49,5,66,1,Jalen Williams,Jalen,1610612760,OKC,25.0,5,3,2,0.6,21.4,111.9,111.6,111.6,102.9,102.7,102.7,9.0,8.9,8.9,0.219,2.33,17.3,0.043,0.096,0.069,7.4,7.4,0.563,0.587,0.266,0.274,100.17,100.41,83.67,100.41,0.15,224,29,56,5.8,11.2,0.518,155,88,26,47,100,59,67,67,68,65,65,41,46,46,49,45,101,96,141,136,81,80,72,71,27,28,57,69,69,31,79,94,39,51,45,1,52.0
1631288,Jamal Cain,Jamal,1610612753,ORL,27.0,7,3,4,0.429,17.6,1.7,4.1,0.414,0.4,1.7,0.25,0.7,1.6,0.455,1.0,2.4,3.4,0.6,0.7,0.3,0.4,0.4,2.0,2.7,4.6,-4.6,11.0,0,0,10.4,89,88,62,95,109,125,120,132,136,127,136,118,89,174,71,93,88,144,106,142,76,83,93,52,126,187,123,49,5,124,1,Jamal Cain,Jamal,1610612753,ORL,27.0,7,3,4,0.429,17.6,86.7,89.0,89.0,102.5,102.9,102.9,-15.8,-13.9,-13.9,0.065,0.8,9.5,0.048,0.116,0.082,11.9,11.7,0.466,0.473,0.128,0.137,96.73,95.29,79.4,95.29,0.054,245,12,29,1.7,4.1,0.414,89,88,77,95,109,211,205,205,64,67,67,188,180,180,170,153,162,88,109,106,157,153,151,169,179,175,151,187,187,168,125,126,125,120,132,1,20.1
1627750,Jamal Murray,Jamal,1610612743,DEN,29.0,6,2,4,0.333,39.7,7.7,21.5,0.357,1.8,7.0,0.262,6.5,6.7,0.975,1.2,3.8,5.0,5.7,2.2,0.8,0.3,1.0,1.7,6.2,23.7,-4.7,39.5,0,0,38.5,119,128,62,138,6,18,1,169,39,15,131,8,15,23,61,53,58,14,33,70,88,21,117,9,14,188,16,49,5,16,1,Jamal Murray,Jamal,1610612743,DEN,29.0,6,2,4,0.333,39.7,102.9,103.8,103.8,109.2,110.3,110.3,-6.3,-6.5,-6.5,0.268,2.62,17.9,0.028,0.088,0.058,6.8,6.7,0.399,0.484,0.285,0.299,100.94,99.96,83.3,99.96,0.114,498,46,129,7.7,21.5,0.357,119,128,77,138,6,140,142,142,120,126,126,142,152,152,25,33,94,136,162,159,69,66,176,162,20,17,38,78,78,67,47,34,18,1,169,1,83.0
1642347,Jamal Shead,Jamal,1610612761,TOR,23.0,7,3,4,0.429,32.0,3.3,9.3,0.354,2.0,6.0,0.333,0.4,0.9,0.5,0.4,1.6,2.0,5.0,2.0,1.4,0.1,0.1,3.1,1.9,9.0,1.9,21.6,0,0,21.1,89,88,62,95,56,84,67,170,30,27,88,141,127,152,142,123,127,22,36,22,132,136,28,77,88,45,83,49,5,81,1,Jamal Shead,Jamal,1610612761,TOR,23.0,7,3,4,0.429,32.0,108.1,112.4,112.4,109.2,107.6,107.6,-1.1,4.8,4.8,0.211,2.5,30.2,0.013,0.049,0.031,12.1,12.0,0.462,0.466,0.153,0.156,99.1,97.93,81.61,97.93,0.048,453,23,65,3.3,9.3,0.354,89,88,77,95,56,92,62,62,122,104,104,92,63,63,51,36,19,177,201,206,160,159,154,173,142,149,89,120,120,177,97,79,84,67,170,1,35.7
201935,James Harden,James,1610612739,CLE,36.0,18,8,10,0.444,37.3,5.7,13.8,0.41,2.1,7.1,0.299,5.7,6.9,0.831,0.7,4.4,5.1,5.5,4.7,1.7,0.7,0.9,2.6,4.7,19.2,0.4,36.1,2,0,36.7,11,32,1,87,17,44,35,137,28,14,114,12,13,62,101,38,56,16,3,17,49,31,63,20,26,81,24,20,5,22,1,James Harden,James,1610612739,CLE,36.0,18,8,10,0.444,37.3,111.5,113.3,113.3,110.5,112.9,112.9,1.0,0.4,0.4,0.236,1.18,20.5,0.02,0.118,0.07,17.4,17.3,0.486,0.568,0.246,0.254,97.95,96.11,80.09,96.11,0.106,1346,102,249,5.7,13.8,0.41,11,32,225,87,17,62,54,54,141,161,161,77,88,88,41,125,69,153,102,135,199,199,135,86,39,41,121,164,164,82,9,8,44,35,137,1,69.0
1642419,Jamison Battle,Jamison,1610612761,TOR,25.0,6,3,3,0.5,11.9,1.8,3.2,0.579,1.2,1.8,0.636,0.0,0.0,0.0,0.5,1.3,1.8,0.2,0.2,0.0,0.0,0.0,1.0,0.3,4.8,-0.2,7.1,0,0,8.0,119,88,155,53,134,120,136,32,74,122,9,184,187,184,121,132,135,192,190,182,154,158,147,173,123,97,148,49,5,136,1,Jamison Battle,Jamison,1610612761,TOR,25.0,6,3,3,0.5,11.9,114.0,114.9,114.9,119.1,114.0,114.0,-5.1,0.9,0.9,0.017,1.0,4.8,0.045,0.114,0.08,4.8,4.8,0.763,0.763,0.119,0.121,98.68,100.48,83.74,100.48,0.075,148,11,19,1.8,3.2,0.579,119,88,49,53,134,41,38,38,197,172,172,132,85,85,197,135,195,94,113,112,41,41,15,17,195,197,102,67,67,134,128,143,120,136,32,1,12.8
1642272,Jared McCain,Jared,1610612760,OKC,22.0,15,11,4,0.733,17.2,3.7,9.1,0.412,1.7,4.7,0.371,0.8,1.0,0.8,0.6,1.3,1.9,1.0,0.7,0.3,0.0,0.4,1.3,0.9,10.0,2.6,14.0,0,0,15.3,29,21,62,26,111,76,70,135,46,50,65,113,115,74,109,137,134,114,103,133,154,88,140,125,80,36,108,49,5,101,1,Jared McCain,Jared,1610612760,OKC,22.0,15,11,4,0.733,17.2,112.0,113.7,113.7,108.8,108.2,108.2,3.2,5.5,5.5,0.094,1.36,8.9,0.033,0.075,0.053,6.5,6.5,0.507,0.526,0.245,0.256,98.88,98.39,81.99,98.39,0.082,534,56,136,3.7,9.1,0.412,29,21,77,26,111,58,49,49,110,110,110,64,60,60,137,116,164,121,173,173,61,61,103,131,40,37,96,108,108,121,38,32,76,70,135,1,45.1
1629020,Jarred Vanderbilt,Jarred,1610612747,LAL,27.0,7,3,4,0.429,10.7,1.3,3.1,0.409,0.1,1.3,0.111,0.1,0.4,0.333,0.7,2.7,3.4,0.3,0.1,0.3,0.0,0.4,1.7,0.3,2.9,-1.0,8.1,0,0,7.3,89,88,62,95,142,142,139,138,166,138,165,177,162,178,102,82,88,178,196,142,154,83,114,179,150,129,138,49,5,144,1,Jarred Vanderbilt,Jarred,1610612747,LAL,27.0,7,3,4,0.429,10.7,107.0,104.9,104.9,101.9,105.4,105.4,5.0,-0.5,-0.5,0.045,2.0,7.7,0.074,0.224,0.157,3.8,3.8,0.432,0.429,0.147,0.157,93.25,92.51,77.09,92.51,0.073,142,9,22,1.3,3.1,0.409,89,88,77,95,142,107,129,129,54,90,90,58,98,98,184,62,179,43,21,22,37,37,163,182,153,146,206,219,219,138,138,137,142,139,138,1,17.0
1628386,Jarrett Allen,Jarrett,1610612739,CLE,28.0,18,8,10,0.444,29.4,4.8,7.6,0.635,0.0,0.0,0.0,3.1,5.3,0.579,3.2,4.0,7.2,1.1,0.9,1.0,1.7,0.8,2.0,4.9,12.7,-0.4,30.1,3,0,26.4,11,32,1,87,71,55,84,24,170,198,170,39,24,146,8,46,24,113,89,50,4,39,93,19,58,106,43,9,5,55,1,Jarrett Allen,Jarrett,1610612739,CLE,28.0,18,8,10,0.444,29.4,112.0,114.1,114.1,111.6,113.6,113.6,0.4,0.5,0.5,0.058,1.12,8.7,0.111,0.14,0.126,7.8,7.9,0.635,0.64,0.163,0.164,96.58,94.84,79.03,94.84,0.119,1040,87,137,4.8,7.6,0.635,11,32,225,87,71,57,45,45,157,166,166,83,87,87,176,130,169,21,79,44,89,90,37,46,122,133,153,193,193,60,17,30,55,84,24,1,42.9
1629750,Javonte Green,Javonte,1610612765,DET,32.0,11,6,5,0.545,12.0,0.8,2.7,0.3,0.6,2.5,0.259,0.5,0.5,0.833,0.2,1.6,1.8,0.3,0.3,0.5,0.5,0.1,1.3,0.5,2.7,0.5,8.0,0,0,7.5,54,57,51,51,133,162,146,188,114,101,132,138,150,58,179,122,136,180,174,95,71,152,139,163,158,76,140,49,5,143,1,Javonte Green,Javonte,1610612765,DET,32.0,11,6,5,0.545,12.0,100.0,99.6,99.6,93.5,93.8,93.8,6.5,5.8,5.8,0.036,1.0,7.7,0.013,0.124,0.068,7.7,7.8,0.417,0.46,0.116,0.119,98.29,98.28,81.9,98.28,0.058,265,9,30,0.8,2.7,0.3,54,57,170,51,133,174,175,175,22,30,30,48,58,58,189,135,179,174,95,141,85,87,170,174,200,200,113,110,110,163,138,124,162,146,188,1,13.8
1629637,Jaxson Hayes,Jaxson,1610612747,LAL,26.0,10,4,6,0.4,16.3,1.9,2.8,0.679,0.0,0.1,0.0,1.9,2.7,0.704,1.5,1.7,3.2,0.7,1.0,0.3,0.8,0.2,2.7,2.8,5.7,0.1,12.9,0,0,11.8,63,69,35,122,113,118,145,14,170,195,170,59,59,119,39,120,94,137,75,141,35,122,52,48,113,88,113,49,5,114,1,Jaxson Hayes,Jaxson,1610612747,LAL,26.0,10,4,6,0.4,16.3,102.9,103.3,103.3,102.0,104.5,104.5,0.9,-1.3,-1.3,0.07,0.7,12.3,0.104,0.1,0.102,17.5,17.6,0.679,0.715,0.131,0.137,100.09,98.68,82.23,98.68,0.08,337,19,28,1.9,2.8,0.679,63,69,181,122,113,141,147,147,56,84,84,78,103,103,162,159,140,28,135,71,200,200,24,21,175,176,59,103,103,125,105,128,118,145,14,1,20.5
1627759,Jaylen Brown,Jaylen,1610612738,BOS,29.0,7,3,4,0.429,35.6,9.3,20.4,0.455,2.4,6.0,0.405,4.7,6.6,0.717,1.6,4.1,5.7,3.3,3.6,0.9,1.1,1.6,3.0,5.9,25.7,-3.3,39.9,0,0,41.1,89,88,62,95,29,4,7,97,16,27,43,17,16,113,35,44,44,41,8,66,18,5,32,11,8,175,14,49,5,10,1,Jaylen Brown,Jaylen,1610612738,BOS,29.0,7,3,4,0.429,35.6,102.7,106.1,106.1,108.5,111.0,111.0,-5.8,-4.9,-4.9,0.184,0.92,11.0,0.038,0.109,0.072,11.9,11.8,0.514,0.551,0.325,0.33,97.24,94.6,78.84,94.6,0.122,491,65,143,9.3,20.4,0.455,89,88,77,95,29,144,118,118,108,136,136,137,137,137,66,150,152,109,123,126,157,158,97,112,8,8,141,198,198,54,26,26,4,7,97,1,85.6
1641740,Jaylen Clark,Jaylen,1610612750,MIN,24.0,6,2,4,0.333,9.5,0.5,2.0,0.25,0.3,1.3,0.25,0.3,0.3,1.0,0.3,0.8,1.2,0.5,0.0,0.2,0.2,0.2,1.0,0.3,1.7,-0.5,4.8,0,0,4.3,119,128,62,138,150,188,164,198,143,133,136,151,169,1,153,164,166,151,200,163,127,127,147,173,183,111,173,49,5,180,1,Jaylen Clark,Jaylen,1610612750,MIN,24.0,6,2,4,0.333,9.5,113.2,112.6,112.6,115.5,113.2,113.2,-2.3,-0.6,-0.6,0.064,0.0,18.8,0.034,0.1,0.065,0.0,0.0,0.333,0.388,0.095,0.098,99.72,100.97,84.14,100.97,0.023,119,3,12,0.5,2.0,0.25,119,128,77,138,150,48,60,60,177,163,163,102,99,99,171,183,84,118,135,147,1,1,193,192,216,218,68,60,60,198,176,165,188,164,198,1,7.1
1631119,Jaylin Williams,Jaylin,1610612760,OKC,23.0,15,11,4,0.733,16.0,1.7,4.3,0.4,1.2,3.3,0.36,0.3,0.4,0.667,0.5,3.7,4.1,1.5,0.4,0.5,0.2,0.1,2.1,1.1,4.9,2.9,13.9,1,0,13.2,29,21,62,26,115,124,116,143,71,80,71,165,164,125,139,57,69,94,156,97,121,155,88,110,121,35,109,32,5,108,1,Jaylin Williams,Jaylin,1610612760,OKC,23.0,15,11,4,0.733,16.0,113.0,111.0,111.0,106.5,106.1,106.1,6.5,4.9,4.9,0.134,3.67,23.2,0.028,0.213,0.121,6.3,6.3,0.538,0.547,0.127,0.137,98.93,99.99,83.33,99.99,0.088,509,26,65,1.7,4.3,0.4,29,21,77,26,115,50,73,73,97,94,94,49,62,62,99,14,46,139,26,48,57,58,84,115,181,174,94,77,77,107,88,79,124,116,143,1,20.1
1642281,Jaylon Tyson,Jaylon,1610612739,CLE,23.0,17,8,9,0.471,12.7,1.5,4.1,0.362,0.5,2.2,0.237,0.6,0.9,0.667,0.8,2.0,2.8,1.3,0.6,0.2,0.1,0.2,1.5,0.6,4.1,-1.4,9.4,0,0,9.1,17,32,7,83,129,135,122,165,123,109,149,129,126,125,99,102,108,101,119,162,151,126,129,146,135,142,130,49,5,128,1,Jaylon Tyson,Jaylon,1610612739,CLE,23.0,17,8,9,0.471,12.7,106.1,105.3,105.3,109.7,112.7,112.7,-3.5,-7.4,-7.4,0.162,2.0,20.4,0.061,0.152,0.108,10.2,10.1,0.428,0.456,0.173,0.181,96.48,95.55,79.63,95.55,0.064,433,25,69,1.5,4.1,0.362,17,32,222,83,129,116,125,125,129,158,158,114,154,154,75,62,72,60,66,61,128,127,167,176,107,106,155,179,179,158,92,75,135,122,165,1,26.4
1628369,Jayson Tatum,Jayson,1610612738,BOS,28.0,6,3,3,0.5,36.3,8.0,16.8,0.475,3.2,8.7,0.365,4.2,5.3,0.781,1.0,9.7,10.7,6.8,2.8,1.2,0.0,0.8,1.8,3.7,23.3,4.7,47.1,5,0,46.3,119,88,155,53,21,14,16,81,5,2,67,23,22,87,71,2,2,7,22,38,154,39,109,31,15,21,5,4,5,5,1,Jayson Tatum,Jayson,1610612738,BOS,28.0,6,3,3,0.5,36.3,114.8,119.4,119.4,109.5,112.9,112.9,5.4,6.6,6.6,0.311,2.41,23.8,0.027,0.252,0.141,9.9,9.8,0.569,0.608,0.262,0.266,97.33,93.98,78.32,93.98,0.185,427,48,101,8.0,16.8,0.475,119,88,49,53,21,34,17,17,125,162,162,57,56,56,15,43,45,141,13,32,123,121,70,60,30,33,136,209,209,14,45,47,14,16,81,1,69.6
203924,Jerami Grant,Jerami,1610612757,POR,32.0,5,1,4,0.2,22.3,3.0,8.6,0.349,1.0,3.0,0.333,3.4,3.6,0.944,0.4,1.4,1.8,0.4,0.6,1.0,0.2,1.0,2.2,2.8,10.4,-9.0,16.2,0,0,16.0,155,163,62,179,95,91,74,173,82,87,88,32,41,25,144,131,139,168,123,50,121,21,85,48,78,213,98,49,5,98,1,Jerami Grant,Jerami,1610612757,POR,32.0,5,1,4,0.2,22.3,100.8,99.2,99.2,118.7,120.3,120.3,-17.9,-21.1,-21.1,0.03,0.67,3.6,0.016,0.067,0.039,5.4,5.4,0.407,0.511,0.196,0.207,100.38,100.54,83.79,100.54,0.057,236,15,43,3.0,8.6,0.349,155,163,77,179,95,165,176,176,193,200,200,199,204,204,191,161,197,165,186,198,47,48,173,145,80,74,51,65,65,164,114,104,91,74,173,1,40.3
1628975,Jevon Carter,Jevon,1610612753,ORL,30.0,3,0,3,0.0,5.5,0.3,1.3,0.25,0.0,0.7,0.0,0.0,0.0,0.0,0.3,0.3,0.7,0.7,0.0,0.3,0.0,0.0,0.0,0.0,0.7,3.0,3.5,0,0,2.7,196,196,155,196,179,203,187,198,170,170,170,184,187,184,153,195,189,139,200,133,154,158,206,200,205,31,191,49,5,195,1,Jevon Carter,Jevon,1610612753,ORL,30.0,3,0,3,0.0,5.5,109.9,109.4,109.4,94.5,83.9,83.9,15.4,25.5,25.5,0.2,0.0,33.3,0.056,0.071,0.063,0.0,0.0,0.25,0.25,0.103,0.112,86.34,91.64,76.36,91.64,0.08,32,1,4,0.3,1.3,0.25,196,196,49,196,179,70,85,85,25,18,18,29,13,13,55,183,11,70,180,152,1,1,203,212,212,208,221,222,222,122,201,193,203,187,198,1,4.5
203954,Joel Embiid,Joel,1610612755,PHI,32.0,7,3,4,0.429,33.3,8.1,17.7,0.46,0.7,4.0,0.179,7.0,8.4,0.831,1.1,6.1,7.3,5.4,2.1,0.3,0.9,0.7,2.4,7.1,24.0,-7.3,42.2,3,0,39.7,89,88,62,95,43,13,15,92,107,62,159,5,5,63,64,14,22,17,34,142,27,48,72,4,12,205,12,9,5,13,1,Joel Embiid,Joel,1610612755,PHI,32.0,7,3,4,0.429,33.3,108.8,109.0,109.0,119.6,120.0,120.0,-10.9,-10.9,-10.9,0.297,2.53,18.6,0.035,0.173,0.107,7.4,7.4,0.48,0.56,0.325,0.331,96.19,95.93,79.95,95.93,0.154,466,57,124,8.1,17.7,0.46,89,88,77,95,43,83,89,89,201,198,198,170,169,169,19,35,87,116,49,62,80,81,141,100,7,7,164,168,168,27,35,35,13,15,92,1,83.3
202685,Jonas Valančiūnas,Jonas,1610612743,DEN,34.0,4,2,2,0.5,6.3,1.3,1.8,0.714,0.0,0.0,0.0,0.3,0.5,0.5,0.8,1.5,2.3,0.3,1.3,0.0,0.3,0.0,2.8,1.8,2.8,-2.5,5.3,0,0,5.8,172,128,183,53,171,143,176,11,170,198,170,166,153,152,100,125,120,181,68,182,104,158,48,83,155,165,163,49,5,158,1,Jonas Valančiūnas,Jonas,1610612743,DEN,34.0,4,2,2,0.5,6.3,96.5,94.4,94.4,116.0,122.0,122.0,-19.5,-27.6,-27.6,0.071,0.2,7.1,0.111,0.261,0.18,35.7,36.0,0.714,0.698,0.21,0.223,101.22,99.84,83.2,99.84,0.015,54,5,7,1.3,1.8,0.714,172,128,26,53,171,188,192,192,183,208,208,202,217,217,157,180,188,22,12,12,223,223,19,24,61,59,35,80,80,204,158,182,143,176,11,1,21.6
1630228,Jonathan Kuminga,Jonathan,1610612737,ATL,23.0,6,2,4,0.333,26.0,4.8,10.0,0.483,0.8,4.0,0.208,3.2,4.3,0.731,1.0,2.3,3.3,1.0,1.0,0.5,0.5,0.5,2.7,4.0,13.7,-9.3,21.2,0,0,20.8,119,128,62,138,83,55,58,73,99,62,153,36,34,109,71,95,91,114,75,98,64,71,53,28,53,214,86,49,5,84,1,Jonathan Kuminga,Jonathan,1610612737,ATL,23.0,6,2,4,0.333,26.0,101.0,100.6,100.6,116.9,119.8,119.8,-15.9,-19.2,-19.2,0.068,1.0,7.2,0.037,0.091,0.063,7.2,7.2,0.525,0.574,0.211,0.221,99.73,98.72,82.27,98.72,0.089,323,29,60,4.8,10.0,0.483,119,128,77,138,83,163,165,165,185,197,197,190,198,198,165,135,187,111,150,150,77,77,88,83,60,63,67,101,101,105,79,87,55,58,73,1,47.2
203903,Jordan Clarkson,Jordan,1610612752,NYK,34.0,16,13,3,0.813,11.5,2.1,4.3,0.478,0.3,1.0,0.25,0.9,1.2,0.789,1.1,0.8,1.8,0.7,0.9,0.3,0.1,0.1,1.4,0.7,5.3,5.4,8.6,0,0,8.7,26,7,155,15,137,111,117,75,153,146,136,103,108,84,70,172,138,138,93,147,150,143,137,136,116,18,137,49,5,133,1,Jordan Clarkson,Jordan,1610612752,NYK,34.0,16,13,3,0.813,11.5,122.7,123.4,123.4,99.9,100.5,100.5,22.8,22.8,22.8,0.083,0.79,10.9,0.089,0.062,0.076,13.9,13.7,0.507,0.549,0.196,0.206,99.8,99.23,82.69,99.23,0.071,381,33,69,2.1,4.3,0.478,26,7,49,15,137,10,9,9,42,55,55,14,18,18,143,155,153,34,190,124,176,175,105,114,80,76,64,89,89,143,68,75,111,117,75,1,29.6
1641775,Jordan Walsh,Jordan,1610612738,BOS,22.0,7,3,4,0.429,12.7,0.6,2.7,0.211,0.3,1.7,0.167,0.3,0.9,0.333,0.9,1.7,2.6,1.0,0.0,0.6,0.3,0.1,0.7,0.9,1.7,5.6,8.9,0,0,7.3,89,88,62,95,130,184,147,206,149,127,160,162,127,178,92,118,114,114,200,93,98,136,166,126,181,17,136,49,5,144,1,Jordan Walsh,Jordan,1610612738,BOS,22.0,7,3,4,0.429,12.7,120.0,122.3,122.3,102.6,100.0,100.0,17.4,22.3,22.3,0.096,0.0,24.1,0.058,0.143,0.096,0.0,0.0,0.263,0.277,0.101,0.104,96.84,97.13,80.94,97.13,0.042,179,4,19,0.6,2.7,0.211,89,88,77,95,130,15,12,12,66,46,46,24,21,21,135,183,44,65,73,80,1,1,202,207,214,216,144,142,142,191,164,143,184,147,206,1,11.4
1630631,Jose Alvarado,Jose,1610612752,NYK,28.0,16,13,3,0.813,8.9,1.6,3.6,0.448,0.6,1.8,0.345,0.3,0.4,0.833,0.1,1.3,1.4,1.1,0.6,0.6,0.1,0.3,0.9,0.5,4.2,5.3,9.2,0,0,8.8,26,7,155,15,154,128,128,103,115,124,85,161,167,58,185,138,157,109,132,87,138,112,160,153,133,19,132,49,5,132,1,Jose Alvarado,Jose,1610612752,NYK,28.0,16,13,3,0.813,8.9,115.6,115.6,115.6,87.1,86.4,86.4,28.5,29.2,29.2,0.186,2.0,20.7,0.013,0.127,0.072,10.3,10.3,0.534,0.552,0.2,0.212,96.06,96.44,80.37,96.44,0.131,288,26,58,1.6,3.6,0.448,26,7,49,15,154,28,31,31,14,19,19,10,11,11,64,62,66,174,89,130,129,129,87,108,69,72,166,159,159,46,88,89,128,128,103,1,27.0
1628404,Josh Hart,Josh,1610612752,NYK,31.0,17,14,3,0.824,31.9,4.1,9.4,0.434,1.4,4.6,0.308,1.0,1.6,0.63,1.0,7.9,8.9,4.6,1.9,1.8,0.2,0.6,2.6,1.9,10.5,10.3,32.2,3,0,29.5,17,1,155,9,57,65,66,116,60,53,108,92,88,136,71,5,9,27,41,15,115,58,56,76,76,7,37,9,5,43,1,Josh Hart,Josh,1610612752,NYK,31.0,17,14,3,0.824,31.9,118.5,120.4,120.4,102.4,103.7,103.7,16.2,16.7,16.7,0.19,2.39,27.9,0.033,0.238,0.14,11.7,11.7,0.509,0.524,0.162,0.166,98.95,97.53,81.28,97.53,0.119,1097,69,159,4.1,9.4,0.434,17,1,49,9,57,17,15,15,63,77,77,26,25,25,61,44,24,122,17,33,150,152,102,134,124,131,92,133,133,61,23,22,65,66,116,1,40.8
1629006,Josh Okogie,Josh,1610612745,HOU,27.0,6,2,4,0.333,17.4,1.8,4.2,0.44,0.8,2.2,0.385,0.3,0.3,1.0,1.0,1.3,2.3,0.8,0.5,1.2,0.0,0.2,2.0,1.2,4.8,-0.7,11.9,0,0,11.2,119,128,62,138,110,120,119,111,99,111,56,151,169,1,71,132,118,129,139,38,154,127,93,107,123,119,117,49,5,118,1,Josh Okogie,Josh,1610612745,HOU,27.0,6,2,4,0.333,17.4,104.7,104.9,104.9,104.2,104.8,104.8,0.5,0.1,0.1,0.082,1.67,14.7,0.056,0.088,0.07,8.8,8.9,0.54,0.56,0.118,0.125,94.61,94.23,78.53,94.23,0.067,203,11,25,1.8,4.2,0.44,119,128,77,138,110,128,130,130,79,85,85,81,90,90,146,95,122,70,160,132,107,107,83,99,197,192,195,205,205,148,128,131,120,119,111,1,16.6
201950,Jrue Holiday,Jrue,1610612757,POR,35.0,5,1,4,0.2,38.3,6.2,15.4,0.403,2.4,6.8,0.353,1.6,1.8,0.889,1.6,3.8,5.4,7.2,3.2,1.4,0.4,1.4,3.0,2.4,16.4,-9.8,35.9,0,0,35.0,155,163,62,179,14,33,24,142,20,17,78,67,80,38,33,54,49,6,17,24,79,11,32,58,37,216,26,49,5,27,1,Jrue Holiday,Jrue,1610612757,POR,35.0,5,1,4,0.2,38.3,102.8,104.8,104.8,117.3,118.5,118.5,-14.5,-13.7,-13.7,0.31,2.25,27.1,0.036,0.108,0.068,12.0,12.0,0.481,0.506,0.209,0.216,99.43,97.98,81.65,97.98,0.097,393,31,77,6.2,15.4,0.403,155,163,77,179,14,142,131,131,186,192,192,184,177,177,16,54,29,115,126,142,159,160,140,149,62,66,76,118,118,94,74,72,33,24,142,1,55.6
1630577,Julian Champagnie,Julian,1610612759,SAS,24.0,21,13,8,0.619,30.5,3.8,8.5,0.449,2.7,6.6,0.403,1.1,1.4,0.767,0.9,4.8,5.7,1.5,0.4,1.2,0.6,0.3,2.2,1.0,11.4,6.7,25.3,1,0,24.8,1,7,10,41,64,73,75,101,12,19,44,90,96,93,91,29,46,91,154,37,60,94,83,122,67,12,68,32,5,60,1,Julian Champagnie,Julian,1610612759,SAS,24.0,21,13,8,0.619,30.5,114.4,114.0,114.0,102.0,103.4,103.4,12.4,10.6,10.6,0.07,3.56,13.9,0.03,0.139,0.088,3.9,3.9,0.607,0.625,0.131,0.136,100.64,100.13,83.44,100.13,0.1,1337,80,178,3.8,8.5,0.449,1,7,213,41,64,38,47,47,55,71,71,34,40,40,161,16,129,131,80,94,38,38,48,52,176,178,45,75,75,93,20,16,73,75,101,1,35.4
1641763,Julian Phillips,Julian,1610612750,MIN,22.0,5,1,4,0.2,5.1,0.4,1.2,0.333,0.4,0.8,0.5,0.0,0.0,0.0,0.0,0.2,0.2,0.4,0.2,0.4,0.0,0.2,0.2,0.2,1.2,0.8,3.0,0,0,3.0,155,163,62,179,185,200,192,175,139,162,16,184,187,184,191,207,214,168,186,124,154,122,201,186,197,65,196,49,5,193,1,Julian Phillips,Julian,1610612750,MIN,22.0,5,1,4,0.2,5.1,112.5,113.0,113.0,112.0,103.6,103.6,0.4,9.3,9.3,0.111,2.0,22.2,0.0,0.05,0.02,11.1,11.1,0.5,0.5,0.109,0.112,99.39,103.06,85.88,103.06,0.045,54,2,6,0.4,1.2,0.333,155,163,77,179,185,53,55,55,161,76,76,82,44,44,120,62,53,191,200,212,137,140,111,154,204,206,78,32,32,181,186,186,200,192,175,1,5.6
203944,Julius Randle,Julius,1610612750,MIN,31.0,12,6,6,0.5,33.3,5.6,14.3,0.39,0.8,3.4,0.244,4.0,5.4,0.738,2.5,5.0,7.5,2.8,2.8,0.5,0.1,0.9,3.4,4.5,16.0,-5.6,28.2,2,0,28.3,48,57,35,53,42,46,30,151,99,78,146,25,21,107,14,25,19,48,22,98,146,33,20,21,40,196,53,20,5,44,1,Julius Randle,Julius,1610612750,MIN,31.0,12,6,6,0.5,33.3,100.7,102.1,102.1,110.2,110.1,110.1,-9.5,-8.0,-8.0,0.14,1.0,12.5,0.065,0.147,0.103,12.5,12.7,0.419,0.479,0.244,0.246,101.75,101.08,84.23,101.08,0.075,842,67,172,5.6,14.3,0.39,48,57,181,53,42,166,158,158,136,125,125,160,159,159,94,135,137,55,68,69,165,166,169,165,41,46,23,58,58,135,24,19,46,30,151,1,64.1
1642348,Justin Edwards,Justin,1610612755,PHI,22.0,9,3,6,0.333,12.2,1.2,3.6,0.344,0.4,2.0,0.222,0.4,0.8,0.571,0.7,1.6,2.2,0.4,0.7,0.0,0.1,0.2,1.7,0.4,3.3,-6.1,6.3,0,0,6.7,74,88,35,138,132,144,130,174,135,115,151,139,134,147,105,124,123,164,111,182,141,118,117,164,142,199,154,49,5,150,1,Justin Edwards,Justin,1610612755,PHI,22.0,9,3,6,0.333,12.2,93.8,92.0,92.0,115.9,115.4,115.4,-22.2,-23.3,-23.3,0.066,0.67,8.9,0.05,0.128,0.087,13.3,13.3,0.406,0.428,0.16,0.168,98.38,99.55,82.96,99.55,0.017,226,11,32,1.2,3.6,0.344,74,88,181,138,132,203,199,199,182,179,179,213,209,209,169,161,165,84,87,96,171,171,174,186,129,126,110,87,87,202,128,120,144,130,174,1,21.2
1626157,Karl-Anthony Towns,Karl-Anthony,1610612752,NYK,30.0,17,14,3,0.824,31.1,5.8,10.3,0.56,1.5,3.2,0.463,3.9,4.3,0.904,2.6,8.0,10.6,5.4,2.5,1.2,1.4,0.7,3.9,4.2,16.9,14.4,43.0,11,2,39.5,17,1,155,9,60,40,56,37,59,84,29,28,37,33,13,4,3,18,29,35,10,50,7,26,35,1,11,1,1,15,1,Karl-Anthony Towns,Karl-Anthony,1610612752,NYK,30.0,17,14,3,0.824,31.1,119.5,123.1,123.1,100.6,100.2,100.2,19.0,22.9,22.9,0.238,2.17,26.9,0.09,0.248,0.173,12.4,12.3,0.631,0.693,0.203,0.208,97.86,96.6,80.5,96.6,0.18,1066,98,175,5.8,10.3,0.56,17,1,49,9,60,16,10,10,45,52,52,20,17,17,39,59,30,32,16,16,163,163,39,25,67,73,123,155,155,15,11,18,40,56,37,1,51.5
1630811,Keaton Wallace,Keaton,1610612737,ATL,27.0,3,0,3,0.0,5.1,0.7,2.7,0.25,0.0,1.0,0.0,0.7,0.7,1.0,0.0,1.0,1.0,1.0,0.0,0.3,0.0,0.3,0.3,0.7,2.0,1.0,5.7,0,0,4.7,196,196,155,196,184,171,149,198,170,146,170,122,139,1,191,145,169,114,200,133,154,94,191,137,169,60,160,49,5,172,1,Keaton Wallace,Keaton,1610612737,ATL,27.0,3,0,3,0.0,5.1,103.5,113.3,113.3,101.2,96.9,96.9,2.4,16.5,16.5,0.375,0.0,25.0,0.0,0.167,0.077,0.0,0.0,0.25,0.338,0.231,0.235,98.61,96.31,80.26,96.31,0.104,30,2,8,0.7,2.7,0.25,196,196,49,196,184,136,52,52,49,39,39,70,26,26,4,183,38,191,54,120,1,1,203,202,48,51,104,163,163,85,186,176,171,149,198,1,25.5
1629640,Keldon Johnson,Keldon,1610612759,SAS,26.0,21,13,8,0.619,17.9,3.0,7.2,0.414,0.9,2.6,0.352,1.1,2.0,0.585,1.2,2.0,3.2,0.9,1.1,0.7,0.1,0.6,2.3,1.3,8.0,0.8,14.5,0,0,14.7,1,7,10,41,108,91,87,131,95,98,79,87,75,145,59,102,97,124,72,80,132,60,79,99,93,64,105,49,5,102,1,Keldon Johnson,Keldon,1610612759,SAS,26.0,21,13,8,0.619,17.9,110.1,110.9,110.9,107.7,107.1,107.1,2.4,3.8,3.8,0.08,0.79,8.9,0.061,0.1,0.081,11.2,11.3,0.477,0.497,0.211,0.215,101.24,101.13,84.28,101.13,0.055,787,63,152,3.0,7.2,0.414,1,7,213,41,108,69,75,75,104,102,102,69,69,69,148,154,166,58,133,107,143,143,143,158,59,67,34,57,57,166,28,23,91,87,131,1,40.9
1626162,Kelly Oubre Jr.,Kelly,1610612755,PHI,30.0,11,4,7,0.364,33.1,4.4,9.6,0.453,0.9,3.5,0.256,2.0,2.5,0.815,1.1,4.7,5.8,1.1,0.7,0.5,0.5,0.7,2.5,2.7,11.6,-7.4,22.3,0,0,21.3,54,69,19,132,46,63,63,99,94,75,135,57,63,71,68,31,42,111,105,115,71,47,65,51,65,206,79,49,5,79,1,Kelly Oubre Jr.,Kelly,1610612755,PHI,30.0,11,4,7,0.364,33.1,108.9,111.2,111.2,119.1,121.2,121.2,-10.3,-10.0,-10.0,0.05,1.5,8.8,0.032,0.144,0.087,5.8,5.8,0.5,0.543,0.152,0.156,97.83,95.99,79.99,95.99,0.073,724,48,106,4.4,9.6,0.453,54,69,197,132,46,81,72,72,196,202,202,164,166,166,181,103,168,123,71,95,50,50,111,119,145,150,124,167,167,137,45,46,63,63,99,1,39.8
1629026,Kenrich Williams,Kenrich,1610612760,OKC,31.0,11,8,3,0.727,6.5,1.1,2.8,0.387,0.5,1.7,0.316,0.4,0.4,1.0,0.5,1.3,1.8,0.5,0.2,0.1,0.0,0.1,0.6,0.2,3.1,-0.6,6.2,0,0,6.2,54,32,155,34,167,149,143,153,122,126,104,150,168,1,117,136,136,150,189,179,154,152,173,192,146,118,155,49,5,154,1,Kenrich Williams,Kenrich,1610612760,OKC,31.0,11,8,3,0.727,6.5,105.5,97.5,97.5,104.1,105.2,105.2,1.4,-7.8,-7.8,0.154,3.0,14.6,0.072,0.192,0.128,4.9,4.9,0.484,0.519,0.191,0.212,100.35,103.83,86.53,103.83,0.112,158,12,31,1.1,2.8,0.387,54,32,49,34,167,122,183,183,78,88,88,75,156,156,80,22,125,44,39,41,43,43,137,140,86,71,53,25,25,71,125,122,149,143,153,1,22.3
1631165,Keon Ellis,Keon,1610612739,CLE,26.0,12,4,8,0.333,7.4,0.4,1.3,0.333,0.4,1.2,0.357,0.3,0.4,0.8,0.3,0.9,1.2,0.3,0.5,0.6,0.1,0.2,0.8,0.4,1.6,-2.6,4.9,0,0,4.8,48,69,10,138,162,199,189,175,138,141,75,151,163,74,168,162,166,181,139,92,146,127,162,170,186,169,172,49,5,170,1,Keon Ellis,Keon,1610612739,CLE,26.0,12,4,8,0.333,7.4,101.8,98.9,98.9,113.6,114.8,114.8,-11.8,-15.9,-15.9,0.054,0.5,11.5,0.04,0.112,0.081,23.1,22.9,0.5,0.552,0.116,0.122,96.4,97.24,81.04,97.24,0.05,180,5,15,0.4,1.3,0.333,48,69,213,138,162,155,178,178,167,177,177,173,190,190,178,169,146,104,117,108,210,210,111,109,199,194,159,139,139,173,158,151,199,189,175,1,10.1
1628989,Kevin Huerter,Kevin,1610612765,DET,27.0,5,1,4,0.2,9.1,0.4,1.4,0.286,0.4,1.0,0.4,0.0,0.0,0.0,0.0,1.0,1.0,1.4,0.4,0.4,0.0,0.0,0.4,0.4,1.2,0.8,5.3,0,0,4.8,155,163,62,179,151,200,185,193,139,146,46,184,187,184,191,145,169,98,156,124,154,158,188,171,197,65,164,49,5,169,1,Kevin Huerter,Kevin,1610612765,DET,27.0,5,1,4,0.2,9.1,94.2,95.9,95.9,87.8,93.8,93.8,6.4,2.2,2.2,0.233,3.5,43.8,0.0,0.088,0.046,12.5,12.5,0.429,0.429,0.078,0.081,106.18,101.83,84.86,101.83,0.08,98,2,7,0.4,1.4,0.286,155,163,77,179,151,202,187,187,15,29,29,50,79,79,42,17,3,191,163,186,164,164,164,183,225,224,5,47,47,123,186,182,200,185,193,1,3.0
1642863,Khaman Maluach,Khaman,1610612756,PHX,19.0,4,0,4,0.0,11.3,1.0,2.0,0.5,0.0,0.3,0.0,0.0,0.0,0.0,0.5,1.8,2.3,0.0,0.8,0.0,0.0,0.0,1.0,1.0,2.0,-3.3,4.0,0,0,4.3,172,196,62,196,138,150,164,51,170,186,170,184,187,184,121,114,120,200,100,182,154,158,147,114,169,174,185,49,5,181,1,Khaman Maluach,Khaman,1610612756,PHX,19.0,4,0,4,0.0,11.3,97.4,102.2,102.2,121.9,116.5,116.5,-24.5,-14.3,-14.3,0.0,0.0,0.0,0.049,0.163,0.107,27.3,27.3,0.5,0.5,0.109,0.108,96.8,96.57,80.47,96.57,0.028,91,4,8,1.0,2.0,0.5,172,196,77,196,138,185,157,157,207,186,186,218,184,184,200,183,200,86,57,63,212,212,111,154,206,212,148,156,156,196,164,176,150,164,51,1,8.8
1631200,Kris Murray,Kris,1610612757,POR,25.0,5,1,4,0.2,5.0,0.4,0.8,0.5,0.0,0.4,0.0,0.2,0.4,0.5,0.2,0.4,0.6,0.0,0.6,0.0,0.0,0.0,0.6,0.2,1.0,-2.4,1.1,0,0,1.6,155,163,62,179,186,200,208,51,170,181,170,171,164,152,177,194,196,200,123,182,154,158,175,186,200,162,217,49,5,209,1,Kris Murray,Kris,1610612757,POR,25.0,5,1,4,0.2,5.0,83.7,70.4,70.4,92.1,90.9,90.9,-8.4,-20.5,-20.5,0.0,0.0,0.0,0.04,0.074,0.058,37.5,38.1,0.5,0.512,0.129,0.16,95.06,103.95,86.62,103.95,-0.022,54,2,4,0.4,0.8,0.5,155,163,77,179,186,217,222,222,16,26,26,155,202,202,200,183,200,104,177,161,225,225,111,141,178,140,187,23,23,218,186,193,200,208,51,1,8.3
203937,Kyle Anderson,Kyle,1610612750,MIN,32.0,8,3,5,0.375,7.6,0.8,2.1,0.353,0.0,0.1,0.0,0.4,1.0,0.375,0.3,0.6,0.9,1.9,0.8,0.3,0.0,0.0,0.8,0.6,1.9,-0.4,5.7,0,0,5.1,84,88,51,131,160,165,161,172,170,192,170,149,115,177,168,181,181,80,100,147,154,158,162,143,177,105,159,49,5,166,1,Kyle Anderson,Kyle,1610612750,MIN,32.0,8,3,5,0.375,7.6,104.5,107.4,107.4,107.6,104.9,104.9,-3.0,2.4,2.4,0.349,2.5,35.7,0.029,0.083,0.055,14.3,14.5,0.353,0.365,0.166,0.17,109.66,109.58,91.32,109.58,0.043,136,6,17,0.8,2.1,0.353,84,88,170,131,160,129,111,111,102,87,87,110,77,77,8,36,8,133,168,167,178,178,192,198,117,123,1,4,4,185,151,146,165,161,172,1,18.2
1629013,Landry Shamet,Landry,1610612752,NYK,29.0,17,14,3,0.824,16.2,2.2,4.5,0.487,1.6,3.2,0.509,0.4,0.5,0.778,0.3,0.8,1.1,0.8,0.5,0.2,0.1,0.1,1.8,0.9,6.4,4.0,9.4,0,0,10.6,17,1,155,9,114,108,113,71,54,82,15,144,152,88,164,170,168,132,151,154,140,146,111,124,107,26,129,49,5,123,1,Landry Shamet,Landry,1610612752,NYK,29.0,17,14,3,0.824,16.2,115.5,113.5,113.5,99.7,100.4,100.4,15.8,13.2,13.2,0.068,1.63,12.9,0.018,0.042,0.031,7.9,7.9,0.671,0.682,0.134,0.143,97.73,98.25,81.88,98.25,0.066,562,37,76,2.2,4.5,0.487,17,1,49,9,114,29,50,50,41,54,54,27,34,34,166,98,134,158,205,207,90,91,28,30,170,170,125,112,112,151,63,73,108,113,71,1,22.2
2544,LeBron James,LeBron,1610612747,LAL,41.0,10,4,6,0.4,38.4,8.4,18.3,0.459,1.7,5.2,0.327,4.7,6.3,0.746,0.4,6.3,6.7,7.3,3.8,1.3,0.3,0.4,1.6,4.9,23.2,-3.6,43.2,3,0,42.1,63,69,35,122,13,12,13,93,48,41,98,19,17,105,144,11,29,5,7,28,95,88,122,18,16,180,9,9,5,8,1,LeBron James,LeBron,1610612747,LAL,41.0,10,4,6,0.4,38.4,106.3,106.1,106.1,109.2,111.2,111.2,-2.9,-5.1,-5.1,0.354,1.92,22.5,0.011,0.162,0.09,11.7,11.8,0.505,0.55,0.293,0.298,94.84,94.04,78.37,94.04,0.157,753,84,183,8.4,18.3,0.459,63,69,181,122,13,112,119,119,118,142,142,107,140,140,7,80,52,180,59,88,151,157,107,113,16,18,190,208,208,25,18,14,12,13,93,1,79.5
1629652,Luguentz Dort,Luguentz,1610612760,OKC,27.0,15,11,4,0.733,22.3,2.0,5.5,0.366,1.3,4.3,0.308,0.1,0.3,0.5,0.7,2.0,2.7,1.3,0.5,0.5,0.1,0.0,2.7,0.7,5.5,-1.3,11.9,0,0,12.0,29,21,62,26,96,114,104,163,64,59,108,180,179,152,105,102,111,99,135,114,137,158,53,135,115,139,116,49,5,113,1,Luguentz Dort,Luguentz,1610612760,OKC,27.0,15,11,4,0.733,22.3,115.4,115.3,115.3,115.5,117.3,117.3,-0.1,-2.0,-2.0,0.077,2.5,17.9,0.031,0.088,0.06,7.1,7.2,0.488,0.489,0.118,0.122,97.37,96.63,80.53,96.63,0.031,672,30,82,2.0,5.5,0.366,29,21,77,26,96,30,34,34,178,190,190,85,110,110,151,36,95,127,158,155,72,73,132,161,198,195,133,152,152,195,77,68,114,104,163,1,22.9
1630568,Luka Garza,Luka,1610612738,BOS,27.0,7,3,4,0.429,8.5,1.4,2.9,0.5,0.6,1.9,0.308,1.0,1.1,0.875,1.0,0.7,1.7,0.9,0.1,0.0,0.1,0.1,2.0,0.6,4.4,1.9,8.1,0,0,7.9,89,88,62,95,157,137,142,51,118,121,108,92,110,40,71,175,142,127,196,182,132,136,93,148,128,45,139,49,5,141,1,Luka Garza,Luka,1610612738,BOS,27.0,7,3,4,0.429,8.5,117.6,117.4,117.4,106.2,108.4,108.4,11.4,9.0,9.0,0.154,6.0,19.4,0.109,0.106,0.108,3.2,3.3,0.6,0.659,0.179,0.183,98.26,97.33,81.11,97.33,0.087,121,10,20,1.4,2.9,0.5,89,88,77,95,157,23,24,24,95,111,111,35,45,45,80,5,78,24,128,58,33,33,49,38,97,101,114,137,137,108,136,142,137,142,51,1,21.4
1628379,Luke Kennard,Luke,1610612747,LAL,29.0,10,4,6,0.4,32.6,3.9,8.0,0.488,1.8,3.8,0.474,1.9,2.3,0.826,0.3,3.2,3.5,2.3,1.4,0.9,0.1,0.5,1.6,0.9,11.5,-1.0,20.8,0,0,21.1,63,69,35,122,49,71,77,70,42,71,26,59,65,65,162,72,85,69,59,63,143,71,122,123,66,129,87,49,5,82,1,Luke Kennard,Luke,1610612747,LAL,29.0,10,4,6,0.4,32.6,106.4,106.6,106.6,107.6,109.7,109.7,-1.3,-3.1,-3.1,0.112,1.64,18.5,0.011,0.097,0.057,11.3,11.0,0.6,0.638,0.138,0.146,95.95,94.96,79.13,94.96,0.092,650,39,80,3.9,8.0,0.488,63,69,181,122,49,111,117,117,103,117,117,94,122,122,118,97,88,183,140,163,144,138,49,48,167,163,170,192,192,100,58,70,71,77,70,1,34.7
1628436,Luke Kornet,Luke,1610612759,SAS,30.0,21,13,8,0.619,13.4,1.6,2.7,0.579,0.0,0.0,1.0,0.8,1.0,0.773,1.9,2.3,4.2,0.8,0.5,0.6,0.8,0.3,1.8,1.0,4.0,-1.4,13.8,1,0,11.8,1,7,10,41,126,130,147,32,169,197,1,112,114,90,29,95,68,133,138,88,39,106,112,113,136,143,110,32,5,115,1,Luke Kornet,Luke,1610612759,SAS,30.0,21,13,8,0.619,13.4,106.1,105.1,105.1,109.2,109.2,109.2,-3.1,-4.2,-4.2,0.08,1.45,17.0,0.125,0.153,0.139,11.7,11.7,0.588,0.63,0.109,0.113,104.34,104.87,87.39,104.87,0.104,613,33,57,1.6,2.7,0.579,1,7,213,41,126,117,127,127,121,113,113,111,131,131,147,113,106,17,65,34,152,154,57,50,205,204,6,18,18,87,68,92,130,147,32,1,16.8
1631204,Marcus Sasser,Marcus,1610612765,DET,25.0,6,3,3,0.5,10.2,1.8,3.8,0.478,0.8,2.3,0.357,0.0,0.0,0.0,0.5,0.3,0.8,0.5,0.3,0.5,0.0,0.2,0.7,0.0,4.5,4.7,7.4,0,0,7.7,119,88,155,53,144,120,124,75,99,104,75,184,187,184,121,195,182,151,161,98,154,127,168,200,127,21,145,49,5,142,1,Marcus Sasser,Marcus,1610612765,DET,25.0,6,3,3,0.5,10.2,123.8,123.8,123.8,103.9,100.8,100.8,20.0,23.0,23.0,0.067,1.5,10.7,0.056,0.027,0.039,7.1,7.1,0.587,0.587,0.17,0.18,97.62,99.11,82.59,99.11,0.082,126,11,23,1.8,3.8,0.478,119,88,49,53,144,8,8,8,75,57,57,18,16,16,167,103,154,70,209,197,72,72,58,72,110,108,126,91,91,120,128,135,120,124,75,1,20.2
203935,Marcus Smart,Marcus,1610612747,LAL,32.0,10,4,6,0.4,34.5,3.9,9.9,0.394,1.7,5.0,0.34,3.4,4.3,0.791,1.0,2.5,3.5,5.1,3.5,2.4,1.0,0.5,3.1,4.5,12.9,-2.6,31.5,1,0,30.0,63,69,35,122,35,71,61,149,48,44,86,32,36,83,71,89,85,21,11,3,22,71,29,21,56,170,39,32,5,40,1,Marcus Smart,Marcus,1610612747,LAL,32.0,10,4,6,0.4,34.5,108.0,107.8,107.8,110.9,112.7,112.7,-2.9,-4.9,-4.9,0.226,1.46,25.0,0.032,0.073,0.053,17.2,17.2,0.48,0.547,0.194,0.201,96.4,95.68,79.73,95.68,0.08,691,39,99,3.9,9.9,0.394,63,69,181,122,35,95,104,104,145,160,160,106,136,136,46,112,38,125,178,175,198,198,142,116,83,86,158,175,175,124,58,48,71,61,149,1,49.0
1629680,Matisse Thybulle,Matisse,1610612757,POR,29.0,4,1,3,0.25,13.3,0.5,3.5,0.143,0.3,2.8,0.091,0.5,0.5,1.0,0.3,1.8,2.0,1.0,0.0,0.8,0.8,0.0,0.8,0.3,1.8,-7.3,10.2,0,0,8.0,172,163,155,176,127,188,131,208,153,94,168,130,153,1,168,114,127,114,200,76,41,158,162,181,180,204,126,49,5,136,1,Matisse Thybulle,Matisse,1610612757,POR,29.0,4,1,3,0.25,13.3,98.7,98.1,98.1,119.1,122.0,122.0,-20.4,-23.9,-23.9,0.105,0.0,21.1,0.016,0.143,0.072,0.0,0.0,0.179,0.235,0.119,0.124,98.16,97.25,81.05,97.25,0.042,106,2,14,0.5,3.5,0.143,172,163,49,176,127,183,180,180,195,209,209,208,210,210,128,183,62,163,73,127,1,1,209,216,195,193,117,138,138,190,186,154,188,131,208,1,13.9
1629622,Max Strus,Max,1610612739,CLE,30.0,18,8,10,0.444,26.7,3.1,7.7,0.406,2.1,5.9,0.358,1.2,1.3,0.917,1.6,3.3,4.8,2.1,1.3,0.8,0.2,0.3,3.3,1.4,9.6,-3.8,20.4,0,0,20.7,11,32,1,87,81,88,82,140,28,31,73,82,101,30,38,71,61,75,63,70,118,110,24,96,83,181,89,49,5,85,1,Max Strus,Max,1610612739,CLE,30.0,18,8,10,0.444,26.7,108.5,108.5,108.5,115.6,117.6,117.6,-7.1,-9.1,-9.1,0.121,1.58,18.0,0.055,0.123,0.088,11.4,11.4,0.543,0.579,0.148,0.154,99.55,98.7,82.25,98.7,0.072,998,56,138,3.1,7.7,0.406,11,32,225,87,81,86,94,94,180,191,191,146,164,164,107,99,92,75,97,93,146,146,78,78,152,156,75,102,102,142,38,29,88,82,140,1,34.3
1628969,Mikal Bridges,Mikal,1610612752,NYK,29.0,17,14,3,0.824,31.9,5.7,9.9,0.574,1.1,3.1,0.358,1.3,1.4,0.957,0.4,2.9,3.4,2.7,1.0,1.1,0.3,0.3,2.1,2.0,13.8,11.2,25.1,0,0,23.8,17,1,155,9,58,42,60,34,80,86,73,77,100,24,143,76,90,51,75,44,97,104,91,66,52,5,69,49,5,68,1,Mikal Bridges,Mikal,1610612752,NYK,29.0,17,14,3,0.824,31.9,120.2,121.2,121.2,102.0,103.8,103.8,18.2,17.3,17.3,0.118,2.71,18.9,0.014,0.092,0.055,7.0,7.0,0.63,0.656,0.157,0.162,98.35,97.11,80.93,97.11,0.107,1096,97,169,5.7,9.9,0.574,17,1,49,9,58,14,13,13,57,79,79,22,24,24,112,31,80,170,148,166,70,70,40,39,134,135,111,143,143,79,13,21,42,60,34,1,40.6
201144,Mike Conley,Mike,1610612750,MIN,38.0,12,6,6,0.5,14.0,1.6,3.2,0.5,1.1,2.2,0.5,0.2,0.2,1.0,0.1,1.2,1.3,2.7,0.4,0.7,0.0,0.0,1.3,0.7,4.4,-0.7,11.5,0,0,10.8,48,57,35,53,122,129,136,51,81,111,16,174,184,1,189,143,161,53,155,80,154,158,141,137,129,119,119,49,5,122,1,Mike Conley,Mike,1610612750,MIN,38.0,12,6,6,0.5,14.0,107.0,108.2,108.2,111.4,109.8,109.8,-4.4,-1.6,-1.6,0.26,6.4,42.1,0.005,0.088,0.042,6.6,6.6,0.671,0.682,0.107,0.109,101.68,101.83,84.86,101.83,0.104,355,19,38,1.6,3.2,0.5,48,57,181,53,122,105,98,98,151,121,121,120,107,107,26,4,5,189,159,192,62,63,28,31,208,211,25,48,48,86,105,109,129,136,51,1,13.8
1630540,Miles McBride,Miles,1610612752,NYK,25.0,17,14,3,0.824,18.5,2.1,5.8,0.354,1.8,4.4,0.405,0.4,0.5,0.875,0.5,0.8,1.4,1.3,0.6,0.5,0.2,0.3,1.9,0.6,6.3,8.9,11.4,0,0,12.1,17,1,155,9,107,113,100,171,44,58,42,144,161,40,119,167,158,101,128,112,115,104,107,146,109,9,120,49,5,112,1,Miles McBride,Miles,1610612752,NYK,25.0,17,14,3,0.824,18.5,122.7,123.8,123.8,101.3,99.7,99.7,21.5,24.1,24.1,0.088,2.2,16.3,0.029,0.042,0.036,7.4,7.4,0.505,0.522,0.149,0.155,97.25,97.58,81.31,97.58,0.043,638,35,99,2.1,5.8,0.354,17,1,49,9,107,9,7,7,50,45,45,16,14,14,141,58,113,134,203,201,81,82,108,136,151,153,140,132,132,188,65,48,113,100,171,1,27.1
1629011,Mitchell Robinson,Mitchell,1610612752,NYK,28.0,16,13,3,0.813,13.6,2.1,2.8,0.733,0.0,0.0,0.0,1.1,3.3,0.327,2.4,2.9,5.3,0.3,0.4,0.4,0.6,0.1,1.6,2.3,5.2,2.5,14.4,0,0,12.7,26,7,155,15,124,111,144,10,170,198,170,91,45,183,17,78,52,181,153,119,63,156,126,61,117,39,106,49,5,110,1,Mitchell Robinson,Mitchell,1610612752,NYK,28.0,16,13,3,0.813,13.6,118.3,116.2,116.2,105.3,103.5,103.5,13.0,12.7,12.7,0.026,0.57,4.9,0.174,0.21,0.192,8.6,8.9,0.733,0.611,0.145,0.15,98.04,99.77,83.15,99.77,0.107,445,33,45,2.1,2.8,0.733,26,7,49,15,124,19,29,29,86,72,72,32,35,35,193,166,194,7,28,8,102,108,18,57,157,159,118,83,83,78,68,102,111,144,10,1,24.0
1642885,Mohamed Diawara,Mohamed,1610612752,NYK,21.0,6,6,0,1.0,7.1,0.5,2.2,0.231,0.2,1.0,0.167,0.0,0.0,0.0,0.2,1.3,1.5,1.0,0.5,0.2,0.0,0.0,0.5,0.0,1.2,-2.0,4.5,0,0,4.2,119,57,226,1,164,188,160,205,162,146,160,184,187,184,181,132,149,114,139,163,154,158,176,200,199,156,180,49,5,184,1,Mohamed Diawara,Mohamed,1610612752,NYK,21.0,6,6,0,1.0,7.1,96.0,96.6,96.6,111.4,111.4,111.4,-15.4,-14.7,-14.7,0.2,2.0,27.3,0.022,0.182,0.101,13.6,13.6,0.269,0.269,0.152,0.157,100.03,99.72,83.1,99.72,0.043,89,3,13,0.5,2.2,0.231,119,57,1,1,164,191,184,184,153,143,143,187,187,187,55,62,25,150,43,74,173,174,201,208,144,144,60,84,84,184,176,160,188,160,205,1,14.2
1631243,Mouhamed Gueye,Mouhamed,1610612737,ATL,23.0,6,2,4,0.333,8.4,0.7,2.3,0.286,0.2,1.7,0.1,0.2,0.3,0.5,0.8,0.8,1.7,0.7,0.2,0.2,0.0,0.0,1.5,0.7,1.7,-5.2,5.0,0,0,4.5,119,128,62,138,159,171,155,193,162,129,167,174,169,152,94,164,143,139,190,163,154,158,130,137,183,192,170,49,5,175,1,Mouhamed Gueye,Mouhamed,1610612737,ATL,23.0,6,2,4,0.333,8.4,92.5,91.5,91.5,123.4,123.1,123.1,-31.0,-31.6,-31.6,0.121,4.0,20.0,0.075,0.116,0.091,5.0,5.0,0.321,0.336,0.127,0.135,99.24,99.88,83.24,99.88,0.008,106,4,14,0.7,2.3,0.286,119,128,77,138,159,205,201,201,211,212,212,222,220,220,108,9,73,42,108,86,44,44,198,203,182,179,84,79,79,205,164,154,171,155,193,1,11.7
1629675,Naz Reid,Naz,1610612750,MIN,26.0,12,6,6,0.5,26.9,4.9,10.2,0.484,1.8,4.6,0.4,0.9,1.4,0.647,1.2,6.2,7.3,2.1,1.3,0.4,0.3,0.7,3.2,1.8,12.6,-1.3,25.4,0,0,25.3,48,57,35,53,80,53,57,72,39,55,46,104,97,133,61,13,21,76,63,123,88,52,26,80,59,137,67,49,5,58,1,Naz Reid,Naz,1610612750,MIN,26.0,12,6,6,0.5,26.9,109.1,111.0,111.0,114.2,114.4,114.4,-5.1,-3.5,-3.5,0.111,1.56,14.9,0.038,0.228,0.127,9.5,9.4,0.574,0.583,0.175,0.184,103.43,102.43,85.35,102.43,0.112,694,59,122,4.9,10.2,0.484,48,57,181,53,80,79,74,74,171,175,175,131,124,124,120,100,121,110,18,42,118,116,68,77,99,99,11,39,39,68,33,36,53,57,72,1,40.3
1629674,Neemias Queta,Neemias,1610612738,BOS,26.0,7,3,4,0.429,21.7,3.6,4.9,0.735,0.0,0.0,0.0,2.1,2.7,0.789,1.7,6.9,8.6,0.6,0.9,0.1,0.9,0.1,4.1,2.6,9.3,0.4,22.6,1,0,20.4,89,88,62,95,98,80,110,9,170,198,170,56,58,84,30,7,10,144,94,169,27,136,3,55,85,77,76,32,5,87,1,Neemias Queta,Neemias,1610612738,BOS,26.0,7,3,4,0.429,21.7,106.2,108.8,108.8,105.3,105.7,105.7,0.9,3.2,3.2,0.043,0.67,7.7,0.075,0.291,0.185,11.5,11.5,0.735,0.767,0.14,0.142,95.09,93.76,78.13,93.76,0.142,294,25,34,3.6,4.9,0.735,89,88,77,95,98,114,90,90,87,92,92,79,71,71,186,161,179,41,6,10,147,147,17,16,164,171,186,212,212,36,92,116,80,110,9,1,26.1
1629638,Nickeil Alexander-Walker,Nickeil,1610612737,ATL,27.0,6,2,4,0.333,35.4,4.5,11.8,0.38,3.0,7.2,0.419,1.7,2.5,0.667,0.5,1.8,2.3,2.7,2.8,0.5,0.8,1.0,2.0,3.5,13.7,-13.5,21.6,0,0,24.3,119,128,62,138,32,59,44,156,8,13,40,66,62,125,121,110,118,53,22,98,30,21,93,39,53,227,82,49,5,64,1,Nickeil Alexander-Walker,Nickeil,1610612737,ATL,27.0,6,2,4,0.333,35.4,101.7,101.8,101.8,119.3,120.0,120.0,-17.6,-18.2,-18.2,0.116,0.94,14.7,0.014,0.054,0.033,15.6,15.4,0.507,0.528,0.19,0.201,98.35,97.98,81.65,97.98,0.046,433,27,71,4.5,11.8,0.38,119,128,77,138,32,157,161,161,199,199,199,198,195,195,113,148,124,173,196,203,187,186,106,128,87,85,112,117,117,180,86,74,59,44,156,1,47.8
203999,Nikola Jokić,Nikola,1610612743,DEN,31.0,6,2,4,0.333,39.5,9.0,20.2,0.446,1.2,6.0,0.194,6.7,7.2,0.93,1.5,11.7,13.2,9.5,3.8,1.0,0.8,0.8,3.5,6.3,25.8,-2.3,57.6,6,2,53.3,119,128,62,138,7,6,9,105,74,27,157,7,9,27,39,1,1,1,6,50,30,39,14,8,7,160,1,3,1,1,1,Nikola Jokić,Nikola,1610612743,DEN,31.0,6,2,4,0.333,39.5,106.0,108.0,108.0,110.6,111.8,111.8,-4.6,-3.7,-3.7,0.456,2.48,25.9,0.037,0.279,0.159,10.5,10.5,0.475,0.554,0.295,0.301,101.78,100.24,83.53,100.24,0.191,497,54,121,9.0,20.2,0.446,119,128,77,138,7,119,99,99,142,150,150,125,125,125,2,42,34,112,8,19,130,131,144,104,15,15,22,73,73,13,42,39,6,9,105,1,83.1
202696,Nikola Vučević,Nikola,1610612738,BOS,35.0,6,3,3,0.5,19.0,2.3,6.2,0.378,1.2,4.0,0.292,0.3,0.7,0.5,0.8,3.5,4.3,2.3,1.3,0.2,0.5,0.3,2.5,1.2,6.2,1.5,15.5,0,0,15.3,119,88,155,53,105,104,96,158,74,62,118,151,139,152,94,60,64,63,63,163,64,94,67,107,110,52,99,49,5,100,1,Nikola Vučević,Nikola,1610612738,BOS,35.0,6,3,3,0.5,19.0,114.6,115.4,115.4,112.8,111.4,111.4,1.8,3.9,3.9,0.175,1.75,23.0,0.04,0.181,0.108,13.1,13.2,0.473,0.477,0.175,0.182,95.82,96.09,80.07,96.09,0.064,228,14,37,2.3,6.2,0.378,119,88,49,53,105,36,33,33,164,145,145,74,68,68,69,88,50,104,46,60,170,170,146,166,103,105,174,165,165,155,118,111,104,96,158,1,28.8
1628384,OG Anunoby,OG,1610612752,NYK,28.0,15,12,3,0.8,34.1,6.5,11.5,0.57,2.4,5.1,0.474,4.4,5.1,0.857,0.9,5.4,6.3,1.8,0.5,1.5,1.1,0.9,2.5,3.5,19.9,10.8,37.4,2,0,35.6,29,17,155,18,37,27,49,35,20,43,26,21,25,50,87,19,33,83,135,21,20,35,66,38,24,6,21,20,5,26,1,OG Anunoby,OG,1610612752,NYK,28.0,15,12,3,0.8,34.1,118.5,119.0,119.0,103.6,103.9,103.9,14.8,15.1,15.1,0.076,3.38,11.1,0.03,0.153,0.095,3.3,3.3,0.674,0.724,0.181,0.186,99.19,98.84,82.37,98.84,0.155,1055,98,172,6.5,11.5,0.57,29,17,49,18,37,18,18,18,70,81,81,30,30,30,154,19,148,132,64,82,34,34,25,19,95,97,86,98,98,26,11,19,27,49,35,1,51.8
1630168,Onyeka Okongwu,Onyeka,1610612737,ATL,25.0,6,2,4,0.333,33.1,4.7,8.0,0.583,1.7,3.7,0.455,1.5,2.0,0.75,1.3,5.3,6.7,2.3,1.2,1.2,0.8,0.3,3.5,2.0,12.5,-12.5,28.8,0,0,27.2,119,128,62,138,45,57,77,30,51,72,31,71,69,95,46,21,30,63,71,38,30,94,14,66,60,224,47,49,5,50,1,Onyeka Okongwu,Onyeka,1610612737,ATL,25.0,6,2,4,0.333,33.1,104.7,105.1,105.1,120.9,123.5,123.5,-16.2,-18.4,-18.4,0.109,2.0,18.7,0.042,0.168,0.105,9.3,9.4,0.688,0.704,0.135,0.137,99.78,98.53,82.11,98.53,0.101,408,28,48,4.7,8.0,0.583,119,128,77,138,45,127,126,126,203,213,213,191,196,196,123,62,86,98,53,67,115,118,22,23,169,173,66,105,105,92,83,98,57,77,30,1,33.0
1642345,Oso Ighodaro,Oso,1610612756,PHX,23.0,4,0,4,0.0,32.2,3.3,6.0,0.542,0.0,0.0,0.0,1.0,1.5,0.667,3.0,4.0,7.0,4.0,1.8,0.5,0.8,1.5,3.8,1.8,7.5,-11.3,23.9,0,0,21.0,172,196,62,196,52,85,97,41,170,198,170,92,90,125,9,46,25,32,45,98,41,7,11,83,97,222,73,49,5,83,1,Oso Ighodaro,Oso,1610612756,PHX,23.0,4,0,4,0.0,32.2,114.9,115.6,115.6,128.9,131.3,131.3,-14.1,-15.7,-15.7,0.167,2.29,32.0,0.089,0.124,0.106,14.0,14.1,0.542,0.563,0.11,0.111,99.57,98.33,81.94,98.33,0.065,262,13,24,3.3,6.0,0.542,172,196,77,196,52,33,30,30,221,226,226,180,189,189,73,52,16,35,96,66,177,177,80,94,203,209,74,109,109,152,122,134,85,97,41,1,24.9
1642359,Pacôme Dadiet,Pacôme,1610612752,NYK,20.0,7,7,0,1.0,5.7,1.1,2.3,0.5,0.4,1.1,0.375,0.1,0.3,0.5,0.3,0.7,1.0,0.4,0.3,0.3,0.0,0.1,0.1,0.1,2.9,-0.4,5.3,0,0,5.3,89,45,226,1,174,146,158,51,136,143,60,177,176,152,165,175,169,166,168,142,154,136,203,196,150,107,165,49,5,163,1,Pacôme Dadiet,Pacôme,1610612752,NYK,20.0,7,7,0,1.0,5.7,94.8,92.9,92.9,97.6,95.3,95.3,-2.8,-2.4,-2.4,0.143,1.5,13.6,0.05,0.111,0.082,9.1,9.1,0.594,0.592,0.196,0.204,100.54,102.73,85.61,102.73,0.142,85,8,16,1.1,2.3,0.5,89,45,1,1,174,199,196,196,35,38,38,105,112,112,92,103,132,82,119,104,111,111,53,69,78,77,49,36,36,35,143,148,146,158,51,1,20.7
1631094,Paolo Banchero,Paolo,1610612753,ORL,23.0,7,3,4,0.429,39.0,8.6,20.4,0.42,2.0,6.0,0.333,7.1,10.6,0.676,1.3,7.7,9.0,6.3,3.4,1.4,0.7,2.6,2.6,7.0,26.3,-2.4,49.5,2,0,47.9,89,88,62,95,8,10,7,127,30,27,88,3,1,123,51,6,8,8,13,22,45,1,60,6,4,163,3,20,5,3,1,Paolo Banchero,Paolo,1610612753,ORL,23.0,7,3,4,0.429,39.0,100.6,103.8,103.8,104.0,106.7,106.7,-3.4,-2.9,-2.9,0.336,1.83,18.1,0.03,0.189,0.108,9.9,9.9,0.469,0.524,0.314,0.322,99.2,96.39,80.33,96.39,0.169,548,60,143,8.6,20.4,0.42,89,88,77,95,8,167,140,140,77,98,98,112,121,121,9,85,91,130,40,59,122,123,150,133,10,11,85,161,161,17,31,26,10,7,127,1,91.0
202331,Paul George,Paul,1610612755,PHI,36.0,11,4,7,0.364,35.8,5.9,12.9,0.458,3.2,6.5,0.493,1.4,1.8,0.75,0.5,3.4,3.9,3.0,2.0,1.3,0.5,0.5,2.5,2.6,16.4,-6.1,28.7,0,0,29.9,54,69,19,132,27,38,39,95,4,22,23,76,78,95,117,68,76,45,36,31,71,68,69,54,38,198,50,49,5,41,1,Paul George,Paul,1610612755,PHI,36.0,11,4,7,0.364,35.8,109.1,111.5,111.5,118.8,119.6,119.6,-9.7,-8.2,-8.2,0.133,1.5,16.2,0.015,0.095,0.054,10.8,10.7,0.581,0.597,0.196,0.201,96.08,94.74,78.95,94.74,0.086,776,65,142,5.9,12.9,0.458,54,69,197,132,27,78,68,68,194,195,195,162,160,160,101,103,115,167,143,168,135,132,63,67,78,82,165,195,195,110,26,28,38,39,95,1,50.8
1630194,Paul Reed,Paul,1610612765,DET,26.0,9,4,5,0.444,9.5,3.1,4.7,0.667,0.2,0.6,0.4,1.0,1.3,0.75,2.0,2.0,4.0,0.6,0.8,0.1,0.7,0.3,1.6,1.7,7.4,1.3,14.6,0,0,13.8,74,69,51,87,148,88,111,15,158,172,46,92,101,95,23,102,70,149,99,174,49,94,127,86,98,54,104,49,5,107,1,Paul Reed,Paul,1610612765,DET,26.0,9,4,5,0.444,9.5,107.5,110.9,110.9,101.3,100.6,100.6,6.2,10.3,10.3,0.119,0.71,8.5,0.202,0.186,0.194,11.9,11.8,0.69,0.709,0.266,0.272,94.83,93.72,78.1,93.72,0.253,165,28,42,3.1,4.7,0.667,74,69,170,87,148,98,76,76,51,56,56,53,41,41,111,158,170,4,41,7,156,156,21,22,26,31,191,213,213,5,83,105,88,111,15,1,37.5
1630202,Payton Pritchard,Payton,1610612738,BOS,28.0,7,3,4,0.429,32.9,5.6,13.1,0.424,2.4,7.9,0.309,1.0,1.1,0.875,1.3,2.4,3.7,5.1,0.7,0.4,0.0,0.9,0.7,0.9,14.6,6.3,27.3,0,0,26.7,89,88,62,95,48,47,38,124,16,8,107,92,110,40,51,93,83,20,106,120,154,36,166,126,46,14,58,49,5,53,1,Payton Pritchard,Payton,1610612738,BOS,28.0,7,3,4,0.429,32.9,117.3,120.9,120.9,109.1,110.9,110.9,8.2,10.0,10.0,0.237,7.2,26.7,0.036,0.075,0.054,3.7,3.7,0.516,0.534,0.188,0.194,95.96,93.77,78.14,93.77,0.11,450,39,92,5.6,13.1,0.424,89,88,77,95,48,24,14,14,116,133,133,44,42,42,40,1,32,114,175,169,35,35,95,125,90,93,169,211,211,75,58,56,47,38,124,1,46.8
1629656,Quentin Grimes,Quentin,1610612755,PHI,26.0,11,4,7,0.364,22.1,2.1,5.3,0.397,1.3,3.2,0.4,1.3,1.5,0.875,0.2,2.5,2.7,2.3,0.5,0.3,0.5,0.3,1.9,1.0,6.7,-6.3,15.0,0,0,14.5,54,69,19,132,97,110,105,148,68,83,46,79,95,40,179,86,110,70,134,146,71,111,108,114,105,200,102,49,5,104,1,Quentin Grimes,Quentin,1610612755,PHI,26.0,11,4,7,0.364,22.1,106.6,107.1,107.1,122.5,120.7,120.7,-15.9,-13.6,-13.6,0.157,4.17,26.0,0.009,0.114,0.063,6.3,6.2,0.517,0.569,0.132,0.136,94.78,95.32,79.44,95.32,0.074,481,23,58,2.1,5.3,0.397,54,69,197,132,97,109,112,112,208,201,201,189,176,176,79,8,33,186,113,151,55,56,93,85,171,177,192,186,186,136,97,89,110,105,148,1,25.1
1629628,RJ Barrett,RJ,1610612761,TOR,25.0,7,3,4,0.429,38.7,9.0,18.9,0.477,2.4,6.3,0.386,3.7,5.9,0.634,2.0,5.0,7.0,4.0,3.6,1.3,0.3,1.3,3.4,4.1,24.1,0.6,39.7,1,0,40.7,89,88,62,95,10,6,12,78,16,25,55,29,19,135,23,25,25,32,8,29,98,15,18,27,9,73,15,32,5,11,1,RJ Barrett,RJ,1610612761,TOR,25.0,7,3,4,0.429,38.7,111.2,115.2,115.2,113.2,112.4,112.4,-2.0,2.8,2.8,0.168,1.12,13.8,0.05,0.128,0.089,12.3,12.3,0.542,0.563,0.275,0.277,99.05,97.62,81.35,97.62,0.112,546,63,132,9.0,18.9,0.477,89,88,77,95,10,64,35,35,166,154,154,99,74,74,72,129,130,81,88,92,161,162,80,93,23,25,91,130,130,70,28,33,6,12,78,1,76.5
1642263,Reed Sheppard,Reed,1610612745,HOU,21.0,6,2,4,0.333,32.1,4.5,14.7,0.307,2.7,9.0,0.296,0.5,0.7,0.75,0.2,0.8,1.0,4.7,2.0,2.2,0.8,0.7,2.3,0.5,12.2,-1.3,27.4,0,0,26.5,119,128,62,138,53,59,28,186,12,1,115,130,139,95,181,164,169,25,36,4,30,52,75,153,61,140,56,49,5,54,1,Reed Sheppard,Reed,1610612745,HOU,21.0,6,2,4,0.333,32.1,102.6,105.6,105.6,109.0,108.0,108.0,-6.5,-2.4,-2.4,0.243,2.33,21.9,0.005,0.032,0.016,9.4,9.2,0.398,0.407,0.226,0.231,94.13,93.18,77.65,93.18,0.05,374,27,88,4.5,14.7,0.307,119,128,77,138,53,146,122,122,115,109,109,143,113,113,37,45,60,190,207,213,116,113,177,188,51,54,199,215,215,172,86,60,59,28,186,1,53.3
1629057,Robert Williams III,Robert,1610612757,POR,28.0,5,1,4,0.2,21.7,4.4,7.0,0.629,0.6,1.8,0.333,0.2,0.6,0.333,3.2,4.2,7.4,2.6,0.4,0.6,1.2,0.6,1.0,0.6,9.6,0.8,27.4,0,0,23.8,155,163,62,179,99,62,88,26,116,125,88,171,146,178,7,43,20,57,156,90,13,61,147,144,82,65,55,49,5,69,1,Robert Williams III,Robert,1610612757,POR,28.0,5,1,4,0.2,21.7,109.0,106.8,106.8,105.8,108.0,108.0,3.2,-1.1,-1.1,0.2,6.5,25.5,0.133,0.179,0.156,3.9,3.9,0.671,0.661,0.146,0.157,95.77,95.74,79.79,95.74,0.191,219,22,35,4.4,7.0,0.629,155,163,77,179,99,80,115,115,91,108,108,63,101,101,55,3,36,16,47,23,39,39,27,36,155,147,177,172,172,12,100,114,62,88,26,1,26.4
1641842,Ronald Holland II,Ronald,1610612765,DET,20.0,9,5,4,0.556,6.4,0.4,1.4,0.308,0.2,0.9,0.25,0.3,0.6,0.6,0.1,1.4,1.6,0.1,0.3,0.4,0.2,0.2,1.0,0.4,1.4,1.7,5.1,0,0,4.7,74,65,62,50,169,198,183,184,158,157,136,151,149,144,187,130,148,197,161,116,118,118,147,164,192,47,167,49,5,172,1,Ronald Holland II,Ronald,1610612765,DET,20.0,9,5,4,0.556,6.4,103.0,105.0,105.0,93.2,89.5,89.5,9.8,15.5,15.5,0.026,0.33,5.3,0.016,0.2,0.11,15.8,15.6,0.385,0.428,0.127,0.134,100.71,101.83,84.86,101.83,0.055,120,4,13,0.4,1.4,0.308,74,65,77,50,169,139,128,128,21,25,25,39,29,29,193,177,193,163,31,57,188,188,180,185,184,182,44,49,49,167,164,160,198,183,184,1,10.9
1626220,Royce O'Neale,Royce,1610612756,PHX,33.0,4,0,4,0.0,24.4,2.3,3.5,0.643,2.0,3.3,0.615,1.3,1.5,0.833,1.0,5.3,6.3,2.3,1.0,0.5,0.3,0.0,3.0,0.8,7.8,-11.0,19.9,0,0,19.8,172,196,62,196,85,105,131,21,30,81,11,80,90,58,71,22,34,71,75,98,104,158,32,132,95,221,92,49,5,89,1,Royce O'Neale,Royce,1610612756,PHX,33.0,4,0,4,0.0,24.4,101.7,103.0,103.0,123.0,122.2,122.2,-21.3,-19.1,-19.1,0.145,2.25,31.0,0.041,0.193,0.121,13.8,13.5,0.929,0.931,0.087,0.091,99.1,98.8,82.33,98.8,0.114,198,9,14,2.3,3.5,0.643,172,196,77,196,85,156,149,149,209,210,210,211,197,197,89,54,17,99,38,49,175,172,9,8,219,220,88,100,100,66,138,154,105,131,21,1,15.0
203497,Rudy Gobert,Rudy,1610612750,MIN,33.0,12,6,6,0.5,31.0,2.8,5.8,0.493,0.0,0.2,0.0,1.5,3.2,0.474,3.5,5.8,9.3,2.3,1.3,1.2,1.1,1.0,2.8,3.5,7.2,-5.5,27.4,4,0,23.3,48,57,35,53,62,97,101,67,170,189,170,71,47,172,2,18,7,63,68,38,21,21,48,39,101,195,56,6,5,71,1,Rudy Gobert,Rudy,1610612750,MIN,33.0,12,6,6,0.5,31.0,101.4,103.2,103.2,109.9,111.1,111.1,-8.5,-7.9,-7.9,0.102,1.87,22.0,0.097,0.185,0.138,11.8,11.7,0.493,0.502,0.109,0.114,102.16,100.7,83.91,100.7,0.086,778,34,69,2.8,5.8,0.493,48,57,181,53,62,161,148,148,132,141,141,156,157,157,131,84,59,30,42,36,155,151,131,152,206,202,19,62,62,112,67,75,97,101,67,1,28.6
1629060,Rui Hachimura,Rui,1610612747,LAL,28.0,10,4,6,0.4,38.6,6.7,12.2,0.549,3.3,5.8,0.569,0.8,1.1,0.727,0.6,3.4,4.0,1.7,0.9,0.9,0.6,0.5,2.8,1.1,17.5,-5.2,28.5,0,0,29.5,63,69,35,122,12,25,42,39,3,34,14,113,113,110,109,66,70,85,91,63,56,71,44,111,32,193,52,49,5,42,1,Rui Hachimura,Rui,1610612747,LAL,28.0,10,4,6,0.4,38.6,106.1,107.0,107.0,111.1,113.8,113.8,-5.0,-6.9,-6.9,0.076,1.89,11.1,0.017,0.087,0.054,5.9,5.9,0.684,0.69,0.158,0.162,95.86,94.31,78.59,94.31,0.102,759,67,122,6.7,12.2,0.549,63,69,181,122,12,118,114,114,146,170,170,129,153,153,155,82,148,159,165,170,51,53,23,27,130,134,172,201,201,89,24,36,25,42,39,1,44.2
1642346,Ryan Dunn,Ryan,1610612756,PHX,23.0,4,0,4,0.0,8.4,0.0,1.0,0.0,0.0,1.0,0.0,0.0,0.0,0.0,0.0,1.5,1.5,0.5,0.8,0.0,0.0,0.0,0.5,0.3,0.0,-2.3,1.8,0,0,2.0,172,196,62,196,158,211,194,211,170,146,170,184,187,184,191,125,149,151,100,182,154,158,176,181,218,159,204,49,5,201,1,Ryan Dunn,Ryan,1610612756,PHX,23.0,4,0,4,0.0,8.4,86.4,88.4,88.4,109.3,104.5,104.5,-22.9,-16.1,-16.1,0.095,0.67,22.2,0.0,0.158,0.087,33.3,33.3,0.0,0.0,0.086,0.089,95.65,96.62,80.51,96.62,-0.011,69,0,4,0.0,1.0,0.0,172,196,77,196,158,212,206,206,124,83,83,215,191,191,136,161,53,191,60,96,219,219,211,218,220,221,179,153,153,213,211,193,211,194,211,1,3.0
1630573,Sam Hauser,Sam,1610612738,BOS,28.0,7,3,4,0.429,23.5,2.7,6.6,0.413,2.3,5.4,0.421,0.0,0.0,0.0,1.3,3.0,4.3,0.9,0.3,0.1,0.1,0.4,1.4,0.4,7.7,-2.4,14.7,0,0,15.7,89,88,62,95,89,100,93,134,24,39,39,184,187,184,51,75,65,127,168,169,132,83,135,167,96,163,103,49,5,99,1,Sam Hauser,Sam,1610612738,BOS,28.0,7,3,4,0.429,23.5,102.3,102.7,102.7,105.2,107.9,107.9,-3.0,-5.2,-5.2,0.058,3.0,11.1,0.049,0.12,0.084,3.7,3.7,0.587,0.587,0.127,0.13,97.35,95.91,79.92,95.91,0.079,328,19,46,2.7,6.6,0.413,89,88,77,95,89,151,152,152,84,106,106,108,141,141,175,22,148,85,101,101,35,36,58,72,182,186,135,169,169,128,105,100,100,93,134,1,23.6
1630241,Sam Merrill,Sam,1610612739,CLE,30.0,17,8,9,0.471,19.9,2.4,5.6,0.427,1.7,4.6,0.372,1.2,1.5,0.84,0.5,0.8,1.2,1.1,0.5,0.5,0.0,0.1,2.4,1.6,7.8,0.3,11.8,0,0,12.8,17,32,7,83,102,103,103,122,47,53,64,81,94,57,138,170,163,110,137,112,154,146,74,91,94,83,118,49,5,109,1,Sam Merrill,Sam,1610612739,CLE,30.0,17,8,9,0.471,19.9,112.9,114.5,114.5,114.9,114.9,114.9,-2.0,-0.4,-0.4,0.083,2.11,14.3,0.023,0.041,0.032,6.8,6.7,0.578,0.617,0.14,0.146,99.24,98.55,82.13,98.55,0.052,698,41,96,2.4,5.6,0.427,17,32,222,83,102,51,41,41,174,178,178,100,97,97,144,60,126,145,206,205,67,64,64,55,165,164,83,104,104,171,56,53,103,103,122,1,27.5
1630572,Sandro Mamukelashvili,Sandro,1610612761,TOR,27.0,7,3,4,0.429,14.8,2.0,5.0,0.4,0.6,2.0,0.286,0.4,1.0,0.429,1.6,3.4,5.0,1.0,0.6,0.7,0.4,0.6,1.7,1.0,5.0,0.4,15.4,1,0,13.9,89,88,62,95,119,114,106,143,118,115,121,141,115,175,35,63,58,114,129,78,76,66,114,114,118,77,101,32,5,106,1,Sandro Mamukelashvili,Sandro,1610612761,TOR,27.0,7,3,4,0.429,14.8,109.4,113.4,113.4,113.9,110.5,110.5,-4.5,2.9,2.9,0.09,1.75,14.3,0.097,0.224,0.159,8.2,8.1,0.457,0.46,0.163,0.168,101.6,101.32,84.43,101.32,0.093,217,14,35,2.0,5.0,0.4,89,88,77,95,119,73,51,51,168,128,128,123,73,73,139,88,126,31,20,20,95,96,155,174,120,127,27,56,56,98,118,114,114,106,143,1,24.4
1630703,Scoot Henderson,Scoot,1610612757,POR,22.0,5,1,4,0.2,29.0,5.6,11.8,0.475,2.6,5.6,0.464,1.2,1.6,0.75,0.4,1.2,1.6,1.2,1.8,0.8,0.2,0.6,3.4,2.0,15.0,-5.2,19.9,0,0,22.4,155,163,62,179,73,45,46,82,14,36,28,83,84,95,144,140,145,104,44,74,121,61,21,66,44,193,90,49,5,76,1,Scoot Henderson,Scoot,1610612757,POR,22.0,5,1,4,0.2,29.0,101.8,102.6,102.6,110.7,110.9,110.9,-8.8,-8.2,-8.2,0.071,0.67,7.7,0.012,0.042,0.026,11.5,11.6,0.585,0.6,0.206,0.213,100.57,100.08,83.4,100.08,0.064,302,28,59,5.6,11.8,0.475,155,163,77,179,73,154,153,153,143,135,135,157,161,161,157,161,179,179,204,210,147,149,60,65,64,69,47,76,76,156,83,88,45,46,82,1,46.1
1630567,Scottie Barnes,Scottie,1610612761,TOR,24.0,7,3,4,0.429,39.0,8.4,16.6,0.509,1.1,3.0,0.381,6.1,7.7,0.796,1.6,4.6,6.1,8.6,3.4,1.1,1.7,0.4,3.0,5.3,24.1,-0.4,49.5,3,0,45.7,89,88,62,95,9,11,17,47,77,87,58,11,7,80,35,35,36,2,13,43,5,83,32,17,9,107,3,9,5,6,1,Scottie Barnes,Scottie,1610612761,TOR,24.0,7,3,4,0.429,39.0,108.8,111.7,111.7,110.0,111.7,111.7,-1.2,0.1,0.1,0.359,2.5,26.8,0.04,0.113,0.078,10.7,10.7,0.543,0.605,0.256,0.26,99.68,97.64,81.37,97.64,0.163,554,59,116,8.4,16.6,0.509,89,88,77,95,9,82,66,66,135,149,149,93,91,91,6,36,31,102,115,118,132,134,79,62,33,35,70,126,126,19,33,40,11,17,47,1,73.2
1631101,Shaedon Sharpe,Shaedon,1610612757,POR,23.0,5,1,4,0.2,13.4,2.8,6.8,0.412,0.6,2.2,0.273,1.0,1.6,0.625,0.6,1.0,1.6,0.6,0.0,0.4,0.4,0.4,1.0,1.6,7.2,0.4,12.4,0,0,11.6,155,163,62,179,125,98,92,135,116,110,125,92,84,137,109,145,145,142,200,124,79,88,147,89,100,80,114,49,5,117,1,Shaedon Sharpe,Shaedon,1610612757,POR,23.0,5,1,4,0.2,13.4,108.2,109.7,109.7,109.5,111.5,111.5,-1.4,-1.8,-1.8,0.07,0.0,7.3,0.039,0.082,0.058,0.0,0.0,0.456,0.48,0.235,0.241,95.97,94.45,78.71,94.45,0.079,134,14,34,2.8,6.8,0.412,155,163,77,179,125,89,84,84,126,147,147,95,108,108,163,183,186,107,171,160,1,1,157,164,44,49,168,199,199,127,118,116,98,92,135,1,37.0
1628983,Shai Gilgeous-Alexander,Shai,1610612760,OKC,27.0,15,11,4,0.733,36.3,8.8,19.0,0.463,1.2,3.9,0.305,8.8,9.9,0.892,0.4,2.5,2.9,7.9,3.1,1.3,0.9,0.7,2.3,7.3,27.6,2.6,46.4,2,0,43.9,29,21,62,26,22,8,11,85,71,69,111,1,2,37,144,88,105,3,18,32,26,52,81,2,2,36,6,20,5,7,1,Shai Gilgeous-Alexander,Shai,1610612760,OKC,27.0,15,11,4,0.733,36.3,115.3,116.3,116.3,112.3,113.8,113.8,3.0,2.5,2.5,0.367,2.59,23.1,0.011,0.067,0.039,8.9,8.9,0.495,0.591,0.308,0.318,98.76,97.73,81.45,97.73,0.157,1113,132,285,8.8,19.0,0.463,29,21,77,26,22,31,28,28,163,168,168,66,76,76,5,34,47,181,184,196,109,109,129,70,12,13,101,125,125,24,5,5,8,11,85,1,88.3
1631321,Sidy Cissoko,Sidy,1610612757,POR,22.0,4,0,4,0.0,6.5,1.0,2.5,0.4,0.5,1.3,0.4,0.3,0.3,1.0,0.5,0.8,1.3,0.3,0.3,1.0,0.0,0.0,1.0,0.8,2.8,1.5,7.4,0,0,6.8,172,196,62,196,166,150,151,143,124,139,46,166,180,1,121,172,161,181,175,50,154,158,147,132,155,52,146,49,5,149,1,Sidy Cissoko,Sidy,1610612757,POR,22.0,4,0,4,0.0,6.5,100.3,94.7,94.7,93.0,87.3,87.3,7.3,7.5,7.5,0.067,1.0,8.3,0.061,0.143,0.093,8.3,8.0,0.5,0.527,0.162,0.185,96.76,102.79,85.65,102.79,0.112,57,4,10,1.0,2.5,0.4,172,196,77,196,166,169,191,191,19,20,20,46,51,51,167,135,172,61,73,84,97,93,111,129,125,98,150,35,35,69,164,170,150,151,143,1,15.6
1642461,Spencer Jones,Spencer,1610612743,DEN,24.0,6,2,4,0.333,24.2,2.2,3.2,0.684,1.5,2.2,0.692,0.7,0.8,0.8,0.5,1.5,2.0,0.3,0.7,0.7,1.2,0.0,3.3,0.5,6.5,-2.8,14.2,0,0,14.0,119,128,62,138,86,109,136,13,56,111,7,122,130,74,121,125,127,171,111,80,14,158,22,153,106,172,107,49,5,105,1,Spencer Jones,Spencer,1610612743,DEN,24.0,6,2,4,0.333,24.2,107.5,108.4,108.4,109.1,110.9,110.9,-1.6,-2.5,-2.5,0.022,0.5,7.4,0.023,0.058,0.042,14.8,14.7,0.921,0.92,0.078,0.082,96.82,95.62,79.69,95.62,0.056,285,13,19,2.2,3.2,0.684,119,128,77,138,86,99,95,95,117,134,134,97,114,114,195,169,185,146,194,193,183,182,10,9,224,223,146,176,176,165,122,143,109,136,13,1,12.8
1642264,Stephon Castle,Stephon,1610612759,SAS,21.0,21,13,8,0.619,33.5,6.3,13.3,0.477,1.6,4.5,0.362,4.7,5.8,0.811,1.4,3.6,5.0,6.3,3.5,1.0,0.4,0.9,3.8,5.5,19.0,4.1,35.0,3,0,34.6,1,7,10,41,40,30,36,80,55,56,70,17,20,73,43,59,57,8,10,61,84,34,9,14,29,25,29,9,5,28,1,Stephon Castle,Stephon,1610612759,SAS,21.0,21,13,8,0.619,33.5,111.7,112.7,112.7,103.8,105.8,105.8,7.9,6.9,6.9,0.301,1.78,24.5,0.042,0.094,0.07,13.8,13.7,0.538,0.6,0.247,0.251,100.71,99.29,82.74,99.29,0.12,1447,133,279,6.3,13.3,0.477,1,7,213,41,40,61,57,57,74,93,93,45,54,54,18,87,42,97,145,133,174,176,85,66,37,43,43,88,88,59,4,6,30,36,80,1,66.2
1631106,Tari Eason,Tari,1610612745,HOU,25.0,6,2,4,0.333,32.5,5.2,10.8,0.477,1.7,5.0,0.333,1.8,2.2,0.846,2.0,4.7,6.7,1.7,0.8,2.5,0.7,0.5,3.7,2.0,13.8,1.7,33.0,1,0,30.2,119,128,62,138,50,51,52,79,51,44,88,63,68,54,23,32,30,86,96,2,49,71,13,66,51,47,33,32,5,38,1,Tari Eason,Tari,1610612745,HOU,25.0,6,2,4,0.333,32.5,107.2,107.9,107.9,104.8,103.6,103.6,2.4,4.3,4.3,0.083,2.0,11.8,0.058,0.155,0.103,5.9,5.8,0.554,0.587,0.168,0.173,94.0,94.21,78.51,94.21,0.125,380,31,65,5.2,10.8,0.477,119,128,77,138,50,103,102,102,81,75,75,68,65,65,145,62,144,65,62,70,51,52,75,74,113,119,201,206,206,51,74,79,51,52,79,1,41.7
1630545,Terrence Shannon Jr.,Terrence,1610612750,MIN,25.0,9,4,5,0.444,22.6,4.2,10.4,0.404,0.9,3.6,0.25,2.4,2.7,0.917,0.6,2.0,2.6,1.3,0.9,0.4,0.0,1.6,2.4,3.6,11.8,-1.9,17.3,0,0,17.4,74,69,51,87,94,64,54,141,97,74,136,48,61,30,116,102,115,99,92,116,154,6,71,37,64,155,97,49,5,97,1,Terrence Shannon Jr.,Terrence,1610612750,MIN,25.0,9,4,5,0.444,22.6,107.0,110.3,110.3,116.1,112.4,112.4,-9.1,-2.1,-2.1,0.089,1.5,9.7,0.02,0.09,0.052,6.5,6.4,0.447,0.507,0.218,0.223,104.07,104.17,86.81,104.17,0.067,437,38,94,4.2,10.4,0.404,74,69,170,87,94,106,83,83,184,153,153,158,111,111,140,103,160,152,153,179,60,60,160,147,56,60,8,20,20,150,62,55,64,54,141,1,46.0
203501,Tim Hardaway Jr.,Tim,1610612743,DEN,34.0,6,2,4,0.333,23.3,3.2,7.5,0.422,1.3,3.8,0.348,3.2,4.0,0.792,1.0,2.3,3.3,0.8,0.7,0.7,0.3,0.5,1.7,2.3,10.8,-0.8,18.4,0,0,18.3,119,128,62,138,91,86,86,126,64,70,82,36,38,81,71,95,91,129,111,80,88,71,117,59,74,128,95,49,5,92,1,Tim Hardaway Jr.,Tim,1610612743,DEN,34.0,6,2,4,0.333,23.3,105.0,107.0,107.0,108.9,109.8,109.8,-3.9,-2.8,-2.8,0.061,1.25,7.9,0.041,0.091,0.066,6.3,6.2,0.511,0.585,0.173,0.183,103.2,101.77,84.81,101.77,0.09,298,19,45,3.2,7.5,0.422,119,128,77,138,91,125,113,113,112,122,122,117,119,119,174,121,178,101,150,146,58,55,100,75,106,100,15,51,51,101,105,102,86,86,126,1,36.7
202699,Tobias Harris,Tobias,1610612765,DET,33.0,14,7,7,0.5,34.6,6.5,15.3,0.425,1.4,4.6,0.292,3.7,4.5,0.825,1.1,6.1,7.2,1.6,1.1,1.5,0.8,0.8,2.6,2.9,18.1,0.7,35.0,2,0,32.9,38,45,19,53,34,28,26,123,63,52,117,29,31,66,64,15,23,90,74,20,38,44,60,47,31,70,28,20,5,32,1,Tobias Harris,Tobias,1610612765,DET,33.0,14,7,7,0.5,34.6,109.4,112.3,112.3,108.8,110.6,110.6,0.5,1.6,1.6,0.078,1.53,8.2,0.034,0.171,0.104,5.4,5.4,0.47,0.523,0.228,0.231,96.81,94.77,78.97,94.77,0.121,955,91,214,6.5,15.3,0.425,38,45,197,53,34,75,64,64,111,131,131,80,83,83,150,102,175,120,50,68,48,47,149,135,50,53,147,194,194,58,16,10,28,26,123,1,63.0
1628396,Tony Bradley,Tony,1610612737,ATL,28.0,4,1,3,0.25,10.2,0.8,1.0,0.75,0.3,0.3,1.0,1.0,1.5,0.667,0.3,2.5,2.8,0.8,0.3,0.5,0.8,0.3,1.8,1.3,2.8,-0.8,10.7,0,0,9.0,172,163,155,176,145,165,194,8,153,186,1,92,90,125,168,89,109,134,175,98,41,112,113,103,155,126,125,49,5,130,1,Tony Bradley,Tony,1610612737,ATL,28.0,4,1,3,0.25,10.2,94.5,96.3,96.3,102.1,101.3,101.3,-7.6,-5.0,-5.0,0.125,3.0,27.3,0.02,0.227,0.116,9.1,9.4,0.875,0.828,0.079,0.08,95.54,95.02,79.18,95.02,0.151,81,3,4,0.8,1.0,0.75,172,163,49,176,145,200,185,185,59,59,59,148,139,139,105,22,25,154,19,52,111,117,12,13,223,225,182,190,190,30,176,193,165,194,8,1,4.8
1641739,Toumani Camara,Toumani,1610612757,POR,26.0,5,1,4,0.2,33.0,2.2,7.6,0.289,1.4,5.4,0.259,1.2,1.2,1.0,1.6,3.8,5.4,1.2,1.4,1.4,0.6,0.6,2.6,3.2,7.0,-8.8,19.9,0,0,19.0,155,163,62,179,47,107,85,192,61,40,132,83,106,1,33,54,49,104,59,24,56,61,59,44,102,212,91,49,5,91,1,Toumani Camara,Toumani,1610612757,POR,26.0,5,1,4,0.2,33.0,99.1,101.8,101.8,115.6,115.6,115.6,-16.5,-13.9,-13.9,0.054,0.86,11.1,0.041,0.122,0.077,13.0,13.0,0.382,0.431,0.119,0.121,100.37,99.0,82.5,99.0,0.043,342,11,38,2.2,7.6,0.289,155,163,77,179,47,181,162,162,179,183,183,194,179,179,177,151,148,99,99,122,169,169,182,180,194,196,52,94,94,187,128,109,107,85,192,1,28.7
1630570,Trendon Watford,Trendon,1610612755,PHI,25.0,7,2,5,0.286,5.7,1.0,1.6,0.636,0.0,0.1,0.0,0.9,1.1,0.75,0.0,0.4,0.4,0.4,0.3,0.4,0.0,0.0,0.3,0.6,2.9,-0.7,5.0,0,0,4.6,89,128,51,174,175,150,181,22,170,190,170,106,110,95,191,191,200,166,168,120,154,158,197,148,150,124,169,49,5,174,1,Trendon Watford,Trendon,1610612755,PHI,25.0,7,2,5,0.286,5.7,95.2,92.9,92.9,101.8,98.8,98.8,-6.7,-5.9,-5.9,0.136,1.5,15.0,0.0,0.083,0.04,10.0,10.2,0.636,0.689,0.185,0.188,99.62,102.34,85.28,102.34,0.149,85,7,11,1.0,1.6,0.636,89,128,170,174,175,195,196,196,53,44,44,145,143,143,97,103,120,191,168,195,124,128,35,28,92,96,71,42,42,32,147,167,150,181,22,1,19.3
1641783,Tristan da Silva,Tristan,1610612753,ORL,25.0,7,3,4,0.429,15.3,1.6,4.1,0.379,0.7,2.3,0.313,0.3,0.6,0.5,1.0,1.9,2.9,0.1,0.7,0.1,0.0,0.1,1.1,0.4,4.1,-1.7,7.5,0,0,8.1,89,88,62,95,118,130,120,157,107,107,106,162,148,152,71,107,106,196,106,169,154,136,143,167,134,152,143,49,5,135,1,Tristan da Silva,Tristan,1610612753,ORL,25.0,7,3,4,0.429,15.3,97.1,94.1,94.1,102.5,101.8,101.8,-5.5,-7.7,-7.7,0.016,0.2,2.7,0.059,0.123,0.089,13.5,13.6,0.466,0.471,0.141,0.148,96.34,98.17,81.81,98.17,0.043,222,11,29,1.6,4.1,0.379,89,88,77,95,118,186,193,193,65,62,62,135,155,155,198,180,199,62,98,90,172,173,151,171,162,162,161,114,114,186,128,126,130,120,157,1,19.6
1642278,Tyler Kolek,Tyler,1610612752,NYK,25.0,8,8,0,1.0,6.7,1.4,3.1,0.44,0.5,1.1,0.444,0.3,0.3,1.0,0.1,0.6,0.8,1.5,0.4,0.0,0.1,0.1,0.4,0.3,3.5,-0.8,6.7,0,0,6.5,84,32,226,1,165,139,140,111,124,145,33,166,180,1,185,181,186,92,160,182,138,143,190,181,140,126,150,49,5,151,1,Tyler Kolek,Tyler,1610612752,NYK,25.0,8,8,0,1.0,6.7,99.9,99.1,99.1,103.9,103.5,103.5,-4.0,-4.4,-4.4,0.387,4.0,29.3,0.018,0.083,0.052,7.3,7.3,0.52,0.541,0.22,0.227,101.55,102.12,85.1,102.12,0.136,113,11,25,1.4,3.1,0.44,84,32,1,1,165,175,177,177,76,74,74,118,134,134,3,9,20,157,168,178,79,79,91,120,55,56,28,43,43,39,128,131,139,140,111,1,25.9
1630178,Tyrese Maxey,Tyrese,1610612755,PHI,25.0,11,4,7,0.364,39.7,8.7,19.2,0.455,2.4,6.7,0.351,3.9,4.4,0.896,0.4,3.6,4.0,5.9,2.1,0.8,0.4,1.0,2.0,3.6,23.7,-7.8,38.8,2,0,38.4,54,69,19,132,5,9,10,96,22,18,80,27,33,36,152,58,70,12,35,73,85,21,93,34,13,209,17,20,5,18,1,Tyrese Maxey,Tyrese,1610612755,PHI,25.0,11,4,7,0.364,39.7,108.6,110.7,110.7,118.7,121.3,121.3,-10.1,-10.6,-10.6,0.26,2.83,20.4,0.009,0.09,0.05,7.2,7.2,0.517,0.562,0.261,0.267,96.05,94.1,78.42,94.1,0.125,859,96,211,8.7,19.2,0.455,54,69,197,132,5,84,77,77,192,203,203,163,168,168,27,27,71,185,152,182,76,76,94,98,31,32,167,207,207,52,14,12,9,10,96,1,74.4
1626145,Tyus Jones,Tyus,1610612743,DEN,30.0,3,1,2,0.333,10.1,1.3,2.7,0.5,0.0,0.3,0.0,0.3,0.7,0.5,0.0,0.0,0.0,1.7,0.0,0.7,0.0,0.0,1.0,1.7,3.0,-0.7,7.5,0,0,6.0,196,163,183,138,146,140,149,51,170,182,170,151,139,152,191,210,216,86,200,80,154,158,147,86,147,119,143,49,5,155,1,Tyus Jones,Tyus,1610612743,DEN,30.0,3,1,2,0.333,10.1,103.3,108.2,108.2,111.2,109.7,109.7,-7.9,-1.5,-1.5,0.25,0.0,35.7,0.0,0.0,0.0,0.0,0.0,0.5,0.507,0.132,0.133,99.26,97.61,81.34,97.61,0.082,61,4,8,1.3,2.7,0.5,196,163,26,138,146,138,97,97,148,118,118,150,106,106,29,183,8,191,210,216,1,1,111,148,172,184,82,131,131,119,164,176,140,149,51,1,13.4
1642845,VJ Edgecombe,VJ,1610612755,PHI,20.0,11,4,7,0.364,37.0,5.5,13.2,0.414,1.9,6.5,0.292,1.2,1.6,0.722,2.1,4.0,6.1,3.4,1.6,1.0,0.4,0.5,2.6,1.7,14.0,-3.5,28.8,2,0,28.1,54,69,19,132,19,50,37,132,37,20,118,86,83,112,21,46,37,40,48,50,85,68,57,85,50,179,48,20,5,46,1,VJ Edgecombe,VJ,1610612755,PHI,20.0,11,4,7,0.364,37.0,109.1,111.4,111.4,115.0,115.7,115.7,-5.8,-4.3,-4.3,0.14,2.06,17.8,0.056,0.105,0.081,8.7,8.7,0.486,0.504,0.189,0.192,95.57,94.27,78.56,94.27,0.078,798,60,145,5.5,13.2,0.414,54,69,197,132,19,77,71,71,175,184,184,139,132,132,95,61,96,69,130,109,103,102,134,151,88,95,181,204,204,130,31,25,50,37,132,1,50.5
1641705,Victor Wembanyama,Victor,1610612759,SAS,22.0,20,12,8,0.6,33.4,8.0,16.0,0.502,1.8,5.0,0.36,6.3,7.3,0.862,2.2,8.4,10.6,2.8,2.9,1.1,3.5,0.4,2.6,7.1,24.1,9.9,51.8,10,1,48.4,7,17,10,47,41,14,20,50,42,44,71,9,8,47,19,3,4,49,21,48,1,93,64,5,11,8,2,2,3,2,1,Victor Wembanyama,Victor,1610612759,SAS,22.0,20,12,8,0.6,33.4,114.8,114.7,114.7,98.5,100.3,100.3,16.3,14.4,14.4,0.144,0.98,11.4,0.067,0.214,0.147,11.6,11.5,0.558,0.628,0.279,0.288,99.82,98.96,82.47,98.96,0.198,1378,160,319,8.0,16.0,0.502,7,17,213,47,41,35,40,40,37,53,53,25,31,31,91,147,147,51,25,28,149,148,73,51,21,22,63,95,95,11,3,3,14,20,50,1,76.5
1628976,Wendell Carter Jr.,Wendell,1610612753,ORL,27.0,7,3,4,0.429,33.8,3.6,6.9,0.521,0.7,2.6,0.278,3.1,4.4,0.71,2.9,4.1,7.0,2.9,1.4,0.6,1.7,1.0,4.0,3.6,11.0,-2.1,29.1,2,0,26.1,89,88,62,95,39,80,90,44,107,98,124,38,32,115,11,44,25,47,56,93,5,21,4,36,72,158,45,20,5,56,1,Wendell Carter Jr.,Wendell,1610612753,ORL,27.0,7,3,4,0.429,33.8,106.2,108.8,108.8,111.3,112.7,112.7,-5.1,-3.9,-3.9,0.131,2.0,21.5,0.079,0.125,0.101,10.8,10.9,0.573,0.625,0.132,0.133,98.24,96.43,80.36,96.43,0.089,477,25,48,3.6,6.9,0.521,89,88,77,95,39,115,91,91,150,157,157,130,127,127,103,62,61,40,91,73,134,135,69,53,173,183,115,160,160,102,92,98,80,90,44,1,34.9
1642258,Zaccharie Risacher,Zaccharie,1610612737,ATL,21.0,3,0,3,0.0,7.6,1.7,4.7,0.357,0.3,1.7,0.2,0.0,0.0,0.0,1.3,1.7,3.0,0.0,0.0,0.0,0.0,0.3,0.7,0.0,3.7,-0.7,7.3,0,0,7.0,196,196,155,196,161,126,111,168,143,129,155,184,187,184,46,121,102,200,200,182,154,94,168,200,139,119,147,49,5,146,1,Zaccharie Risacher,Zaccharie,1610612737,ATL,21.0,3,0,3,0.0,7.6,102.7,106.7,106.7,112.0,111.1,111.1,-9.3,-4.4,-4.4,0.0,0.0,0.0,0.121,0.2,0.155,0.0,0.0,0.393,0.393,0.241,0.256,96.52,95.08,79.24,95.08,0.077,45,5,14,1.7,4.7,0.357,196,196,49,196,161,143,116,116,160,139,139,159,135,135,200,183,200,19,31,25,1,1,178,191,42,39,154,189,189,131,158,154,126,111,168,1,29.7
