PLAYER_ID,PLAYER_NAME,NICKNAME,TEAM_ID,TEAM_ABBREVIATION,AGE,GP,W,L,W_PCT,MIN,FGM,FGA,FG_PCT,FG3M,FG3A,FG3_PCT,FTM,FTA,FT_PCT,OREB,DREB,REB,AST,TOV,STL,BLK,BLKA,PF,PFD,PTS,PLUS_MINUS,NBA_FANTASY_PTS,DD2,TD3,WNBA_FANTASY_PTS,GP_RANK,W_RANK,L_RANK,W_PCT_RANK,MIN_RANK,FGM_RANK,FGA_RANK,FG_PCT_RANK,FG3M_RANK,FG3A_RANK,FG3_PCT_RANK,FTM_RANK,FTA_RANK,FT_PCT_RANK,OREB_RANK,DREB_RANK,REB_RANK,AST_RANK,TOV_RANK,STL_RANK,BLK_RANK,BLKA_RANK,PF_RANK,PFD_RANK,PTS_RANK,PLUS_MINUS_RANK,NBA_FANTASY_PTS_RANK,DD2_RANK,TD3_RANK,WNBA_FANTASY_PTS_RANK,TEAM_COUNT,PLAYER_NAME_adv,NICKNAME_adv,TEAM_ID_adv,TEAM_ABBREVIATION_adv,AGE_adv,GP_adv,W_adv,L_adv,W_PCT_adv,MIN_adv,E_OFF_RATING,OFF_RATING,sp_work_OFF_RATING,E_DEF_RATING,DEF_RATING,sp_work_DEF_RATING,E_NET_RATING,NET_RATING,sp_work_NET_RATING,AST_PCT,AST_TO,AST_RATIO,OREB_PCT,DREB_PCT,REB_PCT,TM_TOV_PCT,E_TOV_PCT,EFG_PCT,TS_PCT,USG_PCT,E_USG_PCT,E_PACE,PACE,PACE_PER40,sp_work_PACE,PIE,POSS,FGM_adv,FGA_adv,FGM_PG,FGA_PG,FG_PCT_adv,GP_RANK_adv,W_RANK_adv,L_RANK_adv,W_PCT_RANK_adv,MIN_RANK_adv,E_OFF_RATING_RANK,OFF_RATING_RANK,sp_work_OFF_RATING_RANK,E_DEF_RATING_RANK,DEF_RATING_RANK,sp_work_DEF_RATING_RANK,E_NET_RATING_RANK,NET_RATING_RANK,sp_work_NET_RATING_RANK,AST_PCT_RANK,AST_TO_RANK,AST_RATIO_RANK,OREB_PCT_RANK,DREB_PCT_RANK,REB_PCT_RANK,TM_TOV_PCT_RANK,E_TOV_PCT_RANK,EFG_PCT_RANK,TS_PCT_RANK,USG_PCT_RANK,E_USG_PCT_RANK,E_PACE_RANK,PACE_RANK,sp_work_PACE_RANK,PIE_RANK,FGM_RANK_adv,FGA_RANK_adv,FGM_PG_RANK,FGA_PG_RANK,FG_PCT_RANK_adv,TEAM_COUNT_adv,VOLUME_SCORE,FG3A_RATE,FTA_RATE,EXPECTED_TS,TS_ABOVE_EXPECTED,TS_PCT_SCALED,TS_ABOVE_EXPECTED_SCALED,EFFICIENCY_SCORE,AVG_SHOT_DISTANCE,PCT_PULLUP,PCT_LATE_CLOCK,PCT_MIDRANGE,PCT_RESTRICTED_HARD,PCT_RESTRICTED_EASY,TOTAL_SHOTS,SHOT_DIFFICULTY_SCORE,TS_X_DIFFICULTY,TS_X_DIFFICULTY_SCALED,EFFICIENCY_SCORE_SCALED,DIFFICULTY_ADJ_EFFICIENCY
1630639,A.J. Lawson,A.J.,1610612761,TOR,25.0,7,3,4,0.429,7.2,0.6,2.3,0.25,0.3,1.1,0.25,0.3,0.3,1.0,0.0,0.4,0.4,0.6,0.3,0.0,0.3,0.3,1.1,0.6,1.7,1.0,3.7,0,0,3.6,89,88,62,95,163,183,158,198,149,143,136,162,175,1,191,191,200,144,168,182,96,105,144,147,181,62,189,49,5,189,1,A.J. Lawson,A.J.,1610612761,TOR,25.0,7,3,4,0.429,7.2,113.4,116.5,116.5,109.6,110.8,110.8,3.8,5.7,5.7,0.108,2.0,17.4,0.0,0.068,0.033,8.7,8.7,0.313,0.355,0.157,0.162,99.08,97.2,81.0,97.2,-0.011,103,4,16,0.6,2.3,0.25,89,88,77,95,163,46,29,29,128,133,133,61,60,60,126,63,100,191,183,204,102,103,199,200,133,136,89,140,140,214,164,148,183,158,198,1,15.7,0.4782608695652174,0.1304347826086956,0.5214363018752186,-0.1664363018752186,0.3813104189044038,0.3700106780387716,37.7,13.125,0.0,0.0,0.0,0.4375,0.0,16,44.1,0.156555,0.30911377708978327,0.37700000000000006,34.3
203932,Aaron Gordon,Aaron,1610612743,DEN,30.0,3,1,2,0.333,29.8,4.0,10.0,0.4,1.0,4.7,0.214,2.3,3.3,0.7,1.3,4.0,5.3,2.3,0.3,0.0,0.3,0.3,3.0,3.3,11.3,0.0,21.9,0,0,20.7,196,163,183,138,68,65,57,143,82,51,152,51,43,120,46,46,51,63,161,182,88,94,32,43,67,89,80,49,5,86,1,Aaron Gordon,Aaron,1610612743,DEN,30.0,3,1,2,0.333,29.8,108.0,110.5,110.5,109.6,110.5,110.5,-1.5,0.0,0.0,0.109,7.0,16.3,0.04,0.125,0.082,2.3,2.4,0.45,0.494,0.175,0.172,103.71,102.09,85.07,102.09,0.064,190,12,30,4.0,10.0,0.4,196,163,26,138,68,94,79,79,127,131,131,96,92,92,123,2,113,103,91,105,32,32,159,159,102,121,9,44,44,158,125,124,65,57,143,1,41.3,0.47,0.3299999999999999,0.5442924698718974,-0.0502924698718973,0.5306122448979592,0.5024001697435015,51.9,15.066666666666666,0.23333333333333334,0.0,0.13333333333333333,0.1,0.03333333333333333,30,50.2,0.247988,0.4896458583433373,0.519,50.4
1628988,Aaron Holiday,Aaron,1610612745,HOU,29.0,6,2,4,0.333,11.1,1.0,3.7,0.273,0.7,2.5,0.267,0.0,0.0,0.0,0.0,0.3,0.3,0.5,0.5,0.3,0.2,0.2,1.0,0.3,2.7,0.2,4.8,0,0,5.2,120,128,62,138,138,150,126,197,111,99,129,184,187,184,191,195,205,151,138,133,127,127,148,173,160,86,173,49,5,163,1,Aaron Holiday,Aaron,1610612745,HOU,29.0,6,2,4,0.333,11.1,96.3,100.8,100.8,98.1,97.8,97.8,-1.8,3.0,3.0,0.077,1.0,10.7,0.0,0.029,0.014,10.7,10.7,0.364,0.364,0.155,0.164,97.31,95.33,79.44,95.33,-0.008,131,6,22,1.0,3.7,0.273,120,128,77,138,138,190,164,164,36,41,41,98,72,72,152,135,152,191,208,215,132,133,189,199,137,131,137,185,185,212,151,137,150,126,197,1,18.2,0.6756756756756757,0.0,0.498151428805215,-0.134151428805215,0.3909774436090225,0.4068114091819225,39.7,18.09090909090909,0.13636363636363635,0.0,0.0,0.13636363636363635,0.0,22,44.3,0.16125199999999998,0.31838788146837677,0.397,35.8
1630598,Aaron Wiggins,Aaron,1610612760,OKC,27.0,13,10,3,0.769,5.8,0.7,1.9,0.36,0.1,0.7,0.111,0.0,0.0,0.0,0.1,0.3,0.4,0.4,0.3,0.1,0.1,0.2,0.3,0.1,1.5,0.0,2.7,0,0,2.6,44,29,155,22,173,170,172,167,167,169,165,184,187,184,190,201,203,170,167,180,148,116,194,199,191,89,200,49,5,199,1,Aaron Wiggins,Aaron,1610612760,OKC,27.0,13,10,3,0.769,5.8,108.3,103.8,103.8,109.2,107.9,107.9,-0.8,-4.1,-4.1,0.104,1.25,14.7,0.013,0.056,0.034,11.8,11.8,0.38,0.38,0.163,0.177,95.51,98.14,81.79,98.14,0.02,157,9,25,0.7,1.9,0.36,44,29,49,22,173,88,141,141,120,107,107,88,130,130,130,121,122,177,195,202,153,154,183,195,121,111,183,115,115,201,138,131,170,172,167,1,16.6,0.3684210526315789,0.0,0.5095755051252264,-0.1295755051252264,0.4081632653061224,0.4120273918098764,41.0,14.24,0.44,0.04,0.28,0.16,0.0,25,72.6,0.27588,0.5447178871548619,0.41000000000000003,47.7
1641737,Adem Bona,Adem,1610612755,PHI,23.0,10,3,7,0.3,9.6,0.8,1.6,0.5,0.0,0.0,0.0,1.0,1.6,0.625,1.1,1.0,2.1,0.1,1.1,0.1,0.7,0.3,2.3,1.3,2.6,0.3,6.6,0,0,6.4,63,88,21,173,147,163,179,50,170,198,170,91,85,136,67,145,126,199,72,177,47,104,78,100,162,82,151,49,5,153,1,Adem Bona,Adem,1610612755,PHI,23.0,10,3,7,0.3,9.6,104.8,108.4,108.4,105.7,106.8,106.8,-0.9,1.6,1.6,0.015,0.09,2.8,0.107,0.096,0.101,30.6,31.4,0.5,0.564,0.158,0.156,97.58,95.4,79.5,95.4,-0.003,190,8,16,0.8,1.6,0.5,63,88,197,173,147,126,95,95,88,99,99,90,84,84,199,182,198,25,142,72,216,218,109,94,132,153,126,184,184,210,143,148,163,179,50,1,18.4,0.0,1.0,0.6447419978984095,-0.0807419978984095,0.6058002148227711,0.4676915031828563,55.1,3.0625,0.125,0.0,0.0,0.3125,0.0625,16,30.9,0.174276,0.3441034308460226,0.551,44.8
1642876,Adou Thiero,Adou,1610612747,LAL,22.0,6,1,5,0.167,5.6,0.5,1.0,0.5,0.0,0.3,0.0,0.5,1.0,0.5,0.8,1.2,2.0,0.2,0.7,0.0,0.0,0.0,0.8,0.7,1.5,-0.7,3.5,0,0,3.7,120,163,51,193,178,188,194,50,170,182,170,130,114,152,94,143,127,192,111,182,154,158,161,136,187,119,190,49,5,188,1,Adou Thiero,Adou,1610612747,LAL,22.0,6,1,5,0.167,5.6,111.4,111.4,111.4,135.2,126.2,126.2,-23.8,-14.7,-14.7,0.045,0.25,7.7,0.147,0.2,0.174,30.8,29.3,0.5,0.521,0.141,0.154,93.48,96.6,80.5,96.6,0.033,70,3,6,0.5,1.0,0.5,120,163,170,193,178,62,70,70,224,220,220,217,186,186,184,179,179,12,31,16,217,216,109,136,162,155,204,154,154,194,176,186,188,194,50,1,11.7,0.3,1.0,0.6343387672925334,-0.1133387672925333,0.5596133190118153,0.4305352491066094,50.8,8.833333333333334,0.0,0.0,0.0,0.3333333333333333,0.3333333333333333,6,28.7,0.149527,0.2952371738168952,0.508,40.2
1642349,Ajay Mitchell,Ajay,1610612760,OKC,23.0,11,10,1,0.909,28.8,5.7,12.5,0.46,1.2,3.6,0.325,2.5,2.7,0.9,1.2,2.5,3.7,4.3,1.4,1.5,0.1,0.5,1.8,3.2,15.1,13.7,29.5,1,0,27.5,54,29,206,6,74,40,40,92,73,73,101,47,57,34,60,87,81,29,62,19,145,68,110,45,43,2,44,32,5,49,1,Ajay Mitchell,Ajay,1610612760,OKC,23.0,11,10,1,0.909,28.8,125.3,125.7,125.7,102.6,103.0,103.0,22.7,22.7,22.7,0.194,3.13,22.2,0.046,0.094,0.071,7.1,7.1,0.507,0.553,0.223,0.231,97.39,97.07,80.9,97.07,0.122,643,63,137,5.7,12.5,0.46,54,29,6,6,74,7,4,4,64,68,68,15,19,19,60,20,58,90,147,132,71,71,104,109,53,53,132,144,144,55,29,30,40,40,92,1,52.6,0.288,0.216,0.5338118192504703,0.0191881807495297,0.5939849624060151,0.5815994510176171,58.9,12.116788321167883,0.34306569343065696,0.014598540145985401,0.1386861313868613,0.1897810218978102,0.0,137,57.5,0.317975,0.6278333701901814,0.589,60.8
1627936,Alex Caruso,Alex,1610612760,OKC,32.0,15,11,4,0.733,23.5,3.7,7.7,0.478,2.2,4.9,0.446,1.5,1.8,0.815,0.4,2.6,3.0,2.1,0.9,1.4,0.5,0.1,2.1,1.5,11.0,8.1,22.4,0,0,22.0,30,21,62,26,88,79,82,74,26,49,32,74,78,72,143,85,102,77,91,24,68,142,89,94,72,9,77,49,5,77,1,Alex Caruso,Alex,1610612760,OKC,32.0,15,11,4,0.733,23.5,121.1,120.1,120.1,103.5,103.7,103.7,17.6,16.4,16.4,0.128,2.21,17.9,0.017,0.111,0.064,8.1,8.1,0.622,0.65,0.17,0.176,98.53,98.84,82.37,98.84,0.111,727,55,115,3.7,7.7,0.478,30,21,77,26,88,11,16,16,69,75,75,22,26,26,104,56,94,160,118,148,94,95,43,41,111,114,108,96,96,72,41,41,79,82,74,1,35.8,0.6363636363636364,0.2337662337662337,0.5265869639482066,0.1234130360517934,0.6981740064446832,0.7004027949271856,69.9,17.008695652173913,0.14782608695652175,0.017391304347826087,0.034782608695652174,0.13043478260869565,0.0,115,45.9,0.29835,0.5890843179377014,0.6990000000000001,64.4
1630578,Alperen Sengun,Alperen,1610612745,HOU,23.0,6,2,4,0.333,38.7,7.7,16.5,0.465,0.2,1.3,0.125,4.8,7.0,0.69,3.5,6.7,10.2,4.7,3.0,1.8,1.3,1.5,3.5,7.2,20.3,-0.5,46.0,3,0,41.7,120,128,62,138,11,18,18,84,162,133,164,16,11,122,2,8,5,26,19,13,10,7,14,4,23,111,7,9,5,9,1,Alperen Sengun,Alperen,1610612745,HOU,23.0,6,2,4,0.333,38.7,99.5,103.5,103.5,105.3,104.9,104.9,-5.8,-1.4,-1.4,0.226,1.56,17.3,0.08,0.203,0.132,11.1,11.0,0.47,0.519,0.247,0.253,95.57,93.85,78.2,93.85,0.145,455,46,99,7.7,16.5,0.465,120,128,77,138,11,179,146,146,85,86,86,138,104,104,45,101,101,39,30,38,139,139,147,138,36,42,179,210,210,33,47,49,18,18,84,1,70.3,0.0787878787878788,0.4242424242424242,0.5651204746255204,-0.0461204746255203,0.5574650912996778,0.5071557243049062,53.7,7.222222222222222,0.3333333333333333,0.030303030303030304,0.030303030303030304,0.2222222222222222,0.0707070707070707,99,46.1,0.23925900000000003,0.47241067479623433,0.537,50.5
1641708,Amen Thompson,Amen,1610612745,HOU,23.0,6,2,4,0.333,44.1,7.0,14.3,0.488,0.3,1.3,0.25,4.8,6.8,0.707,2.5,4.5,7.0,5.7,2.5,2.0,1.2,2.5,3.2,5.3,19.2,1.2,43.1,1,0,38.5,120,128,62,138,1,22,31,69,143,133,136,16,14,116,14,36,25,14,27,7,14,2,26,16,26,58,10,32,5,16,1,Amen Thompson,Amen,1610612745,HOU,23.0,6,2,4,0.333,44.1,102.6,105.5,105.5,103.7,103.1,103.1,-1.1,2.4,2.4,0.231,2.27,22.2,0.052,0.114,0.08,9.8,9.8,0.5,0.553,0.197,0.201,94.09,93.02,77.52,93.02,0.125,510,42,86,7.0,14.3,0.488,120,128,77,138,1,147,124,124,71,69,69,91,78,78,43,53,53,78,112,111,120,120,109,108,74,87,200,216,216,53,54,62,22,31,69,1,61.8,0.0909090909090909,0.4755244755244754,0.5748990227462648,-0.0218990227462647,0.5939849624060151,0.5347651603578989,57.0,8.209302325581396,0.22093023255813954,0.03488372093023256,0.12790697674418605,0.26744186046511625,0.046511627906976744,86,49.2,0.27207600000000004,0.5372069880583813,0.5700000000000001,55.4
203083,Andre Drummond,Andre,1610612755,PHI,32.0,11,4,7,0.364,12.9,1.5,2.1,0.696,0.4,0.7,0.5,0.6,0.9,0.7,1.1,3.2,4.3,0.6,0.8,0.4,0.2,0.2,2.5,1.1,3.9,-3.4,10.8,0,0,10.3,54,69,21,132,128,136,163,11,142,167,16,128,125,120,68,73,66,141,97,131,124,125,69,112,137,176,123,49,5,124,1,Andre Drummond,Andre,1610612755,PHI,32.0,11,4,7,0.364,12.9,111.7,112.4,112.4,126.2,126.3,126.3,-14.5,-14.0,-14.0,0.071,0.78,15.9,0.088,0.276,0.179,20.5,20.7,0.783,0.785,0.112,0.116,95.82,95.5,79.59,95.5,0.089,283,16,23,1.5,2.1,0.696,54,69,197,132,128,60,59,59,213,222,222,183,182,182,158,155,115,35,9,13,208,208,13,15,202,201,172,180,180,103,111,135,136,163,11,1,13.1,0.3333333333333333,0.4285714285714285,0.5666701678041147,0.2183298321958853,0.8431793770139635,0.8085961116019657,82.9,9.130434782608695,0.0,0.0,0.0,0.043478260869565216,0.30434782608695654,23,16.6,0.13031,0.2572937069564668,0.8290000000000001,54.3
1641710,Anthony Black,Anthony,1610612753,ORL,22.0,7,3,4,0.429,27.9,2.9,7.7,0.37,1.0,3.1,0.318,1.9,3.0,0.619,0.3,2.9,3.1,1.4,0.7,2.1,0.7,1.0,2.7,1.9,8.6,-8.7,22.3,0,0,19.9,89,88,62,95,77,95,81,162,82,84,103,61,51,140,164,78,100,95,106,5,45,21,50,77,90,211,78,49,5,88,1,Anthony Black,Anthony,1610612753,ORL,22.0,7,3,4,0.429,27.9,91.7,95.4,95.4,109.8,112.7,112.7,-18.1,-17.3,-17.3,0.097,2.0,12.8,0.008,0.106,0.051,6.4,6.4,0.435,0.474,0.144,0.15,98.67,95.48,79.57,95.48,0.068,392,20,54,2.9,7.7,0.37,89,88,77,95,77,207,189,189,130,159,159,200,193,193,133,63,134,187,129,180,60,59,162,167,158,160,103,181,181,146,102,96,95,81,162,1,33.4,0.4025974025974026,0.3896103896103896,0.5566456656227529,-0.0826456656227528,0.5091299677765843,0.4655215592602784,49.2,14.12962962962963,0.2222222222222222,0.037037037037037035,0.09259259259259259,0.09259259259259259,0.018518518518518517,54,47.9,0.22704599999999997,0.4482964238326909,0.49200000000000005,47.0
1630162,Anthony Edwards,Anthony,1610612750,MIN,24.0,10,5,5,0.5,32.4,7.7,18.0,0.428,2.0,6.3,0.317,4.2,5.1,0.824,0.5,5.2,5.7,2.7,2.5,0.5,0.7,1.0,2.9,3.6,21.6,-8.0,33.6,2,0,34.4,63,66,51,53,51,17,14,120,30,24,104,22,27,67,120,24,45,52,27,98,47,21,41,35,20,210,31,20,5,28,1,Anthony Edwards,Anthony,1610612750,MIN,24.0,10,5,5,0.5,32.4,101.7,102.9,102.9,113.9,114.3,114.3,-12.2,-11.4,-11.4,0.145,1.08,10.6,0.013,0.151,0.079,9.8,9.8,0.483,0.533,0.287,0.294,103.24,102.47,85.39,102.47,0.109,692,77,180,7.7,18.0,0.428,63,66,170,53,51,158,151,151,170,174,174,175,172,172,89,133,155,174,65,115,121,122,139,126,19,20,13,39,39,77,22,17,17,14,120,1,74.1,0.35,0.2833333333333333,0.5342417401671147,-0.0012417401671146,0.5725026852846402,0.5583118876656086,56.7,14.28888888888889,0.5277777777777778,0.016666666666666666,0.26666666666666666,0.2111111111111111,0.011111111111111112,180,77.5,0.413075,0.8156058476021988,0.5670000000000001,69.1
1630574,Ariel Hukporti,Ariel,1610612752,NYK,24.0,9,9,0,1.0,8.2,0.6,1.2,0.455,0.0,0.1,0.0,0.8,1.7,0.467,1.4,2.0,3.4,0.2,0.6,0.2,0.7,0.1,2.0,1.1,1.9,1.1,8.5,0,0,7.3,74,32,226,1,159,187,191,98,170,193,170,114,82,173,43,101,87,189,132,153,49,146,91,110,175,60,136,49,5,143,1,Ariel Hukporti,Ariel,1610612752,NYK,24.0,9,9,0,1.0,8.2,119.9,117.4,117.4,111.8,110.5,110.5,8.0,6.9,6.9,0.033,0.4,8.0,0.176,0.254,0.214,20.0,20.3,0.455,0.483,0.12,0.124,103.33,105.03,87.53,105.03,0.038,161,5,11,0.6,1.2,0.455,74,32,1,1,159,14,25,25,159,129,129,45,54,54,190,176,177,6,12,2,205,206,158,163,191,192,12,18,18,192,158,167,187,191,98,1,11.7,0.0833333333333333,1.4166666666666667,0.6946871110266848,-0.2116871110266848,0.518796992481203,0.31843039590533,43.9,4.090909090909091,0.0,0.0,0.0,0.36363636363636365,0.2727272727272727,11,24.7,0.11930099999999999,0.2355567226890756,0.439,33.7
1641709,Ausar Thompson,Ausar,1610612765,DET,23.0,14,7,7,0.5,30.5,3.5,6.9,0.505,0.1,0.5,0.143,1.1,2.2,0.516,3.2,4.6,7.9,3.1,1.6,2.0,1.8,0.6,2.9,1.9,8.2,0.3,32.1,0,0,26.9,38,45,21,53,65,83,89,49,168,173,163,87,66,151,6,34,16,42,47,7,2,66,39,75,92,84,37,49,5,52,1,Ausar Thompson,Ausar,1610612765,DET,23.0,14,7,7,0.5,30.5,107.3,108.0,108.0,103.7,105.5,105.5,3.6,2.5,2.5,0.16,1.91,24.7,0.104,0.147,0.126,12.9,12.9,0.51,0.52,0.136,0.138,96.27,95.17,79.31,95.17,0.109,839,49,97,3.5,6.9,0.505,38,45,197,53,65,101,101,101,72,91,91,62,75,75,76,81,41,27,67,43,166,167,102,137,168,171,162,188,188,76,44,52,83,89,49,1,32.8,0.072463768115942,0.3188405797101449,0.5617650971684552,-0.0417650971684552,0.5585392051557465,0.5121203117287705,54.0,5.329896907216495,0.15463917525773196,0.0,0.05154639175257732,0.17525773195876287,0.1958762886597938,97,29.9,0.15548,0.3069912175396474,0.54,42.3
1630559,Austin Reaves,Austin,1610612747,LAL,28.0,6,1,5,0.167,36.8,6.2,15.2,0.407,1.5,5.8,0.257,6.2,7.2,0.86,0.5,3.5,4.0,5.8,4.5,0.0,1.2,1.3,3.5,5.8,20.0,-10.2,32.6,0,0,33.7,120,163,51,193,20,33,27,139,56,32,134,9,9,49,120,60,69,13,4,182,14,14,14,12,24,218,36,49,5,31,1,Austin Reaves,Austin,1610612747,LAL,28.0,6,1,5,0.167,36.8,105.8,107.6,107.6,120.3,121.3,121.3,-14.5,-13.7,-13.7,0.255,1.3,20.8,0.014,0.108,0.059,16.1,15.7,0.456,0.546,0.265,0.279,95.91,94.73,78.94,94.73,0.083,435,37,91,6.2,15.2,0.407,120,163,170,193,20,119,107,107,202,204,204,182,178,178,28,120,65,170,124,156,191,189,156,116,28,24,170,196,196,117,63,58,33,27,139,1,70.5,0.3815789473684211,0.4736842105263158,0.5576932163601105,-0.0116932163601104,0.5864661654135339,0.5463985075326435,57.0,13.692307692307692,0.3626373626373626,0.054945054945054944,0.054945054945054944,0.2087912087912088,0.01098901098901099,91,58.9,0.321594,0.6349789915966386,0.5700000000000001,60.2
1630245,Ayo Dosunmu,Ayo,1610612750,MIN,26.0,10,4,6,0.4,29.2,5.7,11.4,0.5,1.7,4.0,0.425,2.5,2.7,0.926,0.7,2.9,3.6,4.1,1.5,0.9,0.4,0.7,2.8,1.6,15.6,-7.0,28.5,0,0,27.6,63,69,35,122,72,41,50,50,47,62,38,44,59,29,104,76,83,31,52,63,79,50,44,89,42,202,51,49,5,48,1,Ayo Dosunmu,Ayo,1610612750,MIN,26.0,10,4,6,0.4,29.2,106.2,107.8,107.8,118.2,118.7,118.7,-12.0,-11.0,-11.0,0.222,2.73,22.5,0.022,0.1,0.059,8.2,8.2,0.575,0.62,0.197,0.204,102.59,101.63,84.69,101.63,0.116,617,57,114,5.7,11.4,0.5,63,69,181,122,72,113,105,105,190,193,193,174,170,170,48,30,51,151,135,156,96,97,67,53,75,79,17,52,52,64,35,42,41,50,50,1,47.2,0.3508771929824561,0.2368421052631579,0.5359722146467996,0.0840277853532004,0.6659505907626209,0.6555085183159146,66.2,11.385964912280702,0.13157894736842105,0.017543859649122806,0.03508771929824561,0.2807017543859649,0.02631578947368421,114,44.0,0.2728,0.5386365072344727,0.662,60.0
1631248,Baylor Scheierman,Baylor,1610612738,BOS,25.0,7,3,4,0.429,14.2,1.6,3.7,0.423,1.1,3.0,0.381,0.0,0.0,0.0,1.0,1.9,2.9,0.6,0.3,0.9,0.1,0.0,1.1,0.4,4.3,-0.4,11.3,0,0,10.9,89,88,62,95,121,130,125,126,77,87,58,184,187,184,71,107,106,144,168,66,131,158,144,167,133,107,120,49,5,121,1,Baylor Scheierman,Baylor,1610612738,BOS,25.0,7,3,4,0.429,14.2,115.0,110.6,110.6,109.0,109.9,109.9,6.0,0.7,0.7,0.062,2.0,12.5,0.061,0.138,0.096,6.3,6.3,0.577,0.577,0.119,0.125,95.75,97.19,80.99,97.19,0.086,199,11,26,1.6,3.7,0.423,89,88,77,95,121,31,78,78,115,123,123,55,86,86,173,63,137,59,81,81,55,57,65,79,193,190,177,141,141,113,128,130,130,125,126,1,14.6,0.8108108108108107,0.0,0.4957820252705564,0.0812179747294435,0.6197636949516648,0.6523056844344297,63.3,22.384615384615383,0.23076923076923078,0.0,0.07692307692307693,0.038461538461538464,0.0,26,54.5,0.314465,0.6209029664497377,0.633,62.7
1630538,Bones Hyland,Bones,1610612750,MIN,25.0,10,5,5,0.5,11.6,1.5,5.0,0.3,0.9,3.4,0.265,0.7,0.8,0.875,0.3,1.0,1.3,1.5,0.8,0.4,0.1,0.5,1.1,1.3,4.6,-1.7,9.1,0,0,9.3,63,66,51,53,136,132,106,188,96,79,130,119,132,40,162,145,158,92,98,124,143,71,147,100,125,151,133,49,5,127,1,Bones Hyland,Bones,1610612750,MIN,25.0,10,5,5,0.5,11.6,101.9,104.8,104.8,114.3,111.1,111.1,-12.5,-6.3,-6.3,0.185,1.88,19.7,0.023,0.088,0.053,10.5,10.5,0.39,0.43,0.204,0.212,104.16,104.15,86.79,104.15,0.049,251,15,50,1.5,5.0,0.3,63,66,170,53,136,152,132,132,172,139,139,176,148,148,65,83,77,146,163,177,130,129,179,181,66,70,7,21,21,175,114,97,132,106,188,1,29.4,0.6799999999999999,0.16,0.5132201825998516,-0.0832201825998515,0.4618689581095596,0.4648666815172084,46.3,19.62,0.44,0.02,0.1,0.14,0.0,50,68.5,0.29455000000000003,0.5815813167372212,0.46299999999999997,52.2
1627742,Brandon Ingram,Brandon,1610612761,TOR,28.0,5,2,3,0.4,29.6,3.8,11.6,0.328,1.0,2.6,0.385,3.4,4.6,0.739,0.4,2.8,3.2,2.2,2.0,0.6,0.8,0.6,2.0,4.2,12.0,-4.0,21.3,0,0,21.2,155,128,155,122,69,73,48,182,82,97,55,32,30,106,143,81,95,72,37,89,35,60,91,25,62,182,85,49,5,80,1,Brandon Ingram,Brandon,1610612761,TOR,28.0,5,2,3,0.4,29.6,107.1,109.0,109.0,112.3,115.5,115.5,-5.2,-6.5,-6.5,0.108,1.1,12.2,0.014,0.095,0.055,11.1,11.2,0.371,0.44,0.224,0.224,102.8,100.48,83.73,100.48,0.047,310,19,58,3.8,11.6,0.328,155,128,49,122,69,104,88,88,162,182,182,133,151,151,127,132,141,171,145,165,139,144,187,178,52,58,16,66,66,179,105,90,73,48,182,1,52.8,0.2241379310344827,0.396551724137931,0.5579563841699201,-0.1179563841699201,0.472610096670247,0.4252717414304813,45.4,14.655172413793103,0.6551724137931034,0.017241379310344827,0.41379310344827586,0.1206896551724138,0.0,58,88.5,0.3894,0.7688601756492071,0.454,61.1
1642355,Bronny James,Bronny,1610612747,LAL,21.0,8,4,4,0.5,5.3,0.6,1.3,0.5,0.3,0.8,0.333,0.0,0.0,0.0,0.4,0.0,0.4,0.9,0.5,0.1,0.0,0.0,0.6,0.0,1.5,0.0,3.1,0,0,3.3,85,69,62,53,182,180,188,50,153,164,88,184,187,184,151,210,204,126,138,174,154,158,174,200,187,89,195,49,5,192,1,Bronny James,Bronny,1610612747,LAL,21.0,8,4,4,0.5,5.3,113.6,112.7,112.7,118.4,114.1,114.1,-4.8,-1.4,-1.4,0.269,1.75,33.3,0.07,0.0,0.037,19.0,19.0,0.6,0.6,0.146,0.152,86.83,88.8,74.0,88.8,0.05,79,5,10,0.6,1.3,0.5,85,69,77,53,182,45,56,56,191,173,173,127,105,105,24,88,11,48,210,200,204,203,48,64,157,159,220,228,228,174,158,170,180,188,50,1,11.8,0.6153846153846154,0.0,0.5012571069175736,0.0987428930824263,0.644468313641246,0.672281906958687,65.6,16.7,0.4,0.0,0.0,0.2,0.1,10,57.5,0.345,0.6811935300435963,0.6559999999999999,66.9
1628971,Bruce Brown,Bruce,1610612743,DEN,29.0,6,2,4,0.333,19.4,2.5,5.7,0.441,0.5,1.8,0.273,0.8,1.5,0.556,0.5,2.2,2.7,1.7,1.5,1.7,0.0,0.2,2.7,1.0,6.3,-4.3,15.5,0,0,14.5,120,128,62,138,103,101,102,109,124,123,125,108,90,149,120,99,111,86,52,18,154,127,53,114,107,186,99,49,5,102,1,Bruce Brown,Bruce,1610612743,DEN,29.0,6,2,4,0.333,19.4,107.4,107.5,107.5,114.7,115.4,115.4,-7.4,-7.9,-7.9,0.135,1.11,17.5,0.025,0.118,0.069,15.8,15.8,0.485,0.501,0.169,0.176,100.78,100.4,83.67,100.4,0.059,240,15,34,2.5,5.7,0.441,120,128,77,138,103,100,108,108,173,181,181,147,158,158,98,131,99,143,103,137,188,190,136,153,112,113,38,69,69,162,114,116,101,102,109,1,28.4,0.3157894736842105,0.2631578947368421,0.5428053871318441,-0.0418053871318441,0.5381310418904404,0.5120743861924604,52.8,11.088235294117647,0.20588235294117646,0.058823529411764705,0.058823529411764705,0.23529411764705882,0.058823529411764705,34,48.1,0.24098100000000003,0.47581071902445193,0.528,50.2
203468,CJ McCollum,CJ,1610612737,ATL,34.0,6,2,4,0.333,32.1,7.7,16.5,0.465,1.7,5.5,0.303,2.2,4.0,0.542,1.2,1.8,3.0,2.0,3.5,1.0,1.2,0.8,2.3,3.7,19.2,-10.2,28.8,0,0,30.2,120,128,62,138,54,18,18,84,50,37,114,55,38,150,61,110,102,78,10,48,14,39,75,31,26,218,49,49,5,38,1,CJ McCollum,CJ,1610612737,ATL,34.0,6,2,4,0.333,32.1,102.7,104.6,104.6,119.3,119.7,119.7,-16.6,-15.2,-15.2,0.115,0.57,8.5,0.034,0.059,0.046,14.8,14.7,0.515,0.525,0.289,0.299,99.57,98.45,82.04,98.45,0.069,394,46,99,7.7,16.5,0.465,120,128,77,138,54,145,135,135,198,196,196,195,188,188,114,167,171,120,192,187,180,182,96,133,18,16,72,107,107,144,47,49,18,18,84,1,69.5,0.3333333333333333,0.2424242424242424,0.5298130592970623,-0.0048130592970623,0.5639097744360902,0.554241029005498,56.0,13.97979797979798,0.4444444444444444,0.020202020202020204,0.23232323232323232,0.1414141414141414,0.010101010101010102,99,68.1,0.357525,0.7059238168951791,0.56,63.3
1630595,Cade Cunningham,Cade,1610612765,DET,24.0,14,7,7,0.5,40.8,9.1,21.0,0.432,2.9,7.3,0.402,7.1,8.2,0.861,0.9,4.2,5.1,7.5,5.6,1.1,0.6,1.2,3.1,5.6,28.1,2.4,44.9,5,1,47.0,38,45,21,53,4,5,5,117,9,12,44,4,6,48,88,42,55,4,2,45,61,17,30,13,1,40,8,4,3,4,1,Cade Cunningham,Cade,1610612765,DET,24.0,14,7,7,0.5,40.8,108.5,110.6,110.6,105.5,107.1,107.1,3.0,3.5,3.5,0.332,1.33,20.0,0.022,0.099,0.061,15.0,14.9,0.502,0.572,0.315,0.322,97.23,95.61,79.68,95.61,0.139,1136,127,294,9.1,21.0,0.432,38,45,197,53,4,85,77,77,87,102,102,65,69,69,13,118,76,149,139,153,184,184,108,84,9,11,142,177,177,38,6,4,5,5,117,1,91.1,0.3476190476190476,0.3904761904761904,0.5449332272232055,0.0270667727767944,0.6143931256713211,0.5905800638994849,60.5,14.462585034013605,0.5136054421768708,0.01020408163265306,0.19727891156462585,0.12585034013605442,0.01020408163265306,294,69.3,0.3963959999999999,0.7826735957540909,0.605,69.4
1629661,Cameron Johnson,Cameron,1610612743,DEN,30.0,6,2,4,0.333,31.1,5.2,10.3,0.5,1.8,5.8,0.314,2.0,2.8,0.706,0.5,2.7,3.2,2.3,1.0,1.0,0.3,0.0,3.0,2.2,14.2,-1.7,24.5,0,0,24.2,120,128,62,138,60,51,55,50,39,32,106,57,56,117,120,83,98,63,75,48,88,158,32,62,49,150,71,49,5,67,1,Cameron Johnson,Cameron,1610612743,DEN,30.0,6,2,4,0.333,31.1,108.2,108.6,108.6,112.9,112.5,112.5,-4.8,-3.9,-3.9,0.121,2.33,15.6,0.017,0.081,0.05,6.7,6.7,0.589,0.612,0.175,0.18,101.36,101.35,84.46,101.35,0.083,396,31,62,5.2,10.3,0.5,120,128,77,138,60,90,93,93,165,156,156,126,128,128,109,45,118,161,172,181,64,66,55,57,100,109,32,55,55,118,74,86,51,55,50,1,42.3,0.5631067961165048,0.2718446601941747,0.5336378396676171,0.0783621603323828,0.6573576799140709,0.6490504119855312,65.4,15.548387096774194,0.1935483870967742,0.016129032258064516,0.03225806451612903,0.16129032258064516,0.0,62,47.5,0.29069999999999996,0.5739795918367346,0.654,61.4
1627747,Caris LeVert,Caris,1610612765,DET,31.0,13,6,7,0.462,16.6,2.2,5.0,0.446,0.8,2.1,0.37,0.7,0.8,0.9,0.5,1.8,2.2,1.2,0.6,0.6,0.5,0.2,1.5,0.8,5.9,1.2,13.1,0,0,12.3,44,57,21,86,112,106,106,105,104,114,68,121,137,34,140,113,122,103,121,88,70,135,127,130,112,59,112,49,5,111,1,Caris LeVert,Caris,1610612765,DET,31.0,13,6,7,0.462,16.6,110.4,113.3,113.3,108.4,109.4,109.4,2.0,4.0,4.0,0.105,2.0,17.2,0.027,0.1,0.064,8.6,8.6,0.523,0.555,0.15,0.153,98.77,97.01,80.84,97.01,0.084,435,29,65,2.2,5.0,0.446,44,57,197,86,112,67,51,51,107,115,115,72,67,67,129,63,104,140,134,149,100,100,90,105,151,158,99,145,145,115,79,79,106,106,105,1,24.5,0.42,0.16,0.5278546592504593,0.0271453407495407,0.5961331901181526,0.5906696215952897,59.4,14.292307692307693,0.36923076923076925,0.015384615384615385,0.15384615384615385,0.1076923076923077,0.046153846153846156,65,58.2,0.3230100000000001,0.6377748467808178,0.594,61.6
1642868,Carter Bryant,Carter,1610612759,SAS,20.0,21,13,8,0.619,8.6,1.0,2.1,0.5,0.6,1.4,0.414,0.1,0.3,0.333,0.4,1.3,1.7,0.7,0.6,0.1,0.3,0.0,1.9,0.2,2.8,1.1,6.6,0,0,6.6,7,10,17,39,155,149,162,50,118,132,42,181,175,178,141,136,141,136,120,168,96,157,107,191,155,61,152,49,5,151,1,Carter Bryant,Carter,1610612759,SAS,20.0,21,13,8,0.619,8.6,119.2,116.3,116.3,104.9,103.8,103.8,14.4,12.5,12.5,0.111,1.15,20.0,0.056,0.123,0.094,17.3,17.4,0.636,0.622,0.143,0.147,100.76,102.57,85.47,102.57,0.044,375,22,44,1.0,2.1,0.5,7,10,211,39,155,18,30,30,82,76,76,29,35,35,119,128,72,69,97,82,199,200,36,52,160,163,39,37,37,182,100,104,149,162,50,1,17.6,0.6666666666666666,0.1428571428571428,0.5166686567338692,0.1053313432661308,0.6680988184747584,0.6797919189489717,67.3,16.84090909090909,0.11363636363636363,0.0,0.022727272727272728,0.18181818181818182,0.045454545454545456,44,44.0,0.27368,0.5403740443545839,0.6729999999999999,60.7
1641717,Cason Wallace,Cason,1610612760,OKC,22.0,15,11,4,0.733,25.0,3.1,6.4,0.479,2.0,4.1,0.484,0.5,0.5,0.875,1.3,2.5,3.8,2.4,0.7,2.1,0.5,0.3,2.0,0.5,8.6,3.4,23.8,0,0,22.0,30,21,62,26,84,90,95,73,30,61,25,137,151,40,46,92,79,62,103,6,68,94,91,152,89,29,74,49,5,77,1,Cason Wallace,Cason,1610612760,OKC,22.0,15,11,4,0.733,25.0,113.7,113.9,113.9,105.1,106.3,106.3,8.6,7.6,7.6,0.14,3.27,24.5,0.052,0.092,0.072,7.5,7.5,0.635,0.648,0.124,0.129,99.69,99.06,82.55,99.06,0.107,769,46,96,3.1,6.4,0.479,30,21,77,26,84,44,48,48,83,96,96,42,50,50,95,19,43,80,148,129,83,83,38,42,189,187,68,93,93,78,47,53,90,95,73,1,26.2,0.6406249999999999,0.078125,0.5114597402744817,0.1365402597255183,0.6960257787325457,0.7153661936689202,70.4,17.15625,0.07291666666666667,0.0,0.020833333333333332,0.09375,0.041666666666666664,96,38.3,0.248184,0.49003285524736206,0.7040000000000001,59.7
1631096,Chet Holmgren,Chet,1610612760,OKC,24.0,15,11,4,0.733,30.6,5.5,9.7,0.568,1.0,2.8,0.357,2.9,3.5,0.827,2.0,6.2,8.2,1.1,1.3,1.1,1.5,0.7,2.3,3.7,14.9,4.5,32.7,4,0,30.3,30,21,62,26,64,48,62,35,82,93,74,42,42,64,23,12,14,109,63,46,8,46,81,30,45,23,34,6,5,37,1,Chet Holmgren,Chet,1610612760,OKC,24.0,15,11,4,0.733,30.6,116.9,118.8,118.8,109.9,111.5,111.5,7.1,7.3,7.3,0.051,0.85,8.3,0.068,0.195,0.134,9.7,9.7,0.62,0.663,0.175,0.179,98.84,97.34,81.12,97.34,0.135,931,83,146,5.5,9.7,0.568,30,21,77,26,64,25,18,18,131,146,146,48,52,52,180,152,174,51,36,37,119,119,44,34,104,110,96,135,135,42,19,24,48,62,35,1,44.6,0.288659793814433,0.3608247422680413,0.5551283080502465,0.1078716919497535,0.7121374865735769,0.6826875998058595,70.0,10.849315068493151,0.2534246575342466,0.03424657534246575,0.11643835616438356,0.1232876712328767,0.17123287671232876,146,45.4,0.301002,0.5943206229860365,0.7000000000000001,64.7
1631128,Christian Braun,Christian,1610612743,DEN,25.0,6,2,4,0.333,31.1,2.5,6.0,0.417,1.0,2.3,0.429,2.3,3.2,0.737,0.3,3.2,3.5,1.7,0.7,1.0,0.8,0.7,2.2,2.0,8.3,-2.5,19.9,0,0,18.2,120,128,62,138,59,101,97,130,82,104,36,51,46,108,153,74,84,86,111,48,30,51,86,66,91,164,93,49,5,93,1,Christian Braun,Christian,1610612743,DEN,25.0,6,2,4,0.333,31.1,104.4,105.8,105.8,108.9,109.6,109.6,-4.5,-3.8,-3.8,0.077,2.5,16.9,0.01,0.094,0.053,6.8,6.9,0.5,0.564,0.112,0.114,102.44,101.46,84.55,101.46,0.059,395,15,36,2.5,6.0,0.417,120,128,77,138,59,130,121,121,114,116,116,124,126,126,152,36,107,184,146,174,69,70,109,95,201,203,18,54,54,161,114,112,101,97,130,1,27.7,0.3833333333333333,0.5333333333333333,0.5773049722015634,-0.0133049722015634,0.6058002148227711,0.5445613067711258,58.1,12.055555555555555,0.1388888888888889,0.027777777777777776,0.08333333333333333,0.2777777777777778,0.027777777777777776,36,48.1,0.27128399999999997,0.5356432046502811,0.5810000000000001,55.8
203991,Clint Capela,Clint,1610612745,HOU,32.0,4,0,4,0.0,5.4,0.8,2.0,0.375,0.0,0.0,0.0,0.0,0.0,0.0,1.3,0.5,1.8,0.3,0.3,0.0,0.3,0.3,0.3,0.0,1.5,-5.0,4.5,0,0,4.0,172,196,62,196,180,165,164,159,170,198,170,184,187,184,54,185,140,182,175,182,104,112,198,200,187,191,179,49,5,187,1,Clint Capela,Clint,1610612745,HOU,32.0,4,0,4,0.0,5.4,110.4,104.7,104.7,143.6,135.4,135.4,-33.1,-30.8,-30.8,0.071,1.0,10.0,0.179,0.118,0.156,10.0,10.0,0.375,0.375,0.161,0.171,94.77,100.24,83.53,100.24,0.048,43,3,8,0.8,2.0,0.375,172,196,77,196,180,66,134,134,228,227,227,222,219,219,158,135,158,5,104,24,124,124,184,196,126,122,193,72,72,178,176,177,165,164,159,1,13.9,0.0,0.0,0.5242214110057573,-0.1492214110057572,0.4027926960257787,0.3896335078752731,39.8,2.0,0.25,0.0,0.0,0.0,0.625,8,13.3,0.049875,0.09847689075630253,0.39799999999999996,24.8
1631221,Collin Gillespie,Collin,1610612756,PHX,26.0,4,0,4,0.0,28.4,4.0,9.0,0.444,2.5,6.3,0.4,0.0,0.3,0.0,1.5,3.5,5.0,3.8,1.0,1.3,0.3,0.0,3.0,2.0,10.5,-20.5,25.6,0,0,24.8,172,196,62,196,76,65,71,106,16,26,45,184,180,184,38,60,58,37,75,34,104,158,32,66,76,230,64,49,5,60,1,Collin Gillespie,Collin,1610612756,PHX,26.0,4,0,4,0.0,28.4,100.9,102.6,102.6,134.7,135.7,135.7,-33.8,-33.2,-33.2,0.205,3.75,27.3,0.052,0.137,0.092,7.3,7.2,0.583,0.576,0.153,0.156,101.0,99.79,83.16,99.79,0.088,235,16,36,4.0,9.0,0.444,172,196,77,196,76,164,155,155,223,228,228,223,221,221,53,14,25,79,82,84,79,78,61,81,143,150,34,83,83,106,111,112,65,71,106,1,32.2,0.7,0.0333333333333333,0.5013679144818648,0.0746320855181351,0.6186895810955961,0.6447985916334634,62.9,21.72222222222222,0.4166666666666667,0.0,0.2222222222222222,0.0,0.027777777777777776,36,68.7,0.395712,0.7813230555380046,0.629,70.5
1642867,Collin Murray-Boyles,Collin,1610612761,TOR,21.0,7,3,4,0.429,27.3,6.0,9.1,0.656,0.0,0.4,0.0,2.4,3.1,0.773,3.0,3.4,6.4,2.4,1.9,1.3,1.1,0.9,2.3,2.0,14.4,-1.9,31.2,1,0,28.1,89,88,62,95,79,37,68,19,170,180,170,49,48,90,9,63,32,59,42,30,18,36,79,66,47,154,41,32,5,45,1,Collin Murray-Boyles,Collin,1610612761,TOR,21.0,7,3,4,0.429,27.3,108.1,111.5,111.5,111.1,113.4,113.4,-3.0,-2.0,-2.0,0.15,1.31,16.7,0.111,0.126,0.118,12.7,12.5,0.656,0.685,0.192,0.2,97.43,94.96,79.14,94.96,0.158,375,42,64,6.0,9.1,0.656,89,88,77,95,79,91,69,69,147,165,165,109,109,109,85,119,108,23,90,50,165,164,31,29,84,88,131,191,191,22,54,84,37,68,19,1,42.2,0.0439560439560439,0.3406593406593406,0.5609324732832247,0.1240675267167753,0.7357679914070893,0.7011488327061006,72.2,4.515625,0.046875,0.03125,0.078125,0.3125,0.140625,64,33.1,0.22673500000000002,0.4476823624186517,0.7220000000000001,58.5
1630557,Corey Kispert,Corey,1610612737,ATL,27.0,5,2,3,0.4,10.8,0.8,4.4,0.182,0.2,2.4,0.083,0.4,0.6,0.667,0.6,1.0,1.6,1.2,0.6,0.4,0.0,0.4,1.6,0.2,2.2,2.6,6.5,0,0,6.0,155,128,155,122,141,163,114,207,161,102,169,144,146,125,109,145,145,105,122,124,154,88,122,186,167,36,153,49,5,155,1,Corey Kispert,Corey,1610612737,ATL,27.0,5,2,3,0.4,10.8,109.5,114.2,114.2,101.0,100.9,100.9,8.5,13.2,13.2,0.158,2.0,18.8,0.048,0.089,0.067,9.4,9.3,0.205,0.236,0.202,0.206,96.35,94.37,78.64,94.37,-0.025,106,4,22,0.8,4.4,0.182,155,128,49,122,141,72,45,45,46,55,55,43,33,33,77,63,84,87,156,143,116,115,208,215,68,76,160,200,200,220,164,137,163,114,207,1,26.4,0.5454545454545454,0.1363636363636363,0.515829698565374,-0.279829698565374,0.2534908700322234,0.2407563397623043,24.8,16.181818181818183,0.2727272727272727,0.13636363636363635,0.045454545454545456,0.045454545454545456,0.09090909090909091,22,52.4,0.123664,0.24417135275162696,0.24800000000000003,24.6
1631207,Dalen Terry,Dalen,1610612755,PHI,23.0,7,2,5,0.286,5.6,0.6,1.9,0.308,0.3,0.7,0.4,0.4,1.0,0.429,0.0,0.6,0.6,1.0,0.3,0.7,0.0,0.0,0.4,0.9,1.9,-1.0,5.9,0,0,5.1,89,128,51,174,176,183,174,184,149,168,45,141,114,175,191,183,197,114,168,78,154,158,186,125,178,129,157,49,5,164,1,Dalen Terry,Dalen,1610612755,PHI,23.0,7,2,5,0.286,5.6,86.0,84.9,84.9,96.9,94.1,94.1,-10.8,-9.2,-9.2,0.318,3.5,28.0,0.0,0.103,0.049,8.0,8.0,0.385,0.404,0.191,0.201,101.8,103.94,86.62,103.94,0.094,86,4,13,0.6,1.9,0.308,89,128,170,174,176,213,211,211,34,31,31,169,165,165,14,17,24,191,132,184,92,92,180,189,85,83,21,24,24,97,164,160,183,174,184,1,20.3,0.3684210526315789,0.5263157894736842,0.5705895750371747,-0.1665895750371746,0.4339419978517723,0.3698359657389161,40.8,14.461538461538462,0.23076923076923078,0.0,0.07692307692307693,0.0,0.0,13,42.4,0.171296,0.3382194983256461,0.408,37.3
1642450,Daniss Jenkins,Daniss,1610612765,DET,24.0,14,7,7,0.5,22.7,3.1,8.7,0.361,1.1,4.2,0.271,1.7,2.2,0.774,0.9,1.7,2.6,3.0,0.7,0.4,0.4,0.9,1.6,1.8,9.1,-1.6,18.5,0,0,17.5,38,45,21,53,92,87,73,166,77,60,128,65,66,89,88,118,113,45,106,119,87,33,121,82,86,149,94,49,5,95,1,Daniss Jenkins,Daniss,1610612765,DET,24.0,14,7,7,0.5,22.7,101.7,103.7,103.7,106.1,106.5,106.5,-4.4,-2.8,-2.8,0.227,4.2,22.2,0.039,0.074,0.056,5.3,5.3,0.426,0.472,0.199,0.203,95.8,94.67,78.89,94.67,0.089,624,44,122,3.1,8.7,0.361,38,45,197,53,92,159,143,143,93,97,97,121,120,120,44,7,53,108,176,164,46,46,168,170,72,80,174,197,197,104,52,36,87,73,166,1,41.4,0.4827586206896552,0.2528735632183908,0.5325527372777344,-0.0605527372777344,0.5069817400644469,0.4907047437946269,50.0,16.188524590163933,0.39344262295081966,0.05737704918032787,0.14754098360655737,0.11475409836065574,0.0,122,64.7,0.305384,0.6029727680545902,0.5,55.1
1628368,De'Aaron Fox,De'Aaron,1610612759,SAS,28.0,20,12,8,0.6,33.4,6.1,14.4,0.425,1.5,4.7,0.309,2.4,3.1,0.758,0.6,3.4,4.0,6.0,2.1,1.3,0.5,1.1,2.7,2.8,16.0,5.9,32.7,1,0,30.8,9,18,17,40,41,36,30,124,59,50,110,50,50,95,109,68,76,11,35,34,75,20,57,50,40,15,34,32,5,36,1,De'Aaron Fox,De'Aaron,1610612759,SAS,28.0,20,12,8,0.6,33.4,113.1,112.2,112.2,102.7,103.8,103.8,10.4,8.5,8.5,0.278,2.86,25.2,0.017,0.089,0.055,8.8,8.8,0.476,0.509,0.224,0.231,100.56,100.41,83.67,100.41,0.105,1396,122,287,6.1,14.4,0.425,9,18,211,40,41,49,62,62,65,77,77,36,48,48,22,26,37,159,155,167,105,105,143,145,51,52,45,67,67,82,7,5,36,30,124,1,60.2,0.3263888888888889,0.2152777777777778,0.5321341669910024,-0.0231341669910023,0.5467239527389903,0.5333572498737833,54.1,12.67247386759582,0.49477351916376305,0.027874564459930314,0.11149825783972125,0.1672473867595819,0.006968641114982578,287,64.3,0.327287,0.646219672079358,0.541,59.4
1629731,Dean Wade,Dean,1610612739,CLE,29.0,18,8,10,0.444,22.6,1.7,3.6,0.462,1.0,2.7,0.375,0.1,0.2,0.333,1.3,2.6,3.9,0.8,0.6,0.7,0.1,0.1,1.2,0.3,4.4,1.6,12.0,0,0,11.6,11,33,1,87,93,127,129,87,82,96,61,183,184,178,46,86,78,131,132,77,152,146,143,180,131,50,115,49,5,114,1,Dean Wade,Dean,1610612739,CLE,29.0,18,8,10,0.444,22.6,113.2,114.3,114.3,106.9,109.3,109.3,6.3,5.0,5.0,0.048,1.4,15.6,0.062,0.114,0.089,11.1,11.1,0.6,0.596,0.08,0.083,97.25,95.71,79.76,95.71,0.064,807,30,65,1.7,3.6,0.462,11,33,225,87,93,47,44,44,99,114,114,52,62,62,183,114,118,58,111,91,139,141,48,67,222,222,139,173,173,152,77,79,127,129,87,1,15.3,0.75,0.0555555555555555,0.5080423343771218,0.0879576656228782,0.640171858216971,0.6599880919823682,64.8,18.50769230769231,0.046153846153846156,0.015384615384615385,0.03076923076923077,0.06153846153846154,0.09230769230769231,65,37.7,0.224692,0.4436485120363935,0.648,54.6
1629028,Deandre Ayton,Deandre,1610612747,LAL,27.0,10,4,6,0.4,28.5,4.6,8.4,0.548,0.0,0.0,0.0,0.8,1.3,0.615,3.7,5.9,9.6,0.9,1.3,0.2,0.8,1.0,2.8,2.1,10.0,-3.4,24.6,4,0,22.5,63,69,35,122,75,58,76,40,170,198,170,110,102,141,1,17,6,125,67,158,35,21,44,63,80,177,70,6,5,75,1,Deandre Ayton,Deandre,1610612747,LAL,27.0,10,4,6,0.4,28.5,107.6,107.5,107.5,111.2,113.9,113.9,-3.6,-6.4,-6.4,0.053,0.69,8.1,0.146,0.206,0.178,11.7,11.6,0.548,0.557,0.164,0.169,93.24,92.2,76.83,92.2,0.102,547,46,84,4.6,8.4,0.548,63,69,181,122,75,97,109,109,149,171,171,115,149,149,179,159,176,13,28,14,152,150,77,104,119,124,208,221,221,89,47,65,58,76,40,1,35.9,0.0,0.1547619047619047,0.5425902318099274,0.0144097681900726,0.5982814178302901,0.5761526563063497,58.9,3.9523809523809526,0.13095238095238096,0.0,0.07142857142857142,0.14285714285714285,0.36904761904761907,84,23.7,0.13200900000000002,0.2606483382826815,0.589,42.5
203471,Dennis Schröder,Dennis,1610612739,CLE,32.0,17,8,9,0.471,15.9,1.9,4.9,0.381,0.6,1.9,0.333,1.1,1.4,0.792,0.2,1.2,1.5,2.4,1.4,0.4,0.2,0.4,1.4,1.5,5.5,-1.4,11.1,0,0,11.1,23,33,7,83,116,119,109,155,114,120,88,88,97,81,176,139,155,61,58,132,126,93,137,95,114,141,121,49,5,120,1,Dennis Schröder,Dennis,1610612739,CLE,32.0,17,8,9,0.471,15.9,104.1,103.7,103.7,106.5,109.7,109.7,-2.3,-6.0,-6.0,0.247,1.71,25.6,0.014,0.072,0.044,15.0,15.0,0.446,0.497,0.188,0.196,96.82,95.59,79.66,95.59,0.067,544,32,84,1.9,4.9,0.381,23,33,215,83,116,134,144,144,96,119,119,103,145,145,35,92,35,169,179,190,183,185,161,157,89,91,145,178,178,148,72,65,119,109,155,1,31.4,0.3877551020408162,0.2857142857142857,0.5411363547081239,-0.0441363547081239,0.5338345864661654,0.5094173736995794,52.4,12.226190476190476,0.14285714285714285,0.0,0.05952380952380952,0.27380952380952384,0.0,84,46.2,0.229614,0.4533668730650155,0.524,48.9
1628401,Derrick White,Derrick,1610612738,BOS,31.0,7,3,4,0.429,35.8,3.7,11.6,0.321,2.1,7.9,0.273,1.6,1.9,0.846,1.4,1.9,3.3,3.1,1.6,0.9,1.4,0.0,1.7,2.6,11.1,-3.4,25.1,0,0,24.3,89,88,62,95,26,77,49,183,27,8,125,68,76,54,44,107,92,42,50,66,9,158,114,55,68,178,69,49,5,65,1,Derrick White,Derrick,1610612738,BOS,31.0,7,3,4,0.429,35.8,105.4,107.9,107.9,110.4,113.6,113.6,-5.0,-5.8,-5.8,0.131,2.0,18.3,0.036,0.05,0.043,9.2,9.2,0.414,0.45,0.171,0.173,96.8,94.3,78.59,94.3,0.053,495,26,81,3.7,11.6,0.321,89,88,77,95,26,124,103,103,140,167,167,128,142,142,102,63,89,113,199,191,113,112,171,177,109,118,149,202,202,169,89,69,77,49,183,1,44.4,0.6810344827586208,0.1637931034482758,0.5163331933519663,-0.0663331933519662,0.4833512352309345,0.4841157443764987,48.4,19.506172839506174,0.3333333333333333,0.06172839506172839,0.06172839506172839,0.06172839506172839,0.012345679012345678,81,59.1,0.26595,0.5251113603336072,0.484,50.5
1630217,Desmond Bane,Desmond,1610612753,ORL,27.0,7,3,4,0.429,36.2,6.1,15.7,0.391,3.6,8.3,0.431,2.3,2.9,0.8,1.4,3.3,4.7,1.9,1.6,1.9,0.3,2.0,4.0,1.9,18.1,-2.6,31.4,0,0,32.6,89,88,62,95,25,34,22,150,1,6,35,53,55,74,44,69,63,81,50,11,96,4,4,77,30,167,40,49,5,33,1,Desmond Bane,Desmond,1610612753,ORL,27.0,7,3,4,0.429,36.2,100.6,102.1,102.1,106.0,107.1,107.1,-5.4,-5.0,-5.0,0.096,1.18,9.1,0.035,0.09,0.061,7.7,7.7,0.505,0.535,0.215,0.221,98.16,96.92,80.77,96.92,0.085,515,43,110,6.1,15.7,0.391,89,88,77,95,25,168,159,159,92,100,100,134,138,138,134,124,163,118,153,154,86,87,107,124,57,62,116,148,148,114,53,44,34,22,150,1,58.1,0.5286624203821657,0.1847133757961783,0.5212424347175123,0.0137575652824877,0.5746509129967777,0.575409226285709,57.5,17.118181818181817,0.41818181818181815,0.02727272727272727,0.15454545454545454,0.11818181818181818,0.00909090909090909,110,66.1,0.353635,0.6982431130346876,0.5750000000000001,63.7
1626164,Devin Booker,Devin,1610612756,PHX,29.0,4,0,4,0.0,38.3,7.3,15.8,0.46,1.3,5.0,0.25,5.5,7.0,0.786,2.5,1.8,4.3,4.8,4.0,0.3,0.3,2.3,3.8,6.0,21.3,-16.8,31.0,0,0,32.5,172,196,62,196,15,21,21,91,69,45,136,13,11,86,14,114,67,24,5,147,104,3,11,10,21,229,42,49,5,34,1,Devin Booker,Devin,1610612756,PHX,29.0,4,0,4,0.0,38.3,108.1,110.3,110.3,128.8,131.1,131.1,-20.7,-20.8,-20.8,0.198,1.19,17.3,0.063,0.045,0.054,14.5,14.5,0.5,0.564,0.251,0.255,99.39,97.5,81.25,97.5,0.073,310,29,63,7.3,15.8,0.46,172,196,77,196,15,93,82,82,219,225,225,210,203,203,59,123,103,56,202,171,179,178,109,93,34,40,77,134,134,140,79,85,21,21,91,1,69.2,0.3164556962025316,0.4430379746835443,0.5577115638924156,0.0062884361075843,0.6058002148227711,0.5668953500179262,59.0,14.206349206349206,0.6349206349206349,0.031746031746031744,0.2222222222222222,0.047619047619047616,0.047619047619047616,63,73.6,0.415104,0.8196120553484552,0.59,70.5
1630170,Devin Vassell,Devin,1610612759,SAS,25.0,22,13,9,0.591,34.6,4.5,10.7,0.426,2.5,6.5,0.378,1.5,1.8,0.821,0.9,4.4,5.2,2.7,1.0,1.2,0.7,0.1,2.0,1.2,13.0,6.9,28.2,1,0,27.3,1,10,7,43,35,59,53,122,17,21,60,75,80,70,91,39,54,50,75,36,43,151,90,105,56,12,53,32,5,50,1,Devin Vassell,Devin,1610612759,SAS,25.0,22,13,9,0.591,34.6,111.7,112.2,112.2,101.2,103.5,103.5,10.6,8.7,8.7,0.114,2.73,18.2,0.024,0.108,0.068,6.7,6.6,0.54,0.567,0.148,0.154,101.44,100.05,83.38,100.05,0.098,1594,100,235,4.5,10.7,0.426,1,10,215,43,35,59,63,63,47,72,72,35,47,47,116,31,91,144,125,138,64,63,84,91,153,157,31,75,75,94,13,9,59,53,122,1,43.2,0.6074766355140188,0.1682242990654205,0.521637721486859,0.0453622785131409,0.6090225563909774,0.6114346599907058,61.0,18.7531914893617,0.2723404255319149,0.01702127659574468,0.19148936170212766,0.059574468085106386,0.01702127659574468,235,59.4,0.33679799999999993,0.6649988942945598,0.61,63.7
1628415,Dillon Brooks,Dillon,1610612756,PHX,30.0,4,0,4,0.0,37.3,9.8,21.3,0.459,3.5,8.0,0.438,3.0,3.0,1.0,1.3,4.8,6.0,1.8,1.5,0.3,0.3,0.5,4.5,3.8,26.0,-7.5,35.8,0,0,38.3,172,196,62,196,18,2,3,95,2,7,34,40,51,1,54,30,38,83,52,147,104,71,1,29,5,207,27,49,5,19,1,Dillon Brooks,Dillon,1610612756,PHX,30.0,4,0,4,0.0,37.3,112.8,116.7,116.7,123.6,125.4,125.4,-10.8,-8.7,-8.7,0.079,1.17,6.9,0.031,0.125,0.077,5.9,5.8,0.541,0.576,0.268,0.274,99.31,96.96,80.8,96.96,0.101,300,39,85,9.8,21.3,0.459,172,196,77,196,18,52,28,28,211,219,219,168,163,163,149,127,189,126,91,119,51,51,83,82,25,29,81,146,146,90,58,63,2,3,95,1,73.5,0.3755868544600939,0.1408450704225352,0.5176511901037227,0.0583488098962772,0.6186895810955961,0.6262376870577977,62.2,14.68235294117647,0.5647058823529412,0.0,0.18823529411764706,0.12941176470588237,0.011764705882352941,85,71.4,0.411264,0.81203007518797,0.622,71.7
1631230,Dominick Barlow,Dominick,1610612755,PHI,23.0,9,3,6,0.333,10.6,1.1,1.9,0.588,0.0,0.1,0.0,0.7,0.8,0.857,0.7,1.0,1.7,0.1,0.2,0.2,0.4,0.2,1.0,0.6,2.9,-5.7,6.8,0,0,6.0,74,88,35,138,143,147,173,28,170,193,170,122,134,50,105,145,143,197,182,153,76,118,148,150,148,197,149,49,5,155,1,Dominick Barlow,Dominick,1610612755,PHI,23.0,9,3,6,0.333,10.6,92.6,89.0,89.0,113.9,116.3,116.3,-21.3,-27.3,-27.3,0.02,0.5,4.3,0.065,0.087,0.077,8.7,8.7,0.588,0.647,0.106,0.112,94.88,95.7,79.75,95.7,0.076,191,10,17,1.1,1.9,0.588,74,88,181,138,143,204,204,204,169,185,185,212,216,216,196,169,196,54,167,123,102,102,56,43,209,206,189,174,174,133,136,146,147,173,28,1,10.4,0.0526315789473684,0.4210526315789474,0.5772905162675867,0.0697094837324133,0.694951664876477,0.6391874391767589,67.3,3.6470588235294117,0.058823529411764705,0.0,0.0,0.4117647058823529,0.058823529411764705,17,32.7,0.211569,0.4177374897327352,0.6729999999999999,54.5
1642270,Donovan Clingan,Donovan,1610612757,POR,22.0,5,1,4,0.2,21.4,2.8,9.2,0.304,1.0,5.0,0.2,0.4,0.8,0.5,2.8,5.0,7.8,2.2,0.6,0.2,0.6,1.2,2.8,1.2,7.0,-9.4,21.5,0,0,19.6,155,163,62,179,101,98,67,187,82,45,155,144,132,152,12,25,17,72,122,158,57,18,44,104,102,215,84,49,5,90,1,Donovan Clingan,Donovan,1610612757,POR,22.0,5,1,4,0.2,21.4,95.2,97.7,97.7,117.9,117.0,117.0,-22.8,-19.2,-19.2,0.175,3.67,17.7,0.105,0.263,0.171,4.8,4.9,0.359,0.366,0.196,0.2,100.62,99.7,83.09,99.7,0.073,220,14,46,2.8,9.2,0.304,155,163,77,179,101,196,181,181,189,189,189,214,199,199,69,15,98,26,10,17,42,42,190,197,77,90,43,85,85,139,118,101,98,67,187,1,36.8,0.5434782608695653,0.0869565217391304,0.5104553735847112,-0.1444553735847111,0.39312567132116,0.3950661964712544,39.4,14.282608695652174,0.043478260869565216,0.0,0.0,0.10869565217391304,0.15217391304347827,46,30.9,0.113094,0.22330116257029128,0.394,30.9
1628378,Donovan Mitchell,Donovan,1610612739,CLE,29.0,18,8,10,0.444,36.2,9.5,21.1,0.451,2.8,8.7,0.327,4.2,5.1,0.815,0.8,4.0,4.8,3.1,2.6,1.2,0.3,1.2,3.1,4.4,26.0,-2.9,38.1,1,0,39.6,11,33,1,87,24,3,4,101,10,2,98,23,26,71,94,46,61,44,26,37,102,16,31,23,5,173,19,32,5,14,1,Donovan Mitchell,Donovan,1610612739,CLE,29.0,18,8,10,0.444,36.2,106.8,107.4,107.4,110.2,111.4,111.4,-3.4,-4.0,-4.0,0.168,1.17,10.5,0.023,0.111,0.066,9.0,9.0,0.518,0.558,0.306,0.315,98.51,97.74,81.45,97.74,0.126,1329,171,379,9.5,21.1,0.451,11,33,225,87,24,108,110,110,137,144,144,113,129,129,70,126,156,146,119,145,110,109,92,103,13,14,109,124,124,50,2,2,3,4,101,1,84.9,0.4123222748815165,0.2417061611374407,0.5252320811400297,0.0327679188599703,0.5993555316863588,0.5970786598134245,59.8,14.564643799472295,0.40369393139841686,0.03430079155672823,0.11609498680738786,0.15567282321899736,0.010554089709762533,379,62.0,0.34596000000000005,0.6830890250837178,0.598,64.1
1628978,Donte DiVincenzo,Donte,1610612750,MIN,29.0,4,3,1,0.75,24.0,4.0,8.0,0.5,2.8,5.8,0.478,0.0,0.5,0.0,0.0,3.8,3.8,4.0,1.0,1.8,0.0,0.3,2.5,1.0,10.8,11.3,25.5,0,0,24.8,172,88,206,24,87,65,77,50,11,35,26,184,152,184,191,56,80,32,75,16,154,112,65,114,75,4,65,49,5,60,1,Donte DiVincenzo,Donte,1610612750,MIN,29.0,4,3,1,0.75,24.0,116.5,117.1,117.1,93.5,94.4,94.4,23.0,22.8,22.8,0.205,4.0,30.2,0.0,0.133,0.07,7.5,7.6,0.672,0.654,0.16,0.162,106.3,105.54,87.95,105.54,0.126,210,16,32,4.0,8.0,0.5,172,88,6,24,87,26,27,27,23,35,35,13,17,17,54,9,18,191,84,134,84,84,26,40,127,135,4,12,12,48,111,120,65,77,50,1,30.3,0.725,0.0625,0.5033210218029062,0.1506789781970938,0.7024704618689581,0.7314825704021646,71.4,19.0,0.28125,0.03125,0.03125,0.0625,0.03125,32,52.4,0.342696,0.6766443419473053,0.7140000000000001,69.5
1627827,Dorian Finney-Smith,Dorian,1610612745,HOU,33.0,4,2,2,0.5,12.3,0.5,3.5,0.143,0.5,2.8,0.182,0.5,0.5,1.0,0.3,1.8,2.0,0.3,0.5,0.3,0.3,0.5,1.5,0.3,2.0,-6.5,5.8,0,0,5.8,172,128,183,53,131,188,131,208,124,94,158,130,152,1,168,114,127,182,138,147,104,71,130,181,168,201,158,49,5,158,1,Dorian Finney-Smith,Dorian,1610612745,HOU,33.0,4,2,2,0.5,12.3,87.5,86.6,86.6,107.9,113.4,113.4,-20.4,-26.8,-26.8,0.042,0.5,5.6,0.019,0.143,0.079,11.1,11.2,0.214,0.269,0.15,0.161,96.2,94.3,78.58,94.3,-0.012,97,2,14,0.5,3.5,0.143,172,128,26,53,131,209,207,207,106,164,164,209,215,215,187,169,192,155,72,114,139,143,207,209,149,138,163,203,203,215,186,154,188,131,208,1,17.9,0.7999999999999999,0.1428571428571428,0.5108552104664621,-0.241855210466462,0.288936627282492,0.284042522854821,28.7,20.285714285714285,0.0,0.07142857142857142,0.0,0.0,0.07142857142857142,14,36.4,0.097916,0.1933325961963733,0.287,24.0
1629130,Duncan Robinson,Duncan,1610612765,DET,32.0,13,7,6,0.538,29.5,3.9,8.8,0.447,3.2,6.9,0.456,0.8,1.4,0.611,0.3,2.1,2.4,2.3,1.0,1.3,0.2,0.2,2.9,2.5,11.8,0.2,21.8,0,0,22.8,44,45,35,52,70,70,72,103,7,16,30,107,98,142,161,100,117,68,75,28,115,116,40,57,63,87,81,49,5,73,1,Duncan Robinson,Duncan,1610612765,DET,32.0,13,7,6,0.538,29.5,108.4,108.8,108.8,108.5,109.8,109.8,-0.2,-1.0,-1.0,0.12,2.31,18.3,0.011,0.068,0.04,7.9,7.9,0.627,0.632,0.151,0.155,97.25,96.52,80.43,96.52,0.079,775,51,114,3.9,8.8,0.447,44,45,181,52,70,87,92,92,109,120,120,86,100,100,110,51,90,182,183,194,91,90,41,49,148,154,138,157,157,126,43,42,70,72,103,1,36.0,0.7840909090909091,0.159090909090909,0.5133513688032774,0.1186486311967226,0.6788399570354458,0.6949719672529244,68.5,21.149122807017545,0.2543859649122807,0.0,0.017543859649122806,0.043859649122807015,0.0,114,51.2,0.323584,0.6389081948568901,0.685,66.2
1642844,Dylan Harper,Dylan,1610612759,SAS,20.0,22,13,9,0.591,26.6,5.0,9.7,0.514,1.0,3.0,0.323,2.7,3.1,0.855,1.2,4.4,5.6,2.6,1.6,1.0,0.2,0.7,2.2,2.0,13.6,7.0,26.3,3,0,25.2,1,10,7,43,82,53,63,46,94,92,102,43,49,52,57,39,47,56,49,48,124,47,84,65,54,11,62,9,5,59,1,Dylan Harper,Dylan,1610612759,SAS,20.0,22,13,9,0.591,26.6,114.0,114.3,114.3,100.7,101.6,101.6,13.3,12.7,12.7,0.155,1.66,17.1,0.045,0.142,0.097,10.3,10.4,0.563,0.614,0.199,0.204,100.64,100.03,83.36,100.03,0.136,1217,110,214,5.0,9.7,0.514,1,10,215,43,82,42,41,41,45,60,60,31,34,34,80,97,105,92,78,78,128,128,73,56,73,77,42,76,76,40,9,10,53,63,46,1,47.7,0.3092783505154639,0.3195876288659794,0.54739620722047,0.0666037927795299,0.6595059076262084,0.6356473386001528,65.0,10.392523364485982,0.2102803738317757,0.018691588785046728,0.09345794392523364,0.29906542056074764,0.06074766355140187,214,50.1,0.307614,0.6073758450748721,0.65,62.9
1630700,Dyson Daniels,Dyson,1610612737,ATL,23.0,6,2,4,0.333,27.6,3.0,6.8,0.439,0.7,2.3,0.286,0.7,1.0,0.667,1.5,4.7,6.2,5.0,1.8,1.8,0.3,0.3,2.0,1.7,7.3,-12.7,26.9,0,0,23.5,120,128,62,138,78,91,91,112,111,104,121,122,114,125,38,32,35,22,43,13,88,94,91,86,99,225,60,49,5,69,1,Dyson Daniels,Dyson,1610612737,ATL,23.0,6,2,4,0.333,27.6,99.8,101.5,101.5,119.5,121.9,121.9,-19.7,-20.4,-20.4,0.283,2.73,35.3,0.053,0.182,0.114,12.9,13.0,0.488,0.504,0.144,0.148,100.27,98.47,82.06,98.47,0.107,337,18,41,3.0,6.8,0.439,120,128,77,138,78,177,163,163,200,207,207,205,200,200,21,31,10,76,43,53,168,168,131,149,159,161,55,105,105,79,110,107,91,91,112,1,28.9,0.338235294117647,0.1470588235294117,0.5300027260160115,-0.0260027260160115,0.5413533834586466,0.5300874501375811,53.7,10.24390243902439,0.024390243902439025,0.0,0.0,0.2926829268292683,0.07317073170731707,41,34.0,0.17136,0.33834586466165417,0.537,43.8
1630596,Evan Mobley,Evan,1610612739,CLE,24.0,18,8,10,0.444,35.5,6.3,11.8,0.535,1.3,3.9,0.338,3.0,4.8,0.621,2.1,6.0,8.1,3.9,2.3,0.9,1.8,0.8,2.4,3.4,17.0,-4.1,38.4,3,0,35.7,11,33,1,87,30,30,44,42,65,68,87,40,29,139,22,16,15,36,32,61,3,45,73,42,34,184,18,9,5,26,1,Evan Mobley,Evan,1610612739,CLE,24.0,18,8,10,0.444,35.5,105.4,105.5,105.5,109.9,111.6,111.6,-4.4,-6.0,-6.0,0.186,1.71,19.1,0.057,0.168,0.113,11.2,11.3,0.592,0.609,0.197,0.201,99.61,98.8,82.34,98.8,0.136,1319,114,213,6.3,11.8,0.535,11,33,225,87,30,123,123,123,133,148,148,122,144,144,64,93,79,67,52,54,144,146,53,60,76,84,71,97,97,41,8,12,30,44,42,1,55.2,0.3305084745762711,0.4067796610169491,0.557212198732896,0.051787801267104,0.6541353383458647,0.6187589550192186,64.0,10.610328638497652,0.14084507042253522,0.023474178403755867,0.03755868544600939,0.2112676056338028,0.07981220657276995,213,39.9,0.24299099999999998,0.47977941176470584,0.64,56.0
1630532,Franz Wagner,Franz,1610612753,ORL,24.0,4,3,1,0.75,30.4,6.3,14.3,0.439,0.8,2.3,0.333,3.5,3.8,0.933,1.0,4.5,5.5,3.5,1.5,2.8,0.3,1.5,2.0,3.5,16.8,5.8,36.1,0,0,32.5,172,88,206,24,66,31,33,113,105,108,88,31,40,26,71,36,48,38,52,1,104,7,91,39,35,16,23,49,5,34,1,Franz Wagner,Franz,1610612753,ORL,24.0,4,3,1,0.75,30.4,105.5,104.8,104.8,96.0,98.0,98.0,9.6,6.8,6.8,0.206,2.33,16.7,0.028,0.146,0.082,7.1,7.2,0.465,0.527,0.233,0.243,98.84,98.18,81.82,98.18,0.158,252,25,57,6.3,14.3,0.439,172,88,6,24,66,121,133,133,31,42,42,39,55,55,52,45,108,137,69,103,72,75,153,130,45,46,97,112,112,23,92,92,31,33,113,1,56.9,0.1608391608391608,0.2657342657342657,0.543974835157995,-0.016974835157995,0.5660580021482278,0.5403781204318452,55.6,9.0,0.19298245614035087,0.03508771929824561,0.17543859649122806,0.2982456140350877,0.0,57,53.4,0.281418,0.5556525241675617,0.556,55.6
1629216,Gabe Vincent,Gabe,1610612737,ATL,29.0,6,2,4,0.333,15.5,1.3,3.7,0.364,1.0,3.0,0.333,0.7,0.8,0.8,0.5,0.0,0.5,1.2,0.5,0.3,0.2,0.0,1.7,1.2,4.3,-9.8,7.7,0,0,8.0,120,128,62,138,117,140,126,164,82,87,88,122,130,74,120,210,198,108,138,133,127,158,117,106,132,217,141,49,5,136,1,Gabe Vincent,Gabe,1610612737,ATL,29.0,6,2,4,0.333,15.5,95.1,93.7,93.7,123.1,127.4,127.4,-27.9,-33.7,-33.7,0.123,2.33,20.6,0.028,0.0,0.015,8.8,8.8,0.5,0.537,0.123,0.131,97.92,96.95,80.79,96.95,0.027,190,8,22,1.3,3.7,0.364,120,128,77,138,117,197,195,195,209,223,223,220,223,223,106,45,66,135,210,214,105,104,109,123,190,185,122,147,147,197,143,137,140,126,164,1,16.5,0.8108108108108107,0.2162162162162162,0.5214605445398769,0.0155394554601231,0.5767991407089152,0.5774403589840349,57.7,21.136363636363637,0.3181818181818182,0.09090909090909091,0.0,0.09090909090909091,0.0,22,60.2,0.323274,0.638296107916851,0.5770000000000001,60.8
1629048,Goga Bitadze,Goga,1610612753,ORL,26.0,6,3,3,0.5,13.9,1.0,2.5,0.4,0.0,0.0,0.0,0.8,1.2,0.714,2.2,1.8,4.0,0.3,0.7,0.3,1.7,0.5,2.3,1.3,2.8,-4.2,13.5,0,0,11.2,120,88,155,53,123,150,151,143,170,198,170,108,107,114,20,110,69,171,111,133,7,71,75,99,153,185,110,49,5,118,1,Goga Bitadze,Goga,1610612753,ORL,26.0,6,3,3,0.5,13.9,81.2,80.1,80.1,92.4,94.2,94.2,-11.2,-14.1,-14.1,0.05,0.5,8.3,0.121,0.113,0.118,16.7,16.6,0.4,0.47,0.106,0.113,99.15,98.88,82.4,98.88,0.068,171,6,15,1.0,2.5,0.4,120,88,49,53,123,220,214,214,18,34,34,172,183,183,181,169,172,18,116,51,192,192,175,172,209,204,86,95,95,145,151,151,150,151,143,1,12.3,0.0,0.48,0.586449350071009,-0.1164493500710089,0.5048335123523093,0.4269895724585709,47.4,2.3333333333333335,0.13333333333333333,0.26666666666666666,0.0,0.2,0.4666666666666667,15,32.1,0.15087,0.2978888923990649,0.474,38.6
203084,Harrison Barnes,Harrison,1610612759,SAS,34.0,20,12,8,0.6,9.1,0.7,2.0,0.333,0.3,1.3,0.231,0.7,0.9,0.824,0.8,0.5,1.3,0.3,0.3,0.1,0.1,0.0,0.4,0.8,2.3,1.9,4.4,0,0,4.5,9,18,17,40,153,179,171,175,147,137,150,119,129,67,98,185,158,182,175,177,153,158,188,131,165,43,182,49,5,177,1,Harrison Barnes,Harrison,1610612759,SAS,34.0,20,12,8,0.6,9.1,113.9,115.2,115.2,103.6,102.9,102.9,10.2,12.3,12.3,0.036,1.0,8.8,0.088,0.05,0.068,8.8,8.9,0.41,0.495,0.119,0.121,97.98,97.77,81.48,97.77,0.044,369,13,39,0.7,2.0,0.333,9,18,211,40,153,43,36,36,70,67,67,37,36,36,188,135,167,36,198,139,104,106,172,158,192,199,120,123,123,183,122,108,179,171,175,1,14.9,0.65,0.45,0.5562273209476637,-0.0612273209476637,0.5316863587540279,0.4899358024945698,51.5,17.76923076923077,0.10256410256410256,0.0,0.07692307692307693,0.05128205128205128,0.02564102564102564,39,41.9,0.20740499999999998,0.409515779996209,0.515,46.2
1628392,Isaiah Hartenstein,Isaiah,1610612760,OKC,28.0,15,11,4,0.733,23.4,3.8,6.0,0.633,0.0,0.1,0.0,1.5,2.0,0.767,3.3,5.0,8.3,2.6,1.7,0.8,0.7,0.6,3.2,2.1,9.1,3.5,25.7,3,0,23.0,30,21,62,26,90,73,97,25,170,196,170,70,69,93,4,25,13,57,46,74,49,60,25,64,87,27,63,9,5,72,1,Isaiah Hartenstein,Isaiah,1610612760,OKC,28.0,15,11,4,0.733,23.4,116.4,117.8,117.8,110.3,110.5,110.5,6.2,7.3,7.3,0.152,1.5,23.1,0.147,0.218,0.183,15.4,15.5,0.633,0.664,0.154,0.158,98.53,97.88,81.57,97.88,0.127,715,57,90,3.8,6.0,0.633,30,21,77,26,90,27,23,23,139,130,130,54,53,53,84,103,48,11,24,11,186,187,40,33,138,142,107,121,121,47,35,59,73,97,25,1,31.4,0.0166666666666666,0.3333333333333333,0.5642302297677261,0.0997697702322739,0.7132116004296456,0.6734524189141358,69.7,5.766666666666667,0.044444444444444446,0.011111111111111112,0.12222222222222222,0.13333333333333333,0.2222222222222222,90,26.6,0.17662400000000003,0.34873949579831937,0.6970000000000001,52.3
1630198,Isaiah Joe,Isaiah,1610612760,OKC,26.0,13,10,3,0.769,11.0,1.8,4.2,0.418,1.2,3.5,0.348,0.1,0.1,1.0,0.4,1.0,1.4,1.1,0.4,0.5,0.1,0.1,1.3,0.4,4.8,-1.2,9.6,0,0,9.8,44,29,155,22,140,123,118,129,70,76,83,182,186,1,150,145,157,112,159,96,148,154,138,172,122,136,128,49,5,126,1,Isaiah Joe,Isaiah,1610612760,OKC,26.0,13,10,3,0.769,11.0,104.3,102.6,102.6,106.6,108.9,108.9,-2.3,-6.3,-6.3,0.157,2.8,18.9,0.03,0.088,0.058,6.8,6.7,0.564,0.568,0.166,0.177,102.09,101.79,84.83,101.79,0.086,305,23,55,1.8,4.2,0.418,44,29,49,22,140,131,154,154,98,113,113,101,147,147,78,29,80,129,161,161,67,69,72,88,116,112,20,50,50,111,97,95,123,118,129,1,22.5,0.8333333333333333,0.0238095238095238,0.4939185415106862,0.0740814584893137,0.6100966702470462,0.6441709454536605,62.4,22.454545454545453,0.2545454545454545,0.03636363636363636,0.07272727272727272,0.05454545454545454,0.0,55,58.1,0.33000799999999997,0.6515922158337019,0.624,63.8
1630191,Isaiah Stewart,Isaiah,1610612765,DET,25.0,14,7,7,0.5,11.8,1.4,2.4,0.588,0.3,0.6,0.5,0.9,1.2,0.706,0.9,1.5,2.4,0.2,0.6,0.1,1.0,0.3,2.6,1.4,4.0,0.4,9.8,0,0,9.1,38,45,21,53,135,137,154,28,149,171,16,105,104,117,88,125,116,191,119,181,22,105,60,98,136,77,127,49,5,130,1,Isaiah Stewart,Isaiah,1610612765,DET,25.0,14,7,7,0.5,11.8,99.0,98.8,98.8,93.6,94.8,94.8,5.4,4.0,4.0,0.03,0.33,5.7,0.071,0.107,0.089,17.0,16.8,0.647,0.675,0.128,0.134,100.39,99.81,83.18,99.81,0.064,340,20,34,1.4,2.4,0.588,38,45,197,53,135,182,179,179,24,37,37,56,66,66,193,177,191,47,127,89,197,196,32,31,180,180,49,82,82,156,102,116,137,154,28,1,16.6,0.25,0.5,0.577229192654882,0.097770807345118,0.7250268528464018,0.6711738503840425,70.3,7.4411764705882355,0.058823529411764705,0.029411764705882353,0.0,0.23529411764705882,0.2647058823529412,34,28.0,0.18900000000000003,0.3731755860238833,0.703,53.8
1642266,Ja'Kobe Walter,Ja'Kobe,1610612761,TOR,21.0,7,3,4,0.429,32.1,3.6,9.6,0.373,2.4,7.4,0.327,1.6,1.7,0.917,0.3,2.9,3.1,1.4,0.6,2.0,0.3,0.3,2.9,1.4,11.1,-7.0,23.3,0,0,22.7,89,88,62,95,55,80,65,161,18,11,98,68,81,30,164,78,100,95,128,7,96,105,42,97,68,202,75,49,5,74,1,Ja'Kobe Walter,Ja'Kobe,1610612761,TOR,21.0,7,3,4,0.429,32.1,99.4,102.4,102.4,110.2,111.1,111.1,-10.8,-8.7,-8.7,0.069,2.5,11.8,0.008,0.087,0.046,4.7,4.6,0.5,0.54,0.14,0.144,101.53,99.68,83.07,99.68,0.07,462,25,67,3.6,9.6,0.373,89,88,77,95,55,180,156,156,138,138,138,167,162,162,164,36,144,188,166,188,40,40,109,121,164,168,28,86,86,143,92,78,80,65,161,1,35.4,0.7708333333333334,0.1770833333333333,0.5169357149131671,0.0230642850868328,0.5800214822771215,0.5860177268240792,58.2,20.149253731343283,0.05970149253731343,0.0,0.04477611940298507,0.08955223880597014,0.0,67,43.3,0.23382,0.461671510709547,0.5820000000000001,52.2
1631095,Jabari Smith Jr.,Jabari,1610612745,HOU,23.0,6,2,4,0.333,41.9,5.5,14.2,0.388,3.2,8.5,0.373,3.3,4.3,0.769,2.0,6.5,8.5,1.8,1.0,1.0,0.7,0.7,2.8,2.3,17.5,-1.5,34.5,1,0,34.3,120,128,62,138,2,49,34,152,5,4,65,35,34,92,23,10,11,82,75,48,49,51,43,59,32,144,29,32,5,29,1,Jabari Smith Jr.,Jabari,1610612745,HOU,23.0,6,2,4,0.333,41.9,101.7,104.1,104.1,105.7,105.4,105.4,-4.0,-1.2,-1.2,0.075,1.83,9.6,0.043,0.169,0.1,5.3,5.3,0.5,0.544,0.18,0.183,93.25,92.26,76.88,92.26,0.105,482,33,85,5.5,14.2,0.388,120,128,77,138,2,160,138,138,89,89,89,119,102,102,155,85,161,96,51,75,45,45,109,117,96,102,207,220,220,81,70,63,49,34,152,1,54.9,0.5985915492957746,0.3028169014084507,0.5355594457476632,0.0084405542523368,0.5843179377013964,0.5693484964516013,57.8,18.376470588235293,0.32941176470588235,0.011764705882352941,0.15294117647058825,0.03529411764705882,0.03529411764705882,85,58.2,0.31660800000000006,0.6251342642320087,0.578,60.2
1630183,Jaden McDaniels,Jaden,1610612750,MIN,25.0,12,6,6,0.5,33.8,6.5,14.7,0.443,0.8,3.5,0.238,2.5,2.9,0.857,2.3,3.4,5.8,2.4,1.4,0.5,0.7,0.7,4.4,3.1,16.3,-4.9,28.9,2,0,27.7,48,57,35,53,39,28,28,108,99,77,147,44,54,50,18,65,43,60,57,98,49,51,2,46,39,190,46,20,5,47,1,Jaden McDaniels,Jaden,1610612750,MIN,25.0,12,6,6,0.5,33.8,101.9,103.7,103.7,109.9,110.1,110.1,-8.1,-6.4,-6.4,0.115,1.71,12.3,0.059,0.1,0.078,7.2,7.2,0.472,0.512,0.208,0.214,101.62,100.66,83.89,100.66,0.079,849,78,176,6.5,14.7,0.443,48,57,181,53,39,153,145,145,134,124,124,151,150,150,115,94,139,63,138,117,76,74,146,143,62,67,25,62,62,129,21,20,28,28,108,1,56.1,0.2380952380952381,0.1972789115646258,0.5347479791769469,-0.0227479791769469,0.5499462943071965,0.5337974558453229,54.3,11.096590909090908,0.39204545454545453,0.017045454545454544,0.17045454545454544,0.14772727272727273,0.03977272727272727,176,58.0,0.29696,0.5863397990775258,0.543,56.5
1630256,Jae'Sean Tate,Jae'Sean,1610612745,HOU,30.0,5,1,4,0.2,6.1,0.6,2.0,0.3,0.0,0.8,0.0,0.8,1.2,0.667,1.2,0.8,2.0,0.0,0.0,0.2,0.0,0.0,1.6,0.6,2.0,-2.8,5.0,0,0,4.4,155,163,62,179,172,181,164,188,170,162,170,110,105,125,59,168,127,200,200,158,154,158,122,144,168,170,169,49,5,178,1,Jae'Sean Tate,Jae'Sean,1610612745,HOU,30.0,5,1,4,0.2,6.1,86.8,84.4,84.4,102.2,101.5,101.5,-15.4,-17.1,-17.1,0.0,0.0,0.0,0.158,0.118,0.139,0.0,0.0,0.3,0.396,0.163,0.173,101.51,103.25,86.04,103.25,0.015,64,3,10,0.6,2.0,0.3,155,163,77,179,172,210,212,212,58,58,58,186,192,192,200,183,200,10,104,33,1,1,200,190,123,120,29,28,28,203,176,170,181,164,188,1,16.4,0.4,0.6,0.5804993725567635,-0.1844993725567635,0.4253490870032224,0.3494210289380949,39.5,10.5,0.1,0.0,0.0,0.1,0.3,10,26.2,0.10375200000000001,0.20485562646111077,0.395,30.0
1631222,Jake LaRavia,Jake,1610612747,LAL,24.0,8,4,4,0.5,14.2,1.1,3.4,0.333,0.3,0.9,0.286,0.8,0.8,1.0,1.1,1.0,2.1,0.8,1.4,0.5,0.8,0.6,2.0,0.5,3.3,-1.3,9.3,0,0,8.9,85,69,62,53,120,146,135,175,153,160,121,116,138,1,66,145,125,133,61,98,39,58,91,154,143,137,131,49,5,132,1,Jake LaRavia,Jake,1610612747,LAL,24.0,8,4,4,0.5,14.2,96.9,95.7,95.7,95.0,100.0,100.0,1.9,-4.3,-4.3,0.085,0.55,12.8,0.09,0.058,0.072,23.4,23.6,0.37,0.439,0.156,0.161,99.79,97.82,81.52,97.82,0.02,232,9,27,1.1,3.4,0.333,85,69,77,53,120,187,188,188,27,46,46,73,132,132,142,168,135,33,193,130,211,211,188,179,136,137,64,122,122,200,138,129,146,135,175,1,20.8,0.2647058823529412,0.2352941176470588,0.5425247636264435,-0.1035247636264435,0.4715359828141783,0.4417219900168355,46.0,9.074074074074074,0.1111111111111111,0.0,0.037037037037037035,0.2222222222222222,0.07407407407407407,27,35.7,0.15672300000000003,0.30944548872180455,0.46,38.5
1627751,Jakob Poeltl,Jakob,1610612761,TOR,30.0,7,3,4,0.429,19.2,2.9,4.4,0.645,0.0,0.0,0.0,1.3,2.0,0.643,1.7,4.3,6.0,1.4,0.9,0.9,0.9,0.4,2.7,1.6,7.0,0.7,20.6,0,0,17.9,89,88,62,95,104,95,113,20,170,198,170,77,69,134,30,41,38,95,94,66,27,83,50,92,102,70,88,49,5,94,1,Jakob Poeltl,Jakob,1610612761,TOR,30.0,7,3,4,0.429,19.2,107.3,109.1,109.1,107.2,107.3,107.3,0.1,1.7,1.7,0.112,1.67,18.9,0.084,0.213,0.148,11.3,11.3,0.645,0.659,0.132,0.134,103.4,102.52,85.43,102.52,0.127,287,20,31,2.9,4.4,0.645,89,88,77,95,104,102,87,87,101,103,103,84,82,82,117,95,82,38,27,27,146,145,34,36,173,181,11,38,38,46,102,122,95,113,20,1,22.2,0.0,0.4545454545454545,0.581262524805596,0.077737475194404,0.7078410311493019,0.6483383487922817,68.4,3.096774193548387,0.03225806451612903,0.0,0.03225806451612903,0.3548387096774194,0.12903225806451613,31,28.6,0.18847400000000003,0.3721370126998168,0.684,52.8
1628973,Jalen Brunson,Jalen,1610612752,NYK,29.0,18,15,3,0.833,36.7,9.9,21.4,0.461,2.3,6.5,0.35,5.4,6.4,0.843,0.6,2.6,3.2,6.2,2.7,1.2,0.0,1.1,2.2,5.6,27.4,12.4,41.4,1,0,41.4,11,1,155,9,21,1,2,90,25,21,81,14,17,56,116,84,98,10,25,37,154,19,86,14,3,3,13,32,5,10,1,Jalen Brunson,Jalen,1610612752,NYK,29.0,18,15,3,0.833,36.7,119.6,122.1,122.1,104.7,106.0,106.0,14.9,16.1,16.1,0.273,2.33,18.8,0.016,0.07,0.044,8.0,8.0,0.514,0.566,0.314,0.322,98.76,97.18,80.98,97.18,0.141,1341,178,386,9.9,21.4,0.461,11,1,49,9,21,16,11,11,80,93,93,28,28,28,23,45,83,165,182,189,93,94,97,92,11,10,100,142,142,37,1,1,1,2,90,1,88.5,0.3037383177570094,0.2990654205607477,0.5357454315426724,0.0302545684573275,0.6079484425349087,0.594213753631646,60.2,12.717616580310882,0.4637305699481865,0.03367875647668394,0.20466321243523317,0.20207253886010362,0.007772020725388601,386,69.4,0.392804,0.7755812851456372,0.6020000000000001,68.9
1631105,Jalen Duren,Jalen,1610612765,DET,22.0,14,7,7,0.5,30.2,4.0,7.8,0.514,0.0,0.0,0.0,2.2,3.3,0.674,3.3,5.2,8.5,2.1,2.3,0.6,1.2,1.4,3.4,2.6,10.2,-0.4,26.9,3,0,24.6,38,45,21,53,67,65,80,47,170,198,170,54,45,124,5,23,11,74,31,86,12,13,18,53,79,107,59,9,5,63,1,Jalen Duren,Jalen,1610612765,DET,22.0,14,7,7,0.5,30.2,110.6,112.1,112.1,111.4,112.4,112.4,-0.9,-0.3,-0.3,0.109,0.94,15.7,0.111,0.176,0.144,16.8,16.7,0.514,0.553,0.164,0.167,96.44,95.4,79.5,95.4,0.087,838,56,109,4.0,7.8,0.514,38,45,197,53,67,65,65,65,154,152,152,89,96,96,125,149,117,20,48,29,196,195,99,107,118,129,157,183,183,109,38,45,65,80,47,1,39.6,0.0,0.4230769230769231,0.5748619181344071,-0.021861918134407,0.5939849624060151,0.5348074549905023,57.0,3.165137614678899,0.08256880733944955,0.009174311926605505,0.03669724770642202,0.3486238532110092,0.21100917431192662,109,30.4,0.168112,0.33193277310924374,0.5700000000000001,45.1
1630224,Jalen Green,Jalen,1610612756,PHX,24.0,4,0,4,0.0,37.7,8.0,20.8,0.386,1.8,8.5,0.206,4.0,5.0,0.8,1.3,4.0,5.3,3.5,3.3,2.0,0.3,1.5,2.0,4.3,21.8,-10.5,36.8,0,0,36.8,172,196,62,196,16,15,6,154,44,4,154,25,28,74,54,46,52,38,16,7,104,7,91,24,19,220,22,49,5,21,1,Jalen Green,Jalen,1610612756,PHX,24.0,4,0,4,0.0,37.7,110.3,112.9,112.9,124.3,126.3,126.3,-14.0,-13.4,-13.4,0.149,1.08,11.9,0.031,0.105,0.067,11.0,10.9,0.428,0.474,0.291,0.298,98.58,96.67,80.56,96.67,0.084,303,32,83,8.0,20.8,0.386,172,196,77,196,16,68,55,55,212,221,221,179,175,175,86,134,143,127,131,144,138,137,166,168,17,19,106,150,150,116,72,67,15,6,154,1,79.1,0.4086538461538461,0.2403846153846153,0.5264434532377666,-0.0524434532377666,0.5091299677765843,0.4999483168163084,50.5,15.060240963855422,0.39759036144578314,0.0,0.21686746987951808,0.13253012048192772,0.012048192771084338,83,64.8,0.307152,0.6064636380868136,0.505,55.6
1630552,Jalen Johnson,Jalen,1610612737,ATL,24.0,6,2,4,0.333,35.7,6.7,15.3,0.435,1.5,5.2,0.29,4.7,5.3,0.875,1.0,6.7,7.7,5.2,2.3,0.8,0.3,0.8,3.3,3.7,19.5,-15.2,37.6,2,0,36.2,120,128,62,138,28,27,25,116,56,43,120,20,22,40,71,8,18,18,30,70,88,39,22,31,25,228,21,20,5,25,1,Jalen Johnson,Jalen,1610612737,ATL,24.0,6,2,4,0.333,35.7,103.3,104.8,104.8,121.5,125.3,125.3,-18.1,-20.5,-20.5,0.238,2.21,20.5,0.028,0.2,0.111,9.3,9.3,0.484,0.551,0.247,0.251,100.2,97.95,81.63,97.95,0.121,437,40,92,6.7,15.3,0.435,120,128,77,138,28,137,131,131,205,218,218,201,201,201,38,56,67,137,31,55,114,114,138,111,37,43,56,119,119,57,57,56,27,25,116,1,65.0,0.3398692810457516,0.3464052287581699,0.5454956151665192,0.0055043848334808,0.5918367346938777,0.5660016292937293,58.2,11.717391304347826,0.29347826086956524,0.0,0.07608695652173914,0.2608695652173913,0.03260869565217391,92,53.1,0.29258100000000004,0.5776935774309725,0.5820000000000001,58.0
1630591,Jalen Suggs,Jalen,1610612753,ORL,25.0,7,3,4,0.429,35.4,3.7,12.4,0.299,1.9,7.7,0.241,1.9,2.0,0.929,0.7,3.3,4.0,4.1,3.0,1.9,0.6,0.9,3.9,1.6,11.1,-4.9,26.4,0,0,26.0,89,88,62,95,31,77,41,191,38,10,146,61,69,28,102,69,69,30,19,11,61,36,9,92,68,189,61,49,5,57,1,Jalen Suggs,Jalen,1610612753,ORL,25.0,7,3,4,0.429,35.4,102.3,104.2,104.2,107.9,110.4,110.4,-5.6,-6.3,-6.3,0.188,1.38,20.4,0.019,0.089,0.053,14.8,14.7,0.374,0.419,0.194,0.202,100.13,98.09,81.74,98.09,0.044,506,26,87,3.7,12.4,0.299,89,88,77,95,31,150,137,137,105,127,127,136,146,146,63,115,69,156,157,176,180,180,186,187,82,81,58,116,116,184,89,61,77,41,191,1,48.8,0.6209677419354839,0.1612903225806451,0.5165133131002279,-0.0975133131002278,0.4500537056928034,0.44857429431786,44.9,18.229885057471265,0.21839080459770116,0.011494252873563218,0.04597701149425287,0.034482758620689655,0.04597701149425287,87,46.4,0.19441599999999998,0.3838693372085676,0.449,41.6
1631114,Jalen Williams,Jalen,1610612760,OKC,25.0,5,3,2,0.6,21.4,5.8,11.2,0.518,1.0,2.4,0.417,1.8,2.4,0.75,1.0,2.2,3.2,2.8,1.2,1.0,0.4,1.0,1.0,1.8,14.4,4.0,25.4,0,0,24.2,155,88,183,40,100,39,51,45,82,102,41,64,64,96,71,98,95,49,70,48,79,21,148,81,48,25,66,49,5,66,1,Jalen Williams,Jalen,1610612760,OKC,25.0,5,3,2,0.6,21.4,111.9,111.6,111.6,102.9,102.7,102.7,9.0,8.9,8.9,0.219,2.33,17.3,0.043,0.096,0.069,7.4,7.4,0.563,0.587,0.266,0.274,100.17,100.41,83.67,100.41,0.15,224,29,56,5.8,11.2,0.518,155,88,26,40,100,58,67,67,68,65,65,41,45,45,49,45,101,97,141,136,82,81,74,70,27,28,57,68,68,31,79,94,39,51,45,1,51.9,0.2142857142857143,0.2142857142857143,0.5329884293137644,0.0540115706862355,0.6305048335123523,0.6212937749746935,62.7,9.5,0.25,0.03571428571428571,0.125,0.17857142857142858,0.05357142857142857,56,48.2,0.282934,0.5586458267517533,0.627,59.3
1631288,Jamal Cain,Jamal,1610612753,ORL,27.0,7,3,4,0.429,17.6,1.7,4.1,0.414,0.4,1.7,0.25,0.7,1.6,0.455,1.0,2.4,3.4,0.6,0.7,0.3,0.4,0.4,2.0,2.7,4.6,-4.6,11.0,0,0,10.4,89,88,62,95,109,125,120,131,136,127,136,117,89,174,71,93,88,144,106,142,77,83,91,52,126,187,122,49,5,123,1,Jamal Cain,Jamal,1610612753,ORL,27.0,7,3,4,0.429,17.6,86.7,89.0,89.0,102.5,102.9,102.9,-15.8,-13.9,-13.9,0.065,0.8,9.5,0.048,0.116,0.082,11.9,11.7,0.466,0.473,0.128,0.137,96.73,95.29,79.4,95.29,0.054,245,12,29,1.7,4.1,0.414,89,88,77,95,109,211,205,205,61,66,66,188,180,180,170,154,162,87,109,106,157,152,151,169,179,175,151,187,187,167,125,126,125,120,131,1,20.0,0.4146341463414634,0.3902439024390244,0.557556562816151,-0.0845565628161509,0.5080558539205156,0.4633433746440972,49.0,13.275862068965518,0.10344827586206896,0.0,0.06896551724137931,0.10344827586206896,0.06896551724137931,29,37.3,0.176429,0.34835447336829467,0.49,41.9
1627750,Jamal Murray,Jamal,1610612743,DEN,29.0,6,2,4,0.333,39.7,7.7,21.5,0.357,1.8,7.0,0.262,6.5,6.7,0.975,1.2,3.8,5.0,5.7,2.2,0.8,0.3,1.0,1.7,6.2,23.7,-4.7,39.5,0,0,38.5,120,128,62,138,6,18,1,169,39,15,131,8,15,23,61,53,58,14,33,70,88,21,117,9,14,188,16,49,5,16,1,Jamal Murray,Jamal,1610612743,DEN,29.0,6,2,4,0.333,39.7,102.9,103.8,103.8,109.2,110.3,110.3,-6.3,-6.5,-6.5,0.268,2.62,17.9,0.028,0.088,0.058,6.8,6.7,0.399,0.484,0.285,0.299,100.94,99.96,83.3,99.96,0.114,498,46,129,7.7,21.5,0.357,120,128,77,138,6,140,142,142,121,126,126,142,152,152,25,33,95,136,162,159,70,67,176,162,20,17,35,78,78,67,47,34,18,1,169,1,82.9,0.3255813953488372,0.3116279069767442,0.5387682442037818,-0.0547682442037817,0.5198711063372717,0.497298344889244,51.1,14.775193798449612,0.49612403100775193,0.023255813953488372,0.29457364341085274,0.14728682170542637,0.015503875968992248,129,75.4,0.364936,0.7205566437101156,0.511,61.6
1642347,Jamal Shead,Jamal,1610612761,TOR,23.0,7,3,4,0.429,32.0,3.3,9.3,0.354,2.0,6.0,0.333,0.4,0.9,0.5,0.4,1.6,2.0,5.0,2.0,1.4,0.1,0.1,3.1,1.9,9.0,1.9,21.6,0,0,21.1,89,88,62,95,56,84,66,170,30,27,88,141,127,152,141,123,127,22,37,22,131,136,28,77,88,44,83,49,5,81,1,Jamal Shead,Jamal,1610612761,TOR,23.0,7,3,4,0.429,32.0,108.1,112.4,112.4,109.2,107.6,107.6,-1.1,4.8,4.8,0.211,2.5,30.2,0.013,0.049,0.031,12.1,12.0,0.462,0.466,0.153,0.156,99.1,97.93,81.61,97.93,0.048,453,23,65,3.3,9.3,0.354,89,88,77,95,56,92,60,60,122,104,104,92,64,64,51,36,19,176,201,207,160,159,154,173,142,151,88,120,120,177,97,79,84,66,170,1,35.6,0.6451612903225806,0.0967741935483871,0.5111539657062142,-0.0451539657062141,0.5005370569280344,0.508257424002152,50.4,18.630769230769232,0.13846153846153847,0.015384615384615385,0.046153846153846156,0.1076923076923077,0.015384615384615385,65,46.8,0.218088,0.43060908573955897,0.504,46.7
201935,James Harden,James,1610612739,CLE,36.0,18,8,10,0.444,37.3,5.7,13.8,0.41,2.1,7.1,0.299,5.7,6.9,0.831,0.7,4.4,5.1,5.5,4.7,1.7,0.7,0.9,2.6,4.7,19.2,0.4,36.1,2,0,36.7,11,33,1,87,17,42,35,136,28,14,115,12,13,62,101,38,56,16,3,17,49,31,63,20,26,81,24,20,5,22,1,James Harden,James,1610612739,CLE,36.0,18,8,10,0.444,37.3,111.5,113.3,113.3,110.5,112.9,112.9,1.0,0.4,0.4,0.236,1.18,20.5,0.02,0.118,0.07,17.4,17.3,0.486,0.568,0.246,0.254,97.95,96.11,80.09,96.11,0.106,1346,102,249,5.7,13.8,0.41,11,33,225,87,17,61,53,53,141,161,161,77,88,88,40,125,68,153,102,135,200,199,134,87,39,41,121,164,164,80,11,8,42,35,136,1,68.7,0.5144927536231884,0.5,0.5571866731680147,0.0108133268319852,0.6100966702470462,0.5720531614375266,59.5,16.686746987951807,0.46987951807228917,0.008032128514056224,0.10441767068273092,0.08032128514056225,0.008032128514056224,249,63.0,0.35784,0.7065457762052189,0.595,65.1
1642419,Jamison Battle,Jamison,1610612761,TOR,25.0,6,3,3,0.5,11.9,1.8,3.2,0.579,1.2,1.8,0.636,0.0,0.0,0.0,0.5,1.3,1.8,0.2,0.2,0.0,0.0,0.0,1.0,0.3,4.8,-0.2,7.1,0,0,8.0,120,88,155,53,134,120,136,32,74,123,9,184,187,184,120,132,135,192,190,182,154,158,148,173,123,97,148,49,5,136,1,Jamison Battle,Jamison,1610612761,TOR,25.0,6,3,3,0.5,11.9,114.0,114.9,114.9,119.1,114.0,114.0,-5.1,0.9,0.9,0.017,1.0,4.8,0.045,0.114,0.08,4.8,4.8,0.763,0.763,0.119,0.121,98.68,100.48,83.74,100.48,0.075,148,11,19,1.8,3.2,0.579,120,88,49,53,134,41,38,38,197,172,172,132,85,85,197,135,195,93,113,112,41,41,15,17,195,197,102,65,65,134,128,143,120,136,32,1,12.7,0.5625,0.0,0.5055429830211097,0.2574570169788903,0.8195488721804511,0.8531962252361616,83.3,16.894736842105264,0.15789473684210525,0.0,0.10526315789473684,0.05263157894736842,0.10526315789473684,19,44.0,0.33572,0.6628704113224237,0.833,74.8
1642272,Jared McCain,Jared,1610612760,OKC,22.0,15,11,4,0.733,17.2,3.7,9.1,0.412,1.7,4.7,0.371,0.8,1.0,0.8,0.6,1.3,1.9,1.0,0.7,0.3,0.0,0.4,1.3,0.9,10.0,2.6,14.0,0,0,15.3,30,21,62,26,111,75,69,134,45,51,67,110,114,74,109,138,134,114,103,133,154,88,140,124,80,36,108,49,5,101,1,Jared McCain,Jared,1610612760,OKC,22.0,15,11,4,0.733,17.2,112.0,113.7,113.7,108.8,108.2,108.2,3.2,5.5,5.5,0.094,1.36,8.9,0.033,0.075,0.053,6.5,6.5,0.507,0.526,0.245,0.256,98.88,98.39,81.99,98.39,0.082,534,56,136,3.7,9.1,0.412,30,21,77,26,111,57,49,49,111,110,110,64,61,61,137,116,165,122,173,172,62,62,103,131,40,37,94,108,108,121,38,32,75,69,134,1,44.9,0.5164835164835165,0.1098901098901098,0.5102695497938511,0.0157304502061489,0.5649838882921591,0.577658069187913,57.0,15.992647058823529,0.2867647058823529,0.022058823529411766,0.08088235294117647,0.16176470588235295,0.0,136,55.8,0.293508,0.5795239148290895,0.5700000000000001,57.5
1629020,Jarred Vanderbilt,Jarred,1610612747,LAL,27.0,7,3,4,0.429,10.7,1.3,3.1,0.409,0.1,1.3,0.111,0.1,0.4,0.333,0.7,2.7,3.4,0.3,0.1,0.3,0.0,0.4,1.7,0.3,2.9,-1.0,8.1,0,0,7.3,89,88,62,95,142,142,139,137,165,138,165,177,162,178,102,82,88,178,195,142,154,83,114,179,149,129,138,49,5,144,1,Jarred Vanderbilt,Jarred,1610612747,LAL,27.0,7,3,4,0.429,10.7,107.0,104.9,104.9,101.9,105.4,105.4,5.0,-0.5,-0.5,0.045,2.0,7.7,0.074,0.224,0.157,3.8,3.8,0.432,0.429,0.147,0.157,93.25,92.51,77.09,92.51,0.073,142,9,22,1.3,3.1,0.409,89,88,77,95,142,107,128,128,53,90,90,58,98,98,184,63,179,43,21,22,38,38,163,182,154,147,206,219,219,138,138,137,142,139,137,1,16.9,0.4193548387096774,0.1290322580645161,0.524400587288863,-0.0954005872888629,0.4607948442534909,0.4509825384015412,45.7,11.181818181818182,0.0,0.0,0.0,0.13636363636363635,0.13636363636363635,22,26.0,0.11154,0.2202328299740949,0.457,33.9
1628386,Jarrett Allen,Jarrett,1610612739,CLE,28.0,18,8,10,0.444,29.4,4.8,7.6,0.635,0.0,0.0,0.0,3.1,5.3,0.579,3.2,4.0,7.2,1.1,0.9,1.0,1.7,0.8,2.0,4.9,12.7,-0.4,30.1,3,0,26.4,11,33,1,87,71,55,84,24,170,198,170,39,24,146,8,46,24,113,88,48,4,39,91,19,58,106,43,9,5,55,1,Jarrett Allen,Jarrett,1610612739,CLE,28.0,18,8,10,0.444,29.4,112.0,114.1,114.1,111.6,113.6,113.6,0.4,0.5,0.5,0.058,1.12,8.7,0.111,0.14,0.126,7.8,7.9,0.635,0.64,0.163,0.164,96.58,94.84,79.03,94.84,0.119,1040,87,137,4.8,7.6,0.635,11,33,225,87,71,56,46,46,157,166,166,83,87,87,176,130,169,21,80,44,90,91,39,46,122,132,153,193,193,60,17,30,55,84,24,1,42.7,0.0,0.6973684210526316,0.6079341688971718,0.0320658311028282,0.6874328678839957,0.5962783672821991,65.1,3.153284671532847,0.051094890510948905,0.0072992700729927005,0.051094890510948905,0.24087591240875914,0.18248175182481752,137,25.1,0.16064,0.3171795033802995,0.6509999999999999,48.4
1629750,Javonte Green,Javonte,1610612765,DET,32.0,11,6,5,0.545,12.0,0.8,2.7,0.3,0.6,2.5,0.259,0.5,0.5,0.833,0.2,1.6,1.8,0.3,0.3,0.5,0.5,0.1,1.3,0.5,2.7,0.5,8.0,0,0,7.5,54,57,51,51,133,162,146,188,115,101,132,138,150,58,179,122,136,181,174,95,71,151,139,163,159,76,140,49,5,142,1,Javonte Green,Javonte,1610612765,DET,32.0,11,6,5,0.545,12.0,100.0,99.6,99.6,93.5,93.8,93.8,6.5,5.8,5.8,0.036,1.0,7.7,0.013,0.124,0.068,7.7,7.8,0.417,0.46,0.116,0.119,98.29,98.28,81.9,98.28,0.058,265,9,30,0.8,2.7,0.3,54,57,170,51,133,174,175,175,22,30,30,49,59,59,189,135,179,173,95,141,86,88,170,174,200,200,113,110,110,163,138,124,162,146,188,1,13.6,0.9259259259259258,0.1851851851851851,0.513775354066031,-0.053775354066031,0.4940923737916219,0.4984301158872227,49.6,22.7,0.1,0.1,0.03333333333333333,0.06666666666666667,0.0,30,52.0,0.23920000000000002,0.4722941808302269,0.49600000000000005,48.4
1629637,Jaxson Hayes,Jaxson,1610612747,LAL,26.0,10,4,6,0.4,16.3,1.9,2.8,0.679,0.0,0.1,0.0,1.9,2.7,0.704,1.5,1.7,3.2,0.7,1.0,0.3,0.8,0.2,2.7,2.8,5.7,0.1,12.9,0,0,11.8,63,69,35,122,114,118,145,14,170,195,170,59,59,119,38,120,95,137,75,141,35,122,52,48,113,88,113,49,5,113,1,Jaxson Hayes,Jaxson,1610612747,LAL,26.0,10,4,6,0.4,16.3,102.9,103.3,103.3,102.0,104.5,104.5,0.9,-1.3,-1.3,0.07,0.7,12.3,0.104,0.1,0.102,17.5,17.6,0.679,0.715,0.131,0.137,100.09,98.68,82.23,98.68,0.08,337,19,28,1.9,2.8,0.679,63,69,181,122,114,141,147,147,54,83,83,78,103,103,162,158,140,28,135,71,201,201,25,21,174,176,59,101,101,125,105,128,118,145,14,1,20.4,0.0357142857142857,0.9642857142857144,0.6412495525403585,0.0737504474596414,0.7679914070891515,0.6437936341387925,71.8,2.607142857142857,0.0,0.07142857142857142,0.0,0.25,0.5,28,17.7,0.126555,0.2498795570859923,0.718,48.4
1627759,Jaylen Brown,Jaylen,1610612738,BOS,29.0,7,3,4,0.429,35.6,9.3,20.4,0.455,2.4,6.0,0.405,4.7,6.6,0.717,1.6,4.1,5.7,3.3,3.6,0.9,1.1,1.6,3.0,5.9,25.7,-3.3,39.9,0,0,41.1,89,88,62,95,29,4,7,98,18,27,43,18,16,113,34,44,44,41,8,66,18,5,32,11,8,175,14,49,5,11,1,Jaylen Brown,Jaylen,1610612738,BOS,29.0,7,3,4,0.429,35.6,102.7,106.1,106.1,108.5,111.0,111.0,-5.8,-4.9,-4.9,0.184,0.92,11.0,0.038,0.109,0.072,11.9,11.8,0.514,0.551,0.325,0.33,97.24,94.6,78.84,94.6,0.122,491,65,143,9.3,20.4,0.455,89,88,77,95,29,144,118,118,108,137,137,137,137,137,66,150,150,109,123,127,157,158,98,112,8,8,140,198,198,54,26,26,4,7,98,1,85.5,0.2941176470588235,0.3235294117647059,0.5381668771765378,0.0128331228234622,0.5918367346938777,0.5743554771097981,58.5,13.874125874125873,0.5174825174825175,0.013986013986013986,0.24475524475524477,0.16783216783216784,0.013986013986013986,143,73.2,0.403332,0.7963685474189677,0.585,69.1
1641740,Jaylen Clark,Jaylen,1610612750,MIN,24.0,6,2,4,0.333,9.5,0.5,2.0,0.25,0.3,1.3,0.25,0.3,0.3,1.0,0.3,0.8,1.2,0.5,0.0,0.2,0.2,0.2,1.0,0.3,1.7,-0.5,4.8,0,0,4.3,120,128,62,138,150,188,164,198,143,133,136,151,169,1,153,164,166,151,200,163,127,127,148,173,183,111,173,49,5,180,1,Jaylen Clark,Jaylen,1610612750,MIN,24.0,6,2,4,0.333,9.5,113.2,112.6,112.6,115.5,113.2,113.2,-2.3,-0.6,-0.6,0.064,0.0,18.8,0.034,0.1,0.065,0.0,0.0,0.333,0.388,0.095,0.098,99.72,100.97,84.14,100.97,0.023,119,3,12,0.5,2.0,0.25,120,128,77,138,150,48,57,57,177,163,163,102,99,99,171,183,84,119,135,147,1,1,193,192,216,218,67,59,59,198,176,165,188,164,198,1,7.1,0.65,0.15,0.5221065001484226,-0.1341065001484226,0.4167561761546724,0.4068626222505213,41.3,18.166666666666668,0.16666666666666666,0.0,0.0,0.0,0.0,12,39.9,0.154812,0.30567226890756305,0.413,35.9
1631119,Jaylin Williams,Jaylin,1610612760,OKC,23.0,15,11,4,0.733,16.0,1.7,4.3,0.4,1.2,3.3,0.36,0.3,0.4,0.667,0.5,3.7,4.1,1.5,0.4,0.5,0.2,0.1,2.1,1.1,4.9,2.9,13.9,1,0,13.2,30,21,62,26,115,124,116,143,71,80,72,165,164,125,139,57,68,94,156,97,121,155,88,109,121,35,109,32,5,108,1,Jaylin Williams,Jaylin,1610612760,OKC,23.0,15,11,4,0.733,16.0,113.0,111.0,111.0,106.5,106.1,106.1,6.5,4.9,4.9,0.134,3.67,23.2,0.028,0.213,0.121,6.3,6.3,0.538,0.547,0.127,0.137,98.93,99.99,83.33,99.99,0.088,509,26,65,1.7,4.3,0.4,30,21,77,26,115,50,73,73,97,94,94,50,63,63,99,15,46,139,26,48,58,58,86,114,181,174,92,77,77,107,89,79,124,116,143,1,20.0,0.7674418604651163,0.0930232558139535,0.5080213107089613,0.0389786892910387,0.5875402792696026,0.6041581639616982,59.4,20.953846153846154,0.046153846153846156,0.03076923076923077,0.1076923076923077,0.015384615384615385,0.015384615384615385,65,44.8,0.245056,0.4838567005749668,0.594,53.9
1642281,Jaylon Tyson,Jaylon,1610612739,CLE,23.0,17,8,9,0.471,12.7,1.5,4.1,0.362,0.5,2.2,0.237,0.6,0.9,0.667,0.8,2.0,2.8,1.3,0.6,0.2,0.1,0.2,1.5,0.6,4.1,-1.4,9.4,0,0,9.1,23,33,7,83,129,135,122,165,123,109,148,129,126,125,99,101,108,101,118,162,150,126,128,146,135,142,130,49,5,129,1,Jaylon Tyson,Jaylon,1610612739,CLE,23.0,17,8,9,0.471,12.7,106.1,105.3,105.3,109.7,112.7,112.7,-3.5,-7.4,-7.4,0.162,2.0,20.4,0.061,0.152,0.108,10.2,10.1,0.428,0.456,0.173,0.181,96.48,95.55,79.63,95.55,0.064,433,25,69,1.5,4.1,0.362,23,33,215,83,129,116,125,125,129,158,158,114,154,154,75,63,71,60,64,60,127,126,167,176,107,106,155,179,179,157,92,76,135,122,165,1,26.2,0.5365853658536587,0.2195121951219512,0.5285495582129296,-0.0725495582129295,0.489795918367347,0.477029863275464,48.5,15.869565217391305,0.11594202898550725,0.014492753623188406,0.08695652173913043,0.11594202898550725,0.043478260869565216,69,44.0,0.20064,0.39615846338535415,0.485,44.1
1628369,Jayson Tatum,Jayson,1610612738,BOS,28.0,6,3,3,0.5,36.3,8.0,16.8,0.475,3.2,8.7,0.365,4.2,5.3,0.781,1.0,9.7,10.7,6.8,2.8,1.2,0.0,0.8,1.8,3.7,23.3,4.7,47.1,5,0,46.3,120,88,155,53,22,15,16,78,5,2,69,23,22,87,71,2,3,7,21,37,154,39,108,31,15,21,5,4,5,5,1,Jayson Tatum,Jayson,1610612738,BOS,28.0,6,3,3,0.5,36.3,114.8,119.4,119.4,109.5,112.9,112.9,5.4,6.6,6.6,0.311,2.41,23.8,0.027,0.252,0.141,9.9,9.8,0.569,0.608,0.262,0.266,97.33,93.98,78.32,93.98,0.185,427,48,101,8.0,16.8,0.475,120,88,49,53,22,34,17,17,125,162,162,57,56,56,15,44,45,141,13,32,123,121,70,61,30,33,136,209,209,14,45,48,15,16,78,1,69.6,0.5178571428571428,0.3154761904761904,0.533552893879799,0.074447106120201,0.653061224489796,0.6445877381766251,65.0,16.306930693069308,0.49504950495049505,0.0,0.12871287128712872,0.19801980198019803,0.0,101,70.1,0.426208,0.8415366146458583,0.65,74.6
203924,Jerami Grant,Jerami,1610612757,POR,32.0,5,1,4,0.2,22.3,3.0,8.6,0.349,1.0,3.0,0.333,3.4,3.6,0.944,0.4,1.4,1.8,0.4,0.6,1.0,0.2,1.0,2.2,2.8,10.4,-9.0,16.2,0,0,16.0,155,163,62,179,95,91,74,172,82,87,88,32,41,25,143,131,138,168,122,48,121,21,83,48,77,213,98,49,5,98,1,Jerami Grant,Jerami,1610612757,POR,32.0,5,1,4,0.2,22.3,100.8,99.2,99.2,118.7,120.3,120.3,-17.9,-21.1,-21.1,0.03,0.67,3.6,0.016,0.067,0.039,5.4,5.4,0.407,0.511,0.196,0.207,100.38,100.54,83.79,100.54,0.057,236,15,43,3.0,8.6,0.349,155,163,77,179,95,165,176,176,193,200,200,199,204,204,192,161,197,166,186,198,47,48,173,144,81,74,50,64,64,164,114,105,91,74,172,1,40.3,0.3488372093023256,0.4186046511627907,0.5579957026831859,-0.0469957026831858,0.5488721804511278,0.5061580734122032,53.2,11.790697674418604,0.18604651162790697,0.06976744186046512,0.13953488372093023,0.3488372093023256,0.046511627906976744,43,58.0,0.29638,0.5851946041574524,0.532,55.9
1628975,Jevon Carter,Jevon,1610612753,ORL,30.0,3,0,3,0.0,5.5,0.3,1.3,0.25,0.0,0.7,0.0,0.0,0.0,0.0,0.3,0.3,0.7,0.7,0.0,0.3,0.0,0.0,0.0,0.0,0.7,3.0,3.5,0,0,2.7,196,196,155,196,179,203,186,198,170,170,170,184,187,184,153,195,189,138,200,133,154,158,206,200,205,31,191,49,5,195,1,Jevon Carter,Jevon,1610612753,ORL,30.0,3,0,3,0.0,5.5,109.9,109.4,109.4,94.5,83.9,83.9,15.4,25.5,25.5,0.2,0.0,33.3,0.056,0.071,0.063,0.0,0.0,0.25,0.25,0.103,0.112,86.34,91.64,76.36,91.64,0.08,32,1,4,0.3,1.3,0.25,196,196,49,196,179,69,85,85,25,18,18,27,13,13,55,183,11,69,180,152,1,1,203,212,212,208,221,222,222,122,201,193,203,186,198,1,4.5,0.5384615384615384,0.0,0.5077957801766444,-0.2577957801766444,0.2685284640171858,0.2658722603017954,26.7,21.0,0.75,0.0,0.5,0.0,0.0,4,100.0,0.25,0.4936185000315916,0.267,38.0
203954,Joel Embiid,Joel,1610612755,PHI,32.0,7,3,4,0.429,33.3,8.1,17.7,0.46,0.7,4.0,0.179,7.0,8.4,0.831,1.1,6.1,7.3,5.4,2.1,0.3,0.9,0.7,2.4,7.1,24.0,-7.3,42.2,3,0,39.7,89,88,62,95,43,13,15,93,107,62,159,5,5,63,64,14,22,17,34,142,27,49,72,5,12,205,11,9,5,13,1,Joel Embiid,Joel,1610612755,PHI,32.0,7,3,4,0.429,33.3,108.8,109.0,109.0,119.6,120.0,120.0,-10.9,-10.9,-10.9,0.297,2.53,18.6,0.035,0.173,0.107,7.4,7.4,0.48,0.56,0.325,0.331,96.19,95.93,79.95,95.93,0.154,466,57,124,8.1,17.7,0.46,89,88,77,95,43,83,89,89,201,198,198,170,169,169,19,35,87,116,49,61,81,82,141,102,7,7,164,168,168,27,35,35,13,15,93,1,83.3,0.2259887005649717,0.4745762711864407,0.5590122034927276,0.0009877965072724,0.6015037593984963,0.5608532815732138,58.5,14.048387096774194,0.2661290322580645,0.0,0.3548387096774194,0.13709677419354838,0.024193548387096774,124,63.9,0.35784000000000005,0.706545776205219,0.585,64.6
202685,Jonas Valančiūnas,Jonas,1610612743,DEN,34.0,4,2,2,0.5,6.3,1.3,1.8,0.714,0.0,0.0,0.0,0.3,0.5,0.5,0.8,1.5,2.3,0.3,1.3,0.0,0.3,0.0,2.8,1.8,2.8,-2.5,5.3,0,0,5.8,172,128,183,53,171,143,176,10,170,198,170,166,152,152,100,125,120,182,68,182,104,158,48,83,156,164,162,49,5,158,1,Jonas Valančiūnas,Jonas,1610612743,DEN,34.0,4,2,2,0.5,6.3,96.5,94.4,94.4,116.0,122.0,122.0,-19.5,-27.6,-27.6,0.071,0.2,7.1,0.111,0.261,0.18,35.7,36.0,0.714,0.698,0.21,0.223,101.22,99.84,83.2,99.84,0.015,54,5,7,1.3,1.8,0.714,172,128,26,53,171,188,192,192,183,208,208,202,217,217,158,180,188,22,11,12,223,223,18,25,60,59,33,81,81,204,158,182,143,176,10,1,21.6,0.0,0.2777777777777778,0.5536259165663143,0.1443740834336856,0.7497314715359827,0.7242957762471761,74.0,6.428571428571429,0.0,0.0,0.14285714285714285,0.0,0.2857142857142857,7,18.8,0.13122399999999998,0.25909837619258225,0.74,50.0
1630228,Jonathan Kuminga,Jonathan,1610612737,ATL,23.0,6,2,4,0.333,26.0,4.8,10.0,0.483,0.8,4.0,0.208,3.2,4.3,0.731,1.0,2.3,3.3,1.0,1.0,0.5,0.5,0.5,2.7,4.0,13.7,-9.3,21.2,0,0,20.8,120,128,62,138,83,55,57,72,99,62,153,36,34,109,71,95,90,114,75,98,64,71,53,28,52,214,86,49,5,84,1,Jonathan Kuminga,Jonathan,1610612737,ATL,23.0,6,2,4,0.333,26.0,101.0,100.6,100.6,116.9,119.8,119.8,-15.9,-19.2,-19.2,0.068,1.0,7.2,0.037,0.091,0.063,7.2,7.2,0.525,0.574,0.211,0.221,99.73,98.72,82.27,98.72,0.089,323,29,60,4.8,10.0,0.483,120,128,77,138,83,163,165,165,185,197,197,190,198,198,165,135,187,111,149,150,78,77,89,83,59,63,66,99,99,105,79,88,55,57,72,1,47.1,0.4,0.43,0.5561289843631789,0.017871015636821,0.6165413533834586,0.5800980469675275,60.2,12.8,0.35,0.05,0.1,0.13333333333333333,0.06666666666666667,60,54.9,0.31512599999999996,0.6222080937638212,0.6020000000000001,61.2
203903,Jordan Clarkson,Jordan,1610612752,NYK,34.0,17,14,3,0.824,11.1,2.0,4.2,0.472,0.2,1.0,0.235,0.9,1.1,0.789,1.0,0.8,1.8,0.6,0.9,0.2,0.1,0.1,1.5,0.6,5.1,5.2,8.1,0,0,8.4,23,7,155,15,139,111,117,80,157,146,149,104,112,84,71,171,139,140,90,152,150,144,135,142,116,19,137,49,5,134,1,Jordan Clarkson,Jordan,1610612752,NYK,34.0,17,14,3,0.824,11.1,121.4,122.0,122.0,98.6,99.2,99.2,22.8,22.8,22.8,0.082,0.69,10.4,0.087,0.065,0.076,15.1,14.9,0.5,0.541,0.202,0.212,99.86,99.32,82.77,99.32,0.064,391,34,72,2.0,4.2,0.472,23,7,49,15,139,10,12,12,37,45,45,14,18,18,145,160,157,37,190,124,185,183,109,119,67,69,63,88,88,153,67,74,111,117,80,1,30.1,0.238095238095238,0.2619047619047619,0.543011323862128,-0.0020113238621279,0.5810955961331902,0.5574346581782592,57.2,8.86111111111111,0.18055555555555555,0.013888888888888888,0.06944444444444445,0.20833333333333334,0.125,72,40.0,0.21640000000000004,0.42727617362734577,0.5720000000000001,50.0
1641775,Jordan Walsh,Jordan,1610612738,BOS,22.0,7,3,4,0.429,12.7,0.6,2.7,0.211,0.3,1.7,0.167,0.3,0.9,0.333,0.9,1.7,2.6,1.0,0.0,0.6,0.3,0.1,0.7,0.9,1.7,5.6,8.9,0,0,7.3,89,88,62,95,130,183,147,206,149,127,160,162,127,178,93,118,114,114,200,93,96,136,166,125,181,18,135,49,5,144,1,Jordan Walsh,Jordan,1610612738,BOS,22.0,7,3,4,0.429,12.7,120.0,122.3,122.3,102.6,100.0,100.0,17.4,22.3,22.3,0.096,0.0,24.1,0.058,0.143,0.096,0.0,0.0,0.263,0.277,0.101,0.104,96.84,97.13,80.94,97.13,0.042,179,4,19,0.6,2.7,0.211,89,88,77,95,130,13,10,10,63,46,46,23,20,20,135,183,44,65,72,80,1,1,202,207,214,216,144,143,143,190,164,143,183,147,206,1,11.3,0.6296296296296295,0.3333333333333333,0.5444672841355883,-0.2674672841355883,0.2975295381310419,0.2548479512958014,28.0,16.05263157894737,0.0,0.10526315789473684,0.0,0.05263157894736842,0.10526315789473684,19,34.3,0.095011,0.1875967492260062,0.28,23.4
1630631,Jose Alvarado,Jose,1610612752,NYK,28.0,17,14,3,0.824,9.3,1.7,3.6,0.468,0.7,1.9,0.375,0.3,0.4,0.833,0.1,1.3,1.4,1.2,0.6,0.6,0.1,0.2,1.2,0.5,4.4,5.6,9.5,0,0,9.2,23,7,155,15,151,126,128,83,110,121,61,161,168,58,186,135,156,102,127,91,139,115,142,153,130,17,129,49,5,128,1,Jose Alvarado,Jose,1610612752,NYK,28.0,17,14,3,0.824,9.3,118.7,118.2,118.2,89.4,88.6,88.6,29.3,29.5,29.5,0.193,2.1,22.1,0.013,0.127,0.073,10.5,10.5,0.565,0.58,0.196,0.208,95.55,96.17,80.14,96.17,0.126,319,29,62,1.7,3.6,0.468,23,7,49,15,151,19,21,21,15,23,23,9,11,11,62,60,59,177,89,125,130,130,71,77,80,73,181,163,163,49,79,86,126,128,83,1,26.7,0.5277777777777778,0.1111111111111111,0.5139777527225832,0.0660222472774167,0.6229860365198711,0.6349844492146386,62.8,14.725806451612904,0.25806451612903225,0.04838709677419355,0.016129032258064516,0.1935483870967742,0.0,62,52.0,0.3016,0.595501358438112,0.628,61.2
1628404,Josh Hart,Josh,1610612752,NYK,31.0,18,15,3,0.833,31.9,3.9,9.1,0.436,1.4,4.4,0.313,1.0,1.7,0.6,1.1,7.8,8.8,4.7,1.9,1.8,0.2,0.6,2.7,1.9,10.3,10.3,32.0,3,0,29.2,11,1,155,9,57,69,70,115,63,56,107,91,82,143,70,5,9,25,41,15,116,59,53,74,78,6,38,9,5,43,1,Josh Hart,Josh,1610612752,NYK,31.0,18,15,3,0.833,31.9,118.1,120.2,120.2,102.3,103.3,103.3,15.8,16.9,16.9,0.193,2.43,28.7,0.035,0.234,0.139,11.8,11.8,0.512,0.525,0.158,0.162,98.92,97.56,81.3,97.56,0.118,1163,71,163,3.9,9.1,0.436,11,1,49,9,57,20,15,15,59,70,70,25,24,24,61,43,21,117,17,34,155,157,100,132,129,133,93,132,132,62,23,22,69,70,115,1,40.0,0.4835164835164836,0.1868131868131868,0.5279288985349316,-0.0029288985349316,0.5639097744360902,0.556388737422604,56.1,13.914110429447852,0.25153374233128833,0.012269938650306749,0.03067484662576687,0.20245398773006135,0.024539877300613498,163,49.6,0.2604,0.5141530296329059,0.561,53.8
1629006,Josh Okogie,Josh,1610612745,HOU,27.0,6,2,4,0.333,17.4,1.8,4.2,0.44,0.8,2.2,0.385,0.3,0.3,1.0,1.0,1.3,2.3,0.8,0.5,1.2,0.0,0.2,2.0,1.2,4.8,-0.7,11.9,0,0,11.2,120,128,62,138,110,120,119,110,99,111,55,151,169,1,71,132,118,129,138,37,154,127,91,106,123,119,117,49,5,118,1,Josh Okogie,Josh,1610612745,HOU,27.0,6,2,4,0.333,17.4,104.7,104.9,104.9,104.2,104.8,104.8,0.5,0.1,0.1,0.082,1.67,14.7,0.056,0.088,0.07,8.8,8.9,0.54,0.56,0.118,0.125,94.61,94.23,78.53,94.23,0.067,203,11,25,1.8,4.2,0.44,120,128,77,138,110,128,129,129,78,85,85,81,90,90,146,95,122,69,160,133,105,107,85,101,197,191,195,205,205,147,128,131,120,119,110,1,16.6,0.5238095238095238,0.0714285714285714,0.5157367223501946,0.0442632776498054,0.6015037593984963,0.6101819359917604,60.5,14.08,0.0,0.12,0.04,0.12,0.16,25,36.7,0.20552000000000004,0.40579389650597086,0.605,50.5
201950,Jrue Holiday,Jrue,1610612757,POR,35.0,5,1,4,0.2,38.3,6.2,15.4,0.403,2.4,6.8,0.353,1.6,1.8,0.889,1.6,3.8,5.4,7.2,3.2,1.4,0.4,1.4,3.0,2.4,16.4,-9.8,35.9,0,0,35.0,155,163,62,179,14,32,24,142,22,17,78,67,78,38,32,54,49,6,17,24,79,11,32,58,37,216,26,49,5,27,1,Jrue Holiday,Jrue,1610612757,POR,35.0,5,1,4,0.2,38.3,102.8,104.8,104.8,117.3,118.5,118.5,-14.5,-13.7,-13.7,0.31,2.25,27.1,0.036,0.108,0.068,12.0,12.0,0.481,0.506,0.209,0.216,99.43,97.98,81.65,97.98,0.097,393,31,77,6.2,15.4,0.403,155,163,77,179,14,142,130,130,186,192,192,184,177,177,16,54,29,115,126,142,159,160,140,148,61,66,75,118,118,95,74,73,32,24,142,1,55.6,0.4415584415584415,0.1168831168831168,0.5169985809516621,-0.010998580951662,0.5435016111707841,0.5471903053152581,54.5,14.272727272727273,0.5324675324675324,0.0,0.09090909090909091,0.22077922077922077,0.012987012987012988,77,68.2,0.345092,0.681375181651608,0.545,61.3
1630577,Julian Champagnie,Julian,1610612759,SAS,24.0,22,13,9,0.591,30.6,3.7,8.5,0.439,2.6,6.6,0.39,1.0,1.4,0.767,0.9,4.8,5.6,1.6,0.4,1.3,0.5,0.3,2.2,0.9,11.1,6.2,25.4,1,0,24.6,1,10,7,43,63,76,75,114,15,19,53,90,99,93,91,29,46,91,155,27,63,103,84,122,71,14,68,32,5,62,1,Julian Champagnie,Julian,1610612759,SAS,24.0,22,13,9,0.591,30.6,114.4,114.0,114.0,102.8,104.1,104.1,11.7,9.9,9.9,0.073,3.89,14.5,0.028,0.14,0.087,3.7,3.7,0.591,0.609,0.13,0.135,100.52,100.11,83.42,100.11,0.098,1405,82,187,3.7,8.5,0.439,1,10,215,43,63,38,47,47,66,79,79,33,42,42,157,13,126,134,79,95,37,36,54,59,175,178,48,73,73,93,20,14,76,75,114,1,35.3,0.776470588235294,0.1647058823529411,0.5160428269465827,0.0929571730534173,0.6541353383458647,0.6656869072882398,65.9,19.88235294117647,0.10160427807486631,0.0213903743315508,0.026737967914438502,0.10160427807486631,0.0213903743315508,187,45.4,0.27648599999999995,0.5459144183989384,0.659,60.2
1641763,Julian Phillips,Julian,1610612750,MIN,22.0,5,1,4,0.2,5.1,0.4,1.2,0.333,0.4,0.8,0.5,0.0,0.0,0.0,0.0,0.2,0.2,0.4,0.2,0.4,0.0,0.2,0.2,0.2,1.2,0.8,3.0,0,0,3.0,155,163,62,179,185,200,192,175,139,162,16,184,187,184,191,207,214,168,186,124,154,122,201,186,197,64,196,49,5,193,1,Julian Phillips,Julian,1610612750,MIN,22.0,5,1,4,0.2,5.1,112.5,113.0,113.0,112.0,103.6,103.6,0.4,9.3,9.3,0.111,2.0,22.2,0.0,0.05,0.02,11.1,11.1,0.5,0.5,0.109,0.112,99.39,103.06,85.88,103.06,0.045,54,2,6,0.4,1.2,0.333,155,163,77,179,185,53,54,54,161,74,74,82,43,43,119,63,53,191,200,212,139,142,109,154,204,205,78,31,31,181,186,186,200,192,175,1,5.5,0.6666666666666667,0.0,0.5022656619323467,-0.0022656619323466,0.5370569280343717,0.5571447444802469,54.5,16.666666666666668,0.16666666666666666,0.0,0.0,0.3333333333333333,0.0,6,52.8,0.264,0.5212611360333608,0.545,53.3
203944,Julius Randle,Julius,1610612750,MIN,31.0,12,6,6,0.5,33.3,5.6,14.3,0.39,0.8,3.4,0.244,4.0,5.4,0.738,2.5,5.0,7.5,2.8,2.8,0.5,0.1,0.9,3.4,4.5,16.0,-5.6,28.2,2,0,28.3,48,57,35,53,42,45,31,151,99,78,145,25,21,107,14,25,19,48,21,98,146,34,20,21,40,196,54,20,5,44,1,Julius Randle,Julius,1610612750,MIN,31.0,12,6,6,0.5,33.3,100.7,102.1,102.1,110.2,110.1,110.1,-9.5,-8.0,-8.0,0.14,1.0,12.5,0.065,0.147,0.103,12.5,12.7,0.419,0.479,0.244,0.246,101.75,101.08,84.23,101.08,0.075,842,67,172,5.6,14.3,0.39,48,57,181,53,42,166,158,158,136,125,125,160,159,159,93,135,136,55,67,69,164,165,169,165,41,45,23,57,57,135,24,21,45,31,151,1,64.0,0.2377622377622377,0.3776223776223776,0.5535092628268452,-0.0745092628268452,0.514500537056928,0.4747960442835068,49.9,10.38953488372093,0.37209302325581395,0.01744186046511628,0.13372093023255813,0.21511627906976744,0.0755813953488372,172,56.6,0.271114,0.5353075440702597,0.499,51.7
1642348,Justin Edwards,Justin,1610612755,PHI,22.0,9,3,6,0.333,12.2,1.2,3.6,0.344,0.4,2.0,0.222,0.4,0.8,0.571,0.7,1.6,2.2,0.4,0.7,0.0,0.1,0.2,1.7,0.4,3.3,-6.1,6.3,0,0,6.7,74,88,35,138,132,144,130,173,135,115,151,139,134,147,105,124,123,164,111,182,140,118,117,164,142,199,154,49,5,150,1,Justin Edwards,Justin,1610612755,PHI,22.0,9,3,6,0.333,12.2,93.8,92.0,92.0,115.9,115.4,115.4,-22.2,-23.3,-23.3,0.066,0.67,8.9,0.05,0.128,0.087,13.3,13.3,0.406,0.428,0.16,0.168,98.38,99.55,82.96,99.55,0.017,226,11,32,1.2,3.6,0.344,74,88,181,138,132,203,199,199,182,179,179,213,209,209,169,161,166,83,87,96,171,171,174,186,128,126,110,87,87,202,128,120,144,130,173,1,21.2,0.5555555555555556,0.2222222222222222,0.529192435543303,-0.1011924355433029,0.4597207303974221,0.4443805533179569,45.4,17.5,0.25,0.03125,0.09375,0.0625,0.09375,32,51.1,0.218708,0.43183325961963737,0.454,44.3
1626157,Karl-Anthony Towns,Karl-Anthony,1610612752,NYK,30.0,18,15,3,0.833,30.8,5.7,10.0,0.567,1.4,3.1,0.473,3.9,4.3,0.909,2.6,8.0,10.6,5.2,2.5,1.2,1.3,0.7,3.9,4.1,16.7,14.6,42.0,12,2,38.8,11,1,155,9,62,42,57,36,60,86,28,28,37,33,13,4,4,18,27,37,11,51,7,27,36,1,12,1,1,15,1,Karl-Anthony Towns,Karl-Anthony,1610612752,NYK,30.0,18,15,3,0.833,30.8,119.7,123.4,123.4,100.5,100.0,100.0,19.2,23.4,23.4,0.232,2.07,26.7,0.09,0.25,0.174,12.9,12.8,0.639,0.701,0.2,0.207,97.68,96.44,80.37,96.44,0.18,1116,102,180,5.7,10.0,0.567,11,1,49,9,62,15,8,8,44,46,46,20,15,15,42,61,31,32,14,15,167,166,35,24,69,75,124,158,158,15,11,17,42,57,36,1,50.6,0.31,0.43,0.5605659864695896,0.1404340135304104,0.7529538131041891,0.719804587668511,74.0,9.594444444444445,0.1,0.005555555555555556,0.03333333333333333,0.3333333333333333,0.15555555555555556,180,39.6,0.277596,0.5481060845390788,0.74,64.4
1630811,Keaton Wallace,Keaton,1610612737,ATL,27.0,3,0,3,0.0,5.1,0.7,2.7,0.25,0.0,1.0,0.0,0.7,0.7,1.0,0.0,1.0,1.0,1.0,0.0,0.3,0.0,0.3,0.3,0.7,2.0,1.0,5.7,0,0,4.7,196,196,155,196,184,171,148,198,170,146,170,122,139,1,191,145,169,114,200,133,154,94,191,136,168,62,160,49,5,171,1,Keaton Wallace,Keaton,1610612737,ATL,27.0,3,0,3,0.0,5.1,103.5,113.3,113.3,101.2,96.9,96.9,2.4,16.5,16.5,0.375,0.0,25.0,0.0,0.167,0.077,0.0,0.0,0.25,0.338,0.231,0.235,98.61,96.31,80.26,96.31,0.104,30,2,8,0.7,2.7,0.25,196,196,49,196,184,136,51,51,48,39,39,69,25,25,4,183,38,191,54,120,1,1,203,202,47,51,104,162,162,83,186,177,171,148,198,1,25.5,0.3703703703703703,0.2592592592592592,0.5351229802290055,-0.1971229802290054,0.3630504833512352,0.3350316896646993,35.2,14.75,0.25,0.125,0.125,0.25,0.0,8,63.5,0.21463000000000002,0.423781354647122,0.35200000000000004,38.8
1629640,Keldon Johnson,Keldon,1610612759,SAS,26.0,22,13,9,0.591,17.9,2.9,7.1,0.408,0.9,2.5,0.345,1.1,1.9,0.585,1.2,2.0,3.2,0.9,1.1,0.7,0.1,0.6,2.3,1.3,7.8,0.7,14.4,0,0,14.4,1,10,7,43,107,94,87,138,98,99,85,89,75,145,57,101,94,124,73,80,136,65,80,102,93,69,106,49,5,104,1,Keldon Johnson,Keldon,1610612759,SAS,26.0,22,13,9,0.591,17.9,109.5,110.5,110.5,107.4,107.1,107.1,2.1,3.4,3.4,0.08,0.83,9.1,0.062,0.101,0.082,10.9,11.0,0.468,0.488,0.207,0.211,100.85,100.59,83.82,100.59,0.054,821,64,157,2.9,7.1,0.408,1,10,215,43,107,70,81,81,102,101,101,71,70,70,147,153,163,57,133,107,136,138,150,161,63,72,36,63,63,168,28,23,94,87,138,1,40.0,0.352112676056338,0.2676056338028169,0.5388063313239472,-0.0508063313239471,0.5241675617615468,0.5018144317385631,51.5,10.012738853503185,0.10191082802547771,0.01910828025477707,0.006369426751592357,0.24203821656050956,0.09554140127388536,157,36.4,0.17763199999999998,0.35072976559044666,0.515,43.3
1626162,Kelly Oubre Jr.,Kelly,1610612755,PHI,30.0,11,4,7,0.364,33.1,4.4,9.6,0.453,0.9,3.5,0.256,2.0,2.5,0.815,1.1,4.7,5.8,1.1,0.7,0.5,0.5,0.7,2.5,2.7,11.6,-7.4,22.3,0,0,21.3,54,69,21,132,46,63,64,100,95,75,135,57,63,72,68,31,42,111,105,114,71,47,64,51,65,206,79,49,5,79,1,Kelly Oubre Jr.,Kelly,1610612755,PHI,30.0,11,4,7,0.364,33.1,108.9,111.2,111.2,119.1,121.2,121.2,-10.3,-10.0,-10.0,0.05,1.5,8.8,0.032,0.144,0.087,5.8,5.8,0.5,0.543,0.152,0.156,97.83,95.99,79.99,95.99,0.073,724,48,106,4.4,9.6,0.453,54,69,197,132,46,81,72,72,196,202,202,164,166,166,181,103,168,123,71,94,50,50,109,118,145,152,123,167,167,137,45,46,63,64,100,1,39.7,0.3645833333333333,0.2604166666666667,0.5419472258435231,0.0010527741564769,0.5832438238453277,0.5609273479941504,57.4,11.264150943396226,0.11320754716981132,0.009433962264150943,0.03773584905660377,0.3113207547169811,0.03773584905660377,106,43.8,0.237834,0.4695970493460542,0.574,52.2
1629026,Kenrich Williams,Kenrich,1610612760,OKC,31.0,11,8,3,0.727,6.5,1.1,2.8,0.387,0.5,1.7,0.316,0.4,0.4,1.0,0.5,1.3,1.8,0.5,0.2,0.1,0.0,0.1,0.6,0.2,3.1,-0.6,6.2,0,0,6.2,54,33,155,34,167,148,144,153,122,126,105,150,167,1,118,137,136,150,189,179,154,151,173,192,145,118,155,49,5,154,1,Kenrich Williams,Kenrich,1610612760,OKC,31.0,11,8,3,0.727,6.5,105.5,97.5,97.5,104.1,105.2,105.2,1.4,-7.8,-7.8,0.154,3.0,14.6,0.072,0.192,0.128,4.9,4.9,0.484,0.519,0.191,0.212,100.35,103.83,86.53,103.83,0.112,158,12,31,1.1,2.8,0.387,54,33,49,34,167,122,183,183,77,88,88,75,156,156,81,22,125,44,39,41,43,43,137,139,86,71,52,25,25,71,125,122,148,144,153,1,22.2,0.6071428571428572,0.1428571428571428,0.5150849276515318,0.0039150723484682,0.5574650912996778,0.5641900111610955,56.0,17.161290322580644,0.12903225806451613,0.0,0.06451612903225806,0.12903225806451613,0.12903225806451613,31,43.7,0.22680300000000003,0.4478166266506603,0.56,50.4
1631165,Keon Ellis,Keon,1610612739,CLE,26.0,12,4,8,0.333,7.4,0.4,1.3,0.333,0.4,1.2,0.357,0.3,0.4,0.8,0.3,0.9,1.2,0.3,0.5,0.6,0.1,0.2,0.8,0.4,1.6,-2.6,4.9,0,0,4.8,48,69,17,138,162,199,188,175,138,141,74,151,163,74,168,162,166,182,138,92,146,127,162,170,186,168,171,49,5,169,1,Keon Ellis,Keon,1610612739,CLE,26.0,12,4,8,0.333,7.4,101.8,98.9,98.9,113.6,114.8,114.8,-11.8,-15.9,-15.9,0.054,0.5,11.5,0.04,0.112,0.081,23.1,22.9,0.5,0.552,0.116,0.122,96.4,97.24,81.04,97.24,0.05,180,5,15,0.4,1.3,0.333,48,69,211,138,162,155,178,178,167,177,177,173,190,190,178,169,146,104,117,108,210,210,109,110,199,194,159,138,138,173,158,151,199,188,175,1,10.0,0.923076923076923,0.3076923076923077,0.528621935433685,0.023378064566315,0.5929108485499464,0.5863753963195616,59.0,23.133333333333333,0.13333333333333333,0.0,0.0,0.0,0.0,15,44.7,0.24674400000000002,0.48718961268718014,0.59,53.9
1628989,Kevin Huerter,Kevin,1610612765,DET,27.0,5,1,4,0.2,9.1,0.4,1.4,0.286,0.4,1.0,0.4,0.0,0.0,0.0,0.0,1.0,1.0,1.4,0.4,0.4,0.0,0.0,0.4,0.4,1.2,0.8,5.3,0,0,4.8,155,163,62,179,152,200,185,193,139,146,45,184,187,184,191,145,169,98,156,124,154,158,188,171,197,64,163,49,5,168,1,Kevin Huerter,Kevin,1610612765,DET,27.0,5,1,4,0.2,9.1,94.2,95.9,95.9,87.8,93.8,93.8,6.4,2.2,2.2,0.233,3.5,43.8,0.0,0.088,0.046,12.5,12.5,0.429,0.429,0.078,0.081,106.18,101.83,84.86,101.83,0.08,98,2,7,0.4,1.4,0.286,155,163,77,179,152,202,187,187,14,29,29,51,79,79,41,17,3,191,163,186,163,163,164,183,225,224,5,47,47,123,186,182,200,185,193,1,3.0,0.7142857142857143,0.0,0.5029277604999312,-0.0739277604999311,0.4607948442534909,0.4754588844546755,46.7,21.142857142857142,0.2857142857142857,0.0,0.14285714285714285,0.0,0.0,7,57.4,0.24624599999999996,0.48620632463511715,0.467,47.7
1642863,Khaman Maluach,Khaman,1610612756,PHX,19.0,4,0,4,0.0,11.3,1.0,2.0,0.5,0.0,0.3,0.0,0.0,0.0,0.0,0.5,1.8,2.3,0.0,0.8,0.0,0.0,0.0,1.0,1.0,2.0,-3.3,4.0,0,0,4.3,172,196,62,196,137,150,164,50,170,186,170,184,187,184,120,114,120,200,100,182,154,158,148,114,168,174,185,49,5,181,1,Khaman Maluach,Khaman,1610612756,PHX,19.0,4,0,4,0.0,11.3,97.4,102.2,102.2,121.9,116.5,116.5,-24.5,-14.3,-14.3,0.0,0.0,0.0,0.049,0.163,0.107,27.3,27.3,0.5,0.5,0.109,0.108,96.8,96.57,80.47,96.57,0.028,91,4,8,1.0,2.0,0.5,172,196,77,196,137,185,157,157,206,186,186,218,184,184,200,183,200,85,56,62,212,212,109,154,205,212,148,155,155,196,164,177,150,164,50,1,8.8,0.15,0.0,0.5225755368346315,-0.0225755368346315,0.5370569280343717,0.5339940186214405,53.6,5.875,0.0,0.0,0.0,0.0,0.25,8,11.2,0.055999999999999994,0.1105705440070765,0.536,32.3
1631200,Kris Murray,Kris,1610612757,POR,25.0,5,1,4,0.2,5.0,0.4,0.8,0.5,0.0,0.4,0.0,0.2,0.4,0.5,0.2,0.4,0.6,0.0,0.6,0.0,0.0,0.0,0.6,0.2,1.0,-2.4,1.1,0,0,1.6,155,163,62,179,186,200,208,50,170,181,170,171,164,152,177,194,196,200,122,182,154,158,175,186,200,161,217,49,5,209,1,Kris Murray,Kris,1610612757,POR,25.0,5,1,4,0.2,5.0,83.7,70.4,70.4,92.1,90.9,90.9,-8.4,-20.5,-20.5,0.0,0.0,0.0,0.04,0.074,0.058,37.5,38.1,0.5,0.512,0.129,0.16,95.06,103.95,86.62,103.95,-0.022,54,2,4,0.4,0.8,0.5,155,163,77,179,186,217,222,222,16,26,26,155,202,202,200,183,200,104,177,161,225,225,109,140,178,140,187,23,23,218,186,193,200,208,50,1,8.3,0.5,0.5,0.5673200926557518,-0.0553200926557517,0.5499462943071965,0.4966693064392964,52.9,12.75,0.0,0.0,0.0,0.25,0.0,4,35.3,0.18073599999999998,0.3568585328868389,0.529,44.3
203937,Kyle Anderson,Kyle,1610612750,MIN,32.0,8,3,5,0.375,7.6,0.8,2.1,0.353,0.0,0.1,0.0,0.4,1.0,0.375,0.3,0.6,0.9,1.9,0.8,0.3,0.0,0.0,0.8,0.6,1.9,-0.4,5.7,0,0,5.1,85,88,51,131,160,165,161,171,170,192,170,149,114,177,168,180,181,80,100,147,154,158,162,143,177,105,159,49,5,165,1,Kyle Anderson,Kyle,1610612750,MIN,32.0,8,3,5,0.375,7.6,104.5,107.4,107.4,107.6,104.9,104.9,-3.0,2.4,2.4,0.349,2.5,35.7,0.029,0.083,0.055,14.3,14.5,0.353,0.365,0.166,0.17,109.66,109.58,91.32,109.58,0.043,136,6,17,0.8,2.1,0.353,85,88,170,131,160,129,111,111,103,87,87,110,77,77,8,36,8,132,168,166,177,177,192,198,117,123,1,4,4,186,151,146,165,161,171,1,18.1,0.0476190476190476,0.4761904761904761,0.5792148098127498,-0.2142148098127497,0.3920515574650913,0.3155491343549084,36.1,8.529411764705882,0.4117647058823529,0.0,0.29411764705882354,0.11764705882352941,0.0,17,60.5,0.220825,0.43601322107790486,0.36100000000000004,39.9
1629013,Landry Shamet,Landry,1610612752,NYK,29.0,18,15,3,0.833,16.5,2.1,4.4,0.468,1.6,3.2,0.491,0.4,0.5,0.778,0.3,0.8,1.1,0.8,0.4,0.2,0.1,0.1,1.7,0.8,6.1,3.1,9.1,0,0,10.2,11,1,155,9,113,110,115,82,55,83,24,147,152,88,167,164,168,131,152,153,140,146,113,128,109,30,132,49,5,125,1,Landry Shamet,Landry,1610612752,NYK,29.0,18,15,3,0.833,16.5,114.7,112.6,112.6,101.8,102.3,102.3,12.9,10.3,10.3,0.068,1.75,13.3,0.017,0.045,0.032,7.6,7.6,0.646,0.657,0.129,0.138,97.53,98.18,81.82,98.18,0.06,603,37,79,2.1,4.4,0.468,11,1,49,9,113,35,58,58,51,63,63,32,39,39,166,88,133,162,203,206,85,86,33,38,177,172,128,113,113,160,63,71,110,115,82,1,21.5,0.7272727272727273,0.1136363636363636,0.511916103333595,0.1450838966664049,0.7056928034371643,0.7251048748576155,71.3,19.658227848101266,0.3037974683544304,0.012658227848101266,0.0759493670886076,0.06329113924050633,0.0,79,56.4,0.370548,0.7316373917988248,0.713,72.2
2544,LeBron James,LeBron,1610612747,LAL,41.0,10,4,6,0.4,38.4,8.4,18.3,0.459,1.7,5.2,0.327,4.7,6.3,0.746,0.4,6.3,6.7,7.3,3.8,1.3,0.3,0.4,1.6,4.9,23.2,-3.6,43.2,3,0,42.1,63,69,35,122,13,12,13,94,47,42,98,19,18,105,143,11,29,5,7,29,95,88,122,18,16,180,9,9,5,8,1,LeBron James,LeBron,1610612747,LAL,41.0,10,4,6,0.4,38.4,106.3,106.1,106.1,109.2,111.2,111.2,-2.9,-5.1,-5.1,0.354,1.92,22.5,0.011,0.162,0.09,11.7,11.8,0.505,0.55,0.293,0.298,94.84,94.04,78.37,94.04,0.157,753,84,183,8.4,18.3,0.459,63,69,181,122,13,112,119,119,119,142,142,107,140,140,7,80,52,180,58,88,150,156,106,113,16,18,190,208,208,26,18,16,12,13,94,1,79.4,0.2841530054644808,0.3442622950819672,0.5436679542993479,0.0063320457006521,0.5907626208378088,0.5669450595182942,58.1,12.486338797814208,0.36065573770491804,0.04918032786885246,0.15300546448087432,0.15846994535519127,0.04918032786885246,183,59.2,0.32560000000000006,0.642888734441145,0.5810000000000001,61.2
1629652,Luguentz Dort,Luguentz,1610612760,OKC,27.0,15,11,4,0.733,22.3,2.0,5.5,0.366,1.3,4.3,0.308,0.1,0.3,0.5,0.7,2.0,2.7,1.3,0.5,0.5,0.1,0.0,2.7,0.7,5.5,-1.3,11.9,0,0,12.0,30,21,62,26,96,111,104,163,65,58,111,180,179,152,105,101,111,99,136,113,137,158,53,134,115,139,116,49,5,112,1,Luguentz Dort,Luguentz,1610612760,OKC,27.0,15,11,4,0.733,22.3,115.4,115.3,115.3,115.5,117.3,117.3,-0.1,-2.0,-2.0,0.077,2.5,17.9,0.031,0.088,0.06,7.1,7.2,0.488,0.489,0.118,0.122,97.37,96.63,80.53,96.63,0.031,672,30,82,2.0,5.5,0.366,30,21,77,26,96,29,34,34,178,190,190,85,110,110,151,36,96,127,158,155,72,73,131,160,198,195,133,152,152,195,77,68,111,104,163,1,22.7,0.7818181818181817,0.0545454545454545,0.5035639246848463,-0.0145639246848463,0.5252416756176155,0.5431262578626528,53.2,21.24390243902439,0.14634146341463414,0.012195121951219513,0.0,0.036585365853658534,0.012195121951219513,82,44.9,0.219561,0.4335174859417451,0.532,48.3
1630568,Luka Garza,Luka,1610612738,BOS,27.0,7,3,4,0.429,8.5,1.4,2.9,0.5,0.6,1.9,0.308,1.0,1.1,0.875,1.0,0.7,1.7,0.9,0.1,0.0,0.1,0.1,2.0,0.6,4.4,1.9,8.1,0,0,7.9,89,88,62,95,156,137,143,50,118,122,111,91,108,40,71,175,141,127,195,182,131,136,91,147,128,44,139,49,5,140,1,Luka Garza,Luka,1610612738,BOS,27.0,7,3,4,0.429,8.5,117.6,117.4,117.4,106.2,108.4,108.4,11.4,9.0,9.0,0.154,6.0,19.4,0.109,0.106,0.108,3.2,3.3,0.6,0.659,0.179,0.183,98.26,97.33,81.11,97.33,0.087,121,10,20,1.4,2.9,0.5,89,88,77,95,156,23,26,26,94,111,111,34,44,44,81,5,78,24,128,57,33,33,48,37,97,101,114,136,136,108,136,142,137,143,50,1,21.3,0.6551724137931034,0.3793103448275862,0.5426173017936062,0.1163826982063938,0.7078410311493019,0.6923890860817743,70.2,17.9,0.0,0.05,0.05,0.2,0.1,20,43.3,0.285347,0.5634102325140583,0.7020000000000001,63.3
1628379,Luke Kennard,Luke,1610612747,LAL,29.0,10,4,6,0.4,32.6,3.9,8.0,0.488,1.8,3.8,0.474,1.9,2.3,0.826,0.3,3.2,3.5,2.3,1.4,0.9,0.1,0.5,1.6,0.9,11.5,-1.0,20.8,0,0,21.1,63,69,35,122,49,71,77,70,43,71,27,59,65,65,162,72,84,69,59,63,143,71,122,123,66,129,87,49,5,82,1,Luke Kennard,Luke,1610612747,LAL,29.0,10,4,6,0.4,32.6,106.4,106.6,106.6,107.6,109.7,109.7,-1.3,-3.1,-3.1,0.112,1.64,18.5,0.011,0.097,0.057,11.3,11.0,0.6,0.638,0.138,0.146,95.95,94.96,79.13,94.96,0.092,650,39,80,3.9,8.0,0.488,63,69,181,122,49,111,117,117,104,117,117,94,122,122,118,98,88,183,140,163,145,140,48,48,167,164,169,192,192,100,58,70,71,77,70,1,34.6,0.475,0.2875,0.5420086432437816,0.0959913567562184,0.6852846401718583,0.6691454985127924,67.9,16.8125,0.375,0.025,0.1125,0.0875,0.0,80,59.9,0.382162,0.7545689328362924,0.679,71.7
1628436,Luke Kornet,Luke,1610612759,SAS,30.0,22,13,9,0.591,13.0,1.5,2.6,0.579,0.0,0.0,1.0,0.8,1.0,0.773,1.8,2.2,4.0,0.7,0.5,0.6,0.7,0.3,1.8,1.1,3.8,-1.5,13.3,1,0,11.3,1,10,7,43,127,132,150,32,169,197,1,115,114,90,29,97,69,135,138,87,43,110,110,112,138,143,111,32,5,117,1,Luke Kornet,Luke,1610612759,SAS,30.0,22,13,9,0.591,13.0,105.6,104.2,104.2,108.6,108.8,108.8,-3.0,-4.6,-4.6,0.079,1.45,17.0,0.123,0.15,0.137,11.7,11.7,0.588,0.63,0.107,0.112,104.67,105.3,87.75,105.3,0.102,625,33,57,1.5,2.6,0.579,1,10,215,43,127,120,136,136,110,112,112,111,135,135,148,113,106,17,66,36,151,153,57,50,207,207,6,16,16,88,70,92,132,150,32,1,16.2,0.0,0.3846153846153846,0.5748951896206237,0.0551048103793763,0.6766917293233083,0.6225399319577195,65.5,2.017543859649123,0.03508771929824561,0.0,0.0,0.14035087719298245,0.631578947368421,57,8.3,0.05229,0.1032452454666077,0.655,37.9
1631204,Marcus Sasser,Marcus,1610612765,DET,25.0,6,3,3,0.5,10.2,1.8,3.8,0.478,0.8,2.3,0.357,0.0,0.0,0.0,0.5,0.3,0.8,0.5,0.3,0.5,0.0,0.2,0.7,0.0,4.5,4.7,7.4,0,0,7.7,120,88,155,53,144,120,124,74,99,104,74,184,187,184,120,195,182,151,161,98,154,127,168,200,127,21,145,49,5,141,1,Marcus Sasser,Marcus,1610612765,DET,25.0,6,3,3,0.5,10.2,123.8,123.8,123.8,103.9,100.8,100.8,20.0,23.0,23.0,0.067,1.5,10.7,0.056,0.027,0.039,7.1,7.1,0.587,0.587,0.17,0.18,97.62,99.11,82.59,99.11,0.082,126,11,23,1.8,3.8,0.478,120,88,49,53,144,8,7,7,73,54,54,17,16,16,167,103,152,69,209,197,72,72,58,71,110,108,125,91,91,120,128,135,120,124,74,1,20.2,0.6052631578947368,0.0,0.4996931874852054,0.0873068125147945,0.6305048335123523,0.6592462005649129,64.2,17.91304347826087,0.4782608695652174,0.08695652173913043,0.043478260869565216,0.13043478260869565,0.0,23,68.1,0.39974699999999996,0.7892900581285145,0.642,71.6
203935,Marcus Smart,Marcus,1610612747,LAL,32.0,10,4,6,0.4,34.5,3.9,9.9,0.394,1.7,5.0,0.34,3.4,4.3,0.791,1.0,2.5,3.5,5.1,3.5,2.4,1.0,0.5,3.1,4.5,12.9,-2.6,31.5,1,0,30.0,63,69,35,122,37,71,60,149,47,45,86,32,36,83,71,90,84,21,10,3,22,71,29,21,57,169,39,32,5,40,1,Marcus Smart,Marcus,1610612747,LAL,32.0,10,4,6,0.4,34.5,108.0,107.8,107.8,110.9,112.7,112.7,-2.9,-4.9,-4.9,0.226,1.46,25.0,0.032,0.073,0.053,17.2,17.2,0.48,0.547,0.194,0.201,96.4,95.68,79.73,95.68,0.08,691,39,99,3.9,9.9,0.394,63,69,181,122,37,95,104,104,145,160,160,106,136,136,46,112,38,125,178,175,198,198,142,115,83,86,158,175,175,124,58,49,71,60,149,1,48.9,0.5050505050505051,0.4343434343434343,0.5539115164586774,-0.0069115164586773,0.5875402792696026,0.5518490494040119,57.3,15.848484848484848,0.23232323232323232,0.04040404040404041,0.050505050505050504,0.10101010101010101,0.030303030303030304,99,48.9,0.267483,0.5281382289758009,0.573,55.1
1629680,Matisse Thybulle,Matisse,1610612757,POR,29.0,4,1,3,0.25,13.3,0.5,3.5,0.143,0.3,2.8,0.091,0.5,0.5,1.0,0.3,1.8,2.0,1.0,0.0,0.8,0.8,0.0,0.8,0.3,1.8,-7.3,10.2,0,0,8.0,172,163,155,176,126,188,131,208,153,94,168,130,152,1,168,114,127,114,200,76,39,158,162,181,180,204,126,49,5,136,1,Matisse Thybulle,Matisse,1610612757,POR,29.0,4,1,3,0.25,13.3,98.7,98.1,98.1,119.1,122.0,122.0,-20.4,-23.9,-23.9,0.105,0.0,21.1,0.016,0.143,0.072,0.0,0.0,0.179,0.235,0.119,0.124,98.16,97.25,81.05,97.25,0.042,106,2,14,0.5,3.5,0.143,172,163,49,176,126,183,180,180,195,209,209,208,210,210,128,183,63,163,72,128,1,1,209,216,195,193,117,137,137,189,186,154,188,131,208,1,13.9,0.7999999999999999,0.1428571428571428,0.513389186905225,-0.2783891869052249,0.2524167561761546,0.2423983435019124,24.8,19.285714285714285,0.14285714285714285,0.0,0.0,0.14285714285714285,0.0,14,46.5,0.109275,0.21576064636380868,0.24800000000000003,23.2
1629622,Max Strus,Max,1610612739,CLE,30.0,18,8,10,0.444,26.7,3.1,7.7,0.406,2.1,5.9,0.358,1.2,1.3,0.917,1.6,3.3,4.8,2.1,1.3,0.8,0.2,0.3,3.3,1.4,9.6,-3.8,20.4,0,0,20.7,11,33,1,87,81,88,82,140,28,31,73,81,100,30,37,71,61,75,63,70,116,108,24,96,83,181,89,49,5,85,1,Max Strus,Max,1610612739,CLE,30.0,18,8,10,0.444,26.7,108.5,108.5,108.5,115.6,117.6,117.6,-7.1,-9.1,-9.1,0.121,1.58,18.0,0.055,0.123,0.088,11.4,11.4,0.543,0.579,0.148,0.154,99.55,98.7,82.25,98.7,0.072,998,56,138,3.1,7.7,0.406,11,33,225,87,81,86,94,94,180,191,191,146,164,164,107,99,93,75,98,93,147,147,79,78,152,156,74,100,100,142,38,29,88,82,140,1,34.0,0.7662337662337663,0.1688311688311688,0.5154700598108433,0.0635299401891567,0.6219119226638024,0.6321435297883069,62.6,19.6231884057971,0.06521739130434782,0.028985507246376812,0.007246376811594203,0.11594202898550725,0.043478260869565216,138,42.8,0.24781199999999998,0.48929835091931506,0.626,55.8
1628969,Mikal Bridges,Mikal,1610612752,NYK,29.0,18,15,3,0.833,31.6,5.6,9.9,0.562,1.1,3.1,0.357,1.2,1.3,0.957,0.4,2.9,3.3,2.7,0.9,1.1,0.3,0.3,1.9,1.9,13.4,10.5,24.4,0,0,23.2,11,1,155,9,58,47,61,37,80,85,74,81,103,24,149,77,93,53,88,47,102,108,105,76,55,5,72,49,5,71,1,Mikal Bridges,Mikal,1610612752,NYK,29.0,18,15,3,0.833,31.6,119.3,120.3,120.3,102.5,104.0,104.0,16.8,16.3,16.3,0.118,2.82,18.9,0.013,0.09,0.053,6.7,6.7,0.618,0.643,0.156,0.161,98.32,97.21,81.01,97.21,0.104,1154,100,178,5.6,9.9,0.562,11,1,49,9,58,17,14,14,60,78,78,24,27,27,112,28,81,175,154,173,66,68,45,45,135,139,112,139,139,85,13,19,47,61,37,1,40.2,0.3131313131313131,0.1313131313131313,0.5281148363741394,0.1148851636258606,0.6906552094522019,0.6906820833205655,69.1,12.308988764044944,0.34831460674157305,0.02247191011235955,0.17415730337078653,0.10112359550561797,0.028089887640449437,178,55.9,0.35943699999999995,0.7096990111834206,0.691,70.0
201144,Mike Conley,Mike,1610612750,MIN,38.0,12,6,6,0.5,14.0,1.6,3.2,0.5,1.1,2.2,0.5,0.2,0.2,1.0,0.1,1.2,1.3,2.7,0.4,0.7,0.0,0.0,1.3,0.7,4.4,-0.7,11.5,0,0,10.8,48,57,35,53,122,129,136,50,81,111,16,174,184,1,189,143,161,53,154,81,154,158,141,136,129,119,119,49,5,122,1,Mike Conley,Mike,1610612750,MIN,38.0,12,6,6,0.5,14.0,107.0,108.2,108.2,111.4,109.8,109.8,-4.4,-1.6,-1.6,0.26,6.4,42.1,0.005,0.088,0.042,6.6,6.6,0.671,0.682,0.107,0.109,101.68,101.83,84.86,101.83,0.104,355,19,38,1.6,3.2,0.5,48,57,181,53,122,105,98,98,151,121,121,120,107,107,26,4,5,189,159,192,63,64,28,30,208,211,24,48,48,84,105,109,129,136,50,1,13.7,0.6875,0.0625,0.5091274079249891,0.1728725920750109,0.732545649838883,0.7567805238940423,74.2,19.05263157894737,0.2631578947368421,0.02631578947368421,0.02631578947368421,0.05263157894736842,0.0,38,51.1,0.34850200000000003,0.688108137992039,0.742,71.5
1630540,Miles McBride,Miles,1610612752,NYK,25.0,18,15,3,0.833,17.9,1.9,5.7,0.34,1.7,4.3,0.385,0.4,0.4,0.875,0.5,0.8,1.3,1.2,0.6,0.4,0.2,0.3,1.8,0.6,5.9,7.7,10.8,0,0,11.4,11,1,155,9,108,117,101,174,50,58,55,147,161,40,120,169,160,104,132,115,116,94,108,150,111,10,124,49,5,116,1,Miles McBride,Miles,1610612752,NYK,25.0,18,15,3,0.833,17.9,122.1,122.8,122.8,102.8,101.5,101.5,19.2,21.3,21.3,0.087,2.2,15.8,0.028,0.042,0.035,7.2,7.2,0.485,0.502,0.151,0.157,97.24,97.56,81.3,97.56,0.038,653,35,103,1.9,5.7,0.34,11,1,49,9,108,9,9,9,67,59,59,18,22,22,141,58,116,133,205,201,75,79,135,151,147,145,141,133,133,191,65,47,117,101,174,1,26.9,0.7543859649122806,0.0701754385964912,0.5038247128617978,-0.0018247128617977,0.5392051557465092,0.5576473714584576,54.7,20.83495145631068,0.3883495145631068,0.019417475728155338,0.11650485436893204,0.02912621359223301,0.009708737864077669,103,63.1,0.316762,0.625438333228028,0.547,58.6
1629011,Mitchell Robinson,Mitchell,1610612752,NYK,28.0,17,14,3,0.824,13.6,2.0,2.9,0.68,0.0,0.0,0.0,1.0,3.3,0.304,2.4,2.8,5.2,0.3,0.5,0.4,0.6,0.1,1.5,2.3,5.0,1.5,14.4,0,0,12.6,23,7,155,15,124,111,142,13,170,198,170,91,44,183,17,80,53,177,151,123,56,156,128,61,117,51,105,49,5,110,1,Mitchell Robinson,Mitchell,1610612752,NYK,28.0,17,14,3,0.824,13.6,115.8,114.3,114.3,106.3,104.1,104.1,9.5,10.2,10.2,0.031,0.63,5.6,0.174,0.204,0.189,8.9,9.1,0.68,0.569,0.152,0.156,98.14,99.88,83.23,99.88,0.099,470,34,50,2.0,2.9,0.68,23,7,49,15,124,28,43,43,95,80,80,40,40,40,191,166,192,7,29,8,108,110,24,85,146,149,118,80,80,92,67,97,111,142,13,1,25.2,0.0,1.137931034482759,0.6618221502429795,-0.0928221502429795,0.6111707841031149,0.4539216352438719,54.8,0.74,0.0,0.02,0.02,0.06,0.84,50,0.0,0.0,0.0,0.5479999999999999,27.4
1642885,Mohamed Diawara,Mohamed,1610612752,NYK,21.0,6,6,0,1.0,7.1,0.5,2.2,0.231,0.2,1.0,0.167,0.0,0.0,0.0,0.2,1.3,1.5,1.0,0.5,0.2,0.0,0.0,0.5,0.0,1.2,-2.0,4.5,0,0,4.2,120,57,226,1,164,188,160,205,162,146,160,184,187,184,181,132,149,114,138,163,154,158,176,200,199,156,180,49,5,184,1,Mohamed Diawara,Mohamed,1610612752,NYK,21.0,6,6,0,1.0,7.1,96.0,96.6,96.6,111.4,111.4,111.4,-15.4,-14.7,-14.7,0.2,2.0,27.3,0.022,0.182,0.101,13.6,13.6,0.269,0.269,0.152,0.157,100.03,99.72,83.1,99.72,0.043,89,3,13,0.5,2.2,0.231,120,57,1,1,164,191,184,184,153,143,143,187,187,187,55,63,25,150,43,74,173,174,201,208,144,144,60,84,84,185,176,160,188,160,205,1,14.1,0.4545454545454545,0.0,0.5070891564507779,-0.2380891564507778,0.288936627282492,0.2883353550118893,28.9,15.76923076923077,0.15384615384615385,0.0,0.07692307692307693,0.15384615384615385,0.0,13,46.9,0.126161,0.2491016143299425,0.289,26.9
1631243,Mouhamed Gueye,Mouhamed,1610612737,ATL,23.0,6,2,4,0.333,8.4,0.7,2.3,0.286,0.2,1.7,0.1,0.2,0.3,0.5,0.8,0.8,1.7,0.7,0.2,0.2,0.0,0.0,1.5,0.7,1.7,-5.2,5.0,0,0,4.5,120,128,62,138,158,171,155,193,162,129,167,174,169,152,94,164,143,138,190,163,154,158,130,136,183,192,169,49,5,175,1,Mouhamed Gueye,Mouhamed,1610612737,ATL,23.0,6,2,4,0.333,8.4,92.5,91.5,91.5,123.4,123.1,123.1,-31.0,-31.6,-31.6,0.121,4.0,20.0,0.075,0.116,0.091,5.0,5.0,0.321,0.336,0.127,0.135,99.24,99.88,83.24,99.88,0.008,106,4,14,0.7,2.3,0.286,120,128,77,138,158,205,201,201,210,211,211,221,220,220,108,9,72,42,108,86,44,44,198,203,182,179,84,79,79,205,164,154,171,155,193,1,11.6,0.7391304347826088,0.1304347826086956,0.5136339018442562,-0.1776339018442561,0.3609022556390978,0.357246809801917,35.9,17.071428571428573,0.0,0.0,0.0,0.0,0.21428571428571427,14,26.5,0.08904000000000001,0.17580716497125168,0.359,26.7
1629675,Naz Reid,Naz,1610612750,MIN,26.0,12,6,6,0.5,26.9,4.9,10.2,0.484,1.8,4.6,0.4,0.9,1.4,0.647,1.2,6.2,7.3,2.1,1.3,0.4,0.3,0.7,3.2,1.8,12.6,-1.3,25.4,0,0,25.3,48,57,35,53,80,54,56,71,39,55,45,103,96,133,61,13,21,76,63,122,88,51,26,80,59,137,67,49,5,58,1,Naz Reid,Naz,1610612750,MIN,26.0,12,6,6,0.5,26.9,109.1,111.0,111.0,114.2,114.4,114.4,-5.1,-3.5,-3.5,0.111,1.56,14.9,0.038,0.228,0.127,9.5,9.4,0.574,0.583,0.175,0.184,103.43,102.43,85.35,102.43,0.112,694,59,122,4.9,10.2,0.484,48,57,181,53,80,79,74,74,171,175,175,131,124,124,119,100,121,110,18,42,118,116,68,76,99,99,10,40,40,68,33,36,54,56,71,1,40.1,0.4509803921568627,0.1372549019607843,0.5218576332119949,0.0611423667880051,0.6262083780880773,0.6294219937107203,62.7,13.344262295081966,0.22950819672131148,0.00819672131147541,0.03278688524590164,0.1885245901639344,0.03278688524590164,122,46.8,0.272844,0.5387233840904783,0.627,58.3
1629674,Neemias Queta,Neemias,1610612738,BOS,26.0,7,3,4,0.429,21.7,3.6,4.9,0.735,0.0,0.0,0.0,2.1,2.7,0.789,1.7,6.9,8.6,0.6,0.9,0.1,0.9,0.1,4.1,2.6,9.3,0.4,22.6,1,0,20.4,89,88,62,95,98,80,110,9,170,198,170,56,58,84,30,7,10,144,94,168,27,136,3,55,85,77,76,32,5,87,1,Neemias Queta,Neemias,1610612738,BOS,26.0,7,3,4,0.429,21.7,106.2,108.8,108.8,105.3,105.7,105.7,0.9,3.2,3.2,0.043,0.67,7.7,0.075,0.291,0.185,11.5,11.5,0.735,0.767,0.14,0.142,95.09,93.76,78.13,93.76,0.142,294,25,34,3.6,4.9,0.735,89,88,77,95,98,114,90,90,86,92,92,79,71,71,186,161,179,41,6,10,148,148,17,16,165,170,186,212,212,36,92,116,80,110,9,1,26.0,0.0,0.5510204081632653,0.5922121555041754,0.1747878444958246,0.8238453276047262,0.7589636729266187,79.8,3.6470588235294117,0.08823529411764706,0.0,0.058823529411764705,0.2647058823529412,0.2647058823529412,34,27.5,0.21092500000000003,0.41646592847665387,0.798,60.7
1629638,Nickeil Alexander-Walker,Nickeil,1610612737,ATL,27.0,6,2,4,0.333,35.4,4.5,11.8,0.38,3.0,7.2,0.419,1.7,2.5,0.667,0.5,1.8,2.3,2.7,2.8,0.5,0.8,1.0,2.0,3.5,13.7,-13.5,21.6,0,0,24.3,120,128,62,138,32,60,44,156,8,13,40,66,62,125,120,110,118,53,21,98,30,21,91,39,52,227,82,49,5,64,1,Nickeil Alexander-Walker,Nickeil,1610612737,ATL,27.0,6,2,4,0.333,35.4,101.7,101.8,101.8,119.3,120.0,120.0,-17.6,-18.2,-18.2,0.116,0.94,14.7,0.014,0.054,0.033,15.6,15.4,0.507,0.528,0.19,0.201,98.35,97.98,81.65,97.98,0.046,433,27,71,4.5,11.8,0.38,120,128,77,138,32,157,161,161,199,199,199,198,195,195,113,148,124,172,196,203,187,186,105,128,87,85,111,117,117,180,87,75,60,44,156,1,47.8,0.6101694915254237,0.211864406779661,0.5233475672817499,0.0046524327182501,0.5671321160042965,0.565030510074166,56.6,17.746478873239436,0.30985915492957744,0.014084507042253521,0.1267605633802817,0.14084507042253522,0.0,71,60.4,0.31891200000000003,0.6296834523282998,0.5660000000000001,59.8
203999,Nikola Jokić,Nikola,1610612743,DEN,31.0,6,2,4,0.333,39.5,9.0,20.2,0.446,1.2,6.0,0.194,6.7,7.2,0.93,1.5,11.7,13.2,9.5,3.8,1.0,0.8,0.8,3.5,6.3,25.8,-2.3,57.6,6,2,53.3,120,128,62,138,7,6,9,104,74,27,157,7,9,27,38,1,1,1,6,48,30,39,14,8,7,160,1,3,1,1,1,Nikola Jokić,Nikola,1610612743,DEN,31.0,6,2,4,0.333,39.5,106.0,108.0,108.0,110.6,111.8,111.8,-4.6,-3.7,-3.7,0.456,2.48,25.9,0.037,0.279,0.159,10.5,10.5,0.475,0.554,0.295,0.301,101.78,100.24,83.53,100.24,0.191,497,54,121,9.0,20.2,0.446,120,128,77,138,7,118,99,99,142,150,150,125,125,125,2,42,34,112,8,19,129,131,144,106,15,15,22,71,71,13,42,39,6,9,104,1,83.1,0.297029702970297,0.3564356435643565,0.5444624501531493,0.0095375498468507,0.5950590762620839,0.5705989346940374,58.5,11.892561983471074,0.19008264462809918,0.049586776859504134,0.09090909090909091,0.15702479338842976,0.04132231404958678,121,46.4,0.257056,0.5075503885764833,0.585,54.6
202696,Nikola Vučević,Nikola,1610612738,BOS,35.0,6,3,3,0.5,19.0,2.3,6.2,0.378,1.2,4.0,0.292,0.3,0.7,0.5,0.8,3.5,4.3,2.3,1.3,0.2,0.5,0.3,2.5,1.2,6.2,1.5,15.5,0,0,15.3,120,88,155,53,105,104,96,158,74,62,118,151,139,152,94,60,64,63,63,163,64,94,65,106,108,52,99,49,5,100,1,Nikola Vučević,Nikola,1610612738,BOS,35.0,6,3,3,0.5,19.0,114.6,115.4,115.4,112.8,111.4,111.4,1.8,3.9,3.9,0.175,1.75,23.0,0.04,0.181,0.108,13.1,13.2,0.473,0.477,0.175,0.182,95.82,96.09,80.07,96.09,0.064,228,14,37,2.3,6.2,0.378,120,88,49,53,105,36,33,33,164,145,145,74,68,68,68,88,50,104,46,59,170,170,145,166,103,105,173,165,165,154,118,111,104,96,158,1,28.7,0.6451612903225806,0.1129032258064516,0.5112955850620329,-0.0342955850620328,0.5123523093447906,0.5206346244907543,51.6,18.486486486486488,0.08108108108108109,0.02702702702702703,0.05405405405405406,0.05405405405405406,0.02702702702702703,37,42.0,0.20034,0.3955661211853162,0.516,45.6
1628384,OG Anunoby,OG,1610612752,NYK,28.0,16,13,3,0.813,34.6,6.8,11.7,0.578,2.7,5.3,0.506,4.5,5.2,0.867,0.9,5.3,6.2,1.8,0.6,1.4,1.1,0.9,2.5,3.6,20.7,10.1,37.9,2,0,36.4,29,10,155,18,36,25,47,34,12,41,15,21,25,47,87,21,34,83,131,21,20,32,65,37,22,7,20,20,5,23,1,OG Anunoby,OG,1610612752,NYK,28.0,16,13,3,0.813,34.6,118.0,118.6,118.6,104.5,104.7,104.7,13.5,13.9,13.9,0.075,3.11,10.6,0.029,0.146,0.091,3.4,3.5,0.693,0.74,0.183,0.188,98.81,98.46,82.05,98.46,0.158,1136,108,187,6.8,11.7,0.578,29,10,49,18,36,21,20,20,79,84,84,30,30,30,156,21,154,131,69,85,34,34,20,19,93,96,98,106,106,21,10,14,25,47,34,1,52.8,0.452991452991453,0.4444444444444445,0.558071983987248,0.181928016012752,0.7948442534908701,0.7671025784673243,78.4,13.18716577540107,0.23529411764705882,0.016042780748663103,0.0855614973262032,0.23529411764705882,0.026737967914438502,187,52.2,0.38628,0.7626998167688128,0.784,77.3
1630168,Onyeka Okongwu,Onyeka,1610612737,ATL,25.0,6,2,4,0.333,33.1,4.7,8.0,0.583,1.7,3.7,0.455,1.5,2.0,0.75,1.3,5.3,6.7,2.3,1.2,1.2,0.8,0.3,3.5,2.0,12.5,-12.5,28.8,0,0,27.2,120,128,62,138,44,57,77,30,50,72,31,71,69,96,46,20,30,63,71,37,30,94,14,66,60,224,47,49,5,51,1,Onyeka Okongwu,Onyeka,1610612737,ATL,25.0,6,2,4,0.333,33.1,104.7,105.1,105.1,120.9,123.5,123.5,-16.2,-18.4,-18.4,0.109,2.0,18.7,0.042,0.168,0.105,9.3,9.4,0.688,0.704,0.135,0.137,99.78,98.53,82.11,98.53,0.101,408,28,48,4.7,8.0,0.583,120,128,77,138,44,127,126,126,203,212,212,191,196,196,123,63,86,98,53,66,115,118,22,23,169,173,65,104,104,91,84,99,57,77,30,1,32.9,0.4625,0.25,0.5382349085850608,0.1657650914149391,0.7561761546723953,0.7486788590578843,75.3,13.0,0.0,0.020833333333333332,0.041666666666666664,0.125,0.14583333333333334,48,30.9,0.21753599999999998,0.4295191760914892,0.753,59.1
1642345,Oso Ighodaro,Oso,1610612756,PHX,23.0,4,0,4,0.0,32.2,3.3,6.0,0.542,0.0,0.0,0.0,1.0,1.5,0.667,3.0,4.0,7.0,4.0,1.8,0.5,0.8,1.5,3.8,1.8,7.5,-11.3,23.9,0,0,21.0,172,196,62,196,52,85,97,41,170,198,170,91,90,125,9,46,25,32,45,98,39,7,11,83,97,222,73,49,5,83,1,Oso Ighodaro,Oso,1610612756,PHX,23.0,4,0,4,0.0,32.2,114.9,115.6,115.6,128.9,131.3,131.3,-14.1,-15.7,-15.7,0.167,2.29,32.0,0.089,0.124,0.106,14.0,14.1,0.542,0.563,0.11,0.111,99.57,98.33,81.94,98.33,0.065,262,13,24,3.3,6.0,0.542,172,196,77,196,52,33,32,32,221,226,226,180,189,189,72,52,16,34,96,65,176,176,81,97,203,209,73,109,109,150,122,134,85,97,41,1,24.9,0.0,0.25,0.5584590517949795,0.0045409482050204,0.6047261009667024,0.5649034316251013,58.9,3.4583333333333335,0.0,0.0,0.041666666666666664,0.375,0.20833333333333334,24,27.6,0.155388,0.30680956593163583,0.589,44.8
1642359,Pacôme Dadiet,Pacôme,1610612752,NYK,20.0,7,7,0,1.0,5.7,1.1,2.3,0.5,0.4,1.1,0.375,0.1,0.3,0.5,0.3,0.7,1.0,0.4,0.3,0.3,0.0,0.1,0.1,0.1,2.9,-0.4,5.3,0,0,5.3,89,45,226,1,174,145,158,50,136,143,61,177,175,152,164,175,169,166,168,142,154,136,203,196,149,107,164,49,5,162,1,Pacôme Dadiet,Pacôme,1610612752,NYK,20.0,7,7,0,1.0,5.7,94.8,92.9,92.9,97.6,95.3,95.3,-2.8,-2.4,-2.4,0.143,1.5,13.6,0.05,0.111,0.082,9.1,9.1,0.594,0.592,0.196,0.204,100.54,102.73,85.61,102.73,0.142,85,8,16,1.1,2.3,0.5,89,45,1,1,174,198,196,196,35,38,38,105,112,112,91,103,132,82,119,104,111,111,52,68,78,78,47,35,35,35,143,148,145,158,50,1,20.6,0.4782608695652174,0.1304347826086956,0.5182483960329041,0.0737516039670959,0.635875402792696,0.6437949524131374,63.9,16.0,0.0625,0.0,0.125,0.0625,0.0625,16,39.9,0.23620799999999997,0.4663865546218487,0.639,55.3
1631094,Paolo Banchero,Paolo,1610612753,ORL,23.0,7,3,4,0.429,39.0,8.6,20.4,0.42,2.0,6.0,0.333,7.1,10.6,0.676,1.3,7.7,9.0,6.3,3.4,1.4,0.7,2.6,2.6,7.0,26.3,-2.4,49.5,2,0,47.9,89,88,62,95,8,10,7,128,30,27,88,3,1,123,51,6,8,8,13,22,45,1,60,6,4,162,3,20,5,3,1,Paolo Banchero,Paolo,1610612753,ORL,23.0,7,3,4,0.429,39.0,100.6,103.8,103.8,104.0,106.7,106.7,-3.4,-2.9,-2.9,0.336,1.83,18.1,0.03,0.189,0.108,9.9,9.9,0.469,0.524,0.314,0.322,99.2,96.39,80.33,96.39,0.169,548,60,143,8.6,20.4,0.42,89,88,77,95,8,167,140,140,75,98,98,112,121,121,9,85,92,130,40,58,122,123,149,134,10,12,85,160,160,17,31,26,10,7,128,1,90.9,0.2941176470588235,0.5196078431372549,0.5626494346880528,-0.0386494346880528,0.5628356605800215,0.5156717786038446,54.4,12.636363636363637,0.45454545454545453,0.013986013986013986,0.2097902097902098,0.13986013986013987,0.013986013986013986,143,65.2,0.341648,0.6745750931951728,0.544,60.9
202331,Paul George,Paul,1610612755,PHI,36.0,11,4,7,0.364,35.8,5.9,12.9,0.458,3.2,6.5,0.493,1.4,1.8,0.75,0.5,3.4,3.9,3.0,2.0,1.3,0.5,0.5,2.5,2.6,16.4,-6.1,28.7,0,0,29.9,54,69,21,132,27,38,39,96,4,23,23,76,77,96,118,67,77,45,37,32,71,68,69,54,38,198,50,49,5,41,1,Paul George,Paul,1610612755,PHI,36.0,11,4,7,0.364,35.8,109.1,111.5,111.5,118.8,119.6,119.6,-9.7,-8.2,-8.2,0.133,1.5,16.2,0.015,0.095,0.054,10.8,10.7,0.581,0.597,0.196,0.201,96.08,94.74,78.95,94.74,0.086,776,65,142,5.9,12.9,0.458,54,69,197,132,27,78,68,68,194,195,195,162,160,160,101,103,114,167,144,168,135,132,63,66,78,82,165,195,195,110,26,28,38,39,96,1,50.7,0.5038759689922481,0.1395348837209302,0.518335998907353,0.0786640010926469,0.6412459720730397,0.6493944728292098,64.5,18.359154929577464,0.45774647887323944,0.007042253521126761,0.3028169014084507,0.06338028169014084,0.007042253521126761,142,74.1,0.44237699999999996,0.8734618847539015,0.645,75.9
1630194,Paul Reed,Paul,1610612765,DET,26.0,9,4,5,0.444,9.5,3.1,4.7,0.667,0.2,0.6,0.4,1.0,1.3,0.75,2.0,2.0,4.0,0.6,0.8,0.1,0.7,0.3,1.6,1.7,7.4,1.3,14.6,0,0,13.8,74,69,51,87,148,88,111,15,158,172,45,91,100,96,23,101,69,149,99,175,49,94,126,86,98,54,104,49,5,107,1,Paul Reed,Paul,1610612765,DET,26.0,9,4,5,0.444,9.5,107.5,110.9,110.9,101.3,100.6,100.6,6.2,10.3,10.3,0.119,0.71,8.5,0.202,0.186,0.194,11.9,11.8,0.69,0.709,0.266,0.272,94.83,93.72,78.1,93.72,0.253,165,28,42,3.1,4.7,0.667,74,69,170,87,148,98,75,75,49,53,53,53,38,38,111,157,170,4,41,7,156,155,21,22,26,31,191,213,213,5,84,106,88,111,15,1,37.4,0.1276595744680851,0.2765957446808511,0.5438880154989006,0.1651119845010993,0.7615467239527389,0.7479343985827932,75.6,6.5476190476190474,0.23809523809523808,0.07142857142857142,0.07142857142857142,0.2619047619047619,0.11904761904761904,42,45.4,0.32188599999999995,0.6355555380046755,0.756,69.6
1630202,Payton Pritchard,Payton,1610612738,BOS,28.0,7,3,4,0.429,32.9,5.6,13.1,0.424,2.4,7.9,0.309,1.0,1.1,0.875,1.3,2.4,3.7,5.1,0.7,0.4,0.0,0.9,0.7,0.9,14.6,6.3,27.3,0,0,26.7,89,88,62,95,48,46,37,125,18,8,109,91,108,40,51,93,82,20,106,119,154,36,166,125,46,13,58,49,5,53,1,Payton Pritchard,Payton,1610612738,BOS,28.0,7,3,4,0.429,32.9,117.3,120.9,120.9,109.1,110.9,110.9,8.2,10.0,10.0,0.237,7.2,26.7,0.036,0.075,0.054,3.7,3.7,0.516,0.534,0.188,0.194,95.96,93.77,78.14,93.77,0.11,450,39,92,5.6,13.1,0.424,89,88,77,95,48,24,13,13,117,134,134,44,41,41,39,1,32,114,175,169,35,35,95,125,90,93,168,211,211,75,58,56,46,37,125,1,46.7,0.6030534351145038,0.0839694656488549,0.5084081672744548,0.0255918327255452,0.5735767991407089,0.5888988160853587,58.0,18.01086956521739,0.43478260869565216,0.043478260869565216,0.08695652173913043,0.15217391304347827,0.010869565217391304,92,66.9,0.35724600000000006,0.705372938649144,0.58,64.3
1629656,Quentin Grimes,Quentin,1610612755,PHI,26.0,11,4,7,0.364,22.1,2.1,5.3,0.397,1.3,3.2,0.4,1.3,1.5,0.875,0.2,2.5,2.7,2.3,0.5,0.3,0.5,0.3,1.9,1.0,6.7,-6.3,15.0,0,0,14.5,54,69,21,132,97,109,105,148,68,82,45,78,95,40,179,87,110,70,135,146,71,110,106,114,105,200,102,49,5,103,1,Quentin Grimes,Quentin,1610612755,PHI,26.0,11,4,7,0.364,22.1,106.6,107.1,107.1,122.5,120.7,120.7,-15.9,-13.6,-13.6,0.157,4.17,26.0,0.009,0.114,0.063,6.3,6.2,0.517,0.569,0.132,0.136,94.78,95.32,79.44,95.32,0.074,481,23,58,2.1,5.3,0.397,54,69,197,132,97,109,112,112,207,201,201,189,176,176,79,8,33,186,113,151,55,56,93,86,170,177,192,186,186,136,97,90,109,105,148,1,25.0,0.6037735849056605,0.2830188679245283,0.5368981036042542,0.0321018963957457,0.6111707841031149,0.596319477220757,60.5,17.310344827586206,0.29310344827586204,0.06896551724137931,0.06896551724137931,0.1206896551724138,0.0,58,57.7,0.328313,0.6482454824034878,0.605,62.7
1629628,RJ Barrett,RJ,1610612761,TOR,25.0,7,3,4,0.429,38.7,9.0,18.9,0.477,2.4,6.3,0.386,3.7,5.9,0.634,2.0,5.0,7.0,4.0,3.6,1.3,0.3,1.3,3.4,4.1,24.1,0.6,39.7,1,0,40.7,89,88,62,95,10,6,12,76,18,25,54,29,20,135,23,25,25,32,8,30,96,15,18,26,9,73,15,32,5,12,1,RJ Barrett,RJ,1610612761,TOR,25.0,7,3,4,0.429,38.7,111.2,115.2,115.2,113.2,112.4,112.4,-2.0,2.8,2.8,0.168,1.12,13.8,0.05,0.128,0.089,12.3,12.3,0.542,0.563,0.275,0.277,99.05,97.62,81.35,97.62,0.112,546,63,132,9.0,18.9,0.477,89,88,77,95,10,64,35,35,166,154,154,99,74,74,71,129,130,81,88,92,161,162,81,96,23,25,90,130,130,70,29,33,6,12,76,1,76.5,0.3333333333333333,0.3121693121693122,0.5393460493598755,0.0236539506401244,0.6047261009667024,0.5866898720558107,59.8,11.712121212121213,0.15151515151515152,0.03787878787878788,0.07575757575757576,0.18181818181818182,0.045454545454545456,132,43.8,0.24659399999999995,0.4868934415871611,0.598,54.2
1642263,Reed Sheppard,Reed,1610612745,HOU,21.0,6,2,4,0.333,32.1,4.5,14.7,0.307,2.7,9.0,0.296,0.5,0.7,0.75,0.2,0.8,1.0,4.7,2.0,2.2,0.8,0.7,2.3,0.5,12.2,-1.3,27.4,0,0,26.5,120,128,62,138,53,60,28,186,13,1,116,130,139,96,181,164,169,26,37,4,30,51,75,154,61,140,56,49,5,54,1,Reed Sheppard,Reed,1610612745,HOU,21.0,6,2,4,0.333,32.1,102.6,105.6,105.6,109.0,108.0,108.0,-6.5,-2.4,-2.4,0.243,2.33,21.9,0.005,0.032,0.016,9.4,9.2,0.398,0.407,0.226,0.231,94.13,93.18,77.65,93.18,0.05,374,27,88,4.5,14.7,0.307,120,128,77,138,53,146,122,122,116,109,109,143,113,113,37,45,61,190,207,213,116,113,177,188,50,55,199,215,215,172,87,60,60,28,186,1,53.3,0.6122448979591837,0.0476190476190476,0.5005686316565745,-0.0935686316565745,0.4371643394199785,0.4530707394777494,44.4,19.53409090909091,0.36363636363636365,0.0,0.14772727272727273,0.09090909090909091,0.0,88,63.7,0.25925899999999996,0.5119001547987615,0.444,47.8
1629057,Robert Williams III,Robert,1610612757,POR,28.0,5,1,4,0.2,21.7,4.4,7.0,0.629,0.6,1.8,0.333,0.2,0.6,0.333,3.2,4.2,7.4,2.6,0.4,0.6,1.2,0.6,1.0,0.6,9.6,0.8,27.4,0,0,23.8,155,163,62,179,99,62,88,26,116,125,88,171,146,178,7,43,20,57,156,89,13,60,148,144,82,64,55,49,5,68,1,Robert Williams III,Robert,1610612757,POR,28.0,5,1,4,0.2,21.7,109.0,106.8,106.8,105.8,108.0,108.0,3.2,-1.1,-1.1,0.2,6.5,25.5,0.133,0.179,0.156,3.9,3.9,0.671,0.661,0.146,0.157,95.77,95.74,79.79,95.74,0.191,219,22,35,4.4,7.0,0.629,155,163,77,179,99,80,115,115,90,108,108,63,101,101,55,3,36,16,47,23,39,39,27,35,156,148,176,172,172,12,100,114,62,88,26,1,26.4,0.2571428571428572,0.0857142857142857,0.5256487049930241,0.1353512950069759,0.7099892588614394,0.7140109220886078,71.2,7.4,0.0,0.02857142857142857,0.02857142857142857,0.05714285714285714,0.45714285714285713,35,15.4,0.10179400000000001,0.20098960636886334,0.7120000000000001,45.6
1641842,Ronald Holland II,Ronald,1610612765,DET,20.0,9,5,4,0.556,6.4,0.4,1.4,0.308,0.2,0.9,0.25,0.3,0.6,0.6,0.1,1.4,1.6,0.1,0.3,0.4,0.2,0.2,1.0,0.4,1.4,1.7,5.1,0,0,4.7,74,66,62,50,169,198,183,184,158,157,136,151,149,143,187,130,148,197,161,115,116,118,148,164,192,46,166,49,5,171,1,Ronald Holland II,Ronald,1610612765,DET,20.0,9,5,4,0.556,6.4,103.0,105.0,105.0,93.2,89.5,89.5,9.8,15.5,15.5,0.026,0.33,5.3,0.016,0.2,0.11,15.8,15.6,0.385,0.428,0.127,0.134,100.71,101.83,84.86,101.83,0.055,120,4,13,0.4,1.4,0.308,74,66,77,50,169,139,127,127,21,25,25,38,29,29,194,177,194,163,31,56,188,188,180,185,184,182,41,49,49,166,164,160,198,183,184,1,10.8,0.6428571428571429,0.4285714285714286,0.5532768440097962,-0.1252768440097961,0.4597207303974221,0.4169273296737005,44.3,17.153846153846153,0.15384615384615385,0.07692307692307693,0.0,0.0,0.0,13,41.6,0.178048,0.3515511467744993,0.443,39.7
1626220,Royce O'Neale,Royce,1610612756,PHX,33.0,4,0,4,0.0,24.4,2.3,3.5,0.643,2.0,3.3,0.615,1.3,1.5,0.833,1.0,5.3,6.3,2.3,1.0,0.5,0.3,0.0,3.0,0.8,7.8,-11.0,19.9,0,0,19.8,172,196,62,196,85,105,131,21,30,81,11,79,90,58,71,21,33,71,75,98,104,158,32,131,95,221,92,49,5,89,1,Royce O'Neale,Royce,1610612756,PHX,33.0,4,0,4,0.0,24.4,101.7,103.0,103.0,123.0,122.2,122.2,-21.3,-19.1,-19.1,0.145,2.25,31.0,0.041,0.193,0.121,13.8,13.5,0.929,0.931,0.087,0.091,99.1,98.8,82.33,98.8,0.114,198,9,14,2.3,3.5,0.643,172,196,77,196,85,156,149,149,208,210,210,211,197,197,89,54,17,99,38,49,174,172,8,8,219,220,87,98,98,66,138,154,105,131,21,1,15.0,0.9428571428571428,0.4285714285714285,0.5447536604391311,0.3862463395608689,1.0,0.9999999999999998,100.0,25.357142857142858,0.2857142857142857,0.0,0.0,0.0,0.07142857142857142,14,54.4,0.506464,1.0,1.0,100.0
203497,Rudy Gobert,Rudy,1610612750,MIN,33.0,12,6,6,0.5,31.0,2.8,5.8,0.493,0.0,0.2,0.0,1.5,3.2,0.474,3.5,5.8,9.3,2.3,1.3,1.2,1.1,1.0,2.8,3.5,7.2,-5.5,27.4,4,0,23.3,48,57,35,53,61,97,100,67,170,189,170,71,46,172,2,18,7,63,68,37,21,21,48,39,101,195,56,6,5,70,1,Rudy Gobert,Rudy,1610612750,MIN,33.0,12,6,6,0.5,31.0,101.4,103.2,103.2,109.9,111.1,111.1,-8.5,-7.9,-7.9,0.102,1.87,22.0,0.097,0.185,0.138,11.8,11.7,0.493,0.502,0.109,0.114,102.16,100.7,83.91,100.7,0.086,778,34,69,2.8,5.8,0.493,48,57,181,53,61,161,148,148,132,141,141,156,157,157,131,84,60,30,42,35,154,151,130,152,205,202,19,61,61,112,67,76,97,100,67,1,28.5,0.0344827586206896,0.5517241379310345,0.5934752755276841,-0.091475275527684,0.5392051557465092,0.455456904537749,50.6,2.7246376811594204,0.0,0.0,0.014492753623188406,0.21739130434782608,0.43478260869565216,69,14.6,0.073292,0.14471314841726163,0.506,32.5
1629060,Rui Hachimura,Rui,1610612747,LAL,28.0,10,4,6,0.4,38.6,6.7,12.2,0.549,3.3,5.8,0.569,0.8,1.1,0.727,0.6,3.4,4.0,1.7,0.9,0.9,0.6,0.5,2.8,1.1,17.5,-5.2,28.5,0,0,29.5,63,69,35,122,12,26,42,39,3,34,14,110,113,110,109,66,69,85,92,63,57,71,44,111,32,193,52,49,5,42,1,Rui Hachimura,Rui,1610612747,LAL,28.0,10,4,6,0.4,38.6,106.1,107.0,107.0,111.1,113.8,113.8,-5.0,-6.9,-6.9,0.076,1.89,11.1,0.017,0.087,0.054,5.9,5.9,0.684,0.69,0.158,0.162,95.86,94.31,78.59,94.31,0.102,759,67,122,6.7,12.2,0.549,63,69,181,122,12,117,114,114,146,170,170,129,153,153,154,82,147,158,165,170,51,53,23,27,130,134,171,201,201,87,24,36,26,42,39,1,44.1,0.4754098360655738,0.0901639344262295,0.516623042318436,0.1733769576815639,0.7411385606874329,0.7573554378187265,74.8,17.262295081967213,0.3524590163934426,0.00819672131147541,0.2459016393442623,0.08196721311475409,0.01639344262295082,122,65.0,0.44849999999999995,0.8855515890566752,0.748,81.7
1642346,Ryan Dunn,Ryan,1610612756,PHX,23.0,4,0,4,0.0,8.4,0.0,1.0,0.0,0.0,1.0,0.0,0.0,0.0,0.0,0.0,1.5,1.5,0.5,0.8,0.0,0.0,0.0,0.5,0.3,0.0,-2.3,1.8,0,0,2.0,172,196,62,196,157,211,194,211,170,146,170,184,187,184,191,125,149,151,100,182,154,158,176,181,218,159,204,49,5,201,1,Ryan Dunn,Ryan,1610612756,PHX,23.0,4,0,4,0.0,8.4,86.4,88.4,88.4,109.3,104.5,104.5,-22.9,-16.1,-16.1,0.095,0.67,22.2,0.0,0.158,0.087,33.3,33.3,0.0,0.0,0.086,0.089,95.65,96.62,80.51,96.62,-0.011,69,0,4,0.0,1.0,0.0,172,196,77,196,157,212,206,206,124,82,82,215,191,191,136,161,53,191,60,96,219,219,211,218,220,221,178,153,153,213,211,193,211,194,211,1,3.0,1.0,0.0,0.4910425638693095,-0.4910425638693095,0.0,0.0,0.0,25.5,0.5,0.25,0.0,0.0,0.0,4,79.1,0.0,0.0,0.0,0.0
1630573,Sam Hauser,Sam,1610612738,BOS,28.0,7,3,4,0.429,23.5,2.7,6.6,0.413,2.3,5.4,0.421,0.0,0.0,0.0,1.3,3.0,4.3,0.9,0.3,0.1,0.1,0.4,1.4,0.4,7.7,-2.4,14.7,0,0,15.7,89,88,62,95,89,100,93,133,24,39,39,184,187,184,51,75,65,127,168,168,131,83,136,167,96,162,103,49,5,99,1,Sam Hauser,Sam,1610612738,BOS,28.0,7,3,4,0.429,23.5,102.3,102.7,102.7,105.2,107.9,107.9,-3.0,-5.2,-5.2,0.058,3.0,11.1,0.049,0.12,0.084,3.7,3.7,0.587,0.587,0.127,0.13,97.35,95.91,79.92,95.91,0.079,328,19,46,2.7,6.6,0.413,89,88,77,95,89,151,152,152,84,106,106,108,141,141,175,22,147,84,101,101,35,37,58,71,182,186,135,169,169,128,105,101,100,93,133,1,23.5,0.8181818181818182,0.0,0.494838345729697,0.0921616542703029,0.6305048335123523,0.6647801150331412,64.4,21.804347826086957,0.2608695652173913,0.0,0.021739130434782608,0.043478260869565216,0.043478260869565216,46,52.0,0.30524,0.6026884437985721,0.644,62.3
1630241,Sam Merrill,Sam,1610612739,CLE,30.0,17,8,9,0.471,19.9,2.4,5.6,0.427,1.7,4.6,0.372,1.2,1.5,0.84,0.5,0.8,1.2,1.1,0.5,0.5,0.0,0.1,2.4,1.6,7.8,0.3,11.8,0,0,12.8,23,33,7,83,102,103,103,121,46,54,66,80,94,57,138,171,163,110,137,112,154,144,74,91,94,83,118,49,5,109,1,Sam Merrill,Sam,1610612739,CLE,30.0,17,8,9,0.471,19.9,112.9,114.5,114.5,114.9,114.9,114.9,-2.0,-0.4,-0.4,0.083,2.11,14.3,0.023,0.041,0.032,6.8,6.7,0.578,0.617,0.14,0.146,99.24,98.55,82.13,98.55,0.052,698,41,96,2.4,5.6,0.427,23,33,215,83,102,51,40,40,174,178,178,100,97,97,143,59,127,145,206,205,68,65,64,54,166,165,83,103,103,171,56,53,103,103,121,1,27.3,0.8214285714285714,0.2678571428571428,0.5258646975996615,0.0911353024003385,0.6627282491944146,0.6636102018312855,66.3,21.177083333333332,0.2604166666666667,0.041666666666666664,0.041666666666666664,0.03125,0.020833333333333332,96,54.0,0.33318000000000003,0.6578552473621028,0.663,66.0
1630572,Sandro Mamukelashvili,Sandro,1610612761,TOR,27.0,7,3,4,0.429,14.8,2.0,5.0,0.4,0.6,2.0,0.286,0.4,1.0,0.429,1.6,3.4,5.0,1.0,0.6,0.7,0.4,0.6,1.7,1.0,5.0,0.4,15.4,1,0,13.9,89,88,62,95,119,111,106,143,118,115,121,141,114,175,34,63,58,114,128,78,77,66,114,114,117,77,101,32,5,106,1,Sandro Mamukelashvili,Sandro,1610612761,TOR,27.0,7,3,4,0.429,14.8,109.4,113.4,113.4,113.9,110.5,110.5,-4.5,2.9,2.9,0.09,1.75,14.3,0.097,0.224,0.159,8.2,8.1,0.457,0.46,0.163,0.168,101.6,101.32,84.43,101.32,0.093,217,14,35,2.0,5.0,0.4,89,88,77,95,119,73,50,50,168,128,128,123,73,73,139,88,127,31,20,20,95,96,155,174,120,127,26,56,56,98,118,114,111,106,143,1,24.4,0.4,0.2,0.5323892272102354,-0.0723892272102353,0.4940923737916219,0.4772126206340346,48.7,11.942857142857143,0.11428571428571428,0.08571428571428572,0.0,0.2571428571428571,0.08571428571428572,35,43.3,0.19918,0.39327573134516963,0.48700000000000004,44.0
1630703,Scoot Henderson,Scoot,1610612757,POR,22.0,5,1,4,0.2,29.0,5.6,11.8,0.475,2.6,5.6,0.464,1.2,1.6,0.75,0.4,1.2,1.6,1.2,1.8,0.8,0.2,0.6,3.4,2.0,15.0,-5.2,19.9,0,0,22.4,155,163,62,179,73,44,46,79,14,36,29,83,85,96,143,140,145,105,44,74,121,60,21,66,44,193,90,49,5,76,1,Scoot Henderson,Scoot,1610612757,POR,22.0,5,1,4,0.2,29.0,101.8,102.6,102.6,110.7,110.9,110.9,-8.8,-8.2,-8.2,0.071,0.67,7.7,0.012,0.042,0.026,11.5,11.6,0.585,0.6,0.206,0.213,100.57,100.08,83.4,100.08,0.064,302,28,59,5.6,11.8,0.475,155,163,77,179,73,154,153,153,143,136,136,157,161,161,158,161,179,179,204,210,148,149,60,65,64,68,44,74,74,155,84,89,44,46,79,1,46.1,0.4745762711864406,0.135593220338983,0.518196256732435,0.081803743267565,0.644468313641246,0.6529733875546119,64.8,17.06779661016949,0.576271186440678,0.01694915254237288,0.1864406779661017,0.05084745762711865,0.0,59,72.6,0.4356,0.8600808744550451,0.648,75.4
1630567,Scottie Barnes,Scottie,1610612761,TOR,24.0,7,3,4,0.429,39.0,8.4,16.6,0.509,1.1,3.0,0.381,6.1,7.7,0.796,1.6,4.6,6.1,8.6,3.4,1.1,1.7,0.4,3.0,5.3,24.1,-0.4,49.5,3,0,45.7,89,88,62,95,9,11,17,48,77,87,58,10,7,80,34,35,36,2,13,44,5,83,32,17,9,107,3,9,5,6,1,Scottie Barnes,Scottie,1610612761,TOR,24.0,7,3,4,0.429,39.0,108.8,111.7,111.7,110.0,111.7,111.7,-1.2,0.1,0.1,0.359,2.5,26.8,0.04,0.113,0.078,10.7,10.7,0.543,0.605,0.256,0.26,99.68,97.64,81.37,97.64,0.163,554,59,116,8.4,16.6,0.509,89,88,77,95,9,82,66,66,135,149,149,93,91,91,6,36,30,102,115,118,132,134,80,62,33,35,69,126,126,19,33,40,11,17,48,1,73.1,0.180722891566265,0.463855421686747,0.5651422639190887,0.0398577360809112,0.6498388829215896,0.6051601677331302,63.2,10.931034482758621,0.4396551724137931,0.017241379310344827,0.25862068965517243,0.20689655172413793,0.02586206896551724,116,67.7,0.40958500000000003,0.8087149333417578,0.632,72.0
1631101,Shaedon Sharpe,Shaedon,1610612757,POR,23.0,5,1,4,0.2,13.4,2.8,6.8,0.412,0.6,2.2,0.273,1.0,1.6,0.625,0.6,1.0,1.6,0.6,0.0,0.4,0.4,0.4,1.0,1.6,7.2,0.4,12.4,0,0,11.6,155,163,62,179,125,98,92,134,116,110,125,91,85,136,109,145,145,142,200,124,79,88,148,89,100,80,114,49,5,115,1,Shaedon Sharpe,Shaedon,1610612757,POR,23.0,5,1,4,0.2,13.4,108.2,109.7,109.7,109.5,111.5,111.5,-1.4,-1.8,-1.8,0.07,0.0,7.3,0.039,0.082,0.058,0.0,0.0,0.456,0.48,0.235,0.241,95.97,94.45,78.71,94.45,0.079,134,14,34,2.8,6.8,0.412,155,163,77,179,125,89,84,84,126,147,147,95,108,108,163,183,186,107,171,160,1,1,157,164,44,48,167,199,199,127,118,116,98,92,134,1,37.0,0.3235294117647059,0.2352941176470588,0.5337548910431501,-0.0537548910431501,0.5155746509129968,0.498453441182688,50.9,15.029411764705882,0.6176470588235294,0.0,0.3235294117647059,0.11764705882352941,0.0,34,81.3,0.39024,0.7705187338093131,0.509,64.0
1628983,Shai Gilgeous-Alexander,Shai,1610612760,OKC,27.0,15,11,4,0.733,36.3,8.8,19.0,0.463,1.2,3.9,0.305,8.8,9.9,0.892,0.4,2.5,2.9,7.9,3.1,1.3,0.9,0.7,2.3,7.3,27.6,2.6,46.4,2,0,43.9,30,21,62,26,23,8,11,86,71,69,113,1,2,37,143,89,105,3,18,33,26,51,81,2,2,36,6,20,5,7,1,Shai Gilgeous-Alexander,Shai,1610612760,OKC,27.0,15,11,4,0.733,36.3,115.3,116.3,116.3,112.3,113.8,113.8,3.0,2.5,2.5,0.367,2.59,23.1,0.011,0.067,0.039,8.9,8.9,0.495,0.591,0.308,0.318,98.76,97.73,81.45,97.73,0.157,1113,132,285,8.8,19.0,0.463,30,21,77,26,23,30,31,31,163,168,168,66,76,76,5,34,47,181,185,196,109,108,128,69,12,13,101,125,125,25,5,7,8,11,86,1,88.1,0.2052631578947368,0.5210526315789474,0.5668064739879719,0.024193526012028,0.6348012889366272,0.587304920724264,61.6,13.389473684210527,0.6526315789473685,0.02456140350877193,0.36140350877192984,0.15087719298245614,0.0,285,85.6,0.505896,0.9988784987679282,0.616,80.7
1631321,Sidy Cissoko,Sidy,1610612757,POR,22.0,4,0,4,0.0,6.5,1.0,2.5,0.4,0.5,1.3,0.4,0.3,0.3,1.0,0.5,0.8,1.3,0.3,0.3,1.0,0.0,0.0,1.0,0.8,2.8,1.5,7.4,0,0,6.8,172,196,62,196,166,150,151,143,124,139,45,166,180,1,120,173,161,182,175,48,154,158,148,131,156,52,146,49,5,149,1,Sidy Cissoko,Sidy,1610612757,POR,22.0,4,0,4,0.0,6.5,100.3,94.7,94.7,93.0,87.3,87.3,7.3,7.5,7.5,0.067,1.0,8.3,0.061,0.143,0.093,8.3,8.0,0.5,0.527,0.162,0.185,96.76,102.79,85.65,102.79,0.112,57,4,10,1.0,2.5,0.4,172,196,77,196,166,169,191,191,19,19,19,46,51,51,167,135,172,61,72,83,97,93,109,129,124,98,150,34,34,69,164,170,150,151,143,1,15.6,0.52,0.12,0.5181318070810044,0.0088681929189956,0.5660580021482278,0.5698359512284562,56.8,14.0,0.2,0.0,0.1,0.2,0.1,10,48.7,0.256649,0.5067467776584318,0.568,53.7
1642461,Spencer Jones,Spencer,1610612743,DEN,24.0,6,2,4,0.333,24.2,2.2,3.2,0.684,1.5,2.2,0.692,0.7,0.8,0.8,0.5,1.5,2.0,0.3,0.7,0.7,1.2,0.0,3.3,0.5,6.5,-2.8,14.2,0,0,14.0,120,128,62,138,86,108,136,12,56,111,7,122,130,74,120,125,127,171,111,81,14,158,22,154,106,171,107,49,5,105,1,Spencer Jones,Spencer,1610612743,DEN,24.0,6,2,4,0.333,24.2,107.5,108.4,108.4,109.1,110.9,110.9,-1.6,-2.5,-2.5,0.022,0.5,7.4,0.023,0.058,0.042,14.8,14.7,0.921,0.92,0.078,0.082,96.82,95.62,79.69,95.62,0.056,285,13,19,2.2,3.2,0.684,120,128,77,138,86,99,95,95,118,135,135,97,114,114,195,169,185,146,194,193,182,181,9,9,224,223,146,176,176,165,122,143,108,136,12,1,12.8,0.6875,0.25,0.5340495326440491,0.3859504673559509,0.988184747583244,0.9996627425654636,99.3,17.0,0.0,0.0,0.05263157894736842,0.05263157894736842,0.0,19,34.8,0.32016,0.6321475958804574,0.993,81.3
1642264,Stephon Castle,Stephon,1610612759,SAS,21.0,22,13,9,0.591,33.1,6.1,13.0,0.472,1.6,4.4,0.361,4.9,5.9,0.823,1.5,3.6,5.0,6.2,3.5,0.9,0.4,0.9,3.9,5.5,18.7,3.5,34.4,3,0,34.1,1,10,7,43,45,35,38,81,54,57,71,15,19,69,42,59,57,9,10,62,84,35,8,15,29,28,30,9,5,30,1,Stephon Castle,Stephon,1610612759,SAS,21.0,22,13,9,0.591,33.1,111.3,112.2,112.2,104.1,106.3,106.3,7.1,5.9,5.9,0.302,1.78,24.6,0.044,0.095,0.071,13.8,13.8,0.533,0.6,0.246,0.25,100.75,99.31,82.76,99.31,0.12,1501,135,286,6.1,13.0,0.472,1,10,215,43,45,63,64,64,76,95,95,47,58,58,18,87,42,94,143,131,175,175,88,63,38,44,40,89,89,59,4,6,35,38,81,1,65.6,0.3384615384615385,0.4538461538461539,0.5585551902133599,0.0414448097866401,0.644468313641246,0.6069692339364339,62.9,12.034965034965035,0.2902097902097902,0.006993006993006993,0.10139860139860139,0.22377622377622378,0.04195804195804196,286,53.2,0.3192,0.6302521008403361,0.629,63.0
1631106,Tari Eason,Tari,1610612745,HOU,25.0,6,2,4,0.333,32.5,5.2,10.8,0.477,1.7,5.0,0.333,1.8,2.2,0.846,2.0,4.7,6.7,1.7,0.8,2.5,0.7,0.5,3.7,2.0,13.8,1.7,33.0,1,0,30.2,120,128,62,138,50,51,52,77,50,45,88,63,68,54,23,32,30,86,96,2,49,71,13,66,51,46,33,32,5,38,1,Tari Eason,Tari,1610612745,HOU,25.0,6,2,4,0.333,32.5,107.2,107.9,107.9,104.8,103.6,103.6,2.4,4.3,4.3,0.083,2.0,11.8,0.058,0.155,0.103,5.9,5.8,0.554,0.587,0.168,0.173,94.0,94.21,78.51,94.21,0.125,380,31,65,5.2,10.8,0.477,120,128,77,138,50,103,102,102,81,73,73,68,65,65,144,63,144,65,62,70,51,52,76,73,113,119,201,206,206,51,74,79,51,52,77,1,41.7,0.4629629629629629,0.2037037037037037,0.5299509471232218,0.0570490528767781,0.6305048335123523,0.6247561260641308,62.8,13.061538461538461,0.09230769230769231,0.015384615384615385,0.03076923076923077,0.12307692307692308,0.07692307692307693,65,36.0,0.21131999999999998,0.4172458457067037,0.628,52.3
1630545,Terrence Shannon Jr.,Terrence,1610612750,MIN,25.0,9,4,5,0.444,22.6,4.2,10.4,0.404,0.9,3.6,0.25,2.4,2.7,0.917,0.6,2.0,2.6,1.3,0.9,0.4,0.0,1.6,2.4,3.6,11.8,-1.9,17.3,0,0,17.4,74,69,51,87,94,64,54,141,97,74,136,48,61,30,116,101,115,99,93,115,154,6,71,38,64,155,97,49,5,97,1,Terrence Shannon Jr.,Terrence,1610612750,MIN,25.0,9,4,5,0.444,22.6,107.0,110.3,110.3,116.1,112.4,112.4,-9.1,-2.1,-2.1,0.089,1.5,9.7,0.02,0.09,0.052,6.5,6.4,0.447,0.507,0.218,0.223,104.07,104.17,86.81,104.17,0.067,437,38,94,4.2,10.4,0.404,74,69,170,87,94,106,83,83,184,153,153,158,111,111,140,103,160,152,152,179,61,60,160,146,56,60,8,20,20,149,62,55,64,54,141,1,45.9,0.3461538461538461,0.2596153846153846,0.537180386508142,-0.030180386508142,0.5445757250268529,0.5253254379021636,53.7,11.127659574468085,0.1595744680851064,0.0425531914893617,0.07446808510638298,0.2872340425531915,0.0,94,49.0,0.24843,0.4905185758513932,0.537,51.4
203501,Tim Hardaway Jr.,Tim,1610612743,DEN,34.0,6,2,4,0.333,23.3,3.2,7.5,0.422,1.3,3.8,0.348,3.2,4.0,0.792,1.0,2.3,3.3,0.8,0.7,0.7,0.3,0.5,1.7,2.3,10.8,-0.8,18.4,0,0,18.3,120,128,62,138,91,86,86,127,65,70,83,36,38,81,71,95,90,129,111,81,88,71,117,59,74,128,95,49,5,92,1,Tim Hardaway Jr.,Tim,1610612743,DEN,34.0,6,2,4,0.333,23.3,105.0,107.0,107.0,108.9,109.8,109.8,-3.9,-2.8,-2.8,0.061,1.25,7.9,0.041,0.091,0.066,6.3,6.2,0.511,0.585,0.173,0.183,103.2,101.77,84.81,101.77,0.09,298,19,45,3.2,7.5,0.422,120,128,77,138,91,125,113,113,113,122,122,117,119,119,174,121,178,101,149,146,59,55,101,74,106,100,15,51,51,101,105,103,86,86,127,1,36.6,0.5066666666666666,0.5333333333333333,0.5674705968131298,0.0175294031868701,0.6283566058002148,0.5797086513549589,60.9,16.0,0.2222222222222222,0.044444444444444446,0.13333333333333333,0.13333333333333333,0.044444444444444446,45,54.3,0.31765499999999997,0.6272015385101408,0.609,61.8
202699,Tobias Harris,Tobias,1610612765,DET,33.0,14,7,7,0.5,34.6,6.5,15.3,0.425,1.4,4.6,0.292,3.7,4.5,0.825,1.1,6.1,7.2,1.6,1.1,1.5,0.8,0.8,2.6,2.9,18.1,0.7,35.0,2,0,32.9,38,45,21,53,34,28,26,123,64,53,117,29,31,66,64,15,23,90,74,20,38,44,60,47,31,70,28,20,5,32,1,Tobias Harris,Tobias,1610612765,DET,33.0,14,7,7,0.5,34.6,109.4,112.3,112.3,108.8,110.6,110.6,0.5,1.6,1.6,0.078,1.53,8.2,0.034,0.171,0.104,5.4,5.4,0.47,0.523,0.228,0.231,96.81,94.77,78.97,94.77,0.121,955,91,214,6.5,15.3,0.425,38,45,197,53,34,75,61,61,112,132,132,80,83,83,150,102,175,121,50,68,48,47,148,135,49,54,147,194,194,58,16,10,28,26,123,1,62.9,0.3006535947712418,0.2941176470588235,0.5423013360936663,-0.0193013360936662,0.5617615467239527,0.5377261993525124,55.2,12.378504672897197,0.34579439252336447,0.028037383177570093,0.17757009345794392,0.102803738317757,0.02336448598130841,214,56.4,0.29497199999999996,0.5824145447652744,0.552,56.7
1628396,Tony Bradley,Tony,1610612737,ATL,28.0,4,1,3,0.25,10.2,0.8,1.0,0.75,0.3,0.3,1.0,1.0,1.5,0.667,0.3,2.5,2.8,0.8,0.3,0.5,0.8,0.3,1.8,1.3,2.8,-0.8,10.7,0,0,9.0,172,163,155,176,145,165,194,8,153,186,1,91,90,125,168,90,109,133,175,98,39,112,112,103,156,126,125,49,5,131,1,Tony Bradley,Tony,1610612737,ATL,28.0,4,1,3,0.25,10.2,94.5,96.3,96.3,102.1,101.3,101.3,-7.6,-5.0,-5.0,0.125,3.0,27.3,0.02,0.227,0.116,9.1,9.4,0.875,0.828,0.079,0.08,95.54,95.02,79.18,95.02,0.151,81,3,4,0.8,1.0,0.75,172,163,49,176,145,199,185,185,56,57,57,148,139,139,105,22,25,154,19,52,111,117,11,12,223,225,182,190,190,30,176,193,165,194,8,1,4.8,0.3,1.5,0.6995444018532193,0.1284555981467806,0.8893662728249194,0.7061506871839678,81.6,7.0,0.0,0.0,0.0,0.25,0.25,4,23.8,0.19706400000000002,0.3890977443609023,0.816,60.3
1641739,Toumani Camara,Toumani,1610612757,POR,26.0,5,1,4,0.2,33.0,2.2,7.6,0.289,1.4,5.4,0.259,1.2,1.2,1.0,1.6,3.8,5.4,1.2,1.4,1.4,0.6,0.6,2.6,3.2,7.0,-8.8,19.9,0,0,19.0,155,163,62,179,47,107,85,192,61,40,132,83,105,1,32,54,49,105,59,24,57,60,59,44,102,212,91,49,5,91,1,Toumani Camara,Toumani,1610612757,POR,26.0,5,1,4,0.2,33.0,99.1,101.8,101.8,115.6,115.6,115.6,-16.5,-13.9,-13.9,0.054,0.86,11.1,0.041,0.122,0.077,13.0,13.0,0.382,0.431,0.119,0.121,100.37,99.0,82.5,99.0,0.043,342,11,38,2.2,7.6,0.289,155,163,77,179,47,181,162,162,179,183,183,194,179,179,177,151,147,99,100,122,169,169,182,180,194,196,51,94,94,188,128,109,107,85,192,1,28.6,0.7105263157894738,0.1578947368421052,0.5187149989859776,-0.0877149989859776,0.4629430719656283,0.4597431510946174,46.2,18.13157894736842,0.13157894736842105,0.0,0.02631578947368421,0.15789473684210525,0.02631578947368421,38,46.0,0.19826000000000002,0.39145921526505345,0.462,42.7
1630570,Trendon Watford,Trendon,1610612755,PHI,25.0,7,2,5,0.286,5.7,1.0,1.6,0.636,0.0,0.1,0.0,0.9,1.1,0.75,0.0,0.4,0.4,0.4,0.3,0.4,0.0,0.0,0.3,0.6,2.9,-0.7,5.0,0,0,4.6,89,128,51,174,175,150,181,22,170,190,170,105,108,96,191,191,200,166,168,119,154,158,196,147,149,124,168,49,5,173,1,Trendon Watford,Trendon,1610612755,PHI,25.0,7,2,5,0.286,5.7,95.2,92.9,92.9,101.8,98.8,98.8,-6.7,-5.9,-5.9,0.136,1.5,15.0,0.0,0.083,0.04,10.0,10.2,0.636,0.689,0.185,0.188,99.62,102.34,85.28,102.34,0.149,85,7,11,1.0,1.6,0.636,89,128,170,174,175,195,196,196,52,44,44,145,143,143,97,103,120,191,168,195,124,127,36,28,92,97,70,42,42,32,147,167,150,181,22,1,19.2,0.0625,0.6875,0.6024920954035259,0.086507904596474,0.7400644468313641,0.6583355451181191,70.7,5.0,0.09090909090909091,0.0,0.0,0.36363636363636365,0.0,11,34.9,0.24046099999999995,0.4747839925443861,0.7070000000000001,59.1
1641783,Tristan da Silva,Tristan,1610612753,ORL,25.0,7,3,4,0.429,15.3,1.6,4.1,0.379,0.7,2.3,0.313,0.3,0.6,0.5,1.0,1.9,2.9,0.1,0.7,0.1,0.0,0.1,1.1,0.4,4.1,-1.7,7.5,0,0,8.1,89,88,62,95,118,130,120,157,107,107,107,162,148,152,71,107,106,196,106,168,154,136,144,167,134,152,143,49,5,135,1,Tristan da Silva,Tristan,1610612753,ORL,25.0,7,3,4,0.429,15.3,97.1,94.1,94.1,102.5,101.8,101.8,-5.5,-7.7,-7.7,0.016,0.2,2.7,0.059,0.123,0.089,13.5,13.6,0.466,0.471,0.141,0.148,96.34,98.17,81.81,98.17,0.043,222,11,29,1.6,4.1,0.379,89,88,77,95,118,186,193,193,62,61,61,135,155,155,198,180,199,62,99,90,172,173,151,171,163,162,161,114,114,187,128,126,130,120,157,1,19.6,0.5609756097560976,0.1463414634146341,0.5214058727687533,-0.0504058727687533,0.505907626208378,0.5022709045762203,50.4,16.482758620689655,0.10344827586206896,0.0,0.10344827586206896,0.06896551724137931,0.034482758620689655,29,42.3,0.199233,0.39338037846717633,0.504,44.9
1642278,Tyler Kolek,Tyler,1610612752,NYK,25.0,8,8,0,1.0,6.7,1.4,3.1,0.44,0.5,1.1,0.444,0.3,0.3,1.0,0.1,0.6,0.8,1.5,0.4,0.0,0.1,0.1,0.4,0.3,3.5,-0.8,6.7,0,0,6.5,85,33,226,1,165,139,140,110,124,145,33,166,180,1,185,180,185,92,160,182,138,143,190,181,140,126,150,49,5,152,1,Tyler Kolek,Tyler,1610612752,NYK,25.0,8,8,0,1.0,6.7,99.9,99.1,99.1,103.9,103.5,103.5,-4.0,-4.4,-4.4,0.387,4.0,29.3,0.018,0.083,0.052,7.3,7.3,0.52,0.541,0.22,0.227,101.55,102.12,85.1,102.12,0.136,113,11,25,1.4,3.1,0.44,85,33,1,1,165,175,177,177,74,71,71,118,133,133,3,9,20,157,168,178,80,80,91,120,54,56,27,43,43,39,128,131,139,140,110,1,25.8,0.3548387096774194,0.0967741935483871,0.517089723649943,0.023910276350057,0.5810955961331902,0.586982051415347,58.3,13.68,0.28,0.0,0.16,0.2,0.0,25,57.1,0.30891100000000005,0.609936737853036,0.583,59.6
1630178,Tyrese Maxey,Tyrese,1610612755,PHI,25.0,11,4,7,0.364,39.7,8.7,19.2,0.455,2.4,6.7,0.351,3.9,4.4,0.896,0.4,3.6,4.0,5.9,2.1,0.8,0.4,1.0,2.0,3.6,23.7,-7.8,38.8,2,0,38.4,54,69,21,132,5,9,10,97,23,18,80,27,33,36,152,58,69,12,36,73,84,21,91,34,13,209,17,20,5,18,1,Tyrese Maxey,Tyrese,1610612755,PHI,25.0,11,4,7,0.364,39.7,108.6,110.7,110.7,118.7,121.3,121.3,-10.1,-10.6,-10.6,0.26,2.83,20.4,0.009,0.09,0.05,7.2,7.2,0.517,0.562,0.261,0.267,96.05,94.1,78.42,94.1,0.125,859,96,211,8.7,19.2,0.455,54,69,197,132,5,84,76,76,192,203,203,163,168,168,27,27,70,185,151,182,77,76,94,100,31,32,166,207,207,52,15,13,9,10,97,1,74.2,0.3489583333333333,0.2291666666666666,0.529893042541414,0.032106957458586,0.6036519871106338,0.5963252462015574,60.1,14.028436018957345,0.46919431279620855,0.02843601895734597,0.1990521327014218,0.1895734597156398,0.009478672985781991,211,70.3,0.395086,0.7800870348139255,0.601,69.1
1626145,Tyus Jones,Tyus,1610612743,DEN,30.0,3,1,2,0.333,10.1,1.3,2.7,0.5,0.0,0.3,0.0,0.3,0.7,0.5,0.0,0.0,0.0,1.7,0.0,0.7,0.0,0.0,1.0,1.7,3.0,-0.7,7.5,0,0,6.0,196,163,183,138,146,140,148,50,170,182,170,151,139,152,191,210,216,86,200,81,154,158,148,86,146,119,143,49,5,155,1,Tyus Jones,Tyus,1610612743,DEN,30.0,3,1,2,0.333,10.1,103.3,108.2,108.2,111.2,109.7,109.7,-7.9,-1.5,-1.5,0.25,0.0,35.7,0.0,0.0,0.0,0.0,0.0,0.5,0.507,0.132,0.133,99.26,97.61,81.34,97.61,0.082,61,4,8,1.3,2.7,0.5,196,163,26,138,146,138,97,97,148,118,118,150,106,106,29,183,8,191,210,216,1,1,109,147,171,184,82,131,131,119,164,177,140,148,50,1,13.4,0.1111111111111111,0.2592592592592592,0.5534066916743732,-0.0464066916743731,0.5445757250268529,0.5068294725448147,52.9,11.0,0.5,0.0,0.25,0.0,0.0,8,60.8,0.308256,0.6086434573829531,0.529,56.9
1642845,VJ Edgecombe,VJ,1610612755,PHI,20.0,11,4,7,0.364,37.0,5.5,13.2,0.414,1.9,6.5,0.292,1.2,1.6,0.722,2.1,4.0,6.1,3.4,1.6,1.0,0.4,0.5,2.6,1.7,14.0,-3.5,28.8,2,0,28.1,54,69,21,132,19,50,36,131,37,20,118,86,84,112,21,46,37,40,48,48,84,68,58,85,50,179,48,20,5,46,1,VJ Edgecombe,VJ,1610612755,PHI,20.0,11,4,7,0.364,37.0,109.1,111.4,111.4,115.0,115.7,115.7,-5.8,-4.3,-4.3,0.14,2.06,17.8,0.056,0.105,0.081,8.7,8.7,0.486,0.504,0.189,0.192,95.57,94.27,78.56,94.27,0.078,798,60,145,5.5,13.2,0.414,54,69,197,132,19,77,71,71,175,184,184,139,131,131,94,62,97,68,130,109,101,101,133,150,88,95,180,204,204,130,31,25,50,36,131,1,50.3,0.4924242424242424,0.1212121212121212,0.5171545711213771,-0.013154571121377,0.5413533834586466,0.5447327452557553,54.3,15.537931034482758,0.30344827586206896,0.034482758620689655,0.09655172413793103,0.10344827586206896,0.041379310344827586,145,54.2,0.273168,0.5393631136665192,0.543,54.1
1641705,Victor Wembanyama,Victor,1610612759,SAS,22.0,21,12,9,0.571,33.9,8.0,16.4,0.491,1.8,5.1,0.352,6.1,7.2,0.849,2.3,8.4,10.7,2.7,2.7,1.0,3.5,0.4,2.5,7.2,24.0,9.5,51.7,11,1,48.2,7,18,7,49,38,14,20,68,42,44,79,10,8,53,18,3,2,51,24,48,1,92,68,3,11,8,2,2,3,2,1,Victor Wembanyama,Victor,1610612759,SAS,22.0,21,12,9,0.571,33.9,114.9,114.8,114.8,99.4,101.2,101.2,15.5,13.6,13.6,0.138,1.0,10.9,0.069,0.214,0.147,10.9,10.9,0.547,0.615,0.279,0.288,99.41,98.55,82.13,98.55,0.192,1463,169,344,8.0,16.4,0.491,7,18,215,49,38,32,39,39,41,56,56,26,32,32,96,135,151,49,25,28,137,135,78,55,21,22,76,102,102,11,3,3,14,20,68,1,77.1,0.3109756097560975,0.4390243902439025,0.5551554947566811,0.0598445052433188,0.6605800214822771,0.6279425933220779,64.8,11.491279069767442,0.2703488372093023,0.03197674418604651,0.11627906976744186,0.11918604651162791,0.20348837209302326,344,46.3,0.28474499999999997,0.5622215991659821,0.648,60.5
1628976,Wendell Carter Jr.,Wendell,1610612753,ORL,27.0,7,3,4,0.429,33.8,3.6,6.9,0.521,0.7,2.6,0.278,3.1,4.4,0.71,2.9,4.1,7.0,2.9,1.4,0.6,1.7,1.0,4.0,3.6,11.0,-2.1,29.1,2,0,26.1,89,88,62,95,40,80,90,44,107,98,124,38,32,115,11,44,25,47,56,93,5,21,4,36,72,158,45,20,5,56,1,Wendell Carter Jr.,Wendell,1610612753,ORL,27.0,7,3,4,0.429,33.8,106.2,108.8,108.8,111.3,112.7,112.7,-5.1,-3.9,-3.9,0.131,2.0,21.5,0.079,0.125,0.101,10.8,10.9,0.573,0.625,0.132,0.133,98.24,96.43,80.36,96.43,0.089,477,25,48,3.6,6.9,0.521,89,88,77,95,40,115,91,91,150,157,157,130,127,127,103,63,62,40,91,73,134,136,69,51,172,183,115,159,159,102,92,99,80,90,44,1,34.8,0.3768115942028985,0.6376811594202899,0.5884769872741354,0.0365230127258645,0.6713211600429646,0.601358998765863,64.3,11.208333333333334,0.020833333333333332,0.0,0.020833333333333332,0.125,0.20833333333333334,48,26.6,0.16625,0.3282563025210084,0.643,48.6
1642258,Zaccharie Risacher,Zaccharie,1610612737,ATL,21.0,3,0,3,0.0,7.6,1.7,4.7,0.357,0.3,1.7,0.2,0.0,0.0,0.0,1.3,1.7,3.0,0.0,0.0,0.0,0.0,0.3,0.7,0.0,3.7,-0.7,7.3,0,0,7.0,196,196,155,196,161,127,111,168,143,129,155,184,187,184,46,121,102,200,200,182,154,94,168,200,139,119,147,49,5,146,1,Zaccharie Risacher,Zaccharie,1610612737,ATL,21.0,3,0,3,0.0,7.6,102.7,106.7,106.7,112.0,111.1,111.1,-9.3,-4.4,-4.4,0.0,0.0,0.0,0.121,0.2,0.155,0.0,0.0,0.393,0.393,0.241,0.256,96.52,95.08,79.24,95.08,0.077,45,5,14,1.7,4.7,0.357,196,196,49,196,161,143,116,116,160,139,139,159,134,134,200,183,200,19,31,25,1,1,178,191,42,39,154,189,189,131,158,154,127,111,168,1,29.7,0.3617021276595744,0.0,0.5034638105870346,-0.1104638105870345,0.4221267454350161,0.4338123414011292,42.7,11.5,0.21428571428571427,0.0,0.0,0.07142857142857142,0.07142857142857142,14,35.7,0.140301,0.27702067669172936,0.42700000000000005,35.2
