PLAYER_ID,PLAYER_NAME,TEAM_ABBREVIATION,AGE,GP,MIN,USG_PCT,PTS,FGM,FGA,FG_PCT,FG3M,FG3A,FG3_PCT,FTM,FTA,FT_PCT,TS_PCT,EFG_PCT,AST,TOV,AST_PCT,AST_TO,TM_TOV_PCT,REB,OREB_PCT,DREB_PCT,OFF_RATING,DEF_RATING,NET_RATING,PLUS_MINUS,PIE,PACE,VOLUME_SCORE,FG3A_RATE,FTA_RATE,EXPECTED_TS,TS_ABOVE_EXPECTED,TS_PCT_SCALED,TS_ABOVE_EXPECTED_SCALED,EFFICIENCY_SCORE,AVG_SHOT_DISTANCE,PCT_PULLUP,PCT_LATE_CLOCK,PCT_MIDRANGE,PCT_RESTRICTED_HARD,PCT_RESTRICTED_EASY,TOTAL_SHOTS_x,SHOT_DIFFICULTY_SCORE,TS_X_DIFFICULTY,TS_X_DIFFICULTY_SCALED,EFFICIENCY_SCORE_SCALED,DIFFICULTY_ADJ_EFFICIENCY,FG_PCT_EARLY_GAME,FG_PCT_LATE_GAME,FG_PCT_CLUTCH,FG_PCT_BLOWOUT,FG_PCT_HOME,FG_PCT_AWAY,FG_PCT_EARLY_CLOCK,FG_PCT_LATE_CLOCK,AVG_REST_DAYS,CLUTCH_ATTEMPTS,TOTAL_SHOTS_y,CLUTCH_VS_BLOWOUT,LATE_VS_EARLY,HOME_AWAY_CONSISTENCY,CLOCK_DISCIPLINE,CONTEXT_SCORE,VS_PLAYER_ID,NET_RATING_IMPACT,OFF_RATING_IMPACT,NET_RATING_ON,NET_RATING_OFF,INDEPENDENCE_SCORE,TRUE_SCORING_IMPACT
1631260,AJ Green,MIL,26.0,78,29.1,0.135,10.4,3.4,7.9,0.424,3.0,7.1,0.419,0.7,0.8,0.855,0.627,0.612,1.9,1.0,0.09,2.03,8.7,2.7,0.013,0.08,113.1,116.7,-3.6,-1.9,0.058,99.28,31.0,0.8987341772151898,0.1012658227848101,0.5506350669605606,0.0763649330394393,0.5857142857142856,0.739244646996291,64.7,23.56122448979592,0.2687074829931973,0.010204081632653,0.0306122448979591,0.0170068027210884,0.0,294.0,64.1,0.4019069999999999,0.6663411560875728,0.647,65.7,0.4266666666666667,0.3181818181818182,0.40625,0.3880597014925373,0.427536231884058,0.4551282051282051,0.4425087108013937,1.0,1.1666666666666667,32.0,294.0,0.0181902985074626,-0.1084848484848485,0.9724080267558528,-0.5574912891986064,39.5,1631260,6.6,5.699999999999989,-3.6,-10.2,78.8,64.7
203932,Aaron Gordon,DEN,30.0,36,27.9,0.213,16.2,5.5,11.1,0.497,1.7,4.4,0.389,3.5,4.5,0.767,0.62,0.574,2.7,1.1,0.13,2.53,6.3,5.8,0.052,0.148,124.7,112.0,12.7,7.6,0.117,99.99,46.5,0.3963963963963964,0.4054054054054054,0.6038604455978721,0.0161395544021278,0.5657142857142856,0.5389593088614459,55.5,13.10762331838565,0.2959641255605381,0.0179372197309417,0.1255605381165919,0.1614349775784753,0.0986547085201793,223.0,62.4,0.38688,0.6414271621722443,0.555,59.8,0.6134453781512605,0.2631578947368421,0.2727272727272727,0.4615384615384615,0.5,0.5121951219512195,0.5164319248826291,0.0,1.3004484304932735,11.0,223.0,-0.1888111888111888,-0.3502874834144184,0.9878048780487804,0.5164319248826291,44.8,203932,9.9,5.400000000000006,12.7,2.8,89.9,67.2
1628988,Aaron Holiday,HOU,29.0,57,13.7,0.159,5.5,1.8,4.4,0.417,1.2,3.0,0.394,0.6,0.7,0.854,0.578,0.55,1.1,0.7,0.105,1.58,10.4,1.0,0.016,0.054,114.6,106.3,8.3,2.3,0.063,99.63,18.2,0.6818181818181818,0.159090909090909,0.5606243303377206,0.0173756696622793,0.4457142857142855,0.5430701300543523,48.5,19.57037037037037,0.1703703703703703,0.0222222222222222,0.0518518518518518,0.037037037037037,0.0,135.0,54.9,0.3173219999999999,0.526103572050302,0.485,50.6,0.3770491803278688,0.4285714285714285,0.2857142857142857,0.4385964912280701,0.5428571428571428,0.34,0.3939393939393939,0.3333333333333333,1.237037037037037,7.0,135.0,-0.1528822055137844,0.0515222482435597,0.7971428571428572,0.0606060606060606,43.8,1628988,3.8000000000000007,-2.700000000000003,8.3,4.5,75.0,48.9
1630174,Aaron Nesmith,IND,26.0,45,29.7,0.19,13.8,4.7,11.4,0.414,2.3,6.2,0.379,2.0,2.5,0.829,0.554,0.517,1.9,1.4,0.091,1.37,9.0,4.2,0.034,0.102,111.1,118.4,-7.3,-4.5,0.067,103.09,42.9,0.543859649122807,0.219298245614035,0.5697350475507946,-0.0157350475507945,0.3771428571428572,0.4329572284345148,39.9,17.166023166023166,0.2239382239382239,0.0308880308880308,0.0849420849420849,0.1467181467181467,0.0115830115830115,259.0,62.9,0.348466,0.5777387238769471,0.399,48.8,0.363013698630137,0.4074074074074074,0.3076923076923077,0.3947368421052631,0.3211678832116788,0.4016393442622951,0.3709677419354839,0.0,0.9806949806949808,26.0,259.0,-0.0870445344129554,0.0443937087772703,0.9195285389493836,0.3709677419354839,60.6,1630174,0.7999999999999998,3.0999999999999943,-7.3,-8.1,68.5,57.2
1630598,Aaron Wiggins,OKC,27.0,65,21.8,0.194,9.4,3.6,8.2,0.431,1.5,4.2,0.356,0.8,1.1,0.736,0.538,0.521,1.7,1.2,0.11,1.35,10.7,3.1,0.028,0.101,112.8,106.7,6.2,2.7,0.082,101.47,33.8,0.5121951219512195,0.1341463414634146,0.5532448477724434,-0.0152448477724433,0.3314285714285716,0.4345874353436643,37.3,14.904166666666669,0.1833333333333333,0.0083333333333333,0.0291666666666666,0.1583333333333333,0.0333333333333333,240.0,51.2,0.275456,0.4566918951181703,0.373,41.5,0.4876033057851239,0.4814814814814814,0.7142857142857143,0.4583333333333333,0.4152542372881356,0.5081967213114754,0.4621848739495798,0.5,1.0666666666666669,7.0,240.0,0.255952380952381,-0.0061218243036424,0.9070575159766602,-0.0378151260504201,67.0,1630598,-7.399999999999999,-6.0,6.2,13.6,58.7,50.2
1642846,Ace Bailey,UTA,19.0,72,27.6,0.21,13.8,5.5,12.4,0.443,1.9,5.5,0.344,0.9,1.2,0.75,0.533,0.52,1.8,1.5,0.098,1.22,9.2,4.2,0.048,0.097,109.8,120.4,-10.7,-6.2,0.069,104.58,45.8,0.4435483870967742,0.0967741935483871,0.5448423892319421,-0.011842389231942,0.3171428571428571,0.4459026412368145,36.9,15.66304347826087,0.2753623188405797,0.0108695652173913,0.217391304347826,0.0652173913043478,0.0797101449275362,276.0,65.5,0.349115,0.5788147325314389,0.369,47.4,0.4405594405594406,0.5294117647058824,0.3333333333333333,0.4453781512605042,0.4782608695652174,0.4,0.4432234432234432,0.6666666666666666,1.0181159420289856,9.0,276.0,-0.1120448179271709,0.0888523241464417,0.9217391304347826,-0.2234432234432234,46.5,1642846,-4.9,-3.4000000000000057,-10.7,-5.8,55.6,52.9
1641737,Adem Bona,PHI,23.0,71,17.4,0.108,4.8,1.8,3.1,0.595,0.0,0.1,0.333,1.1,1.6,0.708,0.638,0.6,0.5,0.8,0.034,0.57,15.6,4.3,0.099,0.138,113.1,112.9,0.3,-0.1,0.069,102.35,14.8,0.032258064516129,0.5161290322580645,0.6391400947292752,-0.0011400947292752,0.6171428571428572,0.481494159659537,56.3,2.718309859154929,0.0422535211267605,0.0,0.0,0.2253521126760563,0.4507042253521127,71.0,16.3,0.103994,0.1724167088061941,0.563,36.8,0.6060606060606061,0.5454545454545454,0.5714285714285714,0.6666666666666666,0.5862068965517241,0.5714285714285714,0.5774647887323944,,0.9577464788732394,7.0,71.0,-0.0952380952380952,-0.0606060606060606,0.9852216748768472,0.0,49.6,1641737,0.8999999999999999,0.0,0.3,-0.6,69.9,44.9
1642349,Ajay Mitchell,OKC,23.0,57,25.8,0.21,13.6,5.0,10.4,0.485,1.1,3.1,0.347,2.5,2.8,0.87,0.585,0.536,3.6,1.4,0.194,2.54,8.6,3.3,0.027,0.093,118.2,102.5,15.6,8.8,0.116,102.48,43.1,0.2980769230769231,0.2692307692307692,0.5788607253367352,0.0061392746632648,0.4657142857142855,0.5057024086266939,48.2,11.313106796116504,0.1699029126213592,0.0388349514563106,0.0825242718446602,0.2184466019417475,0.0218446601941747,412.0,54.5,0.318825,0.528595468826421,0.482,50.5,0.4517766497461929,0.4146341463414634,0.4782608695652174,0.4723618090452261,0.4784688995215311,0.4729064039408867,0.4771573604060913,0.375,1.1553398058252426,23.0,412.0,0.0058990605199912,-0.0371425034047295,0.9944375044193556,0.1021573604060913,59.2,1642349,7.4,2.700000000000003,15.6,8.2,86.4,62.1
201143,Al Horford,GSW,39.0,45,21.5,0.163,8.3,3.1,7.2,0.426,1.6,4.6,0.361,0.5,0.6,0.846,0.554,0.54,2.6,0.9,0.171,2.76,8.5,4.9,0.043,0.184,112.7,113.5,-0.9,-0.2,0.104,101.08,26.1,0.6388888888888888,0.0833333333333333,0.5460112584363463,0.0079887415636537,0.3771428571428572,0.5118529901903954,43.1,20.044117647058822,0.0441176470588235,0.0147058823529411,0.0808823529411764,0.0220588235294117,0.0147058823529411,136.0,46.8,0.259272,0.4298596546493024,0.431,43.0,0.3733333333333333,0.2,0.125,0.5,0.5333333333333333,0.2631578947368421,0.3787878787878788,0.5,1.0514705882352942,8.0,136.0,-0.375,-0.1733333333333333,0.7298245614035088,-0.1212121212121212,14.1,201143,-0.5,-0.0999999999999943,-0.9,-0.4,67.6,40.6
1627936,Alex Caruso,OKC,32.0,56,18.2,0.152,6.2,2.3,5.4,0.423,0.9,3.2,0.293,0.7,0.9,0.804,0.54,0.512,2.0,0.9,0.145,2.29,10.0,2.8,0.028,0.113,116.9,99.3,17.6,6.8,0.093,102.74,21.6,0.5925925925925926,0.1666666666666666,0.56348060560842,-0.0234806056084199,0.3371428571428572,0.4071986238442985,36.5,16.205479452054796,0.0753424657534246,0.0273972602739726,0.0205479452054794,0.1506849315068493,0.0136986301369863,146.0,46.9,0.25326,0.4198920675448268,0.365,39.2,0.3908045977011494,0.6666666666666666,0.0,0.4337349397590361,0.45,0.3478260869565217,0.4225352112676056,0.25,1.1027397260273972,4.0,146.0,-0.4337349397590361,0.2758620689655172,0.8978260869565218,0.1725352112676056,45.1,1627936,9.3,0.6000000000000085,17.6,8.3,88.0,43.0
1642259,Alex Sarr,WAS,21.0,48,27.2,0.252,16.3,6.6,13.7,0.482,1.0,3.1,0.333,2.1,3.0,0.692,0.544,0.52,2.7,1.7,0.161,1.59,8.8,7.4,0.073,0.179,108.0,120.4,-12.4,-7.3,0.121,103.35,53.3,0.2262773722627737,0.218978102189781,0.5651728765404195,-0.0211728765404194,0.3485714285714287,0.4148732006948911,37.5,9.426799007444169,0.238213399503722,0.0049627791563275,0.0918114143920595,0.1513647642679901,0.0942928039702233,403.0,49.2,0.267648,0.4437466322918653,0.375,40.9,0.5229357798165137,0.3809523809523809,0.25,0.5291666666666667,0.5105263157894737,0.4929577464788732,0.4987468671679197,1.0,1.1885856079404469,12.0,403.0,-0.2791666666666667,-0.1419833988641328,0.9824314306893996,-0.5012531328320802,23.3,1642259,-1.0,-1.2999999999999972,-12.4,-11.4,60.8,49.2
1630578,Alperen Sengun,HOU,23.0,72,33.3,0.259,20.4,8.1,15.6,0.519,0.6,1.8,0.305,3.6,5.2,0.691,0.569,0.537,6.2,3.2,0.282,1.96,11.6,8.9,0.089,0.177,117.1,113.7,3.4,2.8,0.142,98.02,65.6,0.1153846153846153,0.3333333333333333,0.5870680137811812,-0.0180680137811812,0.4199999999999999,0.4251987229525634,42.2,9.047297297297296,0.2747747747747748,0.0225225225225225,0.1283783783783783,0.2162162162162162,0.0698198198198198,444.0,58.7,0.334003,0.5537598129833956,0.422,48.8,0.4907407407407407,0.5777777777777777,0.5294117647058824,0.5769230769230769,0.4746835443037974,0.534965034965035,0.52,0.3,1.3738738738738738,34.0,444.0,-0.0475113122171945,0.0870370370370369,0.9397185093387624,0.22,61.8,1630578,-4.799999999999999,3.6999999999999886,3.4,8.2,67.4,66.6
1641708,Amen Thompson,HOU,23.0,79,37.4,0.195,18.3,7.1,13.2,0.534,0.3,1.5,0.216,3.8,4.9,0.779,0.594,0.545,5.3,2.4,0.202,2.21,10.4,7.8,0.078,0.123,117.0,110.4,6.6,4.7,0.128,98.4,56.9,0.1136363636363636,0.3712121212121212,0.6013267982155264,-0.0073267982155263,0.4914285714285713,0.460919677145347,47.9,7.989816700610998,0.1792260692464358,0.0264765784114052,0.1038696537678207,0.2097759674134419,0.0896130346232179,491.0,48.7,0.289278,0.4796080609461913,0.479,47.9,0.50390625,0.5714285714285714,0.5135135135135135,0.5572139303482587,0.5114942528735632,0.5236593059936908,0.5265392781316348,0.1538461538461538,1.2240325865580448,37.0,491.0,-0.0437004168347452,0.0675223214285714,0.9878349468798724,0.3726931242854809,67.3,1641708,5.0,6.599999999999994,6.6,1.6,82.3,67.3
203083,Andre Drummond,PHI,32.0,63,19.5,0.143,6.4,2.5,5.3,0.472,0.5,1.4,0.356,0.8,1.3,0.631,0.539,0.519,1.3,1.0,0.09,1.31,11.8,8.4,0.145,0.264,110.3,113.6,-3.2,-1.4,0.113,100.54,22.3,0.2641509433962264,0.2452830188679245,0.5818586596538312,-0.0428586596538311,0.3342857142857143,0.3427550255690024,33.8,7.170454545454546,0.0909090909090909,0.0113636363636363,0.0056818181818181,0.096590909090909,0.3693181818181818,176.0,23.3,0.125587,0.2082167933615737,0.3379999999999999,27.3,0.5227272727272727,0.4705882352941176,0.6153846153846154,0.4473684210526316,0.4873949579831932,0.5614035087719298,0.5114942528735632,0.5,1.25,13.0,176.0,0.1680161943319838,-0.052139037433155,0.9259914492112636,0.0114942528735632,62.2,203083,-4.4,-4.400000000000006,-3.2,1.2,58.9,37.9
1629614,Andrew Nembhard,IND,26.0,57,31.3,0.233,16.9,5.8,13.2,0.442,1.9,5.2,0.361,3.4,4.1,0.825,0.564,0.513,7.7,2.4,0.37,3.19,9.6,2.8,0.013,0.075,109.3,119.3,-10.0,-6.9,0.111,102.27,55.0,0.393939393939394,0.3106060606060606,0.5835646255120046,-0.0195646255120046,0.4057142857142854,0.4202215954799462,41.2,15.652068126520682,0.5085158150851582,0.0267639902676399,0.2481751824817518,0.1240875912408759,0.0024330900243309,411.0,89.5,0.50478,0.8368993044905538,0.412,62.4,0.4080717488789238,0.4375,0.3846153846153846,0.4416243654822335,0.4932126696832579,0.4,0.4584382871536523,0.1818181818181818,1.131386861313869,26.0,411.0,-0.0570089808668488,0.0294282511210762,0.906787330316742,0.2766201053354705,58.7,1629614,-4.1,0.7000000000000028,-10.0,-5.9,59.8,66.7
203952,Andrew Wiggins,MIA,31.0,68,30.3,0.194,15.4,5.7,12.1,0.475,2.0,4.9,0.414,1.9,2.4,0.784,0.586,0.559,2.7,1.5,0.123,1.77,8.8,4.8,0.051,0.098,113.7,113.9,-0.1,0.1,0.092,104.97,46.4,0.4049586776859504,0.1983471074380165,0.5662907307745989,0.019709269225401,0.4685714285714284,0.5508307417457432,50.1,12.751101321585905,0.2400881057268722,0.0198237885462555,0.1277533039647577,0.1233480176211453,0.0859030837004405,454.0,56.8,0.332848,0.5518448823270966,0.501,52.6,0.4601769911504424,0.4482758620689655,0.5,0.5555555555555556,0.4913043478260869,0.4419642857142857,0.4627539503386004,0.5555555555555556,1.105726872246696,26.0,454.0,-0.0555555555555555,-0.0119011290814769,0.9506599378881988,-0.0928016052169551,49.9,203952,-4.4,-1.7999999999999972,-0.1,4.3,62.3,60.8
1629014,Anfernee Simons,CHI,26.0,55,24.9,0.227,14.3,5.2,11.8,0.44,2.7,6.9,0.385,1.3,1.4,0.896,0.576,0.552,2.4,1.2,0.151,1.97,7.7,2.5,0.021,0.075,116.9,114.0,3.0,1.8,0.096,97.42,44.4,0.5847457627118644,0.1186440677966101,0.5461476009364766,0.0298523990635233,0.4399999999999999,0.5845627038411275,49.8,19.05966587112172,0.4391408114558472,0.0143198090692124,0.1718377088305489,0.0644391408114558,0.0023866348448687,419.0,80.8,0.4654079999999999,0.7716225514171314,0.498,63.5,0.4429223744292237,0.4,0.34375,0.4,0.4636871508379888,0.4291666666666666,0.4425427872860635,0.3333333333333333,1.0310262529832936,32.0,419.0,-0.05625,-0.0429223744292237,0.9654795158286776,0.1092094539527302,54.3,1629014,-6.7,-2.8499999999999943,-5.95,0.75,56.1,64.7
1641710,Anthony Black,ORL,22.0,64,29.8,0.219,15.0,5.4,12.1,0.447,1.6,4.7,0.333,2.6,3.6,0.732,0.549,0.512,3.7,2.1,0.185,1.79,10.7,3.8,0.024,0.101,113.3,113.1,0.2,-0.2,0.09,101.05,50.7,0.3884297520661157,0.2975206611570248,0.5826346176013314,-0.0336346176013313,0.362857142857143,0.3734304720876634,36.7,12.314410480349345,0.2314410480349345,0.0218340611353711,0.0786026200873362,0.1965065502183406,0.0480349344978165,458.0,56.8,0.311832,0.5170014341255564,0.367,44.2,0.4650205761316872,0.4090909090909091,0.3095238095238095,0.5392156862745098,0.4948453608247423,0.4583333333333333,0.4707207207207207,0.5,1.0873362445414847,42.0,458.0,-0.2296918767507002,-0.0559296670407781,0.963487972508591,-0.0292792792792792,40.5,1641710,-0.9000000000000001,0.2000000000000028,0.2,1.1,67.9,53.3
203076,Anthony Davis,WAS,33.0,20,31.3,0.272,20.4,8.5,16.7,0.506,0.5,1.9,0.27,3.0,4.1,0.728,0.551,0.521,2.8,2.1,0.14,1.37,8.9,11.1,0.099,0.24,110.0,114.6,-4.6,-2.5,0.151,101.27,61.8,0.1137724550898203,0.2455089820359281,0.5688657465010791,-0.017865746501079,0.3685714285714287,0.4258713824111756,39.1,8.955271565495208,0.2492012779552715,0.0159744408945686,0.2268370607028754,0.1277955271565495,0.182108626198083,313.0,56.1,0.3091110000000001,0.5124901559300679,0.391,45.2,0.4970414201183432,0.4333333333333333,0.5714285714285714,0.3181818181818182,0.5340909090909091,0.4744525547445255,0.5081967213114754,0.4,1.2044728434504792,14.0,313.0,0.2532467532467532,-0.0637080867850098,0.9403616456536164,0.1081967213114754,69.5,203076,3.450000000000001,0.3000000000000113,-4.6,-8.05,70.8,64.5
1630162,Anthony Edwards,MIN,24.0,61,35.0,0.309,28.8,9.9,20.2,0.489,3.4,8.4,0.399,5.7,7.2,0.796,0.617,0.572,3.7,2.9,0.174,1.3,9.6,5.0,0.017,0.12,117.8,114.3,3.5,2.7,0.145,101.5,81.3,0.4158415841584159,0.3564356435643565,0.5838518050173925,0.0331481949826074,0.5571428571428572,0.5955231928411627,57.2,14.791793313069908,0.5,0.0136778115501519,0.1762917933130699,0.1808510638297872,0.0091185410334346,658.0,84.3,0.520131,0.8623504737588182,0.5720000000000001,71.7,0.4643962848297213,0.525,0.54,0.52,0.4680851063829787,0.5319148936170213,0.4992248062015504,0.3333333333333333,1.0911854103343466,50.0,658.0,0.02,0.0606037151702786,0.9361702127659576,0.1658914728682171,63.0,1630162,0.3999999999999999,5.899999999999992,3.5,3.1,75.1,87.9
1630264,Anthony Gill,WAS,33.0,55,17.3,0.116,5.8,2.5,3.9,0.628,0.3,0.9,0.354,0.6,0.8,0.739,0.682,0.667,1.3,0.7,0.101,1.92,10.6,2.9,0.059,0.112,107.0,121.4,-14.4,-5.3,0.08,104.11,14.3,0.2307692307692307,0.2051282051282051,0.5773764485877296,0.1046235514122704,0.7428571428571429,0.8332214233003524,77.9,8.5,0.0625,0.0625,0.0,0.3125,0.25,16.0,40.2,0.274164,0.4545498255009078,0.779,61.7,0.2,0.9090909090909092,,0.8333333333333334,0.5,0.875,0.6666666666666666,1.0,0.625,0.0,16.0,0.0,0.709090909090909,0.625,-0.3333333333333333,62.6,1630264,-3.6,-2.799999999999997,-14.4,-10.8,55.8,63.2
1641709,Ausar Thompson,DET,23.0,73,26.0,0.168,9.9,4.2,7.9,0.525,0.1,0.3,0.25,1.5,2.6,0.571,0.545,0.53,3.1,1.5,0.155,2.07,11.0,5.7,0.08,0.135,118.8,107.2,11.6,5.4,0.101,100.86,35.5,0.0379746835443037,0.3291139240506329,0.5967771446670305,-0.0517771446670304,0.3514285714285714,0.3130957386216136,33.6,5.754208754208754,0.1649831649831649,0.0202020202020202,0.0639730639730639,0.239057239057239,0.1279461279461279,297.0,42.0,0.2289,0.3795044391574305,0.336,35.8,0.5028248587570622,0.5675675675675675,0.3809523809523809,0.4626865671641791,0.5109489051094891,0.50625,0.5069444444444444,0.5,1.0606060606060606,21.0,297.0,-0.0817341862117981,0.0647427088105053,0.9953010948905108,0.0069444444444444,56.3,1641709,6.3,6.200000000000003,11.6,5.3,85.9,47.9
1630559,Austin Reaves,LAL,27.0,51,34.5,0.258,23.3,7.3,14.9,0.49,2.3,6.4,0.36,6.3,7.3,0.871,0.641,0.567,5.5,3.0,0.237,1.85,11.3,4.7,0.02,0.117,117.3,112.3,5.0,3.6,0.137,100.41,66.6,0.4295302013422818,0.4899328859060402,0.614858132089679,0.026141867910321,0.6257142857142857,0.5722229725933676,60.4,15.532212885154062,0.4453781512605042,0.0392156862745098,0.0756302521008403,0.1512605042016806,0.0056022408963585,357.0,76.7,0.491647,0.8151254652618315,0.604,71.0,0.5,0.53125,0.2916666666666667,0.5412844036697247,0.5921052631578947,0.4536585365853658,0.5162241887905604,0.4285714285714285,1.2436974789915969,24.0,357.0,-0.249617737003058,0.03125,0.8615532734274711,0.0876527602191318,41.2,1630559,6.5,2.3999999999999915,5.0,-1.5,80.3,79.4
1630245,Ayo Dosunmu,MIN,26.0,69,27.3,0.197,14.8,5.6,10.8,0.517,1.8,4.1,0.439,1.8,2.1,0.876,0.63,0.599,3.6,1.4,0.202,2.59,8.4,3.4,0.024,0.093,111.7,113.2,-1.5,-1.0,0.114,103.16,42.9,0.3796296296296296,0.1944444444444444,0.5653984481503262,0.0646015518496737,0.5942857142857143,0.7001243818770005,63.7,11.306849315068494,0.0465753424657534,0.0246575342465753,0.0136986301369863,0.3013698630136986,0.0136986301369863,365.0,44.1,0.27783,0.4606278651424593,0.637,54.9,0.5168539325842697,0.574468085106383,0.5,0.5068493150684932,0.4947916666666667,0.5317919075144508,0.5014164305949008,0.7777777777777778,1.0273972602739727,38.0,365.0,-0.0068493150684931,0.0576141525221133,0.962999759152216,-0.2763613471828769,51.7,1630245,1.1,-0.5999999999999943,-0.75,-1.85,69.2,65.7
1628389,Bam Adebayo,MIA,28.0,73,32.4,0.248,20.1,6.9,15.7,0.442,1.7,5.5,0.318,4.5,5.8,0.778,0.551,0.497,3.2,1.6,0.142,1.93,7.1,10.0,0.059,0.236,117.1,111.0,6.1,4.5,0.138,103.89,64.9,0.3503184713375796,0.3694267515923567,0.5934827148565176,-0.0424827148565175,0.3685714285714287,0.3440052664567093,35.9,12.62206572769953,0.2816901408450704,0.0046948356807511,0.1455399061032863,0.0657276995305164,0.0798122065727699,426.0,56.5,0.311315,0.5161442746889274,0.359,43.8,0.4409090909090909,0.4821428571428571,0.3076923076923077,0.4461538461538462,0.4853801169590643,0.4235294117647059,0.4547619047619047,0.0,1.0023474178403755,26.0,426.0,-0.1384615384615384,0.0412337662337662,0.9381492948056416,0.4547619047619047,60.5,1628389,9.5,6.299999999999997,6.1,-3.4,87.1,63.9
1631248,Baylor Scheierman,BOS,25.0,77,18.6,0.117,5.5,2.0,4.3,0.453,1.3,3.2,0.399,0.4,0.4,0.903,0.616,0.599,1.5,0.6,0.108,2.52,9.0,3.5,0.038,0.138,116.3,109.0,7.3,2.6,0.085,96.77,17.0,0.744186046511628,0.0930232558139535,0.5521407308359071,0.0638592691640929,0.5542857142857143,0.6976558488094293,61.2,21.13043478260869,0.1159420289855072,0.0144927536231884,0.0289855072463768,0.0289855072463768,0.0289855072463768,69.0,50.2,0.309232,0.5126907677131086,0.612,56.2,0.4473684210526316,0.4,0.4,0.5384615384615384,0.631578947368421,0.3548387096774194,0.5,1.0,1.0289855072463767,5.0,69.0,-0.1384615384615384,-0.0473684210526315,0.7232597623089984,-0.5,23.0,1631248,-1.2999999999999998,-3.700000000000003,7.3,8.6,67.9,50.2
1642879,Ben Saraf,BKN,20.0,44,20.8,0.202,7.5,2.7,6.9,0.396,0.4,2.0,0.211,1.7,2.0,0.83,0.486,0.427,3.3,2.3,0.244,1.46,16.9,2.1,0.021,0.085,103.6,116.0,-12.5,-5.4,0.06,100.13,32.0,0.2898550724637681,0.2898550724637681,0.5837385457911674,-0.0977385457911673,0.1828571428571428,0.1602466412214024,17.4,15.306451612903226,0.1774193548387097,0.0161290322580645,0.0483870967741935,0.1774193548387097,0.0161290322580645,62.0,54.5,0.26487,0.4391408510250267,0.174,30.7,0.3870967741935484,0.5714285714285714,,0.3529411764705882,0.375,0.3333333333333333,0.360655737704918,0.0,0.8064516129032258,0.0,62.0,0.0,0.184331797235023,0.9583333333333331,0.360655737704918,73.0,1642879,-3.5,-5.300000000000011,-12.5,-9.0,55.0,39.5
1641767,Ben Sheppard,IND,24.0,65,21.4,0.131,7.1,2.6,6.0,0.434,1.3,3.6,0.362,0.6,0.8,0.765,0.561,0.543,1.8,0.6,0.112,2.78,7.3,3.0,0.028,0.106,107.1,116.0,-8.8,-4.1,0.066,104.23,22.3,0.6,0.1333333333333333,0.5593525639325745,0.0016474360674255,0.3971428571428572,0.490764363696621,43.5,16.74054054054054,0.1189189189189189,0.0054054054054054,0.0702702702702702,0.1243243243243243,0.0162162162162162,185.0,50.3,0.282183,0.4678449154860691,0.435,45.1,0.4578313253012048,0.2222222222222222,0.0833333333333333,0.3333333333333333,0.4411764705882353,0.3012048192771084,0.3812154696132597,0.0,1.0864864864864865,12.0,185.0,-0.25,-0.2356091030789825,0.8600283486888731,0.3812154696132597,37.0,1641767,-1.6000000000000003,-2.200000000000003,-8.8,-7.2,61.2,43.9
1631097,Bennedict Mathurin,LAC,23.0,54,30.0,0.246,17.6,5.4,12.5,0.43,1.4,4.4,0.315,5.4,6.2,0.869,0.575,0.485,2.4,2.2,0.123,1.09,11.0,5.4,0.034,0.142,111.4,115.3,-3.9,-2.7,0.105,101.15,57.8,0.352,0.496,0.6178890467951588,-0.0428890467951588,0.437142857142857,0.3426539701831591,39.9,15.686666666666667,0.3433333333333333,0.0233333333333333,0.1466666666666666,0.14,0.0233333333333333,300.0,71.7,0.412275,0.6835307673815189,0.399,54.1,0.4121621621621621,0.34375,0.2631578947368421,0.4645669291338583,0.4117647058823529,0.4538461538461538,0.4275862068965517,0.5714285714285714,1.23,19.0,300.0,-0.2014090343970161,-0.0684121621621621,0.957918552036199,-0.1438423645320196,38.4,1631097,-2.5,-0.950000000000017,-3.1,-0.6000000000000001,63.7,60.4
1641731,Bilal Coulibaly,WAS,21.0,56,26.2,0.193,11.7,4.1,9.7,0.425,1.2,3.6,0.319,2.4,3.2,0.746,0.531,0.485,2.6,1.4,0.137,1.79,9.6,4.3,0.03,0.128,108.5,121.2,-12.8,-7.4,0.082,104.43,40.8,0.3711340206185567,0.3298969072164949,0.5917944802053419,-0.0607944802053418,0.3114285714285716,0.2831077146650957,30.0,12.45673076923077,0.0865384615384615,0.0192307692307692,0.0288461538461538,0.1538461538461538,0.0576923076923076,208.0,41.3,0.219303,0.3635931062496373,0.3,33.2,0.4545454545454545,0.3333333333333333,0.375,0.3783783783783784,0.3958333333333333,0.3839285714285714,0.3940886699507389,0.0,1.1778846153846154,8.0,208.0,-0.0033783783783783,-0.1212121212121212,0.988095238095238,0.3940886699507389,62.0,1641731,-1.9000000000000004,-0.5999999999999943,-12.8,-10.9,60.1,46.2
1626171,Bobby Portis,MIL,31.0,67,24.2,0.225,13.7,5.5,11.2,0.488,2.0,4.4,0.456,0.7,1.0,0.706,0.587,0.578,1.6,1.0,0.103,1.59,6.9,6.4,0.055,0.198,110.2,118.4,-8.2,-4.0,0.122,98.78,43.3,0.3928571428571429,0.0892857142857142,0.5421336800977002,0.0448663199022997,0.4714285714285713,0.6344929538447557,53.7,15.510739856801909,0.2458233890214797,0.0119331742243436,0.269689737470167,0.0477326968973747,0.035799522673031,419.0,66.6,0.3909419999999999,0.6481617494673839,0.537,59.3,0.4541484716157205,0.3684210526315789,0.55,0.4583333333333333,0.5347593582887701,0.4310344827586206,0.4828431372549019,0.2,1.1670644391408114,40.0,419.0,0.0916666666666667,-0.0857274189841416,0.8962751244698506,0.2828431372549019,61.8,1626171,-3.3999999999999995,-1.3999999999999917,-8.2,-4.8,59.9,65.6
203992,Bogdan Bogdanović,LAC,33.0,23,19.7,0.185,7.4,2.6,6.6,0.388,1.4,4.1,0.347,0.9,1.1,0.8,0.525,0.497,2.2,1.2,0.184,1.89,11.2,2.6,0.014,0.112,109.1,113.5,-4.4,-1.3,0.069,96.68,25.9,0.6212121212121212,0.1666666666666666,0.55966322892293,-0.0346632289229299,0.2942857142857142,0.3700097253689692,32.5,18.77570093457944,0.4766355140186916,0.0186915887850467,0.1214953271028037,0.102803738317757,0.0093457943925233,107.0,82.0,0.4305,0.7137468809841583,0.325,51.9,0.2926829268292683,0.4666666666666667,0.6363636363636364,0.2978723404255319,0.28125,0.4133333333333333,0.3846153846153846,0.0,1.0373831775700937,11.0,107.0,0.3384912959381044,0.1739837398373984,0.8679166666666667,0.3846153846153846,87.9,203992,-6.300000000000001,-7.800000000000011,-4.4,1.9,53.7,53.6
1630538,Bones Hyland,MIN,25.0,71,16.6,0.197,8.5,3.0,6.6,0.453,1.6,4.2,0.388,0.9,1.2,0.78,0.599,0.577,2.6,1.0,0.222,2.69,9.2,1.8,0.018,0.085,113.8,108.6,5.2,1.7,0.101,102.82,29.6,0.6363636363636365,0.1818181818181818,0.5611377852072669,0.0378622147927331,0.5057142857142856,0.6112001229495015,54.8,17.725609756097562,0.3170731707317073,0.0365853658536585,0.0914634146341463,0.1402439024390244,0.0060975609756097,164.0,71.0,0.4252899999999999,0.7051089686730607,0.5479999999999999,62.7,0.3974358974358974,0.4375,0.5333333333333333,0.4696969696969697,0.4111111111111111,0.4729729729729729,0.4522292993630573,0.1666666666666666,1.0304878048780488,15.0,164.0,0.0636363636363636,0.0400641025641025,0.9381381381381382,0.2855626326963907,67.6,1630538,2.8000000000000003,-1.2999999999999972,5.2,2.4,73.4,64.6
1641764,Brandin Podziemski,GSW,23.0,82,28.4,0.196,13.8,4.8,10.6,0.455,1.9,5.0,0.371,2.3,2.9,0.797,0.583,0.543,3.7,1.6,0.198,2.32,9.3,5.1,0.029,0.147,110.3,110.4,-0.1,0.2,0.114,101.31,45.3,0.4716981132075472,0.2735849056603773,0.5799765236214355,0.0030234763785644,0.4599999999999999,0.4953405192184211,47.4,16.72853185595568,0.3268698060941828,0.0249307479224376,0.149584487534626,0.1080332409972299,0.0110803324099723,361.0,71.1,0.4145129999999999,0.6872412563934643,0.474,58.1,0.4432432432432432,0.4594594594594595,0.6363636363636364,0.4608695652173913,0.4576271186440678,0.4565217391304347,0.4568965517241379,0.6666666666666666,1.0692520775623269,22.0,361.0,0.175494071146245,0.0162162162162162,0.9988946204863668,-0.2097701149425286,63.5,1641764,1.1,-3.799999999999997,-0.1,-1.2,67.1,64.9
1627742,Brandon Ingram,TOR,28.0,77,33.8,0.264,21.5,8.0,16.7,0.477,1.8,4.6,0.382,3.8,4.6,0.82,0.573,0.529,3.7,2.4,0.169,1.52,9.8,5.6,0.024,0.144,114.6,113.7,1.0,0.6,0.121,98.87,67.6,0.2754491017964072,0.2754491017964072,0.5743026054885947,-0.0013026054885947,0.4314285714285713,0.480953714366916,45.1,14.387786259541985,0.5083969465648855,0.0122137404580152,0.3206106870229007,0.1053435114503816,0.0183206106870229,655.0,89.5,0.5128349999999999,0.8502540806260412,0.451,65.1,0.4693877551020408,0.3734939759036144,0.4193548387096774,0.4925373134328358,0.4837837837837838,0.4491228070175438,0.4720496894409938,0.25,1.015267175572519,31.0,655.0,-0.0731824747231583,-0.0958937791984264,0.96533902323376,0.2220496894409938,53.8,1627742,-4.9,2.1999999999999886,1.0,5.9,65.1,73.4
1641706,Brandon Miller,CHA,23.0,65,30.3,0.272,20.2,7.0,16.1,0.435,3.1,8.2,0.383,3.1,3.4,0.892,0.574,0.533,3.3,2.5,0.173,1.33,10.8,4.9,0.034,0.122,119.8,111.3,8.5,5.7,0.113,98.44,62.9,0.5093167701863354,0.2111801242236024,0.5594573225396208,0.0145426774603791,0.4342857142857141,0.5336487397048125,47.4,16.18452380952381,0.3214285714285714,0.0476190476190476,0.125,0.0803571428571428,0.0297619047619047,336.0,69.2,0.397208,0.6585504555213834,0.474,56.6,0.3953488372093023,0.2702702702702703,0.0,0.3945578231292517,0.4136125654450261,0.4,0.4222222222222222,0.125,1.2529761904761905,3.0,336.0,-0.3945578231292517,-0.125078566939032,0.986387434554974,0.2972222222222222,37.4,1641706,7.1,5.200000000000003,8.5,1.4,84.6,67.5
1630314,Brandon Williams,DAL,26.0,66,22.2,0.242,13.0,4.4,9.3,0.472,0.5,2.3,0.232,3.7,4.6,0.793,0.572,0.501,3.9,1.9,0.256,2.05,11.0,2.9,0.019,0.105,111.2,115.6,-4.4,-2.2,0.115,105.52,46.8,0.2473118279569892,0.4946236559139784,0.6188166690422654,-0.0468166690422654,0.4285714285714284,0.329592281446173,38.9,10.330188679245284,0.1918238993710692,0.0125786163522012,0.0880503144654088,0.3113207547169811,0.0031446540880503,318.0,56.9,0.3254679999999999,0.5396092215102253,0.389,46.4,0.4222222222222222,0.2619047619047619,0.217391304347826,0.3414634146341463,0.419753086419753,0.4358974358974359,0.4290322580645161,0.5,0.9874213836477987,23.0,318.0,-0.1240721102863202,-0.1603174603174603,0.9838556505223172,-0.0709677419354838,41.9,1630314,1.5,3.5,-4.4,-5.9,70.9,54.1
1641729,Brice Sensabaugh,UTA,22.0,75,23.5,0.244,14.9,5.3,11.4,0.46,2.2,5.9,0.367,2.2,2.7,0.826,0.59,0.554,1.9,1.7,0.124,1.15,10.3,3.1,0.03,0.097,111.4,120.8,-9.4,-5.1,0.09,105.02,48.7,0.5175438596491229,0.2368421052631579,0.5673687828667525,0.0226312171332474,0.48,0.5605479629235417,51.2,17.095384615384614,0.2523076923076923,0.0184615384615384,0.0953846153846153,0.0738461538461538,0.0123076923076923,325.0,60.9,0.3593099999999999,0.595717518714095,0.512,55.4,0.4012738853503185,0.4705882352941176,0.5789473684210527,0.4233576642335766,0.4277456647398844,0.4473684210526316,0.4317460317460317,0.5,1.1846153846153846,19.0,325.0,0.155589704187476,0.0693143499437991,0.9803772436872528,-0.0682539682539682,67.3,1641729,-2.7,-0.5999999999999943,-9.4,-6.7,60.8,66.3
201572,Brook Lopez,LAC,38.0,75,21.8,0.171,8.5,3.1,7.2,0.428,1.5,4.2,0.36,0.7,1.0,0.757,0.552,0.533,1.3,0.8,0.087,1.59,8.4,3.6,0.03,0.135,113.9,112.7,1.2,0.6,0.076,97.8,30.3,0.5833333333333334,0.1388888888888889,0.5561570104705206,-0.0041570104705205,0.3714285714285714,0.4714611137404982,41.1,21.594736842105263,0.131578947368421,0.0210526315789473,0.0526315789473684,0.031578947368421,0.0210526315789473,190.0,54.4,0.300288,0.4978620752542879,0.411,45.4,0.3047619047619048,0.3,0.25,0.3611111111111111,0.3627450980392157,0.3636363636363636,0.3695652173913043,0.25,1.2210526315789474,8.0,190.0,-0.1111111111111111,-0.0047619047619048,0.999108734402852,0.1195652173913043,54.7,201572,0.3999999999999999,-2.0999999999999943,1.2,0.8,68.2,50.3
1628971,Bruce Brown,DEN,29.0,82,24.4,0.142,7.9,3.0,6.4,0.475,0.7,1.8,0.385,1.2,1.5,0.762,0.562,0.53,2.1,1.1,0.121,1.91,10.8,3.9,0.043,0.109,114.2,115.2,-1.0,-0.9,0.069,100.24,28.4,0.28125,0.234375,0.5797596041042653,-0.0177596041042652,0.4000000000000001,0.4262243692469135,41.0,9.57805907172996,0.0717299578059071,0.0084388185654008,0.0717299578059071,0.2025316455696202,0.0632911392405063,237.0,39.8,0.223676,0.3708433155656506,0.41,39.0,0.4385964912280701,0.4375,0.5238095238095238,0.5925925925925926,0.3981481481481481,0.4961240310077519,0.4482758620689655,1.0,1.059071729957806,21.0,237.0,-0.0687830687830687,-0.0010964912280701,0.9020241171403962,-0.5517241379310345,36.0,1628971,-12.2,-11.599999999999994,-1.0,11.2,45.7,41.2
1631121,Bryce McGowens,NOP,23.0,42,21.0,0.136,8.1,2.7,5.6,0.481,0.9,2.2,0.409,1.8,2.3,0.779,0.61,0.561,1.5,0.4,0.091,3.65,4.7,2.1,0.013,0.082,115.3,118.9,-3.6,-1.7,0.067,103.45,22.5,0.3928571428571429,0.4107142857142857,0.6133277902434594,-0.0033277902434594,0.5371428571428571,0.4742187660346474,51.2,10.612403100775191,0.1395348837209302,0.0,0.0387596899224806,0.3410852713178294,0.0,129.0,50.7,0.30927,0.5127537697606751,0.512,51.2,0.4393939393939394,0.631578947368421,1.0,0.4736842105263157,0.4333333333333333,0.4782608695652174,0.4609375,,0.6589147286821705,1.0,129.0,0.5263157894736843,0.1921850079744816,0.955072463768116,0.0,93.8,1631121,0.8000000000000003,3.3999999999999915,-3.6,-4.4,70.4,60.7
1642267,Bub Carrington,WAS,20.0,82,27.7,0.174,10.7,3.8,9.0,0.424,2.1,5.0,0.408,1.0,1.4,0.73,0.556,0.538,4.6,2.3,0.231,1.99,14.1,3.4,0.013,0.104,107.3,122.6,-15.3,-9.1,0.072,103.8,37.7,0.5555555555555556,0.1555555555555555,0.5592149925257717,-0.0032149925257716,0.382857142857143,0.4745938857854752,42.0,19.190647482014388,0.5107913669064749,0.0071942446043165,0.1834532374100719,0.0575539568345323,0.0,278.0,85.7,0.476492,0.789999253923121,0.42,60.5,0.3550724637681159,0.4230769230769231,0.8,0.382716049382716,0.3972602739726027,0.4015151515151515,0.4007490636704119,0.0,1.089928057553957,10.0,278.0,0.417283950617284,0.0680044593088071,0.9957451224574512,0.4007490636704119,94.2,1642267,-8.5,-2.700000000000003,-15.3,-6.8,49.8,65.5
1627741,Buddy Hield,ATL,33.0,51,16.1,0.192,7.6,2.8,6.4,0.437,1.5,4.2,0.349,0.6,0.7,0.811,0.568,0.55,1.4,0.9,0.129,1.48,10.4,2.3,0.032,0.106,110.2,115.0,-4.9,-1.7,0.085,103.88,26.0,0.65625,0.1093749999999999,0.5476915296702536,0.0203084703297463,0.417142857142857,0.5528234431369176,47.1,18.267605633802816,0.1877934272300469,0.0140845070422535,0.0704225352112676,0.0985915492957746,0.0328638497652582,213.0,56.8,0.3226239999999999,0.5348940156344554,0.471,50.3,0.3983050847457627,0.3793103448275862,0.4444444444444444,0.4444444444444444,0.3838383838383838,0.4298245614035088,0.416267942583732,0.0,1.1455399061032865,9.0,213.0,0.0,-0.0189947399181765,0.9540138224348752,0.416267942583732,65.5,1627741,-10.5,-2.450000000000003,-3.7,6.8,53.1,53.3
203468,CJ McCollum,ATL,34.0,76,29.8,0.247,18.7,6.9,15.2,0.455,2.5,6.7,0.375,2.4,3.1,0.772,0.566,0.538,3.9,1.8,0.194,2.17,8.1,3.3,0.025,0.077,113.6,112.0,1.5,1.2,0.105,103.12,58.7,0.4407894736842105,0.2039473684210526,0.5613033982383475,0.0046966017616524,0.4114285714285712,0.5009046599623392,44.7,16.43599257884972,0.4007421150278293,0.0296846011131725,0.1855287569573283,0.1187384044526901,0.0018552875695732,539.0,79.3,0.4488379999999999,0.7441503427808771,0.447,59.6,0.4513888888888889,0.5081967213114754,0.5,0.4539249146757679,0.4946996466431095,0.40625,0.4534883720930232,0.375,1.1669758812615956,34.0,539.0,0.0460750853242321,0.0568078324225865,0.9115503533568904,0.0784883720930232,61.0,203468,8.899999999999999,4.799999999999997,1.0999999999999996,-7.8,83.0,70.7
1630595,Cade Cunningham,DET,24.0,64,33.9,0.296,23.9,8.6,18.6,0.461,2.0,5.7,0.342,4.8,6.0,0.812,0.564,0.513,9.9,3.7,0.43,2.69,10.7,5.5,0.025,0.132,120.4,109.0,11.4,8.1,0.159,100.94,75.3,0.3064516129032258,0.3225806451612903,0.5795886109802696,-0.0155886109802696,0.4057142857142854,0.433444217453206,41.7,12.37888198757764,0.3944099378881988,0.0217391304347826,0.1381987577639751,0.1878881987577639,0.0139751552795031,644.0,72.2,0.4072079999999999,0.6751299417231059,0.417,54.6,0.4498269896193771,0.5053763440860215,0.4367816091954023,0.5357142857142857,0.4221453287197231,0.4845070422535211,0.468497576736672,0.2142857142857142,1.0217391304347827,87.0,644.0,-0.0989326765188833,0.0555493544666443,0.937638286466202,0.2542118624509577,58.4,1630595,6.4,9.300000000000011,11.4,5.0,88.1,73.9
1631126,Caleb Love,POR,24.0,49,20.7,0.228,10.4,3.9,10.0,0.388,1.9,6.0,0.318,0.7,1.0,0.735,0.497,0.483,2.5,1.3,0.187,1.98,8.9,2.3,0.023,0.083,108.2,114.5,-6.3,-2.6,0.079,102.91,38.5,0.6,0.1,0.5423638791702008,-0.0453638791702007,0.2142857142857142,0.334423675077048,26.2,18.264797507788163,0.2461059190031152,0.0311526479750778,0.0685358255451713,0.1401869158878504,0.0031152647975077,321.0,64.9,0.322553,0.5347763012824233,0.262,39.8,0.410958904109589,0.4523809523809524,0.4,0.3908045977011494,0.4037267080745341,0.3625,0.3795379537953795,0.4,0.8691588785046729,30.0,321.0,0.0091954022988505,0.0414220482713633,0.958773291925466,-0.0204620462046205,58.0,1631126,-8.0,-5.5,-6.3,1.7,52.5,45.5
1628997,Caleb Martin,DAL,30.0,58,14.8,0.122,3.9,1.5,3.3,0.45,0.3,1.0,0.351,0.6,1.1,0.607,0.526,0.503,1.4,0.7,0.131,2.03,11.8,2.5,0.03,0.125,102.9,112.1,-9.2,-3.4,0.063,105.2,13.5,0.303030303030303,0.3333333333333333,0.60071159201369,-0.0747115920136899,0.2971428571428571,0.2368250094756166,27.3,9.88888888888889,0.0952380952380952,0.0317460317460317,0.0952380952380952,0.3174603174603174,0.0158730158730158,63.0,51.9,0.272994,0.4526100256153062,0.273,36.3,0.2592592592592592,0.5555555555555556,0.3333333333333333,0.4375,0.4074074074074074,0.3333333333333333,0.3442622950819672,1.0,0.7777777777777778,3.0,63.0,-0.1041666666666666,0.2962962962962963,0.925925925925926,-0.6557377049180328,45.3,1628997,-5.199999999999999,-8.299999999999997,-9.2,-4.0,52.4,32.5
1642285,Cam Spencer,MEM,26.0,72,23.8,0.166,11.1,3.7,7.7,0.473,2.0,4.5,0.449,1.8,1.9,0.94,0.649,0.604,5.6,1.3,0.332,4.3,8.5,2.5,0.022,0.082,112.4,116.0,-3.6,-1.2,0.12,101.59,32.6,0.5844155844155844,0.2467532467532467,0.577319019114494,0.071680980885506,0.6485714285714286,0.72366770979499,67.9,19.13448275862069,0.4379310344827586,0.0206896551724137,0.1241379310344827,0.0413793103448275,0.0,290.0,77.5,0.5029750000000001,0.833906707231143,0.679,75.6,0.4594594594594595,0.3958333333333333,0.4666666666666667,0.3684210526315789,0.4539877300613497,0.4645669291338583,0.4626334519572954,0.1666666666666666,1.0758620689655172,30.0,290.0,0.0982456140350877,-0.0636261261261261,0.9894208009274914,0.2959667852906287,67.8,1642285,4.4,2.700000000000003,-3.6,-8.0,74.1,75.4
1630560,Cam Thomas,MIL,24.0,42,21.0,0.295,13.5,4.5,11.0,0.41,1.2,4.0,0.31,3.3,4.0,0.811,0.53,0.466,2.6,1.8,0.208,1.46,10.4,1.7,0.012,0.071,111.7,123.8,-12.1,-5.1,0.089,96.65,52.2,0.3636363636363636,0.3636363636363636,0.5871361753987611,-0.057136175398761,0.3085714285714287,0.2952737621315442,30.3,14.880733944954128,0.4954128440366973,0.0275229357798165,0.2201834862385321,0.1330275229357798,0.0045871559633027,218.0,86.2,0.45686,0.7574504066118992,0.303,53.0,0.4361702127659574,0.3928571428571428,0.3846153846153846,0.4509803921568627,0.4315068493150685,0.4027777777777778,0.4182692307692308,0.3333333333333333,1.353211009174312,13.0,218.0,-0.0663650075414781,-0.0433130699088146,0.9712709284627092,0.0849358974358974,53.4,1630560,-4.899999999999999,3.4000000000000057,-12.4,-7.5,59.8,57.3
1641715,Cam Whitmore,WAS,21.0,21,16.9,0.225,9.2,3.7,8.0,0.456,0.8,2.7,0.286,1.1,1.5,0.742,0.528,0.503,0.7,0.9,0.067,0.83,8.4,2.8,0.049,0.102,104.4,124.0,-19.6,-7.2,0.082,105.84,31.6,0.3375,0.1875,0.561309450353412,-0.0333094503534119,0.3028571428571429,0.3745118473097625,33.2,11.585798816568047,0.2899408284023668,0.0059171597633136,0.0828402366863905,0.136094674556213,0.1301775147928994,169.0,54.1,0.285648,0.473589707454966,0.332,40.3,0.4574468085106383,0.0,0.4615384615384615,0.3647058823529411,0.4347826086956521,0.47,0.4583333333333333,0.0,1.1715976331360949,13.0,169.0,0.0968325791855204,-0.4574468085106383,0.964782608695652,0.4583333333333333,53.8,1641715,-8.600000000000001,-5.399999999999992,-19.6,-11.0,45.7,43.8
1629661,Cameron Johnson,DEN,30.0,54,30.5,0.144,12.2,4.2,8.8,0.48,2.0,4.7,0.43,1.7,2.1,0.839,0.629,0.596,2.4,0.9,0.098,2.81,6.7,3.8,0.027,0.095,124.2,114.7,9.5,6.4,0.075,101.38,34.2,0.5340909090909091,0.2386363636363636,0.5785368098024912,0.0504631901975087,0.5914285714285714,0.6531058888720888,61.6,15.896860986547086,0.1704035874439461,0.0089686098654708,0.1255605381165919,0.1614349775784753,0.0224215246636771,223.0,58.1,0.3654489999999999,0.6058956652933325,0.616,61.1,0.4137931034482758,0.5294117647058824,0.5714285714285714,0.4807692307692308,0.4682539682539682,0.4432989690721649,0.4611872146118721,0.5,1.1524663677130045,14.0,223.0,0.0906593406593406,0.1156186612576065,0.9750450008181968,-0.0388127853881278,66.1,1629661,7.6,6.900000000000006,9.5,1.9,86.9,68.8
1626166,Cameron Payne,PHI,31.0,22,17.0,0.183,7.4,2.5,6.8,0.376,1.5,4.4,0.33,0.9,1.0,0.864,0.514,0.483,2.6,0.5,0.22,5.27,4.8,2.0,0.007,0.103,105.5,113.6,-8.1,-2.9,0.096,104.63,24.1,0.6470588235294118,0.1470588235294117,0.5559473730554263,-0.0419473730554262,0.2628571428571429,0.3457855975409685,29.6,14.47222222222222,0.1731343283582089,0.0164835164835164,0.0657596371882086,0.1339285714285714,0.0324675324675324,,51.9,0.266766,0.4422843216088733,0.296,36.9,,,,,,,,,,,,0.0,0.0,0.0,0.0,11.2,1626166,-7.899999999999999,-10.0,-8.1,-0.2,48.5,30.6
1627747,Caris LeVert,DET,31.0,60,19.2,0.178,7.4,2.7,6.5,0.417,1.0,3.0,0.333,1.0,1.4,0.679,0.518,0.494,2.7,1.4,0.202,1.94,12.3,2.0,0.018,0.074,108.6,107.7,0.8,-0.1,0.081,101.1,28.0,0.4615384615384615,0.2153846153846153,0.5708922039638455,-0.0528922039638455,0.2742857142857142,0.3093875007764363,28.8,15.932203389830509,0.2937853107344633,0.0508474576271186,0.0677966101694915,0.1525423728813559,0.0056497175141242,177.0,67.4,0.349132,0.5788429176579819,0.288,43.3,0.422680412371134,0.4444444444444444,0.35,0.4,0.4666666666666667,0.3793103448275862,0.4259259259259259,0.2222222222222222,1.2937853107344632,20.0,177.0,-0.05,0.0217640320733104,0.9126436781609196,0.2037037037037037,57.2,1627747,-11.2,-11.100000000000009,0.8,12.0,48.1,43.2
1641717,Cason Wallace,OKC,22.0,77,26.6,0.141,8.6,3.3,7.6,0.432,1.3,3.7,0.351,0.7,0.9,0.809,0.538,0.518,2.6,0.9,0.127,2.74,8.2,3.1,0.031,0.079,116.2,103.8,12.4,6.9,0.076,101.76,29.9,0.4868421052631579,0.1184210526315789,0.5562210106284089,-0.0182210106284088,0.3314285714285716,0.4246899170973927,36.9,15.39763779527559,0.0787401574803149,0.0157480314960629,0.0157480314960629,0.1496062992125984,0.0157480314960629,254.0,44.5,0.23941,0.3969294791554409,0.369,38.3,0.4015748031496063,0.3333333333333333,0.2857142857142857,0.3943661971830985,0.4228187919463087,0.3714285714285714,0.408,0.0,1.1732283464566928,14.0,254.0,-0.1086519114688128,-0.0682414698162729,0.9486097794822628,0.408,56.8,1641717,2.9000000000000004,-0.0999999999999943,12.4,9.5,77.7,47.2
1642907,Cedric Coward,MEM,22.0,62,25.8,0.207,13.6,4.9,10.5,0.471,1.5,4.4,0.338,2.3,2.7,0.843,0.585,0.542,2.8,1.7,0.154,1.63,10.6,5.9,0.05,0.16,113.8,113.5,0.3,0.4,0.11,104.31,43.1,0.419047619047619,0.2571428571428572,0.5760078337411291,0.0089921662588708,0.4657142857142855,0.5151899763401168,48.6,13.313019390581715,0.2049861495844875,0.0249307479224376,0.0664819944598338,0.1440443213296399,0.0554016620498614,361.0,53.4,0.31239,0.5179265694556126,0.486,50.2,0.4484848484848485,0.4107142857142857,0.4347826086956521,0.4659090909090909,0.5161290322580645,0.4057142857142857,0.4712643678160919,0.1111111111111111,1.1246537396121885,23.0,361.0,-0.0311264822134387,-0.0377705627705627,0.8895852534562212,0.3601532567049808,58.5,1642907,10.6,4.899999999999992,0.3,-10.3,84.6,61.8
1631096,Chet Holmgren,OKC,24.0,69,28.9,0.214,17.1,6.3,11.3,0.557,1.3,3.5,0.362,3.3,4.1,0.792,0.653,0.614,1.7,1.6,0.082,1.07,9.5,8.9,0.067,0.221,118.4,102.3,16.1,9.8,0.154,101.09,49.6,0.3097345132743362,0.3628318584070796,0.5962347117984299,0.0567652882015701,0.6599999999999999,0.6740641270477866,66.6,11.186732186732186,0.1842751842751842,0.0024570024570024,0.0786240786240786,0.1523341523341523,0.1425061425061425,407.0,46.1,0.301033,0.4990972469763163,0.6659999999999999,58.3,0.5720720720720721,0.6086956521739131,0.6923076923076923,0.5804878048780487,0.5808080808080808,0.569377990430622,0.5738916256157636,1.0,1.2014742014742017,13.0,407.0,0.1118198874296435,0.0366235801018409,0.9885699096225412,-0.4261083743842364,55.0,1631096,9.900000000000002,4.300000000000011,16.1,6.2,90.7,73.3
1631128,Christian Braun,DEN,25.0,44,31.8,0.142,12.0,4.6,8.8,0.519,1.0,3.3,0.301,1.8,2.3,0.782,0.607,0.575,2.7,1.0,0.108,2.79,7.2,4.8,0.046,0.101,124.2,114.1,10.1,6.6,0.076,101.38,34.2,0.3749999999999999,0.2613636363636363,0.5842452341868068,0.0227547658131931,0.5285714285714285,0.5609588360421327,54.2,10.207207207207206,0.1171171171171171,0.009009009009009,0.072072072072072,0.2072072072072072,0.072072072072072,111.0,44.0,0.26708,0.4428049174756074,0.542,49.2,0.4444444444444444,0.625,0.5,0.4680851063829787,0.4788732394366197,0.425,0.4587155963302752,0.0,1.1891891891891893,2.0,111.0,0.0319148936170212,0.1805555555555555,0.9461267605633804,0.4587155963302752,76.5,1631128,7.6,5.5,10.1,2.5,86.2,63.4
1631132,Christian Koloko,ATL,25.0,27,13.2,0.109,2.7,1.1,2.7,0.419,0.0,0.3,0.111,0.4,0.6,0.667,0.453,0.426,0.7,0.6,0.064,1.13,13.9,3.0,0.08,0.125,106.9,108.2,-1.3,-0.5,0.046,104.9,6.9,0.1111111111111111,0.2222222222222222,0.582271416829764,-0.129271416829764,0.0885714285714287,0.0553810200957745,7.5,4.4,0.0571428571428571,0.0,0.0285714285714285,0.0285714285714285,0.3714285714285714,35.0,14.1,0.063873,0.1058981522162628,0.075,9.0,0.4166666666666667,0.0,0.0,0.5,0.35,0.4666666666666667,0.4,,1.0571428571428572,2.0,35.0,-0.5,-0.4166666666666667,0.8833333333333333,0.0,6.9,1631132,-29.3,-30.10000000000001,-27.966666666666665,1.3333333333333333,0.0,0.0
203991,Clint Capela,HOU,32.0,75,12.3,0.133,3.8,1.6,3.0,0.52,0.0,0.0,0.5,0.6,1.0,0.577,0.54,0.522,0.7,0.5,0.072,1.22,11.5,4.6,0.158,0.181,113.1,105.1,8.0,2.2,0.11,98.6,14.2,0.0,0.3333333333333333,0.6016874006679632,-0.0616874006679631,0.3371428571428572,0.2801382210590756,31.4,2.114583333333333,0.0520833333333333,0.0104166666666666,0.0,0.125,0.5,96.0,11.7,0.06318,0.1047491938224834,0.314,20.9,0.509090909090909,0.5789473684210527,,0.6153846153846154,0.5882352941176471,0.5,0.5376344086021505,0.0,1.1354166666666667,0.0,96.0,0.0,0.0698564593301436,0.9117647058823528,0.5376344086021505,70.3,203991,3.6,-4.300000000000011,8.0,4.4,73.4,34.4
1629632,Coby White,CHA,26.0,50,25.0,0.283,17.4,5.6,12.5,0.446,2.3,6.4,0.362,3.9,4.8,0.817,0.595,0.539,4.0,2.6,0.242,1.56,12.1,3.4,0.013,0.113,117.2,114.0,3.2,1.9,0.112,101.68,57.0,0.512,0.384,0.5912756244488789,0.003724375551121,0.4942857142857142,0.497671427399494,49.6,15.84375,0.2678571428571428,0.0401785714285714,0.0714285714285714,0.21875,0.0044642857142857,224.0,67.6,0.4022199999999999,0.6668600940056867,0.496,58.1,0.4351851851851852,0.4054054054054054,0.391304347826087,0.5,0.4220183486238532,0.4521739130434782,0.4433962264150943,0.3333333333333333,1.3080357142857142,23.0,224.0,-0.108695652173913,-0.0297797797797797,0.969844435580375,0.110062893081761,52.1,1629632,2.6000000000000005,2.950000000000003,5.300000000000001,2.7,76.3,68.6
1642262,Cody Williams,UTA,21.0,67,24.3,0.159,8.8,3.6,7.6,0.468,0.4,2.0,0.214,1.3,1.8,0.706,0.524,0.495,2.0,1.1,0.111,1.88,9.4,3.0,0.036,0.084,110.9,121.4,-10.6,-5.9,0.057,105.04,31.4,0.2631578947368421,0.2368421052631579,0.5785009432638314,-0.0545009432638313,0.2914285714285716,0.3040374821969124,29.6,11.486725663716816,0.0265486725663716,0.0,0.0353982300884955,0.1769911504424778,0.079646017699115,113.0,34.8,0.182352,0.302330246785652,0.296,29.9,0.4528301886792453,0.44,0.4,0.4423076923076923,0.3469387755102041,0.484375,0.4196428571428571,,0.9026548672566372,5.0,113.0,-0.0423076923076922,-0.0128301886792452,0.862563775510204,0.0,48.8,1642262,-4.699999999999999,-2.0999999999999943,-10.6,-5.9,56.8,38.4
1630175,Cole Anthony,MIL,26.0,35,15.0,0.244,6.7,2.8,6.6,0.424,0.6,2.1,0.306,0.5,0.7,0.615,0.483,0.472,3.5,1.9,0.354,1.86,15.2,2.5,0.029,0.126,103.4,113.1,-9.7,-3.2,0.082,101.99,30.7,0.3181818181818182,0.106060606060606,0.5437986398839187,-0.0607986398839187,0.1742857142857141,0.283093881250526,21.8,13.672619047619047,0.3809523809523809,0.0416666666666666,0.1607142857142857,0.1309523809523809,0.0059523809523809,168.0,74.1,0.3579029999999999,0.5933847850055126,0.218,40.6,0.4090909090909091,0.5833333333333334,0.3333333333333333,0.3888888888888889,0.4432989690721649,0.4084507042253521,0.4367088607594936,0.2857142857142857,1.0357142857142858,6.0,168.0,-0.0555555555555555,0.1742424242424242,0.9651517351531872,0.1509945750452079,64.6,1630175,-3.749999999999999,-6.599999999999994,-9.7,-5.95,55.1,43.0
1631221,Collin Gillespie,PHX,26.0,80,28.5,0.181,12.7,4.4,10.5,0.418,2.9,7.2,0.401,1.0,1.1,0.874,0.575,0.556,4.6,1.6,0.228,2.97,9.1,4.1,0.036,0.107,113.7,110.0,3.7,2.5,0.108,99.53,40.6,0.6857142857142857,0.1047619047619047,0.5478014600951522,0.0271985399048477,0.437142857142857,0.5757370378015902,49.3,19.96867469879518,0.4457831325301205,0.0289156626506024,0.1036144578313253,0.0698795180722891,0.0024096385542168,415.0,80.1,0.4605749999999999,0.7636096857358389,0.493,62.8,0.4260089686098655,0.5,0.5,0.4509803921568627,0.4114285714285714,0.4541666666666666,0.4444444444444444,0.1666666666666666,1.1759036144578314,40.0,415.0,0.0490196078431372,0.0739910313901345,0.9572619047619048,0.2777777777777778,69.0,1631221,5.9,3.4000000000000057,3.7,-2.2,79.7,67.9
1642867,Collin Murray-Boyles,TOR,20.0,57,21.9,0.15,8.5,3.5,6.0,0.579,0.3,0.9,0.34,1.2,1.9,0.657,0.621,0.604,1.9,1.0,0.122,1.8,10.6,5.0,0.102,0.121,111.7,109.1,2.6,0.8,0.098,99.54,25.9,0.15,0.3166666666666666,0.5955614929524784,0.0254385070475215,0.5685714285714285,0.5698838778226238,56.9,7.585858585858586,0.0454545454545454,0.0,0.0757575757575757,0.2222222222222222,0.1565656565656565,198.0,33.7,0.209277,0.3469705133837902,0.569,45.8,0.5833333333333334,0.4545454545454545,0.2857142857142857,0.6125,0.5495495495495496,0.5057471264367817,0.5282051282051282,,0.8080808080808081,7.0,198.0,-0.3267857142857143,-0.1287878787878788,0.956197576887232,0.0,32.3,1642867,-0.5,-3.0,2.6,3.1,67.1,49.5
1629012,Collin Sexton,CHI,27.0,68,23.7,0.248,15.4,5.3,10.9,0.485,1.6,4.1,0.401,3.2,3.8,0.855,0.615,0.561,3.3,2.1,0.217,1.58,11.6,2.3,0.024,0.065,110.5,113.6,-3.0,-1.7,0.113,103.17,49.6,0.3761467889908256,0.3486238532110091,0.5893196284866422,0.0256803715133577,0.5514285714285714,0.5706882215630681,55.9,12.34567901234568,0.2777777777777778,0.0185185185185185,0.1141975308641975,0.2129629629629629,0.0216049382716049,324.0,63.2,0.38868,0.6444114696885543,0.559,60.2,0.4861878453038674,0.4285714285714285,0.4090909090909091,0.5178571428571429,0.4709302325581395,0.5,0.4936708860759494,0.0,0.9876543209876544,22.0,324.0,-0.1087662337662337,-0.0576164167324388,0.9709302325581396,0.4936708860759494,60.5,1629012,-0.4000000000000003,-2.75,-3.45,-3.05,64.6,69.2
1642843,Cooper Flagg,DAL,19.0,70,33.5,0.264,21.0,8.0,17.1,0.468,1.0,3.5,0.295,4.0,4.9,0.827,0.548,0.498,4.5,2.3,0.212,1.96,8.9,6.7,0.035,0.151,109.5,114.7,-5.2,-3.8,0.128,102.96,67.8,0.2046783625730994,0.2865497076023391,0.5769339736866698,-0.0289339736866697,0.3600000000000001,0.3890629193582604,37.2,11.2753108348135,0.3570159857904085,0.0159857904085257,0.1758436944937833,0.1598579040852575,0.0426287744227353,563.0,67.9,0.372092,0.6169094179771369,0.372,49.4,0.4831460674157303,0.4927536231884058,0.4561403508771929,0.4078947368421052,0.479020979020979,0.4729241877256318,0.4872262773722627,0.0,1.0088809946714032,57.0,563.0,0.0482456140350877,0.0096075557726754,0.9939032087046528,0.4872262773722627,73.1,1642843,-0.2999999999999998,1.2000000000000028,-5.2,-4.9,66.8,68.2
1630557,Corey Kispert,ATL,27.0,58,18.6,0.179,9.2,3.2,6.8,0.467,1.5,4.1,0.367,1.3,1.7,0.794,0.609,0.577,1.6,0.8,0.121,2.04,7.9,2.3,0.022,0.091,108.9,115.9,-7.0,-2.6,0.088,104.15,28.5,0.6029411764705882,0.25,0.576383794036547,0.0326162059634529,0.5342857142857143,0.5937540117584326,55.8,17.514492753623188,0.1014492753623188,0.0217391304347826,0.0072463768115942,0.1956521739130435,0.0144927536231884,138.0,51.3,0.312417,0.5179713340683573,0.5579999999999999,53.8,0.4936708860759494,0.6666666666666666,0.5,0.4883720930232558,0.4545454545454545,0.4939759036144578,0.4814814814814814,0.3333333333333333,1.1884057971014492,6.0,138.0,0.0116279069767442,0.1729957805907172,0.9605695509309968,0.1481481481481481,68.0,1630557,-6.750000000000001,-4.799999999999997,-7.050000000000001,-0.2999999999999998,54.1,59.0
1641854,Craig Porter Jr.,CLE,26.0,64,17.9,0.119,4.5,1.8,4.0,0.45,0.5,1.5,0.355,0.4,0.6,0.6,0.524,0.514,3.2,0.9,0.225,3.47,10.9,3.4,0.07,0.115,116.2,111.6,4.6,1.6,0.092,102.01,15.6,0.375,0.15,0.5654707346244712,-0.0414707346244711,0.2914285714285716,0.3473707048739884,31.4,12.109677419354838,0.3741935483870968,0.0258064516129032,0.0580645161290322,0.1935483870967742,0.0387096774193548,155.0,65.6,0.343744,0.5699098904924936,0.314,44.2,0.5064935064935064,0.2,0.4444444444444444,0.3829787234042553,0.4731182795698925,0.4677419354838709,0.48,0.25,0.9548387096774194,9.0,155.0,0.0614657210401891,-0.3064935064935064,0.9946236559139784,0.2299999999999999,54.0,1641854,0.8999999999999995,-1.2999999999999972,4.6,3.7,70.9,41.3
1626156,D'Angelo Russell,WAS,30.0,26,19.0,0.261,10.2,3.6,8.9,0.405,1.3,4.3,0.295,1.7,2.3,0.717,0.511,0.476,4.0,1.9,0.328,2.12,11.9,2.3,0.016,0.092,107.9,111.3,-3.4,-1.6,0.098,104.0,40.1,0.4831460674157303,0.2584269662921348,0.5698825311056969,-0.0588825311056968,0.2542857142857142,0.289466086842797,26.8,16.823275862068964,0.3922413793103448,0.0387931034482758,0.1508620689655172,0.0818965517241379,0.0043103448275862,232.0,76.3,0.389893,0.6464225613648232,0.268,45.7,0.3709677419354839,0.375,0.4444444444444444,0.3823529411764705,0.3986013986013986,0.4157303370786517,0.4200913242009132,0.2222222222222222,0.9439655172413792,9.0,232.0,0.0620915032679738,0.0040322580645161,0.982871061522747,0.197869101978691,65.9,1626156,5.0,-1.8999999999999917,-3.4,-8.4,71.5,52.0
1631342,Daeqwon Plowden,SAC,27.0,32,26.4,0.157,10.8,3.8,8.7,0.43,1.9,5.8,0.333,1.3,1.5,0.857,0.572,0.541,1.3,0.8,0.065,1.58,7.2,3.0,0.037,0.08,111.2,122.1,-10.9,-6.4,0.057,100.96,30.6,0.6666666666666667,0.1724137931034483,0.5634993958262592,0.0085006041737407,0.4285714285714284,0.5135552389476388,46.3,15.2,0.0,0.0,0.0,0.0,0.2,5.0,25.8,0.1475759999999999,0.2446734255705415,0.4629999999999999,35.4,0.0,,,0.2,0.2,,0.2,,0.0,0.0,5.0,0.0,0.0,0.0,0.0,11.2,1631342,-1.700000000000001,1.2999999999999972,-10.9,-9.2,62.6,39.1
1629655,Daniel Gafford,DAL,27.0,55,21.7,0.151,9.5,3.8,5.7,0.655,0.0,0.0,0.0,2.0,2.9,0.683,0.677,0.655,1.1,1.1,0.071,0.92,12.5,6.9,0.108,0.181,105.9,113.0,-7.1,-3.4,0.114,104.6,26.9,0.0,0.5087719298245613,0.6332595957912533,0.0437404042087467,0.7285714285714286,0.6307486119992253,68.9,2.627737226277372,0.0656934306569343,0.0,0.0218978102189781,0.2481751824817518,0.2846715328467153,137.0,23.4,0.158418,0.2626489045104492,0.6890000000000001,47.6,0.6507936507936508,0.5882352941176471,0.5,0.4545454545454545,0.5972222222222222,0.6461538461538462,0.6204379562043796,,1.0875912408759123,18.0,137.0,0.0454545454545454,-0.0625583566760037,0.951068376068376,0.0,55.8,1629655,-2.5,-4.299999999999997,-7.1,-4.6,59.4,58.2
1642450,Daniss Jenkins,DET,24.0,72,20.2,0.209,9.3,3.2,7.9,0.408,1.0,2.7,0.374,1.9,2.2,0.832,0.525,0.473,3.9,1.6,0.27,2.42,11.1,2.3,0.034,0.077,113.2,106.6,6.6,2.9,0.1,101.34,36.5,0.3417721518987341,0.2784810126582278,0.5804244270938526,-0.0554244270938525,0.2942857142857142,0.300966347148153,29.7,14.55897435897436,0.358974358974359,0.041025641025641,0.2,0.1128205128205128,0.0102564102564102,195.0,75.3,0.395325,0.6554285382695991,0.297,47.6,0.4347826086956521,0.34375,0.4666666666666667,0.44,0.4108527131782946,0.4696969696969697,0.4198895027624309,0.625,1.0615384615384615,30.0,195.0,0.0266666666666666,-0.0910326086956521,0.9411557434813248,-0.205110497237569,48.0,1642450,-2.6,-4.700000000000003,6.6,9.2,65.3,48.4
1642874,Danny Wolf,BKN,22.0,57,20.8,0.201,8.9,3.1,7.7,0.405,1.2,3.7,0.322,1.5,1.9,0.771,0.521,0.482,2.2,1.3,0.178,1.74,10.6,4.9,0.046,0.195,102.9,111.9,-9.0,-4.1,0.096,98.09,34.0,0.4805194805194805,0.2467532467532467,0.5742359263261265,-0.0532359263261265,0.2828571428571429,0.3082444187218005,29.3,13.36231884057971,0.1666666666666666,0.0289855072463768,0.0652173913043478,0.2391304347826087,0.0072463768115942,138.0,56.3,0.293323,0.4863144631147881,0.293,39.0,0.3384615384615385,0.4,0.3333333333333333,0.4285714285714285,0.3648648648648648,0.390625,0.3909774436090225,0.0,1.108695652173913,3.0,138.0,-0.0952380952380952,0.0615384615384615,0.9742398648648648,0.3909774436090225,63.9,1642874,1.1999999999999993,-6.299999999999997,-9.0,-10.2,61.3,46.4
1629636,Darius Garland,LAC,26.0,45,29.9,0.266,18.8,6.9,14.9,0.46,2.7,6.8,0.396,2.3,2.7,0.861,0.582,0.551,6.7,2.9,0.322,2.32,11.2,2.4,0.013,0.063,117.9,115.2,2.6,1.9,0.112,101.84,57.6,0.4563758389261744,0.1812080536912751,0.5547643965070678,0.0272356034929321,0.4571428571428571,0.575860296358696,50.5,15.334310850439882,0.3343108504398827,0.0205278592375366,0.1202346041055718,0.1554252199413489,0.0058651026392961,341.0,69.7,0.405654,0.6725534895673583,0.505,58.9,0.4619565217391304,0.4230769230769231,0.6071428571428571,0.4651162790697674,0.4494949494949495,0.4685314685314685,0.4573170731707317,0.4285714285714285,1.1348973607038124,28.0,341.0,0.1420265780730896,-0.0388795986622073,0.980963480963481,0.0287456445993031,64.3,1629636,1.85,4.199999999999989,3.95,2.1,75.7,71.8
1630558,Davion Mitchell,MIA,27.0,70,28.6,0.137,9.3,3.7,7.6,0.49,1.3,3.3,0.395,0.6,0.9,0.646,0.582,0.574,6.5,1.5,0.285,4.19,9.6,2.7,0.015,0.072,117.2,113.0,4.2,2.9,0.083,103.88,30.0,0.4342105263157895,0.1184210526315789,0.557037341354189,0.0249626586458109,0.4571428571428571,0.5683013978084841,50.2,12.576642335766424,0.2043795620437956,0.0036496350364963,0.0802919708029197,0.2335766423357664,0.0,274.0,56.1,0.326502,0.5413235403834835,0.502,52.2,0.5,0.3870967741935484,0.4666666666666667,0.4216867469879518,0.4782608695652174,0.4779411764705882,0.4779411764705882,0.0,1.135036496350365,15.0,274.0,0.0449799196787148,-0.1129032258064516,0.9996803069053708,0.4779411764705882,67.7,1630558,4.4,5.1000000000000085,4.2,-0.2,79.4,59.5
1630549,Day'Ron Sharpe,BKN,24.0,62,18.7,0.19,8.7,3.5,5.7,0.601,0.1,0.6,0.231,1.7,2.5,0.678,0.638,0.614,2.3,1.7,0.207,1.37,15.7,6.7,0.143,0.222,107.3,111.7,-4.3,-1.8,0.141,98.86,29.9,0.1052631578947368,0.4385964912280701,0.6148174471914144,0.0231825528085856,0.6171428571428572,0.5623814831879124,59.5,6.005988023952096,0.1017964071856287,0.0239520958083832,0.0,0.155688622754491,0.2934131736526946,167.0,27.5,0.17545,0.2908870854092232,0.595,44.3,0.5576923076923077,0.7142857142857143,0.0,0.6756756756756757,0.5833333333333334,0.6144578313253012,0.59375,0.5,1.1197604790419162,1.0,167.0,-0.6756756756756757,0.1565934065934066,0.9688755020080322,0.09375,27.8,1630549,8.0,0.2999999999999971,-4.3,-12.3,76.1,51.2
1628368,De'Aaron Fox,SAS,28.0,72,31.0,0.242,18.6,7.1,14.5,0.486,1.8,5.5,0.332,2.6,3.4,0.76,0.578,0.549,6.2,2.3,0.286,2.71,9.3,3.8,0.018,0.092,118.8,108.9,9.9,6.3,0.117,103.67,57.9,0.3793103448275862,0.2344827586206896,0.5681308710765436,0.0098691289234563,0.4457142857142855,0.5181064007409643,47.5,14.02991452991453,0.4914529914529914,0.0235042735042735,0.1431623931623931,0.1282051282051282,0.017094017094017,468.0,79.1,0.4571979999999999,0.7580107932455172,0.475,61.7,0.4732142857142857,0.4929577464788732,0.4285714285714285,0.4285714285714285,0.4558823529411764,0.4696969696969697,0.4774774774774775,0.3636363636363636,1.0277777777777777,56.0,468.0,0.0,0.0197434607645875,0.9861853832442068,0.1138411138411138,61.2,1628368,3.3000000000000007,4.299999999999997,9.9,6.6,80.2,71.9
1629631,De'Andre Hunter,SAC,28.0,45,26.1,0.218,13.7,4.6,11.1,0.415,1.7,5.5,0.305,2.8,3.2,0.867,0.545,0.49,2.0,1.7,0.11,1.2,10.3,4.1,0.023,0.127,114.1,115.0,-0.9,-0.5,0.077,103.39,44.9,0.4954954954954955,0.2882882882882883,0.5802088127815525,-0.0352088127815524,0.3514285714285714,0.3681953333289759,35.8,16.11910669975186,0.2803970223325062,0.0297766749379652,0.1538461538461538,0.0818858560794044,0.0198511166253101,403.0,66.4,0.36188,0.5999784466679379,0.358,47.9,0.4318181818181818,0.4166666666666667,0.3157894736842105,0.3451327433628318,0.428,0.4379084967320261,0.4363636363636363,0.1666666666666666,0.9454094292803972,19.0,403.0,-0.0293432696786213,-0.0151515151515151,0.9900915032679738,0.2696969696969696,62.1,1629631,0.6,-1.6499999999999917,-0.9,-1.5,67.8,56.5
1629001,De'Anthony Melton,GSW,27.0,49,23.0,0.244,12.3,4.4,10.8,0.407,1.5,5.0,0.294,2.0,2.5,0.826,0.518,0.475,2.6,1.9,0.164,1.37,11.4,3.2,0.033,0.108,114.3,110.4,3.9,1.9,0.09,101.48,45.1,0.4629629629629629,0.2314814814814814,0.5667364766332644,-0.0487364766332644,0.2742857142857142,0.3232077750932506,29.4,15.511450381679388,0.2061068702290076,0.0381679389312977,0.0534351145038167,0.1221374045801526,0.0076335877862595,131.0,57.1,0.295778,0.490384726977311,0.294,39.2,0.421875,0.4,0.4,0.5128205128205128,0.4642857142857143,0.4042553191489361,0.4471544715447154,0.4,1.0,5.0,131.0,-0.1128205128205127,-0.0218749999999999,0.9399696048632218,0.0471544715447154,49.3,1629001,6.199999999999999,2.3999999999999915,3.9,-2.3,79.4,49.6
201942,DeMar DeRozan,SAC,36.0,77,31.2,0.222,18.4,6.5,13.1,0.497,0.6,1.9,0.32,4.9,5.6,0.868,0.594,0.52,4.1,1.2,0.196,3.29,6.0,2.9,0.015,0.081,110.6,122.3,-11.7,-7.6,0.111,101.26,57.3,0.1450381679389313,0.4274809160305343,0.6089040834442434,-0.0149040834442434,0.4914285714285713,0.4357206801690533,46.9,13.806576402321085,0.539651837524178,0.0212765957446808,0.471953578336557,0.0735009671179884,0.0019342359767891,517.0,100.0,0.594,0.9848214803823228,0.469,72.7,0.55893536121673,0.4285714285714285,0.4146341463414634,0.4789915966386555,0.4963503649635036,0.522633744855967,0.5060728744939271,0.4545454545454545,1.1528046421663445,41.0,517.0,-0.064357450297192,-0.1303639326453015,0.9737166201075368,0.0515274199484726,49.0,201942,-4.999999999999999,3.3999999999999915,-11.7,-6.7,60.0,71.9
1629731,Dean Wade,CLE,29.0,59,22.3,0.097,5.8,2.1,4.7,0.439,1.2,3.3,0.362,0.5,0.6,0.711,0.58,0.567,1.5,0.3,0.082,5.5,4.0,4.2,0.039,0.139,117.2,110.9,6.2,2.6,0.074,101.78,16.1,0.702127659574468,0.1276595744680851,0.5612541705389885,0.0187458294610114,0.4514285714285713,0.5476267293617716,49.0,18.84375,0.075,0.00625,0.03125,0.1125,0.03125,160.0,47.1,0.27318,0.4529184040586582,0.49,47.1,0.3571428571428571,0.3076923076923077,0.5,0.3695652173913043,0.3434343434343434,0.4590163934426229,0.3885350318471338,0.0,0.9375,4.0,160.0,0.1304347826086956,-0.0494505494505494,0.8844179499917204,0.3885350318471338,67.6,1629731,3.2,0.2999999999999971,6.2,3.0,75.5,51.4
1629028,Deandre Ayton,LAL,27.0,72,27.2,0.164,12.5,5.6,8.3,0.671,0.0,0.0,0.0,1.3,2.0,0.645,0.676,0.671,0.8,1.2,0.044,0.71,10.3,8.0,0.103,0.2,115.6,115.5,0.1,-0.1,0.117,99.65,35.3,0.0,0.2409638554216867,0.5806346338301444,0.0953653661698556,0.7257142857142858,0.8024324302919583,75.6,5.225913621262459,0.1860465116279069,0.0066445182724252,0.0730897009966777,0.0996677740863787,0.2591362126245847,301.0,33.1,0.223756,0.3709759514552644,0.756,56.3,0.6707317073170732,0.7727272727272727,0.8571428571428571,0.65,0.6814814814814815,0.6746987951807228,0.6767676767676768,0.5,1.0498338870431894,7.0,301.0,0.207142857142857,0.1019955654101995,0.9932173136992414,0.1767676767676768,78.2,1629028,-2.7,-0.7000000000000028,0.1,2.8,65.1,71.9
203471,Dennis Schröder,CLE,32.0,70,24.2,0.21,10.8,3.6,9.0,0.405,1.1,3.3,0.329,2.4,2.9,0.834,0.526,0.465,4.9,1.8,0.294,2.75,10.5,2.7,0.019,0.089,110.8,117.0,-6.2,-3.4,0.094,100.28,41.4,0.3666666666666666,0.3222222222222222,0.5884988092075905,-0.0624988092075904,0.2971428571428571,0.2774398032591074,28.9,15.226006191950464,0.3065015479876161,0.0278637770897832,0.2012383900928792,0.1300309597523219,0.0,323.0,72.3,0.380298,0.6305145443542705,0.289,46.0,0.4444444444444444,0.3809523809523809,0.3888888888888889,0.3026315789473684,0.3726708074534161,0.4506172839506173,0.4215686274509804,0.2222222222222222,1.151702786377709,36.0,323.0,0.0862573099415204,-0.0634920634920634,0.9220535235027988,0.1993464052287581,61.6,203471,-4.35,-3.450000000000003,-4.6,-0.25,59.0,51.3
1642852,Derik Queen,NOP,21.0,81,25.0,0.214,11.7,4.4,9.2,0.473,0.3,1.1,0.261,2.7,3.4,0.795,0.546,0.489,3.7,2.3,0.208,1.57,14.0,7.1,0.065,0.207,112.7,119.4,-6.7,-3.8,0.109,103.32,44.3,0.1195652173913043,0.3695652173913044,0.5988899207240492,-0.0528899207240491,0.3542857142857143,0.3093950939118386,33.6,7.382278481012658,0.1949367088607595,0.0253164556962025,0.1316455696202531,0.3291139240506329,0.0734177215189873,395.0,56.3,0.307398,0.5096500899437126,0.336,42.3,0.4464285714285714,0.4347826086956521,0.5121951219512195,0.4873949579831932,0.5241935483870968,0.4353741496598639,0.4947089947089947,0.3,0.9772151898734176,41.0,395.0,0.0248001639680262,-0.0116459627329192,0.9111806012727672,0.1947089947089947,59.7,1642852,-5.0,1.1000000000000083,-6.7,-1.7,60.6,52.1
1627884,Derrick Jones Jr.,LAC,29.0,50,27.0,0.144,10.1,3.8,7.6,0.499,1.1,3.1,0.359,1.4,1.9,0.763,0.6,0.571,1.4,0.8,0.068,1.73,7.7,3.5,0.047,0.082,117.9,113.8,4.0,2.6,0.072,99.15,29.9,0.4078947368421053,0.25,0.5816171331890057,0.0183828668109943,0.5085714285714285,0.5464196618640844,52.4,13.188034188034187,0.0341880341880341,0.0085470085470085,0.0256410256410256,0.1282051282051282,0.1025641025641025,117.0,35.4,0.2123999999999999,0.3521482869245881,0.524,43.8,0.5675675675675675,0.5,0.6666666666666666,0.6153846153846154,0.5882352941176471,0.46875,0.5565217391304348,1.0,1.1538461538461535,3.0,117.0,0.0512820512820512,-0.0675675675675675,0.8805147058823529,-0.4434782608695652,41.6,1627884,4.4,3.4000000000000057,4.0,-0.4,78.1,51.5
1628401,Derrick White,BOS,31.0,77,34.1,0.216,16.5,5.7,14.4,0.394,2.7,8.3,0.327,2.4,2.6,0.902,0.529,0.489,5.4,1.7,0.221,3.09,7.7,4.4,0.032,0.09,119.3,108.0,11.3,7.8,0.109,96.35,55.6,0.576388888888889,0.1805555555555555,0.559248411929611,-0.0302484119296109,0.3057142857142858,0.3846916274892583,33.7,19.03344481605351,0.4414715719063545,0.0217391304347826,0.1304347826086956,0.0652173913043478,0.011705685618729,598.0,79.0,0.41791,0.6928733078561896,0.337,51.5,0.3993399339933993,0.4,0.3392857142857143,0.4025974025974026,0.3992673992673993,0.3815384615384615,0.3920552677029361,0.3076923076923077,1.1505016722408026,56.0,598.0,-0.0633116883116883,0.0006600660066006,0.9822710622710622,0.0843629600106283,55.9,1628401,9.6,2.299999999999997,11.3,1.7,86.7,62.0
1630217,Desmond Bane,ORL,27.0,82,33.6,0.224,20.1,7.1,14.7,0.484,2.0,5.2,0.391,3.8,4.2,0.908,0.607,0.553,4.1,2.0,0.19,2.06,8.9,4.1,0.034,0.084,113.6,111.5,2.2,1.6,0.111,102.2,59.5,0.3537414965986394,0.2857142857142857,0.5800796629652676,0.0269203370347324,0.5285714285714285,0.574811847173123,54.7,12.29861111111111,0.2708333333333333,0.0277777777777777,0.1302083333333333,0.2326388888888889,0.0225694444444444,576.0,65.4,0.396978,0.6581691273387438,0.547,60.3,0.4419475655430712,0.4166666666666667,0.3670886075949367,0.3813559322033898,0.458041958041958,0.4379310344827586,0.4573502722323049,0.3125,1.09375,79.0,576.0,-0.014267324608453,-0.0252808988764045,0.9798890764408006,0.1448502722323049,58.9,1630217,5.300000000000001,4.099999999999994,2.2,-3.1,78.8,73.7
1626164,Devin Booker,PHX,29.0,64,33.5,0.307,26.1,8.5,18.7,0.456,1.9,5.8,0.33,7.1,8.1,0.873,0.585,0.507,6.0,3.1,0.293,1.92,10.1,3.9,0.021,0.091,115.9,112.0,3.9,3.1,0.142,100.72,79.7,0.3101604278074866,0.4331550802139037,0.5994988265243473,-0.0144988265243473,0.4657142857142855,0.4370684013634967,45.4,14.774733637747335,0.6103500761035008,0.0258751902587519,0.2633181126331811,0.0867579908675799,0.0121765601217656,657.0,94.3,0.5516549999999999,0.9146156460611284,0.454,68.4,0.4277456647398844,0.5194805194805194,0.5230769230769231,0.5161290322580645,0.4707692307692308,0.4397590361445783,0.4581358609794628,0.2941176470588235,1.0715372907153728,65.0,657.0,0.0069478908188586,0.091734854740635,0.9689898053753476,0.1640182139206393,65.1,1626164,5.7,5.900000000000006,3.9,-1.8,81.4,83.1
1642269,Devin Carter,SAC,24.0,38,18.4,0.226,8.9,3.2,7.7,0.414,0.8,3.0,0.263,1.8,2.5,0.713,0.508,0.466,2.7,1.4,0.209,1.87,11.1,3.3,0.048,0.13,111.0,118.3,-7.3,-3.0,0.094,100.78,35.0,0.3896103896103896,0.3246753246753247,0.5870517469854859,-0.0790517469854859,0.2457142857142857,0.2223914031496408,23.6,15.607142857142858,0.1785714285714285,0.0357142857142857,0.0,0.1071428571428571,0.0714285714285714,28.0,49.8,0.252984,0.4194344737256592,0.236,32.8,0.3,0.3333333333333333,,0.3043478260869565,0.2352941176470588,0.3636363636363636,0.2916666666666667,0.0,0.4642857142857143,0.0,28.0,0.0,0.0333333333333333,0.8716577540106951,0.2916666666666667,60.8,1642269,3.000000000000001,1.0,-7.3,-10.3,69.5,42.5
1630170,Devin Vassell,SAS,25.0,67,30.5,0.176,13.9,4.9,11.3,0.437,2.5,6.4,0.384,1.6,1.9,0.815,0.574,0.547,2.5,0.9,0.107,2.78,5.8,4.0,0.019,0.102,121.3,109.9,11.4,7.3,0.087,101.48,42.4,0.5663716814159292,0.1681415929203539,0.5613246390164537,0.0126753609835462,0.4342857142857141,0.5274387976433517,47.2,18.738666666666667,0.3626666666666667,0.0026666666666666,0.2186666666666666,0.0293333333333333,0.0133333333333333,375.0,74.9,0.429926,0.7127952184761794,0.472,59.2,0.4333333333333333,0.3333333333333333,0.3157894736842105,0.4507042253521127,0.4143646408839779,0.4381443298969072,0.4258760107816711,1.0,1.2293333333333334,19.0,375.0,-0.1349147516679021,-0.1,0.9762203109870706,-0.5741239892183289,31.0,1630170,6.5,7.599999999999994,11.4,4.9,87.0,59.9
1628415,Dillon Brooks,PHX,30.0,56,30.4,0.279,20.2,7.4,17.1,0.435,2.3,6.6,0.344,3.0,3.6,0.842,0.54,0.501,1.8,1.8,0.095,1.01,7.9,3.6,0.024,0.094,113.7,114.8,-1.1,-0.9,0.088,100.54,64.8,0.3859649122807017,0.2105263157894736,0.5594534910404443,-0.0194534910404442,0.3371428571428572,0.4205911839444532,37.1,16.101423487544483,0.5071174377224199,0.0142348754448398,0.2028469750889679,0.0782918149466192,0.0106761565836298,562.0,83.7,0.45198,0.7493596173454585,0.371,56.0,0.4672897196261682,0.4468085106382978,0.4047619047619047,0.4777327935222672,0.4903474903474903,0.4323432343234323,0.4629294755877034,0.25,1.217081850533808,42.0,562.0,-0.0729708887603624,-0.0204812089878703,0.941995743975942,0.2129294755877034,55.8,1628415,-4.5,0.6000000000000085,-1.1,3.4,63.4,66.2
1631230,Dominick Barlow,PHI,22.0,71,23.8,0.125,7.7,3.0,5.6,0.539,0.3,1.2,0.256,1.3,1.8,0.718,0.597,0.565,1.2,0.8,0.069,1.55,9.4,4.8,0.075,0.118,112.7,111.9,0.8,0.4,0.078,101.23,24.4,0.2142857142857143,0.3214285714285714,0.5987455255645924,-0.0017455255645923,0.5,0.4794807406937718,49.2,7.95,0.05625,0.0125,0.03125,0.2125,0.175,160.0,32.7,0.195219,0.3236630716814086,0.492,40.8,0.569620253164557,0.6,0.6666666666666666,0.4722222222222222,0.5421686746987951,0.5584415584415584,0.5477707006369427,0.5,1.2875,6.0,160.0,0.1944444444444444,0.0303797468354429,0.9837271162572369,0.0477707006369426,70.8,1631230,1.6,-0.8999999999999915,0.8,-0.8,70.3,52.0
1642270,Donovan Clingan,POR,22.0,77,27.2,0.163,12.1,4.6,8.9,0.52,1.1,3.2,0.341,1.8,2.6,0.68,0.604,0.582,2.1,1.2,0.112,1.71,9.2,11.6,0.149,0.254,113.9,113.8,0.1,0.2,0.139,101.86,37.4,0.3595505617977528,0.2921348314606741,0.5879412655553702,0.0160587344446297,0.52,0.5386905342537671,52.7,10.631944444444445,0.0416666666666666,0.0104166666666666,0.0243055555555555,0.0868055555555555,0.3055555555555556,288.0,26.7,0.161268,0.2673740580779402,0.527,39.7,0.5403726708074534,0.6470588235294118,0.6111111111111112,0.5,0.5390070921985816,0.54421768707483,0.5425531914893617,0.3333333333333333,0.9097222222222222,18.0,288.0,0.1111111111111111,0.1066861527219583,0.9947894051237516,0.2092198581560283,73.9,1642270,1.1,4.800000000000011,0.1,-1.0,73.5,58.4
1628378,Donovan Mitchell,CLE,29.0,70,33.5,0.311,27.9,9.7,20.0,0.483,3.2,8.8,0.364,5.3,6.1,0.865,0.613,0.563,5.7,2.8,0.266,2.01,9.1,4.5,0.021,0.108,119.3,112.1,7.2,5.3,0.152,103.13,79.5,0.44,0.305,0.5736251735656026,0.0393748264343973,0.5457142857142856,0.6162304596775091,57.4,15.97364953886693,0.4044795783926219,0.0276679841897233,0.1238471673254281,0.147562582345191,0.0079051383399209,759.0,76.0,0.46588,0.7724051031658529,0.574,67.3,0.4457478005865102,0.4505494505494505,0.4642857142857143,0.5211267605633803,0.5033557046979866,0.4775641025641026,0.4945054945054945,0.4285714285714285,1.0487483530961792,56.0,759.0,-0.0568410462776659,0.0048016499629403,0.974208397866116,0.0659340659340659,55.6,1628378,7.6,7.700000000000003,7.2,-0.4,86.4,85.1
1628978,Donte DiVincenzo,MIN,29.0,82,30.4,0.164,12.2,4.1,10.2,0.406,3.0,7.9,0.379,1.0,1.3,0.743,0.567,0.552,3.8,1.4,0.164,2.65,9.0,4.1,0.026,0.1,116.3,110.0,6.2,4.1,0.084,102.07,39.6,0.7745098039215688,0.1274509803921568,0.5533611741985691,0.0136388258014308,0.4142857142857141,0.5306428933451508,46.1,20.603960396039604,0.1559405940594059,0.0123762376237623,0.0371287128712871,0.0544554455445544,0.0123762376237623,404.0,54.0,0.30618,0.5076307085243429,0.461,48.4,0.4137931034482758,0.3953488372093023,0.3636363636363636,0.4227642276422764,0.4477611940298507,0.3940886699507389,0.4213197969543147,0.0,1.0693069306930694,22.0,404.0,-0.0591278640059128,-0.0184442662389735,0.9463274759208882,0.4213197969543147,62.0,1628978,8.2,5.0,6.2,-2.0,84.7,59.6
1627827,Dorian Finney-Smith,HOU,33.0,37,16.8,0.104,3.3,1.2,3.6,0.333,0.7,2.7,0.27,0.2,0.2,0.889,0.452,0.436,1.0,0.6,0.078,1.64,11.3,2.5,0.054,0.087,109.4,107.6,1.8,0.4,0.034,99.32,9.8,0.75,0.0555555555555555,0.5463581805345851,-0.094358180534585,0.0857142857142858,0.1714883737559726,12.0,21.06451612903226,0.1612903225806451,0.1290322580645161,0.032258064516129,0.0,0.0967741935483871,31.0,62.6,0.282952,0.4691198779749815,0.12,29.5,0.2941176470588235,,0.0,0.1428571428571428,0.3636363636363636,0.2,0.2692307692307692,0.25,1.064516129032258,2.0,31.0,-0.1428571428571428,0.0,0.8363636363636364,0.0192307692307692,43.0,1627827,-4.2,-8.799999999999997,1.8,6.0,58.3,23.5
203926,Doug McDermott,SAC,34.0,29,15.1,0.146,5.7,1.9,4.8,0.388,1.7,4.2,0.39,0.3,0.3,0.889,0.574,0.561,0.8,0.4,0.073,1.69,7.3,1.3,0.014,0.068,104.2,115.3,-11.1,-3.5,0.055,101.48,15.2,0.8750000000000001,0.0625,0.5421903028700038,0.0318096971299961,0.4342857142857141,0.5910718884065744,49.7,24.863636363636363,0.0,0.0,0.0,0.0,0.0,22.0,43.4,0.2491159999999999,0.4130215284628329,0.497,45.5,0.2727272727272727,0.5,,0.3571428571428571,0.4545454545454545,0.2727272727272727,0.3809523809523809,,1.0,0.0,22.0,0.0,0.2272727272727273,0.8181818181818181,0.0,59.3,203926,-1.5999999999999996,-6.799999999999997,-11.1,-9.5,56.7,47.2
1642962,Drake Powell,BKN,20.0,63,20.9,0.149,6.5,2.3,5.7,0.402,0.8,2.9,0.28,1.1,1.2,0.896,0.521,0.473,1.4,1.0,0.113,1.52,11.0,1.8,0.016,0.07,100.3,116.3,-16.1,-7.1,0.053,98.56,24.3,0.5087719298245613,0.2105263157894736,0.5727973633553902,-0.0517973633553902,0.2828571428571429,0.3130284994123897,29.5,15.168067226890756,0.2521008403361344,0.0168067226890756,0.134453781512605,0.1176470588235294,0.0084033613445378,119.0,62.4,0.325104,0.5390057282124827,0.295,41.7,0.4310344827586206,0.3571428571428571,0.0,0.4901960784313725,0.3538461538461538,0.5740740740740741,0.4482758620689655,0.5,1.1428571428571428,1.0,119.0,-0.4901960784313725,-0.0738916256157635,0.7797720797720797,-0.0517241379310344,15.9,1642962,-9.000000000000002,-10.5,-16.1,-7.1,43.2,33.1
203110,Draymond Green,GSW,36.0,68,27.5,0.158,8.4,3.0,7.2,0.418,1.5,4.6,0.326,0.9,1.2,0.702,0.54,0.52,5.5,2.7,0.278,2.08,16.7,5.5,0.029,0.168,109.4,113.6,-4.3,-2.0,0.084,101.72,31.7,0.6388888888888888,0.1666666666666666,0.5624909635097245,-0.0224909635097244,0.3371428571428572,0.410489774632463,36.6,16.483471074380166,0.0165289256198347,0.012396694214876,0.0413223140495867,0.1570247933884297,0.0330578512396694,242.0,42.9,0.23166,0.3840803773491059,0.366,37.5,0.3873239436619718,0.5,0.3076923076923077,0.4477611940298507,0.4521739130434782,0.3937007874015748,0.4201680672268907,0.6666666666666666,1.1983471074380163,13.0,242.0,-0.140068886337543,0.1126760563380281,0.9415268743580966,-0.2464985994397758,46.3,203110,-6.199999999999999,-5.299999999999997,-4.3,1.9,55.7,43.3
1629234,Drew Eubanks,SAC,29.0,42,13.1,0.161,5.2,2.2,3.7,0.596,0.0,0.2,0.143,0.8,1.4,0.561,0.605,0.599,0.5,0.7,0.052,0.63,13.0,3.0,0.069,0.154,106.4,117.8,-11.4,-3.7,0.082,102.17,17.0,0.054054054054054,0.3783783783783783,0.6068464424403838,-0.0018464424403837,0.5228571428571427,0.4791451318350361,50.5,5.681818181818182,0.0454545454545454,0.009090909090909,0.0818181818181818,0.0909090909090909,0.1545454545454545,110.0,26.3,0.159115,0.2638044946987093,0.505,38.4,0.5588235294117647,0.4,0.25,0.631578947368421,0.559322033898305,0.6470588235294118,0.6055045871559633,0.0,1.1272727272727272,4.0,110.0,-0.381578947368421,-0.1588235294117647,0.9122632103688932,0.6055045871559633,40.8,1629234,-2.200000000000001,-4.299999999999997,-11.4,-9.2,57.7,41.7
1630696,Dru Smith,MIA,28.0,70,16.3,0.142,5.6,1.9,4.6,0.415,0.5,1.8,0.295,1.2,1.5,0.829,0.532,0.474,2.6,0.8,0.214,3.27,9.1,2.5,0.047,0.085,107.1,110.3,-3.2,-1.2,0.091,107.2,20.2,0.391304347826087,0.3260869565217391,0.596502415005145,-0.0645024150051449,0.3142857142857143,0.2707766178423945,29.7,13.01025641025641,0.1025641025641025,0.0307692307692307,0.0256410256410256,0.1641025641025641,0.0307692307692307,195.0,45.2,0.240464,0.3986769570011025,0.297,34.8,0.4646464646464646,0.6666666666666666,0.6,0.484375,0.4210526315789473,0.45,0.4395604395604395,0.5,0.9948717948717948,10.0,195.0,0.1156249999999999,0.202020202020202,0.9710526315789474,-0.0604395604395604,70.4,1630696,-7.2,-10.600000000000009,-3.2,4.0,51.2,39.8
1629130,Duncan Robinson,DET,32.0,77,27.4,0.152,12.2,4.1,9.1,0.456,2.9,7.0,0.41,1.1,1.4,0.755,0.629,0.613,2.1,0.7,0.094,2.94,5.7,2.7,0.014,0.08,120.8,109.5,11.3,7.0,0.078,101.22,34.6,0.7692307692307693,0.1538461538461538,0.5597589205782036,0.0692410794217963,0.5914285714285714,0.7155535808225897,64.1,20.724458204334365,0.1857585139318885,0.0185758513931888,0.0185758513931888,0.0650154798761609,0.0061919504643962,323.0,56.4,0.3547559999999999,0.5881672206978306,0.6409999999999999,61.5,0.4574468085106383,0.3870967741935484,0.4375,0.4307692307692308,0.4444444444444444,0.4078947368421052,0.4285714285714285,0.3333333333333333,1.068111455108359,16.0,323.0,0.0067307692307692,-0.0703500343170899,0.9634502923976608,0.0952380952380952,56.2,1629130,6.000000000000001,10.899999999999991,11.3,5.3,88.8,68.2
203939,Dwight Powell,DAL,34.0,63,14.4,0.084,3.3,1.0,1.6,0.644,0.0,0.1,0.286,1.2,1.8,0.696,0.699,0.653,1.1,0.7,0.095,1.66,16.0,4.1,0.101,0.17,110.4,110.9,-0.5,-0.1,0.073,104.58,7.6,0.0625,1.125,0.7579592063079956,-0.0589592063079956,0.7914285714285711,0.2892110960205482,59.1,2.48,0.0,0.0,0.04,0.48,0.12,25.0,33.4,0.2334659999999999,0.387074632557137,0.5910000000000001,48.9,0.5833333333333334,0.0,0.5,0.5,0.6363636363636364,0.6428571428571429,0.64,,0.76,4.0,25.0,0.0,-0.5833333333333334,0.9935064935064934,0.0,33.0,203939,6.3,1.6000000000000083,-0.5,-6.8,76.9,45.7
1642928,Dylan Cardwell,SAC,24.0,44,20.6,0.108,5.4,2.4,4.1,0.587,0.0,0.1,0.5,0.6,1.2,0.51,0.591,0.592,1.4,0.9,0.095,1.59,12.9,7.5,0.148,0.202,108.6,111.1,-2.5,-1.5,0.089,100.31,15.3,0.024390243902439,0.2926829268292683,0.5964760126019577,-0.0054760126019577,0.4828571428571426,0.4670746442176346,47.7,4.4,0.0666666666666666,0.0444444444444444,0.0888888888888888,0.2,0.2,45.0,34.1,0.201531,0.3341280433719359,0.477,40.6,0.5333333333333333,0.4545454545454545,0.4,0.6666666666666666,0.3928571428571428,0.6470588235294118,0.4523809523809524,1.0,1.4444444444444444,5.0,45.0,-0.2666666666666666,-0.0787878787878788,0.7457983193277311,-0.5476190476190477,14.4,1642928,8.9,-1.8000000000000114,-2.5,-11.4,76.5,37.9
1642844,Dylan Harper,SAS,20.0,69,22.6,0.211,11.8,4.8,9.5,0.505,0.9,2.6,0.343,1.3,1.7,0.756,0.574,0.551,3.9,1.4,0.246,2.69,9.3,3.4,0.033,0.106,116.9,107.4,9.5,4.4,0.113,101.49,39.4,0.2736842105263158,0.1789473684210526,0.5616654494841486,0.0123345505158513,0.4342857142857141,0.5263053993765968,47.1,9.757575757575758,0.1704545454545454,0.0075757575757575,0.0871212121212121,0.2916666666666667,0.0189393939393939,264.0,52.8,0.303072,0.5024778042128475,0.471,48.7,0.4551724137931034,0.5185185185185185,0.4285714285714285,0.5151515151515151,0.4455445544554455,0.4233128834355828,0.4280155642023346,0.5,1.2765151515151516,21.0,264.0,-0.0865800865800865,0.063346104725415,0.9777683289801372,-0.0719844357976653,53.2,1642844,1.9000000000000004,-0.2999999999999971,9.5,7.6,75.1,57.4
1630700,Dyson Daniels,ATL,23.0,76,33.2,0.157,11.9,5.3,10.2,0.517,0.3,1.5,0.188,1.0,1.6,0.615,0.542,0.532,5.9,1.8,0.23,3.33,9.6,6.8,0.071,0.129,116.8,110.6,6.2,4.0,0.106,103.18,40.3,0.1470588235294117,0.1568627450980392,0.5642636469497646,-0.0222636469497645,0.3428571428571429,0.4112457379008618,37.0,7.133819951338199,0.0632603406326034,0.0072992700729927,0.0194647201946472,0.2554744525547445,0.072992700729927,411.0,34.6,0.187532,0.3109184206381444,0.37,34.0,0.4902912621359223,0.4444444444444444,0.5185185185185185,0.492063492063492,0.5235294117647059,0.4688796680497925,0.4926108374384236,0.3333333333333333,0.9124087591240876,27.0,411.0,0.0264550264550264,-0.0458468176914779,0.9453502562850866,0.1592775041050903,59.1,1630700,10.5,8.700000000000003,6.2,-4.3,90.0,50.9
1630604,E.J. Liddell,BKN,25.0,26,13.4,0.168,5.7,2.1,4.3,0.486,0.7,2.0,0.346,0.8,1.0,0.808,0.6,0.568,0.9,0.6,0.114,1.6,9.3,2.7,0.039,0.174,108.1,114.6,-6.5,-1.8,0.087,99.52,17.0,0.4651162790697674,0.2325581395348837,0.5752442766749232,0.0247557233250768,0.5085714285714285,0.5676132143279804,53.2,18.25,0.0833333333333333,0.0,0.0,0.0,0.1666666666666666,12.0,36.6,0.2196,0.3640855169898284,0.532,44.8,,0.4545454545454545,,0.4166666666666667,0.25,0.5,0.4166666666666667,,0.5,0.0,12.0,0.0,0.0,0.75,0.0,46.4,1630604,3.6,0.0,-6.5,-10.1,69.8,47.5
1642856,Egor Dëmin,BKN,20.0,52,25.2,0.182,10.3,3.4,8.6,0.399,2.4,6.2,0.385,1.0,1.3,0.831,0.561,0.537,3.3,1.7,0.199,2.01,11.7,3.2,0.015,0.116,109.5,115.4,-5.9,-3.1,0.081,99.16,34.1,0.7209302325581396,0.1511627906976744,0.5563101054656989,0.0046898945343011,0.3971428571428572,0.5008823544272244,43.9,20.00359712230216,0.3453237410071942,0.0071942446043165,0.0827338129496402,0.1007194244604316,0.0035971223021582,278.0,71.0,0.39831,0.6603775149008132,0.439,55.0,0.4015151515151515,0.3559322033898305,1.0,0.4404761904761904,0.4195402298850574,0.3557692307692308,0.3941605839416058,0.0,1.435251798561151,2.0,278.0,0.5595238095238095,-0.0455829481253209,0.9362290008841734,0.3941605839416058,94.4,1642856,6.1,3.200000000000003,-5.9,-12.0,75.3,64.9
1641989,Elijah Harkless,UTA,26.0,26,21.0,0.162,6.8,2.1,6.2,0.335,0.8,3.4,0.239,1.9,2.5,0.766,0.471,0.401,2.9,1.0,0.177,2.88,8.9,2.0,0.018,0.077,113.5,116.0,-2.5,-1.3,0.055,103.83,25.6,0.5483870967741935,0.4032258064516129,0.6079319243791572,-0.1369319243791572,0.1399999999999999,0.0299052592200393,9.6,18.63636363636364,0.1818181818181818,0.0,0.1818181818181818,0.0909090909090909,0.0909090909090909,11.0,60.9,0.2868389999999999,0.475564324261591,0.096,28.6,0.3333333333333333,0.0,0.0,0.4,0.0,0.4,0.3636363636363636,,0.6363636363636364,2.0,11.0,-0.4,-0.3333333333333333,0.6,0.0,2.7,1641989,6.300000000000001,1.2000000000000028,-2.5,-8.8,75.7,22.3
1630679,Ethan Thompson,IND,27.0,32,20.4,0.154,7.0,2.3,6.1,0.378,1.2,3.6,0.328,1.2,1.5,0.787,0.515,0.474,1.8,0.8,0.122,2.28,8.4,2.2,0.025,0.078,109.8,109.9,-0.1,0.0,0.051,101.84,23.1,0.5901639344262296,0.2459016393442623,0.5784281336177103,-0.0634281336177102,0.2657142857142858,0.274349244794731,26.9,20.12962962962963,0.1481481481481481,0.0,0.1296296296296296,0.0555555555555555,0.0185185185185185,54.0,57.2,0.29458,0.4883985045303447,0.269,37.9,0.4137931034482758,0.4285714285714285,0.5,0.3823529411764705,0.3461538461538461,0.4642857142857143,0.3962264150943396,,1.0740740740740742,2.0,54.0,0.1176470588235294,0.0147783251231526,0.8818681318681318,0.0,59.9,1630679,9.7,-0.9000000000000057,-0.1,-9.8,79.2,42.0
1630596,Evan Mobley,CLE,24.0,65,31.9,0.221,18.2,7.2,13.2,0.546,1.0,3.2,0.297,2.8,4.6,0.606,0.596,0.582,3.6,1.9,0.168,1.92,9.1,9.0,0.073,0.196,117.0,111.3,5.7,3.4,0.135,101.89,55.3,0.2424242424242424,0.3484848484848484,0.5932097780378358,0.0027902219621641,0.4971428571428571,0.4945648090324956,49.6,10.260042283298096,0.2114164904862579,0.0063424947145877,0.0655391120507399,0.175475687103594,0.1141649048625792,473.0,47.8,0.284888,0.472329666503635,0.496,48.4,0.5153846153846153,0.5306122448979592,0.5416666666666666,0.504424778761062,0.5376344086021505,0.4948453608247423,0.5202558635394456,0.6666666666666666,1.06553911205074,24.0,473.0,0.0372418879056046,0.0152276295133438,0.9572109522225918,-0.146410803127221,55.3,1630596,3.1,0.5999999999999943,5.7,2.6,75.3,64.5
1630532,Franz Wagner,ORL,24.0,34,30.0,0.256,20.6,7.2,14.9,0.481,1.4,4.1,0.345,4.8,5.8,0.823,0.588,0.529,3.3,1.7,0.175,1.95,7.6,5.2,0.041,0.128,114.2,110.6,3.6,2.4,0.134,104.86,60.2,0.2751677852348993,0.3892617449664429,0.5969399951644111,-0.0089399951644111,0.4742857142857142,0.4555548342220464,46.7,10.486910994764395,0.1910994764397905,0.013089005235602,0.0811518324607329,0.2329842931937172,0.0287958115183246,382.0,52.6,0.309288,0.5127836128358382,0.467,49.0,0.5647668393782384,0.3181818181818182,0.3409090909090909,0.4553571428571428,0.5023041474654378,0.4727272727272727,0.5,0.2,1.138743455497382,44.0,382.0,-0.1144480519480519,-0.2465850211964201,0.9704231252618348,0.3,47.3,1630532,4.1,0.9000000000000057,3.6,-0.5,75.7,64.1
1641713,GG Jackson,MEM,21.0,55,21.4,0.23,12.5,4.6,9.3,0.496,1.2,3.5,0.332,2.0,2.7,0.742,0.591,0.558,1.5,1.5,0.103,0.95,11.4,4.3,0.04,0.154,114.0,117.5,-3.5,-1.5,0.108,102.85,41.2,0.3763440860215054,0.2903225806451613,0.5801415061275452,0.0108584938724547,0.4828571428571426,0.5213966298409295,49.8,14.764705882352942,0.1666666666666666,0.0392156862745098,0.0392156862745098,0.1666666666666666,0.0098039215686274,102.0,54.4,0.321504,0.5330371131798626,0.498,51.6,0.4565217391304347,0.2307692307692307,0.6,0.3255813953488372,0.3818181818181818,0.4680851063829787,0.4432989690721649,0.0,0.931372549019608,5.0,102.0,0.2744186046511627,-0.2257525083612039,0.9137330754352032,0.4432989690721649,70.8,1641713,3.5,3.700000000000003,-3.5,-7.0,73.8,63.4
1629216,Gabe Vincent,ATL,29.0,53,16.6,0.119,4.4,1.4,4.1,0.352,1.1,3.3,0.341,0.4,0.4,0.87,0.511,0.488,1.4,0.5,0.109,2.81,8.2,1.0,0.02,0.041,117.3,116.0,1.3,0.7,0.033,101.94,13.8,0.8048780487804879,0.0975609756097561,0.552352869735642,-0.041352869735642,0.2542857142857142,0.34776267599393,29.2,22.658227848101262,0.2658227848101265,0.0379746835443038,0.0632911392405063,0.0126582278481012,0.0,79.0,67.2,0.343392,0.569326292578193,0.292,43.1,0.3720930232558139,0.5,0.3333333333333333,0.3513513513513513,0.3846153846153846,0.35,0.3733333333333333,0.3333333333333333,1.0759493670886076,6.0,79.0,-0.018018018018018,0.127906976744186,0.9653846153846152,0.04,62.0,1629216,-2.349999999999999,1.0999999999999943,2.1,4.449999999999999,67.8,40.7
203914,Gary Harris,MIL,31.0,48,13.8,0.082,2.7,1.0,2.2,0.442,0.6,1.4,0.412,0.2,0.2,0.889,0.593,0.577,1.1,0.4,0.105,2.68,10.7,1.3,0.025,0.072,105.9,115.5,-9.6,-2.8,0.048,98.9,4.3,0.6363636363636362,0.0909090909090909,0.5563424740470789,0.036657525952921,0.4885714285714284,0.6071938133655954,53.6,16.157894736842106,0.087719298245614,0.0175438596491228,0.0701754385964912,0.1228070175438596,0.0350877192982456,57.0,48.1,0.285233,0.4729016587775945,0.536,50.4,0.6285714285714286,0.25,0.0,0.375,0.56,0.46875,0.5283018867924528,0.0,0.9473684210526316,1.0,57.0,-0.375,-0.3785714285714285,0.90875,0.5283018867924528,29.8,203914,-4.199999999999999,-6.799999999999997,-9.6,-5.4,54.4,40.6
1627780,Gary Payton II,GSW,33.0,73,15.6,0.177,7.5,3.3,5.7,0.583,0.5,1.7,0.291,0.4,0.5,0.65,0.632,0.628,1.7,0.8,0.164,1.98,10.0,3.6,0.084,0.143,111.2,113.5,-2.3,-1.5,0.114,102.7,24.4,0.2982456140350877,0.087719298245614,0.5477678440439016,0.0842321559560984,0.5999999999999999,0.7654078598759371,66.6,8.272151898734178,0.050632911392405,0.0126582278481012,0.0126582278481012,0.3164556962025316,0.1392405063291139,158.0,37.0,0.23384,0.3876947053410814,0.6659999999999999,52.7,0.5316455696202531,0.6428571428571429,0.6111111111111112,0.5135135135135135,0.5777777777777777,0.5,0.5448717948717948,0.5,1.1772151898734178,18.0,158.0,0.0975975975975976,0.1112115732368898,0.9222222222222224,0.0448717948717948,65.9,1627780,-2.6,-1.0999999999999943,-2.3,0.3,63.8,61.0
1629018,Gary Trent Jr.,MIL,27.0,65,21.2,0.167,8.1,2.8,7.3,0.387,1.9,5.3,0.36,0.6,0.8,0.769,0.533,0.517,1.2,0.6,0.082,1.93,6.7,1.0,0.006,0.044,107.9,120.4,-12.4,-5.4,0.047,99.53,28.5,0.726027397260274,0.1095890410958904,0.5499665551532639,-0.0169665551532638,0.3171428571428571,0.4288617304541438,36.2,20.75555555555556,0.2666666666666666,0.0185185185185185,0.1,0.0296296296296296,0.0,270.0,65.6,0.3496479999999999,0.5796984191459906,0.362,47.1,0.3517241379310344,0.3571428571428571,0.3333333333333333,0.3888888888888889,0.373134328358209,0.3676470588235294,0.3735849056603773,0.2,1.137037037037037,18.0,270.0,-0.0555555555555555,0.0054187192118226,0.9945127304653204,0.1735849056603773,59.3,1629018,-9.4,-5.099999999999994,-12.4,-3.0,48.4,47.8
203507,Giannis Antetokounmpo,MIL,31.0,36,28.9,0.358,27.6,10.4,16.6,0.624,0.4,1.3,0.333,6.4,9.9,0.65,0.658,0.636,5.4,3.2,0.344,1.7,10.8,9.8,0.098,0.233,119.4,114.9,4.4,2.7,0.213,99.9,80.7,0.0783132530120482,0.5963855421686747,0.6267930667385817,0.0312069332614183,0.6742857142857144,0.5890673386973795,64.0,5.682017543859649,0.1885964912280701,0.0175438596491228,0.1337719298245614,0.3355263157894737,0.125,456.0,52.1,0.342818,0.5683746300702142,0.64,60.4,0.6587677725118484,0.6056338028169014,0.5892857142857143,0.6415094339622641,0.6192660550458715,0.6722689075630253,0.6524663677130045,0.5,1.1162280701754386,56.0,456.0,-0.0522237196765498,-0.0531339696949469,0.9469971474828462,0.1524663677130044,54.3,203507,14.1,10.5,4.4,-9.7,94.6,85.2
1629048,Goga Bitadze,ORL,26.0,64,15.2,0.128,5.9,2.4,3.5,0.676,0.0,0.2,0.182,1.1,1.5,0.711,0.7,0.68,1.3,0.7,0.124,1.95,10.9,5.0,0.131,0.183,112.6,111.0,1.6,0.3,0.122,102.52,15.8,0.0571428571428571,0.4285714285714285,0.6200321583539375,0.0799678416460624,0.794285714285714,0.751226469026703,77.7,3.8203125,0.0390625,0.0234375,0.0234375,0.140625,0.4921875,128.0,16.9,0.1182999999999999,0.1961353217663784,0.777,48.7,0.6428571428571429,0.8461538461538461,0.6153846153846154,0.7142857142857143,0.6785714285714286,0.6944444444444444,0.6854838709677419,0.6666666666666666,1.1953125,13.0,128.0,-0.0989010989010988,0.2032967032967032,0.9841269841269842,0.0188172043010752,61.0,1629048,1.2000000000000002,-0.9000000000000057,1.6,0.4,70.2,59.3
1641711,Gradey Dick,TOR,22.0,76,14.0,0.176,6.0,2.1,5.1,0.419,0.7,2.4,0.301,1.0,1.2,0.875,0.538,0.492,0.7,0.6,0.066,1.21,8.1,1.9,0.038,0.095,110.8,106.7,4.1,1.6,0.07,103.25,23.8,0.4705882352941176,0.2352941176470588,0.5748524893475033,-0.0368524893475032,0.3314285714285716,0.362729127482794,34.4,16.028301886792452,0.2122641509433962,0.0094339622641509,0.1226415094339622,0.1037735849056603,0.0141509433962264,212.0,58.6,0.315268,0.5226981455844684,0.344,43.3,0.4339622641509434,0.44,0.4,0.3947368421052631,0.4215686274509804,0.4090909090909091,0.4134615384615384,0.5,1.0613207547169812,5.0,212.0,0.0052631578947368,0.0060377358490565,0.9875222816399288,-0.0865384615384615,56.0,1641711,1.8999999999999997,-4.200000000000003,4.1,2.2,69.7,45.3
1629684,Grant Williams,CHA,27.0,36,19.8,0.132,7.0,2.2,5.1,0.426,1.4,3.7,0.388,1.2,1.5,0.815,0.609,0.568,1.6,0.9,0.106,1.81,10.6,3.9,0.06,0.127,119.2,106.3,12.9,5.6,0.089,99.41,19.0,0.7254901960784315,0.2941176470588235,0.5890808552529125,0.0199191447470874,0.5342857142857143,0.5515287031496944,54.1,22.15384615384616,0.0769230769230769,0.0,0.0,0.0769230769230769,0.0,13.0,48.4,0.2947559999999999,0.4886903034874948,0.541,51.5,0.4444444444444444,,,0.3,,0.3846153846153846,0.3846153846153846,,1.0,0.0,13.0,0.0,0.0,0.0,0.0,11.2,1629684,9.8,1.7999999999999972,12.9,3.1,87.3,46.3
1628960,Grayson Allen,PHX,30.0,51,28.8,0.231,16.5,5.3,13.1,0.403,3.1,8.9,0.349,2.8,3.3,0.857,0.568,0.522,3.8,1.6,0.206,2.35,8.2,3.0,0.023,0.081,113.9,113.8,0.1,0.4,0.105,99.12,51.5,0.6793893129770993,0.2519083969465648,0.570507899728914,-0.002507899728914,0.417142857142857,0.476945391464903,44.1,19.07407407407408,0.2888888888888888,0.0333333333333333,0.0222222222222222,0.1,0.0,270.0,64.7,0.367496,0.6092894861188252,0.441,52.5,0.437037037037037,0.2777777777777778,0.3076923076923077,0.4629629629629629,0.4700854700854701,0.392156862745098,0.4173228346456692,0.4444444444444444,1.1074074074074074,13.0,270.0,-0.1552706552706552,-0.1592592592592592,0.922071392659628,-0.0271216097987751,38.3,1628960,-2.2,1.0,0.1,2.3,66.9,59.0
1627824,Guerschon Yabusele,CHI,30.0,67,15.0,0.155,5.6,1.9,4.7,0.401,1.0,2.9,0.352,0.8,1.1,0.75,0.543,0.511,0.9,0.6,0.087,1.54,9.2,3.5,0.052,0.17,107.4,115.3,-7.9,-2.5,0.077,103.86,20.3,0.6170212765957447,0.2340425531914893,0.5758581735977619,-0.0328581735977618,0.3457142857142858,0.3760126119316351,35.8,16.395604395604394,0.0219780219780219,0.0,0.0329670329670329,0.1428571428571428,0.0439560439560439,91.0,40.5,0.219915,0.3646077708051828,0.358,36.1,0.4444444444444444,0.4210526315789473,0.0,0.4333333333333333,0.490566037735849,0.3157894736842105,0.4222222222222222,,1.3076923076923077,1.0,91.0,-0.4333333333333333,-0.023391812865497,0.8252234359483615,0.0,24.7,1627824,-6.7,-6.649999999999992,-6.15,0.5499999999999998,53.3,33.9
1630611,Gui Santos,GSW,23.0,68,20.5,0.181,9.2,3.4,6.8,0.5,1.1,3.3,0.351,1.3,1.8,0.725,0.609,0.585,2.3,1.5,0.168,1.56,13.2,3.9,0.052,0.138,111.7,110.7,1.0,0.5,0.097,100.89,30.8,0.4852941176470588,0.2647058823529412,0.5798227491552105,0.0291772508447895,0.5342857142857143,0.5823174329546699,55.3,17.288888888888888,0.0555555555555555,0.0333333333333333,0.0444444444444444,0.1666666666666666,0.0111111111111111,90.0,50.0,0.3045,0.5048453548424534,0.5529999999999999,52.9,0.4,0.4814814814814814,0.5384615384615384,0.4473684210526316,0.4571428571428571,0.4545454545454545,0.4651162790697674,0.3333333333333333,0.8222222222222222,13.0,90.0,0.0910931174089068,0.0814814814814814,0.9974025974025974,0.1317829457364341,69.9,1630611,2.2,-1.0,1.0,-1.2,71.0,61.3
203084,Harrison Barnes,SAS,33.0,77,25.8,0.144,9.9,3.4,7.5,0.456,1.8,4.6,0.388,1.3,1.6,0.829,0.608,0.577,1.9,0.8,0.097,2.43,7.3,2.8,0.03,0.071,118.4,110.6,7.8,4.3,0.075,101.69,30.7,0.6133333333333333,0.2133333333333333,0.5731291437362233,0.0348708562637767,0.5314285714285714,0.6012520700188155,55.9,15.933734939759036,0.1626506024096385,0.0,0.0481927710843373,0.1234939759036144,0.0150602409638554,332.0,50.3,0.305824,0.5070404788155615,0.559,53.3,0.4770114942528735,0.3953488372093023,0.2916666666666667,0.4464285714285714,0.4846625766871165,0.4023668639053254,0.4407294832826747,,1.1385542168674698,24.0,332.0,-0.1547619047619047,-0.0816626570435712,0.9177042872182088,0.0,42.2,203084,-1.2000000000000002,2.200000000000003,7.8,9.0,72.5,56.5
1630529,Herbert Jones,NOP,27.0,56,28.4,0.153,8.9,3.3,8.5,0.383,1.4,4.6,0.309,0.9,1.1,0.806,0.491,0.467,2.8,1.3,0.13,2.12,9.9,3.4,0.029,0.09,113.5,114.4,-0.9,-0.9,0.053,101.08,32.3,0.5411764705882353,0.1294117647058823,0.5566182266914156,-0.0656182266914156,0.197142857142857,0.2670658778531058,22.5,14.358288770053475,0.106951871657754,0.0106951871657754,0.0802139037433155,0.1818181818181818,0.0213903743315508,187.0,49.8,0.2445179999999999,0.4053982807072808,0.225,31.5,0.4466019417475728,0.4166666666666667,0.5333333333333333,0.3469387755102041,0.3504273504273504,0.4857142857142857,0.4054054054054054,0.0,1.304812834224599,15.0,187.0,0.1863945578231292,-0.0299352750809061,0.8647130647130647,0.4054054054054054,71.0,1630529,5.4,1.7000000000000028,-0.9,-6.3,75.7,43.2
1642864,Hugo González,BOS,20.0,74,14.6,0.114,3.9,1.6,3.3,0.476,0.6,1.6,0.362,0.2,0.4,0.5,0.561,0.561,0.5,0.5,0.047,1.05,11.3,3.3,0.055,0.158,118.0,106.2,11.9,3.3,0.067,97.78,12.6,0.4848484848484849,0.1212121212121212,0.5597238557680406,0.0012761442319594,0.3971428571428572,0.4895295966848455,43.4,12.561904761904762,0.0761904761904762,0.0095238095238095,0.0571428571428571,0.1333333333333333,0.0761904761904762,105.0,40.2,0.225522,0.3739038887184887,0.434,40.4,0.5,0.5454545454545454,0.4285714285714285,0.5294117647058824,0.4117647058823529,0.5555555555555556,0.4903846153846153,0.0,0.9333333333333332,7.0,105.0,-0.1008403361344538,0.0454545454545454,0.8562091503267973,0.4903846153846153,59.8,1642864,5.4,-0.7000000000000028,11.9,6.5,79.9,44.4
1630193,Immanuel Quickley,TOR,26.0,70,31.9,0.206,16.4,5.7,12.9,0.443,2.5,6.8,0.374,2.4,3.0,0.821,0.577,0.541,5.9,1.5,0.261,4.07,6.8,4.0,0.017,0.108,115.0,112.1,2.9,1.7,0.118,100.06,51.0,0.5271317829457364,0.2325581395348837,0.5706394878853791,0.0063605121146208,0.4428571428571426,0.506438155229796,46.8,17.253308128544422,0.2514177693761815,0.0321361058601134,0.0831758034026465,0.0623818525519848,0.0075614366729678,529.0,61.2,0.353124,0.5854614485497094,0.4679999999999999,52.7,0.4223107569721115,0.3809523809523809,0.3823529411764705,0.4143646408839779,0.4035714285714286,0.4417670682730923,0.4308300395256917,0.2352941176470588,0.9810964083175804,34.0,529.0,-0.0320116997075073,-0.0413583760197306,0.9618043602983362,0.1955359218786329,57.7,1630193,-0.5,3.0999999999999943,2.9,3.4,71.7,63.9
1630171,Isaac Okoro,CHI,25.0,63,26.9,0.137,9.3,3.3,7.3,0.46,1.2,3.5,0.33,1.4,1.8,0.795,0.574,0.539,1.6,0.7,0.079,2.17,7.0,2.7,0.04,0.058,112.1,120.6,-8.5,-5.3,0.05,103.21,29.4,0.4794520547945206,0.2465753424657534,0.5812137524602339,-0.0072137524602339,0.4342857142857141,0.4612956217692873,44.5,11.74757281553398,0.0388349514563106,0.0048543689320388,0.0048543689320388,0.2766990291262136,0.0485436893203883,206.0,39.8,0.2284519999999999,0.3787616781755932,0.445,41.2,0.4552845528455284,0.3333333333333333,0.3333333333333333,0.5625,0.4956521739130435,0.4505494505494505,0.473170731707317,1.0,1.1019417475728157,12.0,206.0,-0.2291666666666666,-0.1219512195121951,0.954897276636407,-0.526829268292683,25.0,1630171,-6.0,1.5999999999999943,-8.5,-2.5,59.0,42.8
1642268,Isaiah Collier,UTA,21.0,59,25.7,0.204,11.7,4.3,8.7,0.495,0.5,1.7,0.27,2.6,3.5,0.722,0.567,0.521,7.2,2.5,0.404,2.86,12.5,2.5,0.013,0.085,109.4,122.6,-13.2,-7.5,0.102,104.25,41.1,0.1954022988505747,0.4022988505747126,0.6056971821618097,-0.0386971821618097,0.4142857142857141,0.3565944226054155,39.1,8.93956043956044,0.1428571428571428,0.0494505494505494,0.0164835164835164,0.2087912087912088,0.0054945054945054,182.0,46.1,0.261387,0.4333662159809667,0.391,41.2,0.5063291139240507,0.5862068965517241,0.6666666666666666,0.5303030303030303,0.5188679245283019,0.5131578947368421,0.5059523809523809,0.6666666666666666,1.0714285714285714,18.0,182.0,0.1363636363636363,0.0798777826276734,0.9942899702085404,-0.1607142857142857,65.0,1642268,-8.399999999999999,-4.099999999999994,-13.2,-4.8,49.9,52.2
1628392,Isaiah Hartenstein,OKC,28.0,47,24.2,0.153,9.2,3.9,6.3,0.622,0.0,0.1,0.0,1.4,2.2,0.61,0.631,0.622,3.5,1.7,0.189,2.02,13.9,9.4,0.13,0.243,118.8,103.2,15.6,7.8,0.143,100.69,27.7,0.0158730158730158,0.3492063492063492,0.6024191908473681,0.0285808091526319,0.5971428571428572,0.5803339082563712,59.0,4.321637426900585,0.0643274853801169,0.0116959064327485,0.0584795321637426,0.1695906432748538,0.2514619883040935,171.0,26.2,0.165322,0.2740953817841185,0.59,43.2,0.6145833333333334,0.9,1.0,0.6697247706422018,0.6056338028169014,0.68,0.650887573964497,0.5,1.1228070175438596,3.0,171.0,0.3302752293577982,0.2854166666666666,0.9256338028169012,0.150887573964497,89.1,1628392,6.1,2.700000000000003,15.6,9.5,84.9,62.2
1630543,Isaiah Jackson,LAC,24.0,55,16.5,0.152,6.7,2.7,4.3,0.637,0.0,0.1,0.0,1.2,1.9,0.648,0.653,0.637,0.9,1.1,0.083,0.9,14.8,5.3,0.12,0.19,111.8,114.7,-2.9,-0.9,0.104,102.07,20.5,0.0232558139534883,0.4418604651162791,0.6201900734806738,0.0328099265193262,0.6599999999999999,0.594398248256644,63.4,2.6984126984126986,0.0634920634920634,0.0158730158730158,0.0317460317460317,0.2301587301587301,0.2857142857142857,126.0,24.7,0.161291,0.2674121908962041,0.634,45.1,0.6029411764705882,0.5833333333333334,0.7142857142857143,0.6086956521739131,0.609375,0.5806451612903226,0.5967741935483871,0.5,1.0238095238095235,7.0,126.0,0.1055900621118012,-0.0196078431372548,0.9712701612903226,0.0967741935483871,64.3,1630543,2.25,3.1499999999999915,0.0,-2.25,73.6,55.9
1630198,Isaiah Joe,OKC,26.0,71,21.2,0.178,11.1,3.5,7.6,0.455,2.5,6.0,0.423,1.5,1.7,0.894,0.657,0.622,1.3,0.6,0.089,2.09,6.2,2.5,0.022,0.09,116.9,105.2,11.7,5.0,0.099,101.43,32.1,0.7894736842105263,0.2236842105263158,0.5701202179370878,0.0868797820629122,0.6714285714285715,0.7742127972969419,71.3,21.611607142857142,0.1607142857142857,0.03125,0.0535714285714285,0.0491071428571428,0.0044642857142857,224.0,58.7,0.3856590000000001,0.6394028069070141,0.713,67.6,0.4774774774774775,0.4444444444444444,0.25,0.5,0.4406779661016949,0.4528301886792453,0.4470046082949309,0.4285714285714285,1.0357142857142858,8.0,224.0,-0.25,-0.033033033033033,0.9878477774224496,0.0184331797235023,42.6,1630198,0.7999999999999989,0.6000000000000085,11.7,10.9,75.5,68.3
1630191,Isaiah Stewart,DET,24.0,58,22.7,0.164,10.0,3.8,6.9,0.55,0.7,2.1,0.333,1.7,2.3,0.756,0.632,0.6,1.1,1.2,0.073,0.99,11.3,5.0,0.07,0.135,112.8,111.0,1.8,0.7,0.095,101.0,30.1,0.3043478260869565,0.3333333333333333,0.596105634070751,0.0358943659292489,0.5999999999999999,0.6046558506852336,60.2,9.910569105691057,0.08130081300813,0.008130081300813,0.0121951219512195,0.1747967479674796,0.1138211382113821,246.0,35.1,0.221832,0.367786058310053,0.6020000000000001,48.5,0.5899280575539568,0.5,0.4444444444444444,0.5737704918032787,0.5254237288135594,0.53125,0.5330578512396694,0.5,1.0934959349593496,18.0,246.0,-0.1293260473588342,-0.0899280575539568,0.9941737288135594,0.0330578512396694,47.6,1630191,-9.5,-5.0,1.8,11.3,54.9,55.0
1627826,Ivica Zubac,IND,29.0,48,30.1,0.186,14.1,6.0,10.0,0.598,0.0,0.0,0.0,2.1,3.0,0.711,0.622,0.598,2.2,1.8,0.11,1.22,11.7,10.6,0.117,0.234,115.6,117.9,-2.4,-1.0,0.13,97.51,41.7,0.0,0.3,0.5895140771714105,0.0324859228285895,0.5714285714285714,0.5933207425568137,58.0,3.740298507462687,0.1731343283582089,0.0059701492537313,0.026865671641791,0.1462686567164179,0.2298507462686567,335.0,29.8,0.185356,0.3073107244406495,0.58,44.4,0.5487179487179488,0.5294117647058824,0.4736842105263157,0.5563380281690141,0.5833333333333334,0.6,0.5927051671732523,0.5,0.9940298507462688,19.0,335.0,-0.0826538176426983,-0.0193061840120664,0.9833333333333334,0.0927051671732522,54.2,1627826,-6.05,2.5,-10.35,-4.3,58.7,58.5
1629630,Ja Morant,MEM,26.0,20,28.4,0.305,19.5,6.6,16.1,0.41,1.0,4.3,0.235,5.3,5.9,0.897,0.521,0.441,8.1,3.6,0.447,2.27,11.7,3.3,0.013,0.096,109.5,113.9,-4.4,-2.5,0.128,106.6,66.0,0.2670807453416148,0.3664596273291925,0.5872760643318279,-0.0662760643318278,0.2828571428571429,0.2648781749738719,27.6,12.30534351145038,0.3969465648854962,0.0419847328244274,0.1297709923664122,0.1183206106870229,0.015267175572519,262.0,70.6,0.367826,0.609836609163482,0.276,44.3,0.4098360655737705,0.4814814814814814,0.6363636363636364,0.35,0.4,0.4239130434782608,0.4221311475409836,0.0909090909090909,1.1564885496183206,22.0,262.0,0.2863636363636364,0.0716454159077109,0.9760869565217392,0.3312220566318927,84.4,1629630,1.8999999999999997,-2.799999999999997,-4.4,-6.3,66.8,64.5
1642266,Ja'Kobe Walter,TOR,21.0,72,20.5,0.136,7.5,2.5,5.6,0.446,1.5,3.7,0.409,1.0,1.3,0.789,0.61,0.582,1.2,0.5,0.079,2.32,6.5,2.6,0.037,0.088,111.6,110.7,0.9,0.0,0.069,100.83,23.2,0.6607142857142858,0.2321428571428571,0.5772600542506873,0.0327399457493127,0.5371428571428571,0.594165520418277,56.0,17.28654970760234,0.0701754385964912,0.023391812865497,0.0292397660818713,0.0994152046783625,0.0467836257309941,171.0,45.3,0.2763299999999999,0.4581409422122008,0.56,50.9,0.3695652173913043,0.2666666666666666,0.25,0.4181818181818181,0.3854166666666667,0.48,0.4363636363636363,0.25,0.8888888888888888,8.0,171.0,-0.1681818181818181,-0.1028985507246376,0.9054166666666668,0.1863636363636363,44.5,1642266,-3.1,-3.200000000000003,0.9,4.0,63.2,52.3
1631095,Jabari Smith Jr.,HOU,23.0,77,35.1,0.179,15.8,5.7,12.7,0.449,2.3,6.3,0.363,2.1,2.7,0.775,0.569,0.54,1.9,1.4,0.073,1.36,8.0,6.9,0.039,0.152,117.0,112.0,5.0,3.4,0.093,97.66,49.4,0.4960629921259842,0.2125984251968504,0.5700017425883147,-0.0010017425883147,0.4199999999999999,0.4819542631235738,44.5,16.24186046511628,0.2930232558139535,0.013953488372093,0.1627906976744186,0.0674418604651162,0.0441860465116279,430.0,65.3,0.3715569999999999,0.6160224154653446,0.445,53.1,0.4086538461538461,0.2692307692307692,0.3448275862068966,0.5394736842105263,0.4662162162162162,0.4113475177304964,0.4370546318289786,0.0,1.2302325581395348,29.0,430.0,-0.1946460980036297,-0.1394230769230769,0.9451313015142802,0.4370546318289786,49.5,1631095,-1.2000000000000002,3.4000000000000057,5.0,6.2,72.1,61.2
1630702,Jaden Hardy,WAS,23.0,57,15.8,0.239,9.2,3.2,7.5,0.424,1.8,4.6,0.397,1.0,1.3,0.733,0.566,0.545,1.0,1.1,0.095,0.94,10.6,1.5,0.017,0.078,112.0,116.4,-4.4,-1.5,0.066,103.45,34.5,0.6133333333333333,0.1733333333333333,0.5550847386370242,0.0109152613629757,0.4114285714285712,0.5215854156367404,45.5,17.884892086330936,0.2014388489208633,0.014388489208633,0.0431654676258992,0.1007194244604316,0.0071942446043165,139.0,56.1,0.317526,0.5264417935688173,0.455,49.1,0.38,0.6190476190476191,0.3333333333333333,0.5263157894736842,0.369047619047619,0.4909090909090909,0.4160583941605839,0.5,0.7769784172661871,3.0,139.0,-0.1929824561403508,0.239047619047619,0.8781385281385281,-0.083941605839416,49.8,1630702,5.300000000000001,3.4000000000000057,-4.1,-9.4,75.4,54.6
1631093,Jaden Ivey,CHI,24.0,37,18.1,0.192,8.5,3.1,6.9,0.445,1.4,3.6,0.373,1.0,1.3,0.809,0.571,0.543,1.8,1.1,0.145,1.66,10.6,2.5,0.034,0.096,110.3,108.2,2.1,0.7,0.091,101.98,27.7,0.5217391304347826,0.1884057971014492,0.5637689478218193,0.0072310521781806,0.4257142857142855,0.5093332206479814,45.9,15.177304964539006,0.226950354609929,0.0283687943262411,0.1205673758865248,0.0921985815602836,0.0070921985815602,141.0,59.8,0.341458,0.5661198199467798,0.459,51.3,0.4074074074074074,0.4,0.5555555555555556,0.5357142857142857,0.4150943396226415,0.4772727272727273,0.4632352941176471,0.25,1.1418439716312057,9.0,141.0,0.0198412698412698,-0.0074074074074073,0.9378216123499142,0.213235294117647,61.3,1631093,-6.3500000000000005,-5.6000000000000085,-5.4,0.9500000000000002,54.8,53.3
1630183,Jaden McDaniels,MIN,25.0,73,31.7,0.182,14.8,5.7,11.1,0.515,1.4,3.4,0.412,2.0,2.4,0.835,0.611,0.579,2.7,1.8,0.121,1.52,10.8,4.2,0.033,0.094,115.5,112.4,3.1,1.6,0.088,102.0,44.8,0.3063063063063063,0.2162162162162162,0.5717299979652974,0.0392700020347025,0.54,0.6158818559690278,57.0,11.37948717948718,0.2794871794871795,0.0128205128205128,0.1051282051282051,0.1769230769230769,0.0358974358974358,390.0,58.8,0.359268,0.5956478848720478,0.5700000000000001,58.3,0.527363184079602,0.5333333333333333,0.4594594594594595,0.5873015873015873,0.5142857142857142,0.5444444444444444,0.5314136125654451,0.2,1.0384615384615383,37.0,390.0,-0.1278421278421278,0.0059701492537312,0.9698412698412698,0.331413612565445,58.0,1630183,-0.6999999999999997,1.7999999999999972,3.1,3.8,70.6,67.1
1642942,Jahmai Mashack,MEM,23.0,31,21.7,0.156,6.2,2.5,6.3,0.395,0.6,2.4,0.253,0.6,1.1,0.543,0.456,0.444,2.2,1.6,0.141,1.41,14.9,2.6,0.031,0.086,106.2,120.7,-14.5,-6.8,0.041,104.0,23.7,0.3809523809523809,0.1746031746031746,0.5660825214344447,-0.1100825214344446,0.0971428571428572,0.1191955529330108,10.6,22.285714285714285,0.2857142857142857,0.1428571428571428,0.0,0.0,0.0,7.0,74.3,0.338808,0.5617262561033234,0.106,33.4,0.0,0.3333333333333333,,0.3333333333333333,0.3333333333333333,0.0,0.3333333333333333,0.0,0.8571428571428571,0.0,7.0,0.0,0.3333333333333333,0.6666666666666667,0.3333333333333333,65.0,1642942,-11.4,-8.299999999999997,-14.5,-3.1,42.8,32.7
1631170,Jaime Jaquez Jr.,MIA,25.0,75,28.3,0.216,15.4,6.2,12.2,0.507,0.8,2.4,0.317,2.2,2.9,0.769,0.57,0.539,4.7,2.0,0.24,2.32,10.1,5.0,0.042,0.117,114.7,111.9,2.9,1.9,0.113,105.49,49.4,0.1967213114754098,0.2377049180327869,0.5729056906685535,-0.0029056906685535,0.4228571428571426,0.4756224991119556,44.4,7.512471655328798,0.1768707482993197,0.0294784580498866,0.0657596371882086,0.2403628117913832,0.0340136054421768,441.0,48.3,0.2753099999999999,0.456449834619625,0.444,45.0,0.5374449339207048,0.6304347826086957,0.52,0.5517241379310345,0.5165876777251185,0.5521739130434783,0.5465393794749404,0.2307692307692307,1.018140589569161,25.0,441.0,-0.0317241379310344,0.0929898486879908,0.9644137646816402,0.3157701487057096,66.5,1631170,1.2999999999999998,0.6000000000000085,2.9,1.6,72.0,61.0
1631222,Jake LaRavia,LAL,24.0,82,25.1,0.138,8.2,2.9,6.4,0.459,1.0,3.0,0.321,1.4,1.9,0.763,0.571,0.533,1.8,1.1,0.093,1.67,10.6,4.0,0.059,0.103,116.1,116.1,0.0,-0.1,0.067,100.51,28.9,0.46875,0.2968749999999999,0.5907980851158527,-0.0197980851158527,0.4257142857142855,0.4194452029232611,42.3,13.67383512544803,0.1612903225806451,0.014336917562724,0.017921146953405,0.1290322580645161,0.078853046594982,279.0,45.6,0.260376,0.4316900299259726,0.423,42.7,0.5142857142857142,0.4666666666666667,0.5454545454545454,0.4158415841584158,0.5075757575757576,0.4489795918367347,0.4779411764705882,0.25,1.1541218637992832,11.0,279.0,0.1296129612961296,-0.0476190476190475,0.9414038342609772,0.2279411764705882,66.3,1631222,-3.0,1.5,0.0,3.0,66.3,51.1
1627751,Jakob Poeltl,TOR,30.0,46,25.0,0.15,10.7,4.7,6.7,0.7,0.0,0.0,0.0,1.3,2.1,0.602,0.698,0.7,2.0,1.2,0.111,1.63,11.3,7.0,0.102,0.188,114.7,112.6,2.0,1.0,0.115,100.36,28.1,0.0,0.3134328358208955,0.5960221428822907,0.1019778571177092,0.7885714285714285,0.8244229103083671,80.3,3.4035087719298245,0.0175438596491228,0.0,0.0614035087719298,0.2368421052631578,0.1929824561403508,114.0,24.8,0.1731039999999999,0.286997537946299,0.8029999999999999,54.5,0.6909090909090909,0.7272727272727273,1.0,0.6666666666666666,0.64,0.734375,0.6929824561403509,,1.149122807017544,3.0,114.0,0.3333333333333333,0.0363636363636363,0.905625,0.0,74.0,1627751,-1.2999999999999998,1.0,2.0,3.3,68.9,69.5
1628973,Jalen Brunson,NYK,29.0,74,35.0,0.296,26.0,9.3,19.9,0.467,2.6,7.1,0.369,4.8,5.7,0.841,0.58,0.533,6.8,2.4,0.307,2.87,7.5,3.3,0.012,0.083,120.2,114.1,6.1,4.8,0.135,98.25,78.1,0.3567839195979899,0.2864321608040201,0.5723153478080711,0.0076846521919288,0.4514285714285713,0.5108417114900006,47.5,14.55614973262032,0.4719251336898395,0.017379679144385,0.1791443850267379,0.1229946524064171,0.0026737967914438,748.0,80.1,0.4645799999999999,0.7702497699596288,0.475,62.3,0.4713541666666667,0.4607843137254901,0.4285714285714285,0.4422110552763819,0.4552238805970149,0.4826589595375722,0.4646324549237171,0.6153846153846154,1.106951871657754,42.0,748.0,-0.0136396267049533,-0.0105698529411765,0.9725649210594428,-0.1507521604608983,52.0,1628973,-0.8000000000000007,6.799999999999997,6.1,6.9,75.6,77.6
1631105,Jalen Duren,DET,22.0,70,28.2,0.231,19.5,7.5,11.5,0.65,0.0,0.0,0.0,4.6,6.1,0.747,0.688,0.65,2.0,1.9,0.104,1.06,10.3,10.5,0.132,0.23,120.0,108.2,11.8,6.9,0.177,100.81,54.6,0.0,0.5304347826086956,0.6286461155950129,0.059353884404987,0.7599999999999998,0.6826727547995219,72.9,3.43620178041543,0.1068249258160237,0.0148367952522255,0.0415430267062314,0.2433234421364985,0.2522255192878338,337.0,30.6,0.210528,0.3490446071076257,0.7290000000000001,53.9,0.6598984771573604,0.4666666666666667,0.5,0.7076923076923077,0.6540880503144654,0.6235955056179775,0.6445783132530121,0.2,1.1483679525222552,14.0,337.0,-0.2076923076923077,-0.1932318104906937,0.969507455303512,0.444578313253012,47.8,1631105,6.800000000000001,7.700000000000003,11.8,5.0,87.6,73.6
1630224,Jalen Green,PHX,24.0,32,25.9,0.309,17.8,6.8,16.0,0.422,2.2,7.1,0.313,2.0,2.7,0.747,0.516,0.491,2.8,2.3,0.181,1.26,10.1,3.6,0.017,0.122,114.2,113.5,0.7,1.0,0.106,99.56,61.0,0.44375,0.16875,0.5477674349073377,-0.0317674349073376,0.2685714285714287,0.3796399692413164,31.3,18.17391304347826,0.391304347826087,0.0,0.1304347826086956,0.1304347826086956,0.0869565217391304,23.0,73.6,0.379776,0.6296490951745406,0.313,47.1,0.4375,,,,0.5,0.3333333333333333,0.4782608695652174,,1.0,0.0,23.0,0.0,0.0,0.8333333333333333,0.0,50.4,1630224,-0.5,0.7999999999999972,0.7,1.2,69.0,58.7
1630552,Jalen Johnson,ATL,24.0,72,35.2,0.264,22.5,8.3,17.1,0.489,1.7,4.7,0.352,4.2,5.3,0.788,0.581,0.537,7.9,3.4,0.325,2.32,11.1,10.3,0.038,0.241,115.5,112.3,3.2,2.6,0.161,103.58,69.6,0.2748538011695906,0.3099415204678362,0.5809014949578793,9.850504212061129e-05,0.4542857142857142,0.4856132433355685,46.7,11.086124401913876,0.2456140350877192,0.0143540669856459,0.0956937799043062,0.2073365231259968,0.036682615629984,627.0,57.0,0.3311699999999999,0.5490628445424476,0.467,50.8,0.5510835913312694,0.5128205128205128,0.5166666666666667,0.5213675213675214,0.5205992509363296,0.5333333333333333,0.5309446254071661,0.3333333333333333,1.0287081339712918,60.0,627.0,-0.0047008547008546,-0.0382630785107566,0.9872659176029964,0.1976112920738328,60.6,1630552,3.0,4.5,3.2,0.2,76.9,71.1
1629618,Jalen Pickett,DEN,26.0,50,16.1,0.148,5.2,2.0,4.6,0.422,1.0,2.5,0.386,0.3,0.4,0.789,0.541,0.528,2.3,0.7,0.208,3.38,8.8,2.3,0.022,0.107,112.1,112.4,-0.4,0.1,0.084,97.97,17.6,0.5434782608695653,0.0869565217391304,0.5490318500081325,-0.0080318500081324,0.3400000000000001,0.4585749590235219,38.7,17.333333333333332,0.3596491228070175,0.0175438596491228,0.1491228070175438,0.1491228070175438,0.0175438596491228,114.0,75.3,0.407373,0.6754035032454345,0.387,53.1,0.4901960784313725,0.4782608695652174,0.4,0.4166666666666667,0.4230769230769231,0.532258064516129,0.4821428571428571,0.5,0.8333333333333334,15.0,114.0,-0.0166666666666666,-0.0119352088661551,0.8908188585607941,-0.0178571428571428,51.2,1629618,-6.800000000000001,-10.700000000000005,-0.4,6.4,52.9,45.9
1630188,Jalen Smith,CHI,26.0,53,20.7,0.183,10.2,3.7,7.6,0.483,1.5,4.2,0.373,1.3,1.8,0.742,0.608,0.584,1.2,1.0,0.081,1.23,9.4,6.7,0.085,0.218,116.4,113.0,3.4,1.6,0.109,103.79,31.1,0.5526315789473685,0.2368421052631579,0.5737922442145036,0.0342077557854963,0.5314285714285714,0.5990468650617897,55.8,14.54077253218884,0.03862660944206,0.0257510729613733,0.0171673819742489,0.1845493562231759,0.111587982832618,233.0,41.3,0.251104,0.4163175303197354,0.5579999999999999,48.7,0.4930555555555556,0.5714285714285714,0.2777777777777778,0.4888888888888889,0.4326241134751773,0.532608695652174,0.4801762114537445,0.1666666666666666,1.1373390557939915,18.0,233.0,-0.211111111111111,0.0783730158730158,0.9000154178230033,0.3135095447870778,52.7,1630188,11.9,7.200000000000003,3.4,-8.5,89.2,58.3
1630591,Jalen Suggs,ORL,24.0,57,27.6,0.22,13.8,4.9,11.4,0.435,2.1,6.3,0.339,1.8,2.1,0.855,0.561,0.529,5.5,2.7,0.284,2.05,13.1,3.9,0.022,0.112,113.6,108.4,5.2,3.2,0.11,104.54,45.7,0.5526315789473684,0.1842105263157894,0.5596803284577254,0.0013196715422746,0.3971428571428572,0.4896743509771694,43.4,16.32456140350877,0.3552631578947368,0.0175438596491228,0.1096491228070175,0.1271929824561403,0.0307017543859649,228.0,69.8,0.391578,0.6492162047898137,0.434,54.2,0.4409448818897638,0.4347826086956521,0.6,0.4074074074074074,0.5151515151515151,0.375,0.4594594594594595,0.5,1.263157894736842,20.0,228.0,0.1925925925925926,-0.0061622731941116,0.8598484848484849,-0.0405405405405405,61.1,1630591,8.0,0.8999999999999915,5.2,-2.8,81.0,63.0
1631114,Jalen Williams,OKC,25.0,33,28.4,0.252,17.1,6.5,13.5,0.484,0.7,2.3,0.299,3.3,3.9,0.837,0.56,0.51,5.5,1.9,0.274,2.87,8.5,4.6,0.029,0.124,118.1,106.4,11.7,6.9,0.135,102.62,53.9,0.1703703703703703,0.2888888888888888,0.578941254194087,-0.0189412541940869,0.3942857142857143,0.4222946772607116,40.5,9.510135135135137,0.3682432432432432,0.0337837837837837,0.1587837837837837,0.2601351351351351,0.027027027027027,296.0,71.8,0.40208,0.6666279811988627,0.405,53.6,0.4594594594594595,0.4,0.4782608695652174,0.4873417721518987,0.4730538922155688,0.4961240310077519,0.4842105263157895,0.4,1.0608108108108107,23.0,296.0,-0.0090809025866813,-0.0594594594594594,0.976929861207817,0.0842105263157894,56.1,1631114,0.7999999999999989,1.3999999999999917,11.7,10.9,76.1,63.4
1630592,Jalen Wilson,BKN,25.0,54,15.9,0.177,6.4,2.0,5.1,0.396,1.0,2.8,0.355,1.3,1.8,0.719,0.536,0.493,0.9,0.7,0.098,1.32,9.3,2.1,0.019,0.122,104.5,115.4,-10.9,-3.6,0.061,98.57,24.1,0.5490196078431373,0.3529411764705882,0.5966718530150659,-0.0606718530150658,0.3257142857142858,0.2835155232804116,30.9,18.259615384615383,0.0769230769230769,0.0384615384615384,0.0288461538461538,0.0961538461538461,0.0096153846153846,104.0,49.2,0.263712,0.4372209465228673,0.309,37.3,0.2903225806451613,0.35,0.5,0.3461538461538461,0.3125,0.4285714285714285,0.3877551020408163,0.25,1.0,4.0,104.0,0.1538461538461538,0.0596774193548386,0.8839285714285714,0.1377551020408163,67.3,1630592,-1.0,-3.9000000000000057,-10.9,-9.9,59.6,42.9
1631288,Jamal Cain,ORL,27.0,40,12.1,0.159,5.4,1.9,3.8,0.487,0.7,1.8,0.384,1.0,1.2,0.848,0.624,0.579,0.7,0.5,0.085,1.53,8.6,2.0,0.055,0.109,118.0,113.5,4.5,1.1,0.081,100.94,15.9,0.4736842105263158,0.3157894736842105,0.5920806128595162,0.0319193871404838,0.5771428571428572,0.5914366731756805,58.3,14.971428571428572,0.0857142857142857,0.0,0.1142857142857142,0.0571428571428571,0.0571428571428571,35.0,43.8,0.2733119999999999,0.4531372532765209,0.583,51.8,0.3333333333333333,0.4285714285714285,,0.3636363636363636,0.4615384615384615,0.3181818181818182,0.3548387096774194,,0.8571428571428571,0.0,35.0,0.0,0.0952380952380952,0.8566433566433567,0.0,55.5,1631288,4.7,5.0,4.5,-0.2,79.8,54.3
1627750,Jamal Murray,DEN,29.0,75,35.4,0.269,25.4,8.8,18.1,0.483,3.3,7.5,0.435,4.6,5.2,0.887,0.622,0.573,7.1,2.3,0.298,3.13,7.7,4.4,0.013,0.109,124.4,117.7,6.8,5.8,0.142,99.84,71.8,0.4143646408839778,0.287292817679558,0.5750206086161508,0.0469793913838492,0.5714285714285714,0.6415201780110649,59.9,15.850077279752703,0.4884080370942813,0.0324574961360123,0.2055641421947449,0.1391035548686244,0.0061823802163833,647.0,86.9,0.540518,0.8961510722782702,0.599,74.8,0.5139318885448917,0.4794520547945205,0.515625,0.5284552845528455,0.4557522123893805,0.498812351543943,0.4821428571428571,0.3333333333333333,1.1282843894899537,64.0,647.0,-0.0128302845528455,-0.0344798337503711,0.9569398608454376,0.1488095238095238,57.6,1627750,5.3,13.100000000000009,6.8,1.5,87.5,86.6
1642347,Jamal Shead,TOR,23.0,82,22.6,0.149,6.6,2.3,6.1,0.367,1.0,3.2,0.321,1.1,1.4,0.784,0.491,0.45,5.4,1.4,0.306,3.96,10.1,1.7,0.014,0.064,114.1,108.3,5.8,2.8,0.078,100.44,27.6,0.5245901639344263,0.2295081967213114,0.5763127322412126,-0.0853127322412126,0.197142857142857,0.2015698894062034,19.9,16.040485829959515,0.117408906882591,0.0242914979757085,0.0364372469635627,0.1336032388663967,0.0161943319838056,247.0,49.5,0.2430449999999999,0.4029561223897671,0.1989999999999999,30.1,0.3839285714285714,0.4074074074074074,0.3157894736842105,0.3734939759036144,0.3759398496240601,0.3508771929824561,0.3655462184873949,0.3333333333333333,0.9392712550607288,19.0,247.0,-0.0577045022194039,0.0234788359788359,0.974937343358396,0.0322128851540616,55.6,1642347,5.4,1.7999999999999972,5.8,0.4,78.9,37.3
1631123,Jamaree Bouyea,PHX,26.0,46,14.0,0.184,5.7,2.3,5.1,0.458,0.5,1.7,0.295,0.5,0.8,0.686,0.523,0.506,1.8,0.7,0.191,2.73,8.3,1.8,0.026,0.1,106.0,104.6,1.4,0.5,0.103,96.74,21.7,0.3333333333333333,0.1568627450980392,0.5599689231292395,-0.0369689231292394,0.2885714285714287,0.3623419156482983,31.8,13.52127659574468,0.2765957446808511,0.0106382978723404,0.1170212765957446,0.1489361702127659,0.0319148936170212,94.0,61.0,0.31903,0.5289353482935564,0.318,42.3,0.5853658536585366,0.52,0.3333333333333333,0.6226415094339622,0.5517241379310345,0.5538461538461539,0.5714285714285714,0.0,1.3829787234042554,3.0,94.0,-0.2893081761006289,-0.0653658536585365,0.9978779840848806,0.5714285714285714,53.2,1631123,0.8999999999999999,-8.400000000000006,1.4,0.5,64.3,42.2
201935,James Harden,CLE,36.0,70,34.8,0.279,23.6,7.0,16.0,0.434,3.1,8.2,0.375,6.6,7.5,0.884,0.61,0.529,8.0,3.5,0.347,2.27,11.5,4.8,0.017,0.119,118.8,117.0,1.8,1.4,0.143,98.24,72.8,0.5125,0.46875,0.6079131456564888,0.0020868543435111,0.5371428571428571,0.4922256917945056,51.9,16.433835845896148,0.4941373534338358,0.0469011725293132,0.0871021775544388,0.169179229480737,0.0033500837520938,597.0,83.7,0.5105700000000001,0.8464988270013514,0.519,68.3,0.4700598802395209,0.4428571428571428,0.4772727272727273,0.4742647058823529,0.40893470790378,0.4509803921568627,0.4458483754512635,0.2142857142857142,1.016750418760469,44.0,597.0,0.0030080213903743,-0.0272027373823781,0.9579543157469173,0.2315626611655492,60.9,201935,-1.2000000000000002,3.9499999999999886,2.3,3.5,71.3,80.8
1642364,Jamir Watkins,WAS,24.0,50,20.6,0.148,7.4,2.6,5.9,0.446,0.9,3.2,0.297,1.1,1.6,0.695,0.554,0.525,1.3,0.8,0.089,1.68,9.1,3.9,0.046,0.14,109.4,115.8,-6.4,-3.3,0.069,103.26,23.8,0.5423728813559322,0.2711864406779661,0.5842627299278154,-0.0302627299278153,0.3771428571428572,0.3846440115974754,38.0,17.1,0.1,0.0,0.05,0.1,0.05,20.0,46.0,0.25484,0.4225116263646989,0.38,40.1,0.25,0.3333333333333333,,0.4285714285714285,0.3571428571428571,0.3333333333333333,0.35,,1.05,0.0,20.0,0.0,0.0833333333333333,0.9761904761904762,0.0,60.6,1642364,6.799999999999999,0.3000000000000113,-6.4,-13.2,73.8,46.3
1641716,Jarace Walker,IND,22.0,76,25.7,0.2,11.6,4.0,9.6,0.419,1.8,4.7,0.374,1.8,2.4,0.749,0.543,0.51,2.5,1.8,0.143,1.38,12.1,5.1,0.023,0.17,106.5,117.6,-11.1,-6.0,0.09,104.46,41.6,0.4895833333333333,0.25,0.574900918442595,-0.031900918442595,0.3457142857142858,0.3791960567977691,35.9,16.33228840125392,0.2570532915360501,0.018808777429467,0.0721003134796238,0.1128526645768025,0.0156739811912225,319.0,60.4,0.327972,0.5437607248551367,0.359,45.1,0.3831168831168831,0.3333333333333333,0.5,0.2887323943661972,0.4378378378378378,0.2686567164179104,0.3697749196141479,0.3333333333333333,1.1128526645768024,24.0,319.0,0.2112676056338028,-0.0497835497835498,0.8308188785800725,0.0364415862808146,60.9,1641716,-6.4,-3.5999999999999943,-11.1,-4.7,53.5,52.6
1642272,Jared McCain,OKC,22.0,67,17.3,0.198,8.3,3.0,7.2,0.425,1.5,3.8,0.385,0.8,0.9,0.864,0.551,0.528,1.3,0.8,0.111,1.61,8.6,2.0,0.019,0.092,113.5,108.9,4.6,1.9,0.079,102.61,30.2,0.5277777777777778,0.125,0.5509463145168112,5.368548318884781e-05,0.3685714285714287,0.4854641915451304,41.5,15.440217391304348,0.3097826086956521,0.0489130434782608,0.108695652173913,0.1739130434782608,0.0,184.0,71.2,0.392312,0.65043313907702,0.415,53.3,0.4166666666666667,0.5,0.1666666666666666,0.42,0.3571428571428571,0.3720930232558139,0.3684210526315789,0.4444444444444444,1.2391304347826086,6.0,184.0,-0.2533333333333333,0.0833333333333333,0.9850498338870431,-0.0760233918128654,45.0,1642272,-1.5499999999999998,-3.1999999999999886,4.65,6.2,66.7,51.7
1628991,Jaren Jackson Jr.,UTA,26.0,48,30.3,0.253,19.4,7.1,15.0,0.476,1.8,4.9,0.357,3.4,4.2,0.803,0.576,0.534,2.0,2.2,0.105,0.88,10.6,5.7,0.027,0.14,108.7,110.8,-2.0,-1.3,0.107,103.6,58.9,0.3266666666666667,0.28,0.5760081324703767,-8.132470376787104e-06,0.4399999999999999,0.4852586099446018,45.8,12.248496993987976,0.1703406813627254,0.0180360721442885,0.0841683366733467,0.1282565130260521,0.0300601202404809,499.0,49.6,0.2856959999999999,0.4736692889887341,0.4579999999999999,46.6,0.4941176470588235,0.3333333333333333,0.4411764705882353,0.4455445544554455,0.4723404255319149,0.4696969696969697,0.4794238683127572,0.1111111111111111,1.1122244488977957,34.0,499.0,-0.0043680838672102,-0.1607843137254902,0.9973565441650548,0.3683127572016461,60.1,1628991,16.65,0.9500000000000028,12.25,-4.4,94.3,66.6
1629020,Jarred Vanderbilt,LAL,27.0,65,17.3,0.119,4.4,1.7,3.7,0.471,0.4,1.5,0.293,0.5,0.9,0.589,0.544,0.531,1.3,0.9,0.098,1.5,13.8,4.5,0.073,0.194,113.9,113.7,0.2,0.1,0.08,100.41,15.4,0.4054054054054054,0.2432432432432432,0.5830792145509283,-0.0390792145509282,0.3485714285714287,0.355323936840704,35.1,11.178571428571429,0.0,0.0089285714285714,0.0089285714285714,0.1875,0.1428571428571428,112.0,31.1,0.169184,0.2804983793552237,0.351,31.6,0.5,0.4285714285714285,0.5,0.4772727272727273,0.509090909090909,0.4210526315789473,0.4684684684684684,0.0,1.25,4.0,112.0,0.0227272727272727,-0.0714285714285714,0.9119617224880384,0.4684684684684684,63.9,1629020,-1.9,-2.799999999999997,0.2,2.1,64.6,38.4
1628386,Jarrett Allen,CLE,28.0,56,27.1,0.196,15.4,6.0,9.4,0.638,0.0,0.2,0.1,3.3,4.7,0.709,0.669,0.639,1.8,1.3,0.092,1.33,9.1,8.5,0.097,0.202,119.3,112.9,6.4,3.8,0.143,102.56,43.5,0.0212765957446808,0.5,0.6265046495315564,0.0424953504684436,0.7057142857142857,0.6266080650235993,67.4,4.367647058823529,0.0992647058823529,0.0073529411764705,0.0514705882352941,0.1985294117647058,0.1286764705882352,272.0,31.5,0.210735,0.3493878024720014,0.674,51.2,0.6153846153846154,0.6785714285714286,0.5,0.6329113924050633,0.584,0.6122448979591837,0.6059479553903345,0.0,1.0845588235294117,10.0,272.0,-0.1329113924050633,0.0631868131868131,0.9717551020408164,0.6059479553903345,67.1,1628386,3.6000000000000005,3.5,6.4,2.8,78.4,69.4
1642914,Javon Small,MEM,23.0,41,20.2,0.183,9.7,3.3,7.0,0.465,1.5,3.5,0.423,1.7,2.0,0.829,0.611,0.569,3.7,1.4,0.257,2.7,10.6,3.1,0.04,0.109,111.7,117.4,-5.7,-2.6,0.109,104.37,29.3,0.5,0.2857142857142857,0.5835146898966656,0.0274853101033344,0.54,0.5766907199115325,55.5,16.964285714285715,0.3928571428571428,0.0178571428571428,0.0357142857142857,0.1071428571428571,0.0,56.0,68.5,0.418535,0.6939095257437973,0.555,62.4,0.2857142857142857,0.5555555555555556,0.0,0.4814814814814814,0.3947368421052631,0.2222222222222222,0.3333333333333333,0.0,0.7857142857142857,2.0,56.0,-0.4814814814814814,0.2698412698412699,0.827485380116959,0.3333333333333333,42.8,1642914,0.0999999999999996,0.0,-5.7,-5.8,66.2,59.2
1629750,Javonte Green,DET,32.0,82,17.6,0.143,6.9,2.3,5.0,0.447,1.1,3.0,0.381,1.3,1.5,0.84,0.607,0.56,0.7,0.5,0.052,1.24,7.9,2.8,0.042,0.112,113.0,105.4,7.6,2.6,0.095,102.74,22.6,0.6,0.3,0.5899042934464203,0.0170957065535797,0.5285714285714285,0.5421390855817412,53.4,14.68780487804878,0.0146341463414634,0.0097560975609756,0.0390243902439024,0.1365853658536585,0.0341463414634146,205.0,38.8,0.2355159999999999,0.3904734272284901,0.534,46.2,0.4065934065934066,0.4137931034482758,0.3076923076923077,0.4909090909090909,0.4369747899159664,0.4302325581395348,0.4356435643564356,0.5,1.0292682926829269,13.0,205.0,-0.1832167832167832,0.0071996968548692,0.9932577682235684,-0.0643564356435643,46.3,1629750,-1.0999999999999996,-4.900000000000006,7.6,8.7,67.4,50.0
1629637,Jaxson Hayes,LAL,25.0,66,18.3,0.124,7.5,3.0,4.0,0.756,0.0,0.0,1.0,1.5,2.3,0.653,0.758,0.761,0.9,0.5,0.071,1.9,7.4,4.1,0.083,0.139,115.5,113.1,2.4,1.1,0.109,100.49,19.2,0.0,0.575,0.6488766252225322,0.1091233747774678,0.96,0.8481860223553974,91.5,2.431372549019608,0.0196078431372549,0.0196078431372549,0.0,0.1666666666666666,0.4705882352941176,102.0,13.3,0.100814,0.1671444321940463,0.915,54.1,0.7678571428571429,0.8,0.3333333333333333,0.7931034482758621,0.8125,0.7037037037037037,0.77,0.0,1.392156862745098,3.0,102.0,-0.4597701149425288,0.0321428571428571,0.8912037037037037,0.77,47.7,1629637,1.2999999999999998,-0.5999999999999943,2.4,1.1,70.9,64.7
1630643,Jay Huff,IND,28.0,82,21.0,0.178,9.5,3.5,7.5,0.476,1.5,4.5,0.319,1.0,1.2,0.828,0.598,0.574,1.5,0.9,0.105,1.59,9.0,4.0,0.041,0.135,107.4,113.7,-6.3,-3.1,0.092,102.99,31.9,0.6,0.16,0.5593072841578988,0.0386927158421012,0.5028571428571427,0.6139620347424642,54.7,17.24901185770751,0.0395256916996047,0.0079051383399209,0.0039525691699604,0.1383399209486166,0.0632411067193675,253.0,41.4,0.247572,0.4104616557932869,0.547,47.9,0.4651162790697674,0.3928571428571428,0.4285714285714285,0.4424778761061947,0.457516339869281,0.45,0.4556451612903225,0.5,1.0553359683794463,14.0,253.0,-0.0139064475347661,-0.0722591362126245,0.992483660130719,-0.0443548387096774,52.9,1630643,2.1000000000000005,-2.1999999999999886,-6.3,-8.4,66.6,55.8
1627759,Jaylen Brown,BOS,29.0,71,34.4,0.351,28.7,10.4,21.7,0.477,2.0,5.7,0.347,6.0,7.5,0.795,0.573,0.522,5.1,3.6,0.251,1.41,10.8,6.9,0.032,0.155,119.5,113.0,6.5,4.5,0.152,97.73,89.5,0.2626728110599078,0.3456221198156682,0.5782896042874148,-0.0052896042874148,0.4314285714285713,0.467694563148061,44.6,13.755154639175258,0.4819587628865979,0.0206185567010309,0.2667525773195876,0.1275773195876288,0.0115979381443298,776.0,85.4,0.489342,0.8113038936923345,0.446,62.9,0.4766584766584766,0.4845360824742268,0.4492753623188406,0.5743243243243243,0.4695863746958637,0.5095890410958904,0.4887417218543046,0.4375,1.2036082474226804,69.0,776.0,-0.1250489620054837,0.0078776058157501,0.9599973335999732,0.0512417218543046,50.9,1627759,-4.1,2.200000000000003,6.5,10.6,68.6,80.3
1641740,Jaylen Clark,MIN,24.0,68,13.1,0.126,4.0,1.5,3.4,0.434,0.5,1.5,0.327,0.6,1.0,0.657,0.534,0.507,0.6,0.3,0.064,1.87,7.1,1.8,0.056,0.069,113.0,108.9,4.1,1.1,0.054,103.47,13.8,0.4411764705882353,0.2941176470588235,0.5917825190186491,-0.057782519018649,0.32,0.2931242837324102,30.9,12.023255813953488,0.0155038759689922,0.0387596899224806,0.0387596899224806,0.1705426356589147,0.1007751937984496,129.0,38.3,0.2045219999999999,0.3390869676948711,0.309,32.4,0.373134328358209,0.4285714285714285,0.5,0.4736842105263157,0.4285714285714285,0.4383561643835616,0.4471544715447154,0.2,1.193798449612403,4.0,129.0,0.0263157894736842,0.0554371002132195,0.990215264187867,0.2471544715447154,67.7,1641740,1.2999999999999998,-2.0999999999999943,4.1,2.8,70.6,38.1
1642377,Jaylen Wells,MEM,22.0,69,26.4,0.189,12.5,4.4,10.1,0.431,1.9,5.3,0.353,1.9,2.5,0.784,0.559,0.524,1.6,1.1,0.085,1.5,7.8,3.2,0.031,0.086,113.4,117.8,-4.4,-2.6,0.069,102.14,41.0,0.5247524752475248,0.2475247524752475,0.5753785499712547,-0.0163785499712546,0.3914285714285714,0.4308171987196565,40.7,16.719251336898395,0.2352941176470588,0.0240641711229946,0.1443850267379679,0.0909090909090909,0.0320855614973262,374.0,63.1,0.352729,0.5848065588447414,0.407,49.6,0.3838383838383838,0.4074074074074074,0.375,0.3647058823529411,0.3821989528795811,0.4207650273224044,0.4016620498614958,0.3333333333333333,1.0508021390374331,24.0,374.0,0.0102941176470588,0.0235690235690235,0.9614339255571768,0.0683287165281625,59.6,1642377,3.1999999999999997,4.400000000000006,-4.4,-7.6,73.5,57.4
1631119,Jaylin Williams,OKC,23.0,65,19.7,0.153,7.2,2.3,5.4,0.423,1.5,3.9,0.383,1.1,1.4,0.793,0.597,0.563,2.4,1.0,0.169,2.36,10.9,5.5,0.025,0.225,114.6,103.1,11.5,4.7,0.115,102.17,24.1,0.7222222222222222,0.2592592592592592,0.5801415434416561,0.0168584565583438,0.5,0.5413500877108524,51.7,21.22556390977444,0.0451127819548872,0.0225563909774436,0.037593984962406,0.075187969924812,0.0,133.0,49.4,0.2949179999999999,0.4889588911639627,0.517,50.3,0.3670886075949367,0.3333333333333333,0.4,0.3928571428571428,0.3835616438356164,0.3333333333333333,0.3622047244094488,0.3333333333333333,1.075187969924812,5.0,133.0,0.0071428571428571,-0.0337552742616034,0.9497716894977168,0.0288713910761155,55.5,1631119,0.6999999999999993,-2.800000000000012,11.5,10.8,72.8,54.0
1642281,Jaylon Tyson,CLE,23.0,66,26.9,0.189,13.2,5.0,10.2,0.493,2.0,4.5,0.446,1.2,1.6,0.738,0.608,0.592,2.2,1.5,0.115,1.48,10.3,5.1,0.064,0.118,117.0,113.4,3.6,1.7,0.092,101.39,39.8,0.4411764705882353,0.1568627450980392,0.5586460243811076,0.0493539756188924,0.5314285714285714,0.6494170882041816,57.9,12.257142857142858,0.0171428571428571,0.0085714285714285,0.0314285714285714,0.1885714285714285,0.0857142857142857,350.0,36.3,0.2207039999999999,0.3659158922664986,0.579,47.2,0.4857142857142857,0.4761904761904761,0.4,0.5447154471544715,0.4952830188679245,0.5362318840579711,0.5116279069767442,0.6666666666666666,1.0057142857142858,15.0,350.0,-0.1447154471544715,-0.0095238095238095,0.9590511348099536,-0.1550387596899224,43.9,1642281,-1.1,-0.0999999999999943,3.6,4.7,69.0,58.0
203924,Jerami Grant,POR,32.0,57,29.7,0.228,18.6,5.8,12.8,0.453,2.4,6.1,0.389,4.6,5.6,0.814,0.608,0.547,2.1,2.1,0.107,1.03,10.8,3.5,0.03,0.082,114.9,115.2,-0.3,-0.1,0.094,104.02,55.2,0.4765624999999999,0.4374999999999999,0.6077783905202371,0.0002216094797629,0.5314285714285714,0.4860226390832908,51.3,13.92429022082019,0.1230283911671924,0.0220820189274447,0.0694006309148265,0.2618296529968454,0.0220820189274447,317.0,54.4,0.330752,0.5483698220192156,0.513,53.1,0.4545454545454545,0.4375,0.4848484848484848,0.5,0.4692307692307692,0.4117647058823529,0.4379084967320261,0.2857142857142857,1.1735015772870665,33.0,317.0,-0.0151515151515151,-0.0170454545454545,0.9425339366515836,0.1521942110177404,57.7,203924,0.0,5.0,-0.3,-0.3,72.2,67.1
1642847,Jeremiah Fears,NOP,19.0,82,25.8,0.245,14.3,5.3,12.3,0.434,1.2,3.7,0.33,2.4,3.0,0.789,0.525,0.485,3.4,2.2,0.195,1.57,11.3,3.7,0.026,0.109,111.8,118.2,-6.4,-3.5,0.093,102.98,52.4,0.3008130081300812,0.2439024390243902,0.5701681191529911,-0.0451681191529911,0.2942857142857142,0.3350746940017483,31.1,10.759109311740891,0.2550607287449393,0.0222672064777327,0.1153846153846153,0.2165991902834008,0.0141700404858299,494.0,60.1,0.315525,0.5231242383798526,0.311,41.7,0.4356846473029045,0.4285714285714285,0.375,0.4171428571428571,0.4216417910447761,0.4424778761061947,0.4246861924686193,0.6363636363636364,0.9777327935222672,16.0,494.0,-0.0421428571428571,-0.007113218731476,0.9791639149385812,-0.211677443895017,49.3,1642847,-4.6000000000000005,-0.4000000000000057,-6.4,-1.8,60.1,52.1
1630526,Jeremiah Robinson-Earl,DAL,25.0,22,16.4,0.129,4.6,1.7,4.5,0.37,0.5,1.9,0.244,0.8,0.8,0.944,0.468,0.42,0.7,0.5,0.057,1.25,9.0,4.7,0.088,0.183,109.3,119.5,-10.2,-3.9,0.069,104.82,13.6,0.4222222222222222,0.1777777777777777,0.5693475073486911,-0.101347507348691,0.1314285714285714,0.1482446895156728,13.8,11.850574712643676,0.0804597701149425,0.0114942528735632,0.0689655172413793,0.1494252873563218,0.1954022988505747,87.0,38.9,0.182052,0.3018328621996005,0.138,22.0,0.3125,0.2,0.5,0.3114754098360656,0.3409090909090909,0.3488372093023256,0.3488372093023256,0.0,1.0,2.0,87.0,0.1885245901639344,-0.1124999999999999,0.9920718816067652,0.3488372093023256,72.2,1630526,-15.4,-2.950000000000017,-8.65,6.75,44.8,26.7
1630579,Jericho Sims,MIL,27.0,67,19.7,0.095,5.0,2.2,2.8,0.784,0.0,0.0,0.0,0.7,1.1,0.62,0.772,0.784,1.6,1.1,0.109,1.39,19.0,5.5,0.115,0.171,110.3,120.3,-10.1,-4.1,0.083,97.72,13.0,0.0,0.3928571428571429,0.6172264824251257,0.1547735175748743,1.0,1.0,100.0,2.0,0.0,0.0,0.0,0.4186046511627907,0.2558139534883721,43.0,24.9,0.192228,0.3187041473584733,1.0,65.9,0.84,1.0,1.0,0.8571428571428571,0.9047619047619048,0.8181818181818182,0.8536585365853658,,1.2790697674418603,3.0,43.0,0.1428571428571429,0.16,0.9134199134199136,0.0,69.0,1630579,-5.4,-1.0,-10.1,-4.7,57.1,72.8
1641724,Jett Howard,ORL,22.0,55,12.6,0.166,5.5,1.9,4.6,0.418,1.0,2.6,0.372,0.7,0.7,0.949,0.561,0.526,0.8,0.3,0.095,3.0,4.6,1.6,0.03,0.096,112.6,118.1,-5.5,-1.3,0.07,100.55,18.6,0.5652173913043479,0.1521739130434782,0.5593744802698586,0.0016255197301414,0.3971428571428572,0.4906914787912382,43.5,17.241071428571427,0.1339285714285714,0.0357142857142857,0.0267857142857142,0.1339285714285714,0.0,112.0,53.3,0.299013,0.4957481907635682,0.435,46.5,0.3333333333333333,0.3414634146341463,0.3333333333333333,0.4193548387096774,0.3,0.3780487804878049,0.3679245283018867,0.0,0.8928571428571429,3.0,112.0,-0.0860215053763441,0.008130081300813,0.921951219512195,0.3679245283018867,59.1,1641724,-7.4,-1.2000000000000028,-5.5,1.9,56.7,46.9
1628975,Jevon Carter,ORL,30.0,53,16.4,0.166,6.4,2.3,5.8,0.401,1.5,4.1,0.363,0.3,0.4,0.789,0.537,0.528,1.6,0.7,0.148,2.42,8.2,1.7,0.015,0.085,110.0,115.6,-5.7,-1.6,0.074,101.62,21.9,0.7068965517241379,0.0689655172413793,0.5424467863949083,-0.0054467863949082,0.3285714285714287,0.4671718388039328,38.4,20.13636363636364,0.25,0.0113636363636363,0.0795454545454545,0.1022727272727272,0.0,88.0,64.9,0.348513,0.5778166474620952,0.384,48.1,0.4680851063829787,0.3333333333333333,0.3333333333333333,0.3939393939393939,0.3829787234042553,0.4146341463414634,0.4,1.0,0.8522727272727273,6.0,88.0,-0.0606060606060606,-0.1347517730496454,0.968344577062792,-0.6,32.7,1628975,-9.7,-6.449999999999989,-7.9,1.7999999999999998,49.1,41.4
202710,Jimmy Butler III,GSW,36.0,38,31.1,0.226,20.0,6.3,12.2,0.519,0.8,2.2,0.376,6.5,7.6,0.864,0.646,0.554,4.9,1.6,0.24,3.08,7.2,5.6,0.073,0.101,116.6,109.2,7.3,4.9,0.155,101.73,56.3,0.180327868852459,0.6229508196721312,0.6455843925404116,0.0004156074595884,0.6399999999999999,0.4866677981817638,57.9,9.0,0.2113022113022113,0.0319410319410319,0.1523341523341523,0.1941031941031941,0.0884520884520884,407.0,55.3,0.3572379999999999,0.592282249173098,0.579,58.6,0.5258215962441315,0.4565217391304347,0.4285714285714285,0.6470588235294118,0.5255813953488372,0.5104166666666666,0.5358974358974359,0.1538461538461538,1.1842751842751842,35.0,407.0,-0.2184873949579832,-0.0692998571136967,0.9848352713178294,0.382051282051282,51.7,202710,11.3,5.299999999999997,7.3,-4.0,89.0,72.4
1629111,Jock Landale,ATL,30.0,68,22.1,0.177,10.6,4.1,8.1,0.515,1.1,2.8,0.383,1.2,1.9,0.635,0.595,0.582,1.7,0.9,0.11,1.92,7.7,5.7,0.111,0.136,114.6,116.8,-2.2,-0.8,0.098,101.83,33.2,0.345679012345679,0.2345679012345679,0.575502656215344,0.0194973437846559,0.4942857142857142,0.5501259631371334,51.7,11.205387205387206,0.1481481481481481,0.0101010101010101,0.0471380471380471,0.0875420875420875,0.1750841750841751,297.0,38.8,0.2308599999999999,0.3827540184529681,0.517,45.0,0.5389221556886228,0.4347826086956521,0.5333333333333333,0.5,0.5231788079470199,0.5136986301369864,0.5205479452054794,0.3333333333333333,1.037037037037037,15.0,297.0,0.0333333333333333,-0.1041395469929706,0.9905198221899664,0.1872146118721461,59.8,1629111,-5.449999999999999,1.5999999999999943,-0.6499999999999999,4.8,63.3,55.1
203954,Joel Embiid,PHI,32.0,38,31.6,0.336,26.9,9.0,18.3,0.489,1.4,4.2,0.333,7.5,8.8,0.854,0.605,0.527,3.9,2.9,0.209,1.38,9.9,7.7,0.063,0.169,119.1,113.2,5.8,4.1,0.163,100.69,80.5,0.2295081967213114,0.4808743169398907,0.6060286281056653,-0.0010286281056652,0.5228571428571427,0.4818648527279014,50.6,12.621794871794872,0.282051282051282,0.0096153846153846,0.2724358974358974,0.1538461538461538,0.0801282051282051,312.0,68.9,0.416845,0.6911075925757061,0.506,59.9,0.5178571428571429,0.2758620689655172,0.2,0.5652173913043478,0.5033112582781457,0.4472049689440994,0.4819672131147541,0.0,1.1794871794871795,25.0,312.0,-0.3652173913043477,-0.2419950738916256,0.9438937106659536,0.4819672131147541,36.6,203954,8.6,7.799999999999997,5.8,-2.8,87.0,76.6
1628381,John Collins,LAC,28.0,69,27.1,0.188,13.6,5.3,9.6,0.552,1.3,3.2,0.406,1.7,2.2,0.766,0.643,0.62,1.0,1.4,0.058,0.74,10.7,5.3,0.061,0.135,113.9,115.1,-1.2,-0.6,0.098,97.98,40.1,0.3333333333333333,0.2291666666666666,0.5733549540559671,0.0696450459440328,0.6314285714285715,0.7168970106744557,66.6,11.153153153153154,0.1741741741741741,0.006006006006006,0.081081081081081,0.1681681681681681,0.078078078078078,333.0,47.8,0.307354,0.5095771402044251,0.6659999999999999,58.8,0.5392670157068062,0.5833333333333334,0.7058823529411765,0.5620915032679739,0.5906040268456376,0.5163043478260869,0.5548780487804879,0.5,1.108108108108108,17.0,333.0,0.1437908496732026,0.0440663176265271,0.9257003209804492,0.0548780487804878,66.0,1628381,-4.2,-2.5999999999999943,-1.2,3.0,61.4,69.2
1629723,John Konchar,UTA,30.0,56,19.9,0.09,4.4,1.7,3.6,0.472,0.5,1.8,0.283,0.6,0.8,0.727,0.568,0.543,2.1,0.6,0.136,3.37,9.4,4.3,0.059,0.14,106.1,112.0,-5.9,-2.6,0.09,105.42,12.3,0.5,0.2222222222222222,0.581553561197267,-0.013553561197267,0.417142857142857,0.440211972893392,42.6,14.634615384615383,0.0192307692307692,0.0192307692307692,0.0384615384615384,0.0576923076923076,0.0576923076923076,52.0,36.0,0.2044799999999999,0.3390173338528238,0.426,38.3,0.5151515151515151,,,0.5,0.5238095238095238,0.4838709677419355,0.5098039215686274,0.0,1.0192307692307692,0.0,52.0,0.0,0.0,0.9600614439324116,0.5098039215686274,68.9,1629723,-0.4500000000000002,-7.499999999999986,-4.8,-4.35,60.5,43.0
1642277,Johnny Furphy,IND,21.0,35,18.4,0.125,5.1,2.0,4.3,0.47,0.7,2.0,0.324,0.5,1.0,0.486,0.547,0.547,1.2,0.8,0.085,1.41,12.4,4.4,0.049,0.191,110.1,114.8,-4.6,-1.7,0.066,102.22,15.3,0.4651162790697674,0.2325581395348837,0.5799501979119754,-0.0329501979119754,0.3571428571428572,0.3757065761489483,36.5,13.231707317073171,0.0365853658536585,0.0,0.0,0.2073170731707317,0.0609756097560975,82.0,37.6,0.205672,0.3409936086080692,0.365,35.3,0.5609756097560976,0.7272727272727273,,0.5789473684210527,0.5434782608695652,0.5277777777777778,0.5365853658536586,,0.902439024390244,0.0,82.0,0.0,0.1662971175166296,0.9842995169082126,0.0,64.5,1642277,4.0,1.0,-4.6,-8.6,71.9,41.2
202685,Jonas Valančiūnas,DEN,34.0,65,13.4,0.26,8.7,3.5,6.0,0.582,0.1,0.4,0.308,1.6,2.1,0.772,0.63,0.592,1.2,1.1,0.15,1.07,12.1,5.1,0.124,0.246,114.6,116.6,-2.0,-0.7,0.15,97.23,35.4,0.0666666666666666,0.35,0.5904954952266905,0.0395045047733094,0.5942857142857143,0.6166617175715305,60.3,7.12087912087912,0.2362637362637362,0.0164835164835164,0.1648351648351648,0.0989010989010989,0.1373626373626373,182.0,48.3,0.30429,0.5044971856322172,0.603,55.4,0.5555555555555556,0.625,0.5384615384615384,0.5892857142857143,0.5217391304347826,0.6222222222222222,0.5842696629213483,0.0,1.054945054945055,13.0,182.0,-0.0508241758241758,0.0694444444444444,0.8995169082125604,0.5842696629213483,68.0,202685,-9.0,-7.5,-2.0,7.0,51.9,63.5
1630228,Jonathan Kuminga,ATL,23.0,36,23.1,0.226,12.2,4.4,9.4,0.463,1.0,2.9,0.333,2.5,3.4,0.724,0.557,0.515,2.3,1.9,0.148,1.24,12.3,5.6,0.056,0.182,112.0,108.0,4.1,2.0,0.111,102.73,41.3,0.3085106382978723,0.3617021276595744,0.59471424130361,-0.0377142413036099,0.3857142857142859,0.3598632877683344,37.5,10.784530386740332,0.2486187845303867,0.005524861878453,0.1104972375690607,0.1878453038674033,0.0662983425414364,181.0,55.3,0.308021,0.51068299193408,0.375,44.3,0.4158415841584158,0.4285714285714285,0.1666666666666666,0.391304347826087,0.4428571428571428,0.4234234234234234,0.4406779661016949,0.0,1.1823204419889504,12.0,181.0,-0.2246376811594203,0.0127298444130127,0.9805662805662806,0.4406779661016949,56.1,1630228,0.5999999999999996,-4.049999999999997,5.05,4.45,68.8,53.2
203903,Jordan Clarkson,NYK,33.0,72,17.8,0.203,8.6,3.3,7.3,0.451,1.0,3.0,0.327,1.1,1.3,0.83,0.548,0.517,1.3,0.9,0.11,1.52,8.7,1.8,0.047,0.049,115.4,111.7,3.7,1.5,0.068,98.78,32.2,0.4109589041095891,0.1780821917808219,0.5613881614141728,-0.0133881614141727,0.3600000000000001,0.4407620259147928,39.2,15.16875,0.2,0.03125,0.071875,0.121875,0.025,320.0,56.2,0.307976,0.5106083842461723,0.392,45.1,0.4696132596685083,0.217391304347826,0.5909090909090909,0.4487179487179487,0.4342857142857143,0.4275862068965517,0.4466019417475728,0.0,1.190625,22.0,320.0,0.1421911421911422,-0.2522219553206822,0.9933004926108376,0.4466019417475728,66.1,203903,-3.7,-3.0999999999999943,3.7,7.4,63.9,52.1
1630692,Jordan Goodwin,PHX,27.0,70,22.5,0.167,8.7,3.3,7.9,0.413,1.6,4.3,0.371,0.6,0.8,0.696,0.525,0.514,2.2,1.0,0.136,2.22,8.5,4.9,0.08,0.134,113.4,110.1,3.3,1.3,0.098,99.3,30.5,0.5443037974683543,0.1012658227848101,0.549682347620917,-0.0246823476209169,0.2942857142857142,0.403202114220452,33.8,15.743333333333334,0.1733333333333333,0.0133333333333333,0.0666666666666666,0.1,0.09,300.0,50.8,0.2667,0.4421748969999419,0.3379999999999999,39.0,0.4347826086956521,0.3448275862068966,0.5714285714285714,0.3304347826086956,0.4191176470588235,0.3658536585365853,0.3904109589041096,0.0,1.163333333333333,28.0,300.0,0.2409937888198757,-0.0899550224887555,0.946736011477762,0.3904109589041096,75.0,1630692,3.5,1.0,3.3,-0.2,75.0,49.9
1641722,Jordan Hawkins,NOP,24.0,51,13.6,0.175,5.1,1.8,5.0,0.366,0.9,2.6,0.348,0.5,0.5,0.852,0.48,0.457,0.8,0.7,0.086,1.24,9.9,1.7,0.026,0.089,107.0,116.8,-9.8,-2.6,0.055,103.84,20.2,0.52,0.1,0.548739628023212,-0.0687396280232119,0.1657142857142857,0.2566853549682554,20.2,19.03921568627451,0.4313725490196078,0.0326797385620915,0.2941176470588235,0.0457516339869281,0.0261437908496732,153.0,88.4,0.42432,0.7035007585114937,0.2019999999999999,45.3,0.2948717948717949,0.2,0.4166666666666667,0.2615384615384615,0.3516483516483517,0.2903225806451613,0.3333333333333333,0.0,0.8496732026143791,12.0,153.0,0.1551282051282051,-0.0948717948717948,0.9386742289968096,0.3333333333333333,68.2,1641722,-6.500000000000001,-6.799999999999997,-9.8,-3.3,51.7,40.9
1641757,Jordan Miller,LAC,26.0,60,22.1,0.177,10.0,3.5,6.7,0.531,0.6,1.8,0.345,2.3,2.9,0.777,0.628,0.579,2.3,1.1,0.157,2.16,9.3,3.0,0.041,0.097,114.3,114.7,-0.4,-0.2,0.106,98.57,32.1,0.2686567164179104,0.4328358208955223,0.6139635206782843,0.0140364793217157,0.5885714285714285,0.5319653286967058,56.6,13.26027397260274,0.1095890410958904,0.0273972602739726,0.0,0.2328767123287671,0.0410958904109589,73.0,47.1,0.295788,0.4904013064635127,0.5660000000000001,52.8,0.5517241379310345,0.4736842105263157,0.0,0.5714285714285714,0.5757575757575758,0.45,0.5,1.0,0.9863013698630136,1.0,73.0,-0.5714285714285714,-0.0780399274047187,0.8742424242424243,-0.5,4.5,1641757,-2.2,-1.7000000000000028,-0.4,1.8,64.7,49.1
1629673,Jordan Poole,NOP,26.0,39,23.9,0.235,13.4,4.2,11.4,0.372,2.5,7.4,0.333,2.5,2.9,0.86,0.53,0.48,3.1,1.8,0.185,1.72,10.2,2.0,0.009,0.067,109.4,117.3,-7.9,-3.7,0.073,104.18,45.2,0.6491228070175439,0.2543859649122806,0.5707615281630193,-0.0407615281630192,0.3085714285714287,0.3497292397500368,32.5,18.673228346456693,0.3622047244094488,0.0236220472440944,0.0590551181102362,0.1496062992125984,0.0039370078740157,254.0,72.7,0.38531,0.6388241828385738,0.325,48.2,0.3359375,0.3846153846153846,0.4210526315789473,0.3186813186813186,0.3537414965986394,0.3925233644859813,0.3795918367346939,0.0,1.2559055118110236,19.0,254.0,0.1023713128976286,0.0486778846153846,0.9612181321126582,0.3795918367346939,73.6,1629673,-4.800000000000001,-4.399999999999992,-7.9,-3.1,56.3,56.8
1641775,Jordan Walsh,BOS,22.0,68,17.8,0.114,5.4,2.0,3.9,0.509,0.7,1.8,0.384,0.6,0.8,0.772,0.623,0.599,0.8,0.5,0.059,1.54,9.2,4.0,0.069,0.146,117.9,112.8,5.1,1.4,0.08,95.8,15.4,0.4615384615384615,0.2051282051282051,0.5759354421214045,0.0470645578785955,0.5742857142857143,0.6418034074499489,60.1,11.380597014925373,0.0373134328358208,0.0074626865671641,0.0149253731343283,0.1417910447761194,0.1343283582089552,134.0,32.3,0.2012289999999999,0.3336273428886438,0.601,46.7,0.4714285714285714,0.6538461538461539,0.6666666666666666,0.6521739130434783,0.4927536231884058,0.5846153846153846,0.5303030303030303,1.0,1.044776119402985,9.0,134.0,0.0144927536231883,0.1824175824175824,0.9081382385730212,-0.4696969696969697,50.9,1641775,-4.4,-1.1999999999999886,5.1,9.5,65.1,50.3
1630631,Jose Alvarado,NYK,28.0,69,19.9,0.167,7.4,2.7,6.5,0.416,1.5,4.2,0.352,0.5,0.7,0.761,0.543,0.529,3.4,1.1,0.244,3.04,9.9,2.5,0.018,0.1,112.0,110.7,1.3,0.3,0.088,99.57,26.7,0.6461538461538462,0.1076923076923076,0.5501784363830426,-0.0071784363830426,0.3457142857142858,0.4614130688094205,39.2,18.03964757709251,0.2511013215859031,0.0308370044052863,0.013215859030837,0.1365638766519823,0.0,227.0,61.4,0.333402,0.5527633858626722,0.392,47.2,0.4049586776859504,0.45,0.5,0.3970588235294117,0.4580645161290322,0.375,0.4311926605504587,0.2857142857142857,0.960352422907489,8.0,227.0,0.1029411764705882,0.0450413223140496,0.9169354838709678,0.145478374836173,65.6,1630631,5.449999999999999,-0.2999999999999971,4.1,-1.35,76.7,52.0
1630581,Josh Giddey,CHI,23.0,54,32.1,0.238,17.0,5.9,13.3,0.448,1.9,5.2,0.364,3.2,4.2,0.763,0.562,0.52,9.1,3.6,0.41,2.52,13.0,8.3,0.037,0.201,112.1,117.1,-5.0,-3.5,0.142,104.46,56.1,0.3909774436090225,0.3157894736842105,0.5840297472607581,-0.022029747260758,0.4000000000000001,0.4120235940034267,40.5,11.728855721393035,0.1567164179104477,0.0248756218905472,0.0696517412935323,0.2338308457711442,0.0124378109452736,402.0,52.8,0.296736,0.4919730417554361,0.405,44.8,0.4974874371859296,0.4423076923076923,0.4318181818181818,0.3875,0.4536082474226804,0.4711538461538461,0.4639175257731959,0.3,1.236318407960199,44.0,402.0,0.0443181818181818,-0.0551797448782373,0.9824544012688344,0.1639175257731959,61.5,1630581,0.2000000000000001,1.5999999999999943,-5.0,-5.2,67.8,60.8
1630182,Josh Green,CHA,25.0,58,15.7,0.104,4.3,1.4,3.1,0.459,1.0,2.4,0.42,0.4,0.5,0.893,0.644,0.619,0.8,0.6,0.069,1.34,12.8,1.8,0.048,0.06,118.5,106.0,12.5,3.6,0.059,98.23,10.6,0.7741935483870968,0.1612903225806451,0.5663995965354178,0.0776004034645821,0.6342857142857143,0.7433533237278315,67.8,19.035714285714285,0.0535714285714285,0.0,0.0,0.125,0.0,56.0,44.5,0.28658,0.4751349155689665,0.6779999999999999,57.7,0.5,0.4,,0.4545454545454545,0.4166666666666667,0.4375,0.4285714285714285,,1.1785714285714286,0.0,56.0,0.0,-0.0999999999999999,0.9791666666666669,0.0,52.9,1630182,9.7,1.4000000000000057,12.5,2.8,86.7,58.0
1628404,Josh Hart,NYK,31.0,66,30.2,0.163,12.0,4.6,9.0,0.508,1.5,3.7,0.413,1.4,1.9,0.72,0.612,0.593,4.8,1.9,0.212,2.48,11.8,7.4,0.047,0.2,118.0,112.5,5.5,3.2,0.118,98.97,37.3,0.4111111111111111,0.2111111111111111,0.5720794688046307,0.0399205311953693,0.5428571428571427,0.6180452537899922,57.3,13.428015564202337,0.2840466926070039,0.0272373540856031,0.0894941634241245,0.1673151750972762,0.0155642023346303,257.0,62.5,0.3825,0.6341653472158898,0.573,60.4,0.4782608695652174,0.4594594594594595,0.75,0.5595238095238095,0.4903225806451612,0.4803921568627451,0.4898785425101215,0.4285714285714285,1.0,4.0,257.0,0.1904761904761904,-0.0188014101057579,0.9900695762175838,0.0613071139386929,69.1,1628404,-2.5,0.9000000000000057,5.5,8.0,69.0,67.2
1631169,Josh Minott,BKN,23.0,49,17.0,0.162,7.4,2.6,5.1,0.5,1.3,3.1,0.418,1.0,1.2,0.787,0.653,0.627,0.9,0.9,0.083,1.07,11.8,3.2,0.055,0.128,111.7,111.7,-0.1,-0.5,0.104,98.94,21.6,0.607843137254902,0.2352941176470588,0.5753973969811699,0.0776026030188301,0.6599999999999999,0.7433606385588257,69.3,15.088,0.056,0.008,0.016,0.096,0.12,125.0,37.2,0.242916,0.402742247017765,0.693,54.8,0.5555555555555556,0.2142857142857142,0.0,0.5161290322580645,0.5342465753424658,0.4807692307692308,0.5080645161290323,1.0,0.816,7.0,125.0,-0.5161290322580645,-0.3412698412698413,0.946522655426765,-0.4919354838709677,0.0,1631169,0.8499999999999992,-2.6500000000000057,-1.8000000000000005,-2.6499999999999995,66.9,49.4
1629006,Josh Okogie,HOU,27.0,78,17.4,0.112,4.5,1.6,3.8,0.425,0.8,2.1,0.385,0.5,0.9,0.594,0.544,0.531,0.9,0.5,0.065,1.68,9.4,2.6,0.059,0.085,115.4,109.9,5.6,0.9,0.056,98.25,15.8,0.5526315789473685,0.2368421052631579,0.5815624862570782,-0.0375624862570781,0.3485714285714287,0.3603679638948445,35.3,14.333333333333334,0.0133333333333333,0.0333333333333333,0.0133333333333333,0.1266666666666666,0.04,150.0,38.5,0.20944,0.3472407590088783,0.353,35.0,0.4230769230769231,0.3571428571428571,0.0,0.4871794871794871,0.490566037735849,0.3814432989690721,0.4225352112676056,0.4,1.3733333333333333,4.0,150.0,-0.4871794871794871,-0.0659340659340659,0.8908772612332231,0.0225352112676056,23.5,1629006,0.2999999999999998,-0.7999999999999972,5.6,5.3,71.1,33.0
201950,Jrue Holiday,POR,35.0,53,29.4,0.227,16.3,6.0,13.4,0.451,2.6,6.8,0.378,1.7,2.0,0.838,0.573,0.548,6.1,2.8,0.302,2.21,12.0,4.6,0.042,0.108,114.6,108.6,6.1,3.7,0.124,103.5,50.0,0.5074626865671642,0.1492537313432835,0.5525557492459946,0.0204442507540053,0.4314285714285713,0.5532749941076234,48.0,16.17297297297297,0.4972972972972973,0.0324324324324324,0.0702702702702702,0.1351351351351351,0.0108108108108108,185.0,79.4,0.454962,0.7543036201308121,0.48,61.7,0.3958333333333333,0.4210526315789473,0.4736842105263157,0.3939393939393939,0.3648648648648648,0.4774774774774775,0.4301675977653631,0.5,1.2432432432432432,19.0,185.0,0.0797448165869218,0.025219298245614,0.8873873873873874,-0.0698324022346368,56.7,201950,10.1,4.099999999999994,6.1,-4.0,86.2,68.8
1630577,Julian Champagnie,SAS,24.0,82,27.6,0.146,11.1,3.7,8.4,0.437,2.4,6.2,0.381,1.4,1.6,0.844,0.609,0.578,1.5,0.8,0.071,1.84,7.4,5.8,0.032,0.161,120.4,108.0,12.4,7.2,0.091,102.55,33.7,0.7380952380952381,0.1904761904761904,0.5676428125646364,0.0413571874353635,0.5342857142857143,0.622822993462558,57.0,19.54191616766467,0.0718562874251497,0.0089820359281437,0.0179640718562874,0.0808383233532934,0.0449101796407185,334.0,45.7,0.278313,0.4614286543260024,0.5700000000000001,51.6,0.3902439024390244,0.4444444444444444,0.4117647058823529,0.3454545454545454,0.4591194968553459,0.3714285714285714,0.4159021406727828,0.6666666666666666,1.1497005988023952,34.0,334.0,0.0663101604278074,0.05420054200542,0.9123090745732256,-0.2507645259938837,53.9,1630577,9.6,7.700000000000003,12.4,2.8,91.1,61.3
1631124,Julian Strawther,DEN,24.0,57,15.1,0.187,7.2,2.6,5.6,0.467,1.0,2.6,0.387,1.0,1.2,0.814,0.59,0.558,1.1,0.6,0.101,1.69,8.1,2.0,0.014,0.112,115.0,113.5,1.5,0.4,0.082,101.86,24.9,0.4642857142857143,0.2142857142857143,0.5696773841849684,0.0203226158150315,0.48,0.5528704853202552,50.9,14.169230769230769,0.123076923076923,0.0153846153846153,0.0769230769230769,0.1384615384615384,0.0307692307692307,65.0,48.7,0.28733,0.4763783770340957,0.509,49.3,0.3548387096774194,0.2105263157894736,0.6,0.25,0.2631578947368421,0.4444444444444444,0.3492063492063492,0.0,0.7230769230769231,5.0,65.0,0.35,-0.1443123938879457,0.8187134502923976,0.3492063492063492,71.8,1631124,-4.7,-7.0,1.5,6.2,58.9,55.4
203944,Julius Randle,MIN,31.0,79,33.0,0.258,21.1,7.3,15.3,0.481,1.4,4.4,0.315,5.0,6.3,0.802,0.585,0.526,5.0,2.7,0.227,1.83,10.7,6.7,0.05,0.146,117.0,113.1,4.0,2.9,0.128,102.3,67.1,0.2875816993464052,0.4117647058823529,0.6009341662176539,-0.0159341662176539,0.4657142857142855,0.4322950399946369,45.2,11.760330578512397,0.3008264462809917,0.0198347107438016,0.1371900826446281,0.2033057851239669,0.0512396694214876,605.0,64.5,0.3773249999999999,0.6255854631064983,0.452,53.9,0.4985422740524781,0.5,0.40625,0.5230769230769231,0.4741935483870967,0.5186440677966102,0.4931740614334471,0.4166666666666667,1.0859504132231406,32.0,605.0,-0.1168269230769231,0.0014577259475218,0.9555494805904864,0.0765073947667804,51.5,203944,2.6,8.700000000000003,4.0,1.4,79.9,69.5
1630551,Justin Champagnie,WAS,24.0,69,20.0,0.161,8.7,3.4,6.7,0.502,0.8,2.4,0.319,1.2,1.5,0.784,0.589,0.56,1.2,0.7,0.087,1.87,7.1,5.6,0.098,0.171,110.0,119.4,-9.4,-4.3,0.106,103.51,27.6,0.3582089552238806,0.2238805970149253,0.5751202644552652,0.0138797355447347,0.4771428571428571,0.531444062063212,49.9,10.255813953488373,0.0232558139534883,0.0174418604651162,0.005813953488372,0.1976744186046511,0.1802325581395348,172.0,31.8,0.187302,0.3105370924555048,0.499,40.5,0.5,0.25,0.5714285714285714,0.5175438596491229,0.5339805825242718,0.4492753623188406,0.5029940119760479,0.6666666666666666,1.0116279069767442,7.0,172.0,0.0538847117794485,-0.25,0.9152947797945687,-0.1636726546906187,42.5,1630551,2.9000000000000004,1.7000000000000028,-9.4,-12.3,68.9,47.8
1642348,Justin Edwards,PHI,22.0,64,15.3,0.154,6.0,2.2,5.0,0.447,1.0,2.8,0.372,0.5,0.6,0.846,0.572,0.552,1.3,0.6,0.114,2.22,7.9,1.5,0.025,0.07,111.7,115.0,-3.4,-1.1,0.068,103.91,19.8,0.5599999999999999,0.12,0.5545739561463059,0.017426043853694,0.4285714285714284,0.5432376543138764,47.4,18.88059701492537,0.1716417910447761,0.0074626865671641,0.044776119402985,0.0820895522388059,0.0223880597014925,134.0,53.7,0.307164,0.5092621299665924,0.474,49.2,0.4262295081967213,0.4210526315789473,0.8,0.4571428571428571,0.4320987654320987,0.3584905660377358,0.4076923076923077,0.0,1.2835820895522387,10.0,134.0,0.3428571428571429,-0.0051768766177739,0.9263918006056372,0.4076923076923077,83.8,1642348,-4.2,-2.3999999999999915,-3.4,0.8,60.5,54.8
203994,Jusuf Nurkić,UTA,31.0,41,26.4,0.186,10.9,4.4,8.7,0.503,0.6,1.7,0.352,1.5,2.8,0.549,0.548,0.538,4.8,2.5,0.261,1.94,14.3,10.4,0.089,0.279,109.5,117.4,-7.9,-4.6,0.121,105.32,36.8,0.1954022988505747,0.3218390804597701,0.5922839944718188,-0.0442839944718187,0.3600000000000001,0.3380149363834253,35.1,8.251968503937007,0.0314960629921259,0.0039370078740157,0.0433070866141732,0.1574803149606299,0.1338582677165354,254.0,29.5,0.16166,0.2680239739370477,0.351,31.0,0.4671532846715328,0.5714285714285714,0.2352941176470588,0.5180722891566265,0.5214285714285715,0.4736842105263157,0.4979757085020243,1.0,1.141732283464567,17.0,254.0,-0.2827781715095677,0.1042752867570385,0.9522556390977444,-0.5020242914979758,32.1,203994,0.4000000000000003,-3.5,-7.9,-8.3,62.9,40.0
1642354,KJ Simpson,DEN,23.0,20,12.9,0.21,4.6,1.7,5.0,0.343,0.6,2.0,0.3,0.6,0.9,0.611,0.426,0.404,2.2,1.3,0.246,1.72,14.3,1.9,0.034,0.112,110.1,110.0,0.0,-0.1,0.065,100.24,22.2,0.4,0.18,0.5610675727410709,-0.1350675727410709,0.0114285714285713,0.036105341422678,2.1,14.04225352112676,0.1408450704225352,0.0422535211267605,0.0704225352112676,0.1971830985915492,0.0422535211267605,71.0,54.6,0.232596,0.3856322172575872,0.021,20.3,0.2571428571428571,0.5555555555555556,,0.2666666666666666,0.3673469387755102,0.3181818181818182,0.373134328358209,0.0,1.0140845070422535,0.0,71.0,0.0,0.2984126984126984,0.950834879406308,0.373134328358209,77.8,1642354,12.5,-9.850000000000009,17.2,4.7,83.9,30.3
1642880,Kam Jones,IND,24.0,37,16.7,0.141,4.4,1.8,4.6,0.402,0.6,2.0,0.293,0.1,0.2,0.5,0.47,0.467,3.2,1.0,0.262,3.31,11.0,1.6,0.024,0.071,106.0,116.0,-10.0,-3.9,0.061,104.2,15.7,0.4347826086956522,0.0434782608695652,0.5422671495509953,-0.0722671495509953,0.137142857142857,0.2449542399805892,18.0,12.176470588235292,0.0588235294117647,0.0588235294117647,0.0588235294117647,0.1764705882352941,0.0,17.0,47.0,0.2208999999999999,0.3662408501960524,0.18,27.3,,0.5454545454545454,,0.5555555555555556,0.625,0.4444444444444444,0.5,1.0,0.8235294117647058,0.0,17.0,0.0,0.0,0.8194444444444444,-0.5,37.3,1642880,-2.9000000000000004,-4.299999999999997,-10.0,-7.1,57.6,25.6
1626157,Karl-Anthony Towns,NYK,30.0,75,31.0,0.251,20.1,6.9,13.8,0.501,1.5,4.1,0.368,4.8,5.5,0.858,0.619,0.556,3.0,2.5,0.142,1.21,11.6,11.9,0.101,0.283,118.8,111.8,7.0,5.0,0.154,99.48,61.4,0.2971014492753622,0.3985507246376811,0.5991053905098573,0.0198946094901426,0.5628571428571427,0.5514471087729614,55.8,10.926782273603084,0.0982658959537572,0.0134874759152215,0.0558766859344894,0.2774566473988439,0.1078998073217726,519.0,45.7,0.282883,0.4690054795201896,0.5579999999999999,51.4,0.4548872180451128,0.4545454545454545,0.4615384615384615,0.4934210526315789,0.4486301369863014,0.4889867841409692,0.4715127701375246,0.1428571428571428,1.023121387283237,26.0,519.0,-0.0318825910931173,-0.0003417634996582,0.9596433528453322,0.3286556272803817,62.6,1626157,2.0,5.5,7.0,5.0,78.3,71.6
1631255,Karlo Matković,NOP,25.0,62,14.7,0.128,5.7,2.3,3.8,0.604,0.6,1.5,0.422,0.5,0.7,0.732,0.696,0.685,0.8,0.5,0.079,1.47,10.1,3.7,0.074,0.155,107.2,111.6,-4.4,-1.5,0.108,102.42,14.6,0.3947368421052631,0.1842105263157894,0.5708845229365583,0.1251154770634416,0.7828571428571427,0.9013693096390234,83.0,7.923913043478261,0.0326086956521739,0.0108695652173913,0.0,0.1956521739130435,0.2934782608695652,92.0,25.9,0.1802639999999999,0.2988684500667324,0.8300000000000001,56.4,0.7636363636363637,0.4166666666666667,,0.5365853658536586,0.7272727272727273,0.5405405405405406,0.651685393258427,1.0,0.9130434782608696,0.0,92.0,0.0,-0.346969696969697,0.8132678132678133,-0.348314606741573,26.0,1631255,-0.1000000000000005,-6.700000000000003,-4.4,-4.3,61.6,56.2
1642857,Kasparas Jakučionis,MIA,19.0,53,17.8,0.129,6.2,1.9,4.5,0.429,1.2,2.9,0.423,1.1,1.2,0.879,0.614,0.567,2.6,0.9,0.178,2.74,11.0,2.6,0.04,0.096,115.9,112.9,3.0,1.4,0.073,106.96,17.5,0.6444444444444444,0.2666666666666666,0.5847437700283273,0.0292562299716726,0.5485714285714285,0.5825800857015899,56.2,15.408163265306122,0.1428571428571428,0.0204081632653061,0.0408163265306122,0.1428571428571428,0.0408163265306122,49.0,50.2,0.308228,0.5110261872984556,0.562,53.7,0.25,0.1666666666666666,,0.2857142857142857,0.2727272727272727,0.3333333333333333,0.3023255813953488,0.0,0.6938775510204082,0.0,49.0,0.0,-0.0833333333333333,0.9393939393939394,0.3023255813953488,59.3,1642857,1.4,1.2000000000000028,3.0,1.6,72.6,55.1
202695,Kawhi Leonard,LAC,34.0,65,32.1,0.326,27.9,9.8,19.4,0.505,2.6,6.8,0.387,5.7,6.4,0.892,0.629,0.573,3.6,2.0,0.193,1.76,7.4,6.4,0.036,0.162,120.3,112.8,7.5,5.2,0.185,97.53,79.7,0.3505154639175258,0.3298969072164949,0.5773872623915518,0.0516127376084482,0.5914285714285714,0.656928820285913,61.8,15.39047619047619,0.5542857142857143,0.0095238095238095,0.2171428571428571,0.0552380952380952,0.0095238095238095,525.0,85.4,0.537166,0.8905936285034527,0.618,75.4,0.5196850393700787,0.5,0.5,0.4785714285714286,0.5344262295081967,0.4636363636363636,0.5058139534883721,0.4,1.1447619047619049,34.0,525.0,0.0214285714285714,-0.0196850393700787,0.9292101341281668,0.105813953488372,57.8,202695,13.8,10.799999999999995,7.5,-6.3,96.0,91.3
1631099,Keegan Murray,SAC,25.0,23,34.5,0.182,14.0,5.5,13.0,0.42,1.3,4.9,0.277,1.7,2.1,0.776,0.499,0.472,1.7,1.2,0.07,1.41,7.0,5.7,0.039,0.122,107.6,118.4,-10.7,-7.1,0.078,100.29,44.6,0.3769230769230769,0.1615384615384615,0.5607682195684365,-0.0617682195684364,0.2199999999999999,0.2798694499666353,24.4,15.025531914893618,0.2851063829787234,0.0042553191489361,0.1829787234042553,0.0595744680851063,0.0127659574468085,235.0,63.5,0.316865,0.5253458895308835,0.244,38.5,0.4354838709677419,0.217391304347826,0.3809523809523809,0.4102564102564102,0.4363636363636363,0.424,0.4347826086956521,0.0,1.051063829787234,21.0,235.0,-0.0293040293040293,-0.2180925666199158,0.9876363636363636,0.4347826086956521,57.4,1631099,-1.1999999999999993,-3.300000000000012,-10.7,-9.5,59.9,47.2
1642276,Kel'el Ware,MIA,22.0,77,22.1,0.174,11.1,4.5,8.4,0.53,1.2,3.0,0.395,0.9,1.2,0.74,0.616,0.601,0.7,0.8,0.046,0.9,7.7,9.0,0.113,0.247,113.1,114.1,-1.0,-0.9,0.137,105.48,33.0,0.3571428571428571,0.1428571428571428,0.5582143333625814,0.0577856666374185,0.5542857142857143,0.6774574945063816,60.4,9.84070796460177,0.0737463126843657,0.0088495575221238,0.0176991150442477,0.0619469026548672,0.3126843657817109,339.0,25.9,0.159544,0.2645157546567632,0.604,43.4,0.5154639175257731,0.5263157894736842,0.6,0.4761904761904761,0.5087719298245614,0.5952380952380952,0.5495495495495496,0.6666666666666666,0.935103244837758,10.0,339.0,0.1238095238095238,0.010851871947911,0.9135338345864662,-0.117117117117117,58.6,1642276,-5.5,-2.6000000000000085,-1.0,4.5,60.0,56.6
1629640,Keldon Johnson,SAS,26.0,82,23.3,0.201,13.2,5.0,9.7,0.519,1.2,3.3,0.363,1.9,2.4,0.794,0.613,0.582,1.4,0.9,0.085,1.59,6.6,5.4,0.067,0.143,116.0,108.2,7.8,3.9,0.118,102.22,41.0,0.3402061855670103,0.2474226804123711,0.5753731666924593,0.0376268333075406,0.5457142857142856,0.6104173389899958,57.2,9.841954022988508,0.0919540229885057,0.014367816091954,0.014367816091954,0.1954022988505747,0.1178160919540229,348.0,37.3,0.228649,0.3790882940537672,0.5720000000000001,47.6,0.5721925133689839,0.68,0.5217391304347826,0.64,0.5581395348837209,0.5795454545454546,0.5714285714285714,0.2,1.1551724137931034,23.0,348.0,-0.1182608695652174,0.1078074866310161,0.9785940803382664,0.3714285714285714,64.3,1629640,-0.2000000000000001,-1.4000000000000057,7.8,8.0,71.1,62.5
1626162,Kelly Oubre Jr.,PHI,30.0,50,31.5,0.179,14.1,5.1,10.9,0.467,1.7,4.8,0.36,2.2,2.9,0.766,0.58,0.546,1.6,1.4,0.073,1.16,9.2,5.0,0.031,0.121,115.3,117.2,-1.9,-1.3,0.083,100.39,42.9,0.4403669724770642,0.2660550458715596,0.5806227297045824,-0.0006227297045824,0.4514285714285713,0.4832147072302508,46.4,14.104972375690608,0.1988950276243093,0.0276243093922651,0.0607734806629834,0.1160220994475138,0.0552486187845303,181.0,52.7,0.30566,0.5067685752418533,0.4639999999999999,48.5,0.4742268041237113,0.6111111111111112,0.631578947368421,0.4838709677419355,0.4942528735632184,0.4468085106382978,0.4597701149425287,0.6,1.0276243093922652,19.0,181.0,0.1477079796264855,0.1368843069873998,0.9525556370750794,-0.1402298850574712,66.6,1626162,-2.7,2.8999999999999915,-1.9,0.8,66.8,60.2
1629026,Kenrich Williams,OKC,31.0,56,15.3,0.178,6.5,2.5,5.3,0.473,0.9,2.3,0.388,0.6,0.9,0.635,0.569,0.557,1.4,0.8,0.132,1.84,9.8,3.3,0.068,0.143,112.6,109.5,3.1,0.8,0.098,100.84,23.0,0.4339622641509433,0.169811320754717,0.5623773942875262,0.0066226057124737,0.4199999999999999,0.5073097729108582,45.5,15.034090909090908,0.1931818181818181,0.0,0.0795454545454545,0.2159090909090909,0.0568181818181818,88.0,56.5,0.3214849999999999,0.5330056121560792,0.455,49.4,0.5,0.5652173913043478,0.75,0.5084745762711864,0.4651162790697674,0.5777777777777777,0.5227272727272727,,1.0795454545454546,4.0,88.0,0.2415254237288135,0.0652173913043477,0.8873385012919897,0.0,69.2,1629026,-10.1,-5.300000000000011,3.1,13.2,54.6,52.1
203484,Kentavious Caldwell-Pope,MEM,33.0,51,21.3,0.173,8.4,2.9,7.2,0.41,1.1,3.4,0.316,1.4,1.6,0.913,0.533,0.485,2.7,1.2,0.181,2.28,10.1,2.5,0.017,0.094,110.8,115.3,-4.5,-2.2,0.083,102.31,29.2,0.4722222222222222,0.2222222222222222,0.5726698399651186,-0.0396698399651185,0.3171428571428571,0.3533597547389273,33.2,17.67058823529412,0.3686274509803922,0.0078431372549019,0.2156862745098039,0.0705882352941176,0.0039215686274509,255.0,76.2,0.406146,0.673369200288483,0.332,50.3,0.4026845637583892,0.2666666666666666,0.2857142857142857,0.4117647058823529,0.4173228346456692,0.4140625,0.4183266932270916,0.0,1.0745098039215686,7.0,255.0,-0.1260504201680672,-0.1360178970917225,0.9967396653543308,0.4183266932270916,55.5,203484,2.0,-0.6000000000000085,-4.5,-6.5,68.5,49.6
1631165,Keon Ellis,CLE,26.0,72,20.5,0.129,6.7,2.3,5.3,0.44,1.3,3.5,0.363,0.7,1.0,0.729,0.579,0.559,1.0,0.6,0.067,1.76,7.8,1.9,0.025,0.066,110.6,115.4,-4.8,-2.0,0.058,100.49,21.4,0.6603773584905661,0.1886792452830188,0.5697187473936728,0.0092812526063271,0.4485714285714284,0.516151361028109,47.6,19.34857142857143,0.2514285714285714,0.0285714285714285,0.1028571428571428,0.0114285714285714,0.0171428571428571,175.0,62.6,0.362454,0.6009301091759166,0.476,53.8,0.4642857142857143,0.2666666666666666,0.2,0.3114754098360656,0.4102564102564102,0.3711340206185567,0.3952095808383233,0.0,1.1714285714285717,5.0,175.0,-0.1114754098360655,-0.1976190476190476,0.9608776103621464,0.3952095808383233,51.4,1631165,-3.4,-4.700000000000003,-4.45,-1.0500000000000005,59.3,51.1
201142,Kevin Durant,HOU,37.0,78,36.4,0.263,26.0,9.2,17.6,0.52,2.4,5.8,0.413,5.2,6.0,0.874,0.641,0.588,4.8,3.2,0.203,1.51,11.3,5.5,0.014,0.131,117.9,112.4,5.5,4.4,0.15,98.14,72.4,0.3295454545454545,0.3409090909090909,0.5865382382114191,0.0544617617885808,0.6257142857142857,0.6664035265340644,64.2,15.43456375838926,0.5570469798657718,0.0151006711409395,0.3070469798657718,0.0536912751677852,0.0016778523489932,596.0,91.8,0.588438,0.9755999701569248,0.642,80.9,0.5446153846153846,0.5645161290322581,0.5428571428571428,0.5560975609756098,0.5168067226890757,0.5279329608938548,0.5264957264957265,0.3333333333333333,1.169463087248322,35.0,596.0,-0.0132404181184669,0.0199007444168735,0.9888737617952208,0.1931623931623932,62.5,201142,1.0999999999999996,5.700000000000003,5.5,4.4,76.7,90.7
1628989,Kevin Huerter,DET,27.0,69,22.5,0.184,10.0,3.9,8.6,0.451,1.4,4.7,0.308,0.8,1.0,0.775,0.552,0.535,2.6,1.0,0.161,2.47,8.2,3.5,0.021,0.125,113.1,110.8,2.3,1.2,0.093,102.94,33.7,0.5465116279069768,0.1162790697674418,0.5506763701359269,0.0013236298640731,0.3714285714285714,0.4896875147602423,41.9,15.46470588235294,0.1352941176470588,0.0088235294117647,0.038235294117647,0.15,0.0294117647058823,340.0,48.9,0.269928,0.447526755145858,0.419,43.3,0.4590163934426229,0.4285714285714285,0.4285714285714285,0.40625,0.4678362573099415,0.4437869822485207,0.4548192771084337,0.3333333333333333,1.0911764705882352,28.0,340.0,0.0223214285714285,-0.0304449648711944,0.9759507249385792,0.1214859437751004,60.0,1628989,1.5499999999999998,-2.0999999999999943,4.05,2.5,70.8,52.2
201567,Kevin Love,UTA,37.0,37,16.6,0.161,6.7,2.1,5.4,0.397,1.4,3.8,0.373,1.0,1.2,0.841,0.568,0.53,1.8,0.8,0.145,2.23,9.6,5.8,0.083,0.256,115.8,122.5,-6.7,-2.2,0.103,104.18,20.7,0.7037037037037036,0.2222222222222222,0.5723181106799248,-0.0043181106799248,0.417142857142857,0.4709253593684344,43.9,19.31932773109244,0.1176470588235294,0.0168067226890756,0.0252100840336134,0.0168067226890756,0.1092436974789916,119.0,45.7,0.259576,0.4303636710298347,0.439,43.5,0.3676470588235294,0.0,0.3333333333333333,0.3333333333333333,0.391304347826087,0.3703703703703703,0.3826086956521739,0.5,1.0588235294117647,6.0,119.0,0.0,-0.3676470588235294,0.9790660225442832,-0.117391304347826,38.6,201567,1.7000000000000002,4.299999999999997,-6.7,-8.4,70.7,44.0
1629645,Kevin Porter Jr.,MIL,26.0,38,33.2,0.236,17.4,6.3,13.5,0.465,1.2,3.8,0.322,3.6,4.1,0.878,0.567,0.51,7.4,2.9,0.336,2.55,11.3,5.2,0.027,0.123,111.4,116.1,-4.7,-2.8,0.132,99.18,55.4,0.2814814814814814,0.3037037037037037,0.5827255353525913,-0.0157255353525913,0.4142857142857141,0.4329888621722619,42.2,13.593283582089551,0.4291044776119403,0.0261194029850746,0.1753731343283582,0.1902985074626865,0.0149253731343283,268.0,79.2,0.4490639999999999,0.7445250391690361,0.422,58.3,0.5488721804511278,0.4074074074074074,0.4230769230769231,0.4415584415584415,0.4245283018867924,0.4938271604938271,0.4743083003952569,0.1428571428571428,1.2388059701492538,26.0,268.0,-0.0184815184815184,-0.1414647730437204,0.9307011413929652,0.331451157538114,56.0,1629645,2.3,0.1000000000000085,-4.7,-7.0,69.2,65.8
1626172,Kevon Looney,NOP,30.0,21,14.6,0.096,2.8,1.2,2.9,0.417,0.1,0.6,0.154,0.3,0.5,0.7,0.458,0.433,1.6,0.4,0.148,3.78,8.3,5.6,0.132,0.214,105.3,115.7,-10.4,-3.0,0.093,102.64,5.7,0.2068965517241379,0.1724137931034483,0.5734822911919077,-0.1154822911919077,0.1028571428571429,0.1012380948614433,10.2,8.133333333333333,0.1555555555555555,0.0222222222222222,0.1333333333333333,0.1777777777777777,0.3333333333333333,45.0,42.6,0.195108,0.3234790393845694,0.102,21.3,0.4347826086956521,,,0.2857142857142857,0.3125,0.4482758620689655,0.4090909090909091,0.0,0.8444444444444444,0.0,45.0,0.0,0.0,0.8642241379310345,0.4090909090909091,61.9,1626172,-6.6000000000000005,-8.400000000000006,-10.4,-3.8,50.1,20.8
1641718,Keyonte George,UTA,22.0,54,33.1,0.275,23.6,7.4,16.3,0.456,2.5,6.7,0.371,6.2,7.0,0.892,0.609,0.532,6.1,3.1,0.286,2.0,10.8,3.7,0.012,0.096,115.1,123.6,-8.6,-6.2,0.122,103.25,69.7,0.4110429447852761,0.4294478527607361,0.6015664904437003,0.0074335095562997,0.5342857142857143,0.5100065122959869,52.5,15.083333333333334,0.3333333333333333,0.025,0.155,0.0933333333333333,0.005,600.0,69.0,0.42021,0.6966865896825857,0.525,61.1,0.4509803921568627,0.379746835443038,0.5227272727272727,0.4166666666666667,0.4458204334365325,0.4440433212996389,0.4509466437177281,0.3333333333333333,1.18,44.0,600.0,0.106060606060606,-0.0712335567138247,0.9982228878631064,0.1176133103843947,63.9,1641718,-1.0,5.5,-8.6,-7.6,67.6,77.0
203114,Khris Middleton,DAL,34.0,63,22.8,0.198,10.2,3.6,8.6,0.42,1.1,3.0,0.36,1.9,2.2,0.875,0.533,0.482,2.8,1.7,0.171,1.63,12.3,3.7,0.033,0.118,110.0,121.1,-11.1,-5.3,0.073,103.88,36.9,0.3488372093023256,0.2558139534883721,0.5772437331879434,-0.0442437331879433,0.3171428571428571,0.3381488291880398,32.6,14.995238095238095,0.5,0.0142857142857142,0.3714285714285714,0.0857142857142857,0.0285714285714285,210.0,92.1,0.4908929999999999,0.8138753720022216,0.326,57.0,0.3884297520661157,0.4583333333333333,0.4615384615384615,0.4818181818181818,0.4705882352941176,0.3888888888888889,0.4347826086956521,0.0,1.4142857142857144,13.0,210.0,-0.0202797202797202,0.0699035812672176,0.9183006535947712,0.4347826086956521,66.9,203114,-3.1500000000000004,1.5,-11.6,-8.45,60.8,56.6
1630165,Killian Hayes,SAC,24.0,23,17.6,0.179,5.5,1.8,6.0,0.304,0.7,2.7,0.27,1.1,1.2,0.929,0.422,0.366,3.5,1.2,0.265,2.89,10.8,2.3,0.009,0.117,107.8,110.6,-2.8,-0.8,0.071,100.91,23.2,0.45,0.1999999999999999,0.5679243727358174,-0.1459243727358174,0.0,0.0,0.0,14.47222222222222,0.1731343283582089,0.0164835164835164,0.0657596371882086,0.1339285714285714,0.0324675324675324,,51.9,0.219018,0.3631205908928882,0.0,18.2,,,,,,,,,,,,0.0,0.0,0.0,0.0,11.2,1630165,7.399999999999999,-7.299999999999997,-2.8,-10.2,70.6,15.1
202691,Klay Thompson,DAL,36.0,69,21.7,0.214,11.7,4.1,10.6,0.393,2.9,7.6,0.383,0.5,0.7,0.766,0.541,0.532,1.4,0.9,0.096,1.52,7.0,2.1,0.011,0.074,106.3,111.0,-4.7,-1.9,0.077,106.06,39.3,0.7169811320754716,0.0660377358490566,0.5365613655273194,0.0044386344726806,0.3400000000000001,0.5000467647216869,40.4,20.76863753213368,0.2853470437017995,0.0257069408740359,0.1568123393316195,0.0437017994858611,0.0051413881748071,389.0,71.7,0.387897,0.6431132959189595,0.4039999999999999,52.4,0.3668122270742358,0.3478260869565217,0.3823529411764705,0.35,0.3686868686868687,0.3821989528795811,0.3790322580645161,0.2,1.077120822622108,34.0,389.0,0.0323529411764705,-0.0189861401177141,0.9864879158072876,0.1790322580645161,63.0,202691,1.2000000000000002,-4.299999999999997,-4.7,-5.9,64.8,57.7
1641738,Kobe Brown,IND,26.0,61,15.8,0.154,5.8,2.1,4.4,0.469,0.9,2.3,0.374,0.8,1.0,0.797,0.594,0.565,1.3,0.9,0.123,1.51,12.3,3.0,0.072,0.119,108.4,119.0,-10.5,-3.6,0.078,100.6,19.6,0.5227272727272726,0.2272727272727272,0.575351532042634,0.0186484679573659,0.4914285714285713,0.5473029442379554,51.4,15.948275862068966,0.0689655172413793,0.0172413793103448,0.0172413793103448,0.2241379310344827,0.0344827586206896,58.0,47.8,0.2839319999999999,0.4707446676227503,0.514,49.2,0.5263157894736842,0.3478260869565217,0.3333333333333333,0.375,0.4,0.3939393939393939,0.4181818181818181,0.0,1.103448275862069,3.0,58.0,-0.0416666666666666,-0.1784897025171624,0.993939393939394,0.4181818181818181,58.3,1641738,-8.249999999999998,-7.0,-11.4,-3.15,48.8,50.0
1642920,Kobe Sanders,LAC,23.0,68,19.9,0.155,7.3,2.6,5.6,0.466,1.2,2.9,0.408,0.8,1.0,0.826,0.597,0.57,1.6,1.2,0.117,1.35,13.4,2.3,0.022,0.088,113.1,112.9,0.2,0.5,0.062,99.33,24.4,0.5178571428571429,0.1785714285714285,0.5659659179070109,0.031034082092989,0.5,0.5884925053713105,53.5,15.878980891719744,0.2356687898089172,0.0254777070063694,0.1401273885350318,0.1210191082802547,0.0063694267515923,157.0,63.7,0.380289,0.6304996228166889,0.535,58.3,0.3623188405797101,0.3043478260869565,0.125,0.4625,0.4411764705882353,0.4157303370786517,0.4266666666666667,0.25,1.0318471337579618,8.0,157.0,-0.3375,-0.0579710144927536,0.9745538664904164,0.1766666666666667,40.0,1642920,-0.6000000000000001,-3.200000000000003,0.2,0.8,65.8,54.4
1642851,Kon Knueppel,CHA,20.0,81,31.5,0.216,18.5,6.4,13.4,0.475,3.4,7.9,0.425,2.4,2.8,0.863,0.633,0.601,3.4,2.0,0.158,1.7,10.0,5.3,0.036,0.128,119.2,113.0,6.2,4.0,0.115,99.73,53.3,0.5895522388059702,0.208955223880597,0.5645834643057177,0.0684165356942823,0.6028571428571428,0.7128114806812746,64.7,17.527272727272727,0.2525252525252525,0.0121212121212121,0.0585858585858585,0.1171717171717171,0.0121212121212121,495.0,60.5,0.382965,0.6349362933242699,0.647,64.1,0.5219123505976095,0.3939393939393939,0.303030303030303,0.4693877551020408,0.4341463414634146,0.5,0.4782608695652174,0.1666666666666666,1.0303030303030305,33.0,495.0,-0.1663574520717378,-0.1279729566582156,0.9341463414634146,0.3115942028985508,48.0,1642851,2.6,6.6000000000000085,6.2,3.6,79.4,74.1
1627739,Kris Dunn,LAC,32.0,82,27.2,0.122,7.3,2.8,5.8,0.476,1.0,2.6,0.374,0.8,1.0,0.765,0.581,0.56,3.6,1.4,0.179,2.66,12.1,3.3,0.028,0.097,114.6,114.1,0.5,0.2,0.074,98.23,26.0,0.4482758620689655,0.1724137931034483,0.5689006472982735,0.0120993527017264,0.4542857142857142,0.5255232262330413,48.3,14.21304347826087,0.0608695652173913,0.0217391304347826,0.0478260869565217,0.1130434782608695,0.0260869565217391,230.0,42.2,0.245182,0.4064991585910752,0.483,44.5,0.464,0.4545454545454545,0.5384615384615384,0.5350877192982456,0.4956521739130435,0.4608695652173913,0.4732142857142857,0.6,1.0782608695652174,13.0,230.0,0.0033738191632928,-0.0094545454545454,0.9652173913043478,-0.1267857142857142,53.2,1627739,-0.8,-0.1000000000000085,0.5,1.3,67.9,50.3
1631200,Kris Murray,POR,25.0,57,23.4,0.103,5.8,2.3,4.8,0.467,0.6,2.1,0.279,0.7,1.0,0.684,0.55,0.529,1.4,0.8,0.082,1.72,11.0,3.6,0.062,0.084,110.6,109.1,1.5,0.8,0.063,102.27,18.0,0.4375,0.2083333333333333,0.5779249759352314,-0.0279249759352313,0.3657142857142859,0.392418439246996,37.6,11.646341463414634,0.0121951219512195,0.0060975609756097,0.0,0.2621951219512195,0.0853658536585365,164.0,36.3,0.19965,0.3310094420173919,0.376,35.4,0.4342105263157895,0.4666666666666667,0.55,0.4772727272727273,0.5172413793103449,0.3766233766233766,0.4478527607361963,1.0,1.1402439024390243,20.0,164.0,0.0727272727272727,0.0324561403508771,0.8593819973130318,-0.5521472392638036,43.4,1631200,2.5,-2.200000000000003,1.5,-1.0,70.7,38.5
204001,Kristaps Porziņģis,GSW,30.0,32,24.0,0.265,16.7,5.4,12.1,0.446,1.7,5.0,0.338,4.2,4.9,0.842,0.582,0.515,2.5,1.3,0.162,1.98,7.0,5.2,0.05,0.158,113.8,110.8,3.0,1.4,0.124,103.63,52.3,0.4132231404958678,0.4049586776859504,0.597963122097785,-0.015963122097785,0.4571428571428571,0.4321987444067259,44.7,15.3,0.319047619047619,0.0095238095238095,0.1857142857142857,0.0666666666666666,0.0904761904761904,210.0,65.8,0.3829559999999999,0.6349213717866882,0.447,54.1,0.4594594594594595,0.3809523809523809,0.5333333333333333,0.4403669724770642,0.4166666666666667,0.4782608695652174,0.4541062801932367,0.5,1.1904761904761905,15.0,210.0,0.092966360856269,-0.0785070785070785,0.9384057971014492,-0.0458937198067632,56.0,204001,7.1,1.5500000000000114,2.7,-4.4,79.3,64.7
203937,Kyle Anderson,MIN,32.0,43,19.8,0.131,6.2,2.5,4.7,0.53,0.1,0.3,0.364,1.1,1.6,0.706,0.573,0.54,2.9,0.9,0.204,3.23,9.8,3.5,0.047,0.121,107.4,111.6,-4.2,-1.9,0.095,103.85,19.0,0.0638297872340425,0.3404255319148936,0.6028031210426904,-0.0298031210426904,0.4314285714285713,0.3861724855240799,41.3,5.337837837837838,0.2027027027027027,0.0135135135135135,0.0135135135135135,0.1351351351351351,0.081081081081081,74.0,36.4,0.2085719999999999,0.3458016596065688,0.413,37.9,0.5384615384615384,0.5333333333333333,,0.5454545454545454,0.3181818181818182,0.6153846153846154,0.5,1.0,0.8513513513513513,0.0,74.0,0.0,-0.0051282051282051,0.7027972027972027,-0.5,31.6,203937,2.5,-6.166666666666671,-3.2,-5.699999999999999,65.6,38.3
1642271,Kyle Filipowski,UTA,22.0,77,23.4,0.197,11.4,4.2,8.5,0.492,1.0,3.0,0.325,2.1,2.8,0.75,0.586,0.548,2.6,1.6,0.156,1.58,11.6,7.2,0.076,0.225,113.7,120.4,-6.6,-3.3,0.106,104.07,39.1,0.3529411764705882,0.3294117647058823,0.5913948239112367,-0.0053948239112366,0.4685714285714284,0.4673446450834111,46.8,10.974264705882351,0.0955882352941176,0.0220588235294117,0.0294117647058823,0.1397058823529411,0.088235294117647,272.0,39.0,0.22854,0.3789075776541685,0.4679999999999999,42.3,0.4413793103448276,0.40625,0.5,0.4308943089430894,0.4615384615384615,0.4482758620689655,0.4583333333333333,0.1666666666666666,1.0772058823529411,6.0,272.0,0.0691056910569105,-0.0351293103448275,0.986737400530504,0.2916666666666666,67.1,1642271,2.1,3.6000000000000085,-6.6,-8.7,70.7,56.7
1628398,Kyle Kuzma,MIL,30.0,69,26.2,0.212,13.0,4.9,10.0,0.492,1.2,3.5,0.347,2.0,2.7,0.726,0.581,0.552,2.7,1.7,0.153,1.55,11.1,4.5,0.032,0.134,110.2,116.8,-6.6,-4.1,0.096,100.59,43.8,0.35,0.27,0.5784154400876014,0.0025845599123985,0.4542857142857142,0.493880859938097,47.0,10.280597014925371,0.1462686567164179,0.0298507462686567,0.0656716417910447,0.1850746268656716,0.0507462686567164,335.0,47.3,0.274813,0.4556258341553995,0.47,46.3,0.4583333333333333,0.5625,0.5714285714285714,0.4714285714285714,0.528169014084507,0.466321243523316,0.4858044164037854,0.5,1.0477611940298508,35.0,335.0,0.0999999999999999,0.1041666666666666,0.938152229438809,-0.0141955835962145,65.0,1628398,-1.1999999999999993,-1.2999999999999972,-6.6,-5.4,63.3,59.1
1642273,Kyshawn George,WAS,22.0,48,29.0,0.222,14.8,5.3,12.0,0.438,2.1,5.4,0.381,2.2,2.7,0.802,0.559,0.524,4.5,2.6,0.226,1.71,12.9,5.1,0.028,0.135,108.3,119.7,-11.5,-7.4,0.09,103.49,47.8,0.45,0.225,0.5679982029776256,-0.0089982029776255,0.3914285714285714,0.4553612584934163,41.7,15.678233438485805,0.3596214511041009,0.028391167192429,0.1514195583596214,0.1545741324921135,0.0252365930599369,317.0,74.2,0.414778,0.6876806127778101,0.417,55.2,0.4430379746835443,0.5,0.3846153846153846,0.45,0.5116279069767442,0.4308510638297872,0.4705882352941176,0.2222222222222222,1.277602523659306,13.0,317.0,-0.0653846153846153,0.0569620253164557,0.919223156853043,0.2483660130718954,59.3,1642273,-0.0999999999999996,-0.7999999999999972,-11.5,-11.4,62.7,61.5
1630163,LaMelo Ball,CHA,24.0,72,28.0,0.306,20.1,7.0,17.3,0.407,3.8,10.3,0.368,2.2,2.5,0.899,0.546,0.516,7.1,2.8,0.384,2.54,9.9,4.8,0.03,0.14,123.2,114.1,9.1,5.8,0.134,99.43,66.7,0.5953757225433526,0.1445086705202312,0.5423704339711689,0.0036295660288311,0.3542857142857143,0.4973561291372018,41.2,17.261811023622048,0.2952755905511811,0.0295275590551181,0.0629921259842519,0.1141732283464567,0.0137795275590551,508.0,65.0,0.3549,0.5884059652991355,0.412,50.0,0.4065934065934066,0.4897959183673469,0.2352941176470588,0.4166666666666667,0.4419642857142857,0.3943661971830985,0.4180327868852459,0.2,1.1161417322834646,17.0,508.0,-0.1813725490196078,0.0832025117739403,0.9524019114688128,0.2180327868852459,54.7,1630163,7.6,12.600000000000009,9.1,1.5,90.9,68.1
1629013,Landry Shamet,NYK,29.0,51,23.0,0.151,9.3,3.1,7.1,0.437,2.0,5.2,0.392,1.1,1.5,0.711,0.598,0.578,1.4,0.6,0.084,2.4,6.0,1.8,0.019,0.058,115.2,107.0,8.1,3.7,0.07,99.44,27.2,0.7323943661971831,0.2112676056338028,0.5711117297832452,0.0268882702167547,0.5028571428571427,0.5747052058596621,53.2,18.897959183673468,0.2448979591836734,0.010204081632653,0.0510204081632653,0.1428571428571428,0.0204081632653061,98.0,62.3,0.372554,0.6176753902396565,0.532,57.5,0.3636363636363636,0.5833333333333334,0.4,0.48,0.5409836065573771,0.2972972972972973,0.4583333333333333,0.0,1.2040816326530612,5.0,98.0,-0.0799999999999999,0.2196969696969697,0.7563136907399202,0.4583333333333333,63.0,1629013,2.3,-3.3999999999999915,8.1,5.8,72.6,60.1
1626204,Larry Nance Jr.,CLE,33.0,35,12.8,0.137,3.7,1.5,3.5,0.419,0.6,1.8,0.333,0.2,0.4,0.462,0.505,0.504,1.0,0.6,0.105,1.7,10.9,2.7,0.058,0.143,108.2,111.1,-2.9,-0.5,0.062,101.61,11.5,0.5142857142857143,0.1142857142857143,0.5556707376277892,-0.0506707376277891,0.2371428571428571,0.3167752025450155,26.9,13.955223880597014,0.044776119402985,0.0298507462686567,0.0149253731343283,0.1343283582089552,0.0746268656716417,67.0,39.6,0.19998,0.3315565650620488,0.269,30.0,0.358974358974359,0.25,,0.3571428571428571,0.2727272727272727,0.4411764705882353,0.3692307692307692,0.0,1.2238805970149254,0.0,67.0,0.0,-0.1089743589743589,0.8315508021390374,0.3692307692307692,54.7,1626204,-7.9,-11.0,-2.9,5.0,50.2,30.6
1628374,Lauri Markkanen,UTA,28.0,42,34.3,0.269,26.7,9.1,19.2,0.477,2.7,7.7,0.355,5.7,6.4,0.896,0.608,0.548,2.1,1.5,0.101,1.41,5.9,6.9,0.054,0.134,113.6,115.2,-1.5,-1.3,0.139,104.48,71.9,0.4010416666666667,0.3333333333333333,0.5839189275707274,0.0240810724292726,0.5314285714285714,0.5653695973371624,54.5,13.636363636363637,0.1752066115702479,0.0231404958677685,0.0958677685950413,0.109090909090909,0.0826446280991735,605.0,51.3,0.311904,0.5171208064262088,0.545,53.1,0.4744744744744745,0.4923076923076923,0.5185185185185185,0.4644808743169399,0.488135593220339,0.4838709677419355,0.4914675767918088,0.4285714285714285,1.140495867768595,54.0,605.0,0.0540376442015785,0.0178332178332178,0.9957353745215964,0.0628961482203803,63.3,1628374,10.0,2.6999999999999886,-1.5,-11.5,81.5,76.3
2544,LeBron James,LAL,41.0,60,33.2,0.262,20.9,7.9,15.3,0.515,1.3,4.1,0.317,3.9,5.3,0.737,0.594,0.557,7.2,3.0,0.338,2.41,10.8,6.1,0.023,0.16,115.0,112.4,2.6,2.0,0.154,100.29,64.7,0.2679738562091503,0.3464052287581699,0.5881413599147756,0.0058586400852244,0.4914285714285713,0.5047691311176618,49.7,12.233766233766234,0.3214285714285714,0.0162337662337662,0.1428571428571428,0.1623376623376623,0.0324675324675324,308.0,65.1,0.3866939999999999,0.6411187837288921,0.497,56.9,0.4871794871794871,0.6428571428571429,0.4814814814814814,0.5384615384615384,0.5403726708074534,0.4897959183673469,0.5284280936454849,0.2,1.5097402597402598,27.0,308.0,-0.0569800569800569,0.1556776556776557,0.9494232475598936,0.3284280936454849,67.4,2544,2.3000000000000003,-0.9000000000000057,2.6,0.3,71.9,73.6
1631159,Leonard Miller,CHI,22.0,46,15.6,0.176,7.8,3.2,5.7,0.553,0.7,2.2,0.323,0.8,1.2,0.736,0.633,0.615,0.9,0.8,0.077,1.11,10.0,3.9,0.073,0.158,111.7,114.1,-2.5,-0.6,0.104,106.87,23.1,0.3859649122807018,0.2105263157894736,0.5707258140036159,0.0622741859963841,0.6028571428571428,0.6923845009922862,63.9,9.75,0.0625,0.03125,0.0,0.09375,0.125,32.0,31.2,0.197496,0.3274382206895408,0.639,48.3,,0.5714285714285714,,0.6,0.625,0.5416666666666666,0.5806451612903226,0.0,0.84375,0.0,32.0,0.0,0.0,0.9166666666666666,0.5806451612903226,68.6,1631159,-1.5999999999999996,-3.25,-5.6,-4.0,61.9,58.1
1628366,Lonzo Ball,CLE,28.0,35,20.8,0.13,4.6,1.5,5.0,0.301,1.1,4.2,0.272,0.4,0.6,0.667,0.432,0.415,3.9,1.5,0.236,2.62,14.0,4.0,0.032,0.148,111.0,109.7,1.3,0.9,0.077,104.87,17.7,0.8400000000000001,0.12,0.5551865211878005,-0.1231865211878005,0.0285714285714286,0.0756169307490761,4.7,21.854166666666668,0.2847222222222222,0.0208333333333333,0.0277777777777777,0.0694444444444444,0.0069444444444444,144.0,65.9,0.284688,0.4719980767796006,0.047,25.9,0.2962962962962963,0.2666666666666666,0.3333333333333333,0.2727272727272727,0.35,0.265625,0.3191489361702128,0.0,1.1388888888888888,6.0,144.0,0.0606060606060606,-0.0296296296296296,0.915625,0.3191489361702128,64.2,1628366,-3.8,-7.200000000000003,1.3,5.1,59.7,26.9
1629652,Luguentz Dort,OKC,27.0,69,26.8,0.139,8.3,2.9,7.6,0.385,1.9,5.4,0.344,0.6,0.8,0.759,0.524,0.508,1.2,0.8,0.059,1.57,7.8,3.6,0.03,0.094,116.2,108.2,8.0,4.3,0.049,100.54,29.0,0.7105263157894738,0.1052631578947368,0.5523153069173635,-0.0283153069173635,0.2914285714285716,0.3911203557063072,33.1,20.129464285714285,0.1116071428571428,0.0089285714285714,0.0446428571428571,0.0714285714285714,0.0133928571428571,224.0,51.1,0.267764,0.4439389543318052,0.331,38.7,0.4341085271317829,0.4117647058823529,0.0,0.4845360824742268,0.3504273504273504,0.4579439252336448,0.3936651583710407,1.0,1.1026785714285714,6.0,224.0,-0.4845360824742268,-0.02234382124943,0.8924834251937055,-0.6063348416289593,10.0,1629652,-5.300000000000001,-0.2999999999999971,8.0,13.3,66.1,35.8
1629029,Luka Dončić,LAL,27.0,64,35.8,0.368,33.5,10.8,22.8,0.476,4.0,10.8,0.366,7.9,10.1,0.78,0.616,0.563,8.3,4.0,0.387,2.08,10.1,7.7,0.019,0.194,119.4,115.6,3.8,2.9,0.188,100.73,97.3,0.4736842105263158,0.4429824561403508,0.5935256806866833,0.0224743193133166,0.5542857142857143,0.5600261840052772,55.7,17.207751937984497,0.5457364341085271,0.013953488372093,0.1767441860465116,0.075968992248062,0.0093023255813953,645.0,86.3,0.531608,0.8813787500725352,0.557,71.9,0.4986225895316804,0.3968253968253968,0.391304347826087,0.476,0.4775280898876404,0.4636678200692041,0.4769475357710652,0.3333333333333333,1.3736434108527131,23.0,645.0,-0.084695652173913,-0.1017971927062836,0.9861397301815638,0.1436142024377318,52.0,1629029,5.5,7.5,3.8,-1.7,82.3,92.1
1630568,Luka Garza,BOS,27.0,69,16.2,0.168,8.1,3.0,5.2,0.577,0.8,1.8,0.433,1.3,1.7,0.769,0.682,0.654,1.0,0.7,0.085,1.43,8.9,4.1,0.129,0.11,119.4,113.6,5.8,1.8,0.103,97.4,24.4,0.3461538461538461,0.3269230769230769,0.5941415925729946,0.0878584074270054,0.7428571428571429,0.7774673108656339,75.7,10.59027777777778,0.0555555555555555,0.0,0.0416666666666666,0.0972222222222222,0.25,144.0,29.1,0.198462,0.3290397990566273,0.757,54.3,0.5802469135802469,0.75,0.7,0.5869565217391305,0.55,0.6428571428571429,0.6041666666666666,,1.0,10.0,144.0,0.1130434782608694,0.169753086419753,0.9071428571428573,0.0,67.4,1630568,-3.6000000000000005,1.1000000000000083,5.8,9.4,68.0,65.2
1628379,Luke Kennard,LAL,29.0,78,21.5,0.131,8.4,3.0,5.7,0.533,1.5,3.1,0.478,0.8,0.9,0.913,0.689,0.665,2.2,0.8,0.139,2.9,8.6,2.3,0.019,0.086,114.2,113.7,0.5,0.5,0.089,101.7,23.2,0.543859649122807,0.1578947368421052,0.5644522687737512,0.1245477312262487,0.7628571428571427,0.8994812157897242,81.8,18.19786096256685,0.2299465240641711,0.0106951871657754,0.106951871657754,0.0748663101604278,0.0213903743315508,187.0,60.7,0.4182229999999999,0.6933922457743034,0.818,75.6,0.5268817204301075,0.375,0.3333333333333333,0.5384615384615384,0.5172413793103449,0.5348837209302325,0.5300546448087432,0.5,0.9518716577540108,6.0,187.0,-0.2051282051282051,-0.1518817204301075,0.9823576583801124,0.0300546448087432,40.1,1628379,-1.7000000000000002,1.6500000000000057,0.6,2.3000000000000003,68.2,70.5
1628436,Luke Kornet,SAS,30.0,68,21.0,0.1,6.5,2.6,4.0,0.643,0.0,0.0,0.0,1.4,1.7,0.825,0.689,0.643,1.9,0.4,0.114,4.5,5.8,6.1,0.116,0.147,114.4,110.5,3.9,1.7,0.109,102.41,17.1,0.0,0.425,0.6228246770398171,0.0661753229601828,0.7628571428571427,0.7053581103507287,74.0,1.5,0.0410958904109589,0.0205479452054794,0.0205479452054794,0.1438356164383561,0.5684931506849316,146.0,11.9,0.081991,0.1359368653165438,0.74,43.8,0.717948717948718,0.75,0.65,0.5757575757575758,0.711864406779661,0.6436781609195402,0.6879432624113475,0.0,1.13013698630137,20.0,146.0,0.0742424242424242,0.032051282051282,0.9318137541398792,0.6879432624113475,77.5,1628436,-6.6,-3.799999999999997,3.9,10.5,60.1,58.7
1628370,Malik Monk,SAC,28.0,62,22.0,0.234,12.5,4.5,10.2,0.438,2.0,5.1,0.395,1.5,1.7,0.879,0.568,0.536,3.0,1.5,0.208,2.03,9.5,1.9,0.01,0.071,110.0,118.3,-8.3,-4.1,0.094,102.11,42.3,0.5,0.1666666666666666,0.5551725271015572,0.0128274728984427,0.417142857142857,0.5279446605702226,46.1,15.928813559322034,0.3525423728813559,0.023728813559322,0.1254237288135593,0.0406779661016949,0.0067796610169491,295.0,67.2,0.381696,0.6328323565252713,0.461,54.7,0.4718309859154929,0.4516129032258064,0.3928571428571428,0.4117647058823529,0.4777070063694267,0.3985507246376811,0.4522968197879858,0.1428571428571428,1.1661016949152545,28.0,295.0,-0.01890756302521,-0.0202180826896865,0.9208437182682544,0.309439676930843,60.2,1628370,2.1,0.4000000000000057,-8.3,-10.4,67.5,61.3
1631204,Marcus Sasser,DET,25.0,38,12.0,0.197,5.2,1.8,4.7,0.39,1.2,2.8,0.415,0.4,0.5,0.833,0.533,0.514,2.0,0.8,0.217,2.42,10.7,1.0,0.016,0.07,116.4,103.1,13.4,3.1,0.078,101.68,20.5,0.5957446808510638,0.1063829787234042,0.5470074899783485,-0.0140074899783484,0.3171428571428571,0.4387023887037177,36.6,20.967741935483872,0.4838709677419355,0.0,0.0967741935483871,0.032258064516129,0.0,31.0,79.2,0.422136,0.6998797987250376,0.366,53.3,0.3571428571428571,0.5,,0.6666666666666666,0.4736842105263157,0.4166666666666667,0.4333333333333333,,1.1290322580645162,0.0,31.0,0.0,0.1428571428571428,0.9429824561403508,0.0,61.6,1631204,5.5,-0.6999999999999886,13.4,7.9,80.7,51.0
203935,Marcus Smart,LAL,32.0,62,28.5,0.151,9.3,3.0,7.7,0.395,1.6,4.7,0.331,1.7,2.1,0.822,0.543,0.497,3.0,1.5,0.133,2.01,11.4,2.8,0.022,0.077,117.3,110.6,6.8,4.1,0.059,100.07,33.0,0.6103896103896104,0.2727272727272727,0.5837397680538424,-0.0407397680538423,0.3457142857142858,0.3498016051036958,34.7,18.231155778894472,0.135678391959799,0.0100502512562814,0.0603015075376884,0.0703517587939698,0.0301507537688442,199.0,50.8,0.275844,0.4573351791827972,0.347,40.2,0.4020618556701031,0.4,0.25,0.3492063492063492,0.4230769230769231,0.3636363636363636,0.3928571428571428,0.0,1.3366834170854272,8.0,199.0,-0.0992063492063491,-0.002061855670103,0.9405594405594406,0.3928571428571428,59.5,203935,9.6,3.0999999999999943,6.8,-2.8,85.2,49.7
1631109,Mark Williams,PHX,24.0,60,23.6,0.167,11.7,4.7,7.3,0.644,0.0,0.0,1.0,2.3,2.9,0.771,0.68,0.645,1.0,1.1,0.064,0.89,10.3,8.0,0.124,0.201,111.3,113.3,-2.0,-0.7,0.141,101.01,32.6,0.0,0.3972602739726027,0.6101886352522118,0.0698113647477882,0.7371428571428573,0.7174501199882042,72.9,2.9876543209876543,0.0658436213991769,0.0082304526748971,0.0205761316872428,0.1316872427983539,0.3621399176954732,243.0,17.9,0.12172,0.2018055060473676,0.7290000000000001,46.5,0.5972222222222222,0.7619047619047619,0.7777777777777778,0.6612903225806451,0.6923076923076923,0.631578947368421,0.6569037656903766,1.0,1.2345679012345678,9.0,243.0,0.1164874551971326,0.1646825396825396,0.9392712550607288,-0.3430962343096234,60.4,1631109,-5.0,-2.700000000000003,-2.0,3.0,60.0,62.0
1628963,Marvin Bagley III,DAL,27.0,60,20.0,0.18,10.5,4.2,6.9,0.618,0.4,0.9,0.462,1.6,2.4,0.66,0.661,0.647,1.4,1.0,0.107,1.39,9.8,6.1,0.116,0.171,109.9,119.0,-9.1,-3.7,0.123,103.2,30.8,0.1304347826086956,0.3478260869565217,0.5983763930074854,0.0626236069925146,0.6828571428571428,0.6935465344065198,68.7,4.430939226519337,0.0386740331491712,0.0165745856353591,0.011049723756906,0.2596685082872928,0.2486187845303867,181.0,26.3,0.173843,0.2882227619766064,0.687,48.8,0.6666666666666666,0.5555555555555556,0.7777777777777778,0.6222222222222222,0.5955056179775281,0.6521739130434783,0.6306818181818182,0.0,1.1160220994475138,9.0,181.0,0.1555555555555555,-0.111111111111111,0.9433317049340498,0.6306818181818182,75.1,1628963,0.5500000000000007,1.700000000000017,-9.5,-10.05,66.2,64.4
1641824,Matas Buzelis,CHI,21.0,77,29.2,0.223,16.3,5.8,12.5,0.463,2.2,6.4,0.349,2.4,3.1,0.786,0.586,0.553,2.1,2.1,0.103,0.99,11.5,5.8,0.033,0.152,110.6,116.9,-6.3,-4.0,0.097,104.25,51.7,0.512,0.248,0.5718401781299975,0.0141598218700024,0.4685714285714284,0.5323755163044714,49.4,12.51793721973094,0.0874439461883408,0.0067264573991031,0.0156950672645739,0.2937219730941704,0.0426008968609865,446.0,46.1,0.270146,0.4478881879450556,0.494,47.1,0.4827586206896552,0.3902439024390244,0.5161290322580645,0.4727272727272727,0.4435483870967742,0.5202020202020202,0.4748858447488584,0.6666666666666666,1.1076233183856503,31.0,446.0,0.0434017595307917,-0.0925147182506307,0.923346366894754,-0.1917808219178082,48.3,1641824,-2.0,0.3999999999999915,-6.3,-4.3,63.8,60.1
1629680,Matisse Thybulle,POR,29.0,30,16.0,0.144,5.8,1.9,4.5,0.433,1.2,3.1,0.398,0.7,0.8,0.84,0.6,0.571,0.9,0.9,0.079,0.96,13.9,2.0,0.033,0.087,108.8,99.8,9.0,2.9,0.093,103.73,15.9,0.6888888888888889,0.1777777777777777,0.5657878158229201,0.0342121841770798,0.5085714285714285,0.5990615921075261,54.5,15.6,0.1,0.0,0.0,0.1,0.0,10.0,41.7,0.2502,0.4148187447670997,0.545,48.0,0.6666666666666666,0.0,,1.0,0.6,0.6,0.6,,1.4,0.0,10.0,0.0,-0.6666666666666666,1.0,0.0,29.7,1629680,10.5,-4.400000000000006,9.0,-1.5,81.8,46.8
1631108,Max Christie,DAL,23.0,77,29.1,0.162,12.3,4.2,9.4,0.441,2.3,5.8,0.404,1.6,1.8,0.899,0.601,0.566,2.0,1.2,0.095,1.57,9.3,3.2,0.006,0.097,108.3,115.2,-6.9,-4.4,0.079,103.23,37.8,0.6170212765957447,0.1914893617021276,0.5669563461983209,0.034043653801679,0.5114285714285713,0.5985011279977626,54.6,17.088414634146343,0.1951219512195122,0.0121951219512195,0.0579268292682926,0.1219512195121951,0.0121951219512195,328.0,56.1,0.337161,0.5589956147258998,0.546,55.2,0.4821428571428571,0.4523809523809524,0.5555555555555556,0.6086956521739131,0.5060975609756098,0.4756097560975609,0.4953271028037383,0.5,1.0731707317073171,27.0,328.0,-0.0531400966183575,-0.0297619047619047,0.9695121951219512,-0.0046728971962616,52.4,1631108,-4.2,-1.6000000000000083,-6.9,-2.7,59.5,60.3
1642875,Maxime Raynaud,SAC,23.0,74,26.5,0.178,12.5,5.2,9.1,0.571,0.3,1.0,0.324,1.8,2.3,0.786,0.619,0.589,1.4,1.3,0.074,1.06,10.0,7.5,0.07,0.211,110.4,121.3,-10.9,-6.2,0.109,101.41,38.4,0.1098901098901098,0.2527472527472527,0.580564919704878,0.0384350802951219,0.5628571428571427,0.6131052427419849,58.3,7.389830508474576,0.1144067796610169,0.0084745762711864,0.0466101694915254,0.0847457627118644,0.1101694915254237,236.0,31.9,0.197461,0.3273801924878348,0.583,45.5,0.5652173913043478,0.6739130434782609,0.55,0.6022727272727273,0.525,0.603448275862069,0.5689655172413793,0.0,1.25,20.0,236.0,-0.0522727272727272,0.108695652173913,0.9215517241379312,0.5689655172413793,70.3,1642875,-3.0,1.7000000000000028,-10.9,-7.9,61.4,61.2
1642877,Micah Peavy,NOP,24.0,61,15.0,0.135,4.3,1.7,4.5,0.385,0.5,1.8,0.259,0.4,0.5,0.759,0.455,0.436,1.0,0.3,0.089,3.05,5.4,1.9,0.046,0.073,110.4,114.5,-4.1,-1.7,0.044,103.08,16.2,0.4,0.1111111111111111,0.5561047041569713,-0.1011047041569713,0.0942857142857143,0.1490521550800932,11.6,11.397727272727272,0.1590909090909091,0.034090909090909,0.0454545454545454,0.1534090909090909,0.1306818181818181,176.0,46.0,0.2093,0.3470086462020542,0.1159999999999999,23.2,0.3670886075949367,0.55,0.5,0.4520547945205479,0.4111111111111111,0.3488372093023256,0.3795180722891566,0.0,0.8238636363636364,4.0,176.0,0.047945205479452,0.1829113924050633,0.9377260981912146,0.3795180722891566,75.1,1642877,0.3000000000000007,-2.6999999999999886,-4.1,-4.4,65.2,29.9
1630695,Micah Potter,IND,28.0,47,19.3,0.174,9.7,3.2,6.2,0.515,1.5,3.6,0.423,1.8,2.1,0.842,0.679,0.637,1.5,1.0,0.111,1.47,10.3,5.0,0.061,0.193,108.4,114.8,-6.4,-2.6,0.114,105.56,27.2,0.5806451612903226,0.3387096774193548,0.594051774359345,0.084948225640655,0.7342857142857144,0.7677892190661089,74.8,17.568627450980394,0.0392156862745098,0.0,0.0196078431372549,0.0784313725490196,0.0784313725490196,51.0,39.0,0.26481,0.4390413741078164,0.748,59.4,0.48,0.6,0.0,0.6153846153846154,0.5142857142857142,0.4375,0.4901960784313725,,0.9607843137254902,1.0,51.0,-0.6153846153846154,0.12,0.9232142857142858,0.0,25.2,1630695,1.3999999999999997,-2.6999999999999886,-6.4,-7.8,65.4,59.8
1629008,Michael Porter Jr.,BKN,27.0,52,32.5,0.292,24.2,8.5,18.4,0.463,3.4,9.3,0.363,3.8,4.4,0.859,0.595,0.555,3.0,2.3,0.165,1.3,9.3,7.1,0.04,0.188,113.0,119.6,-6.6,-3.9,0.141,97.97,70.3,0.5054347826086957,0.2391304347826087,0.5626402660151607,0.0323597339848392,0.4942857142857142,0.5929010893174116,53.4,16.504725897920604,0.3137996219281663,0.0132325141776937,0.166351606805293,0.1172022684310018,0.0359168241965973,529.0,69.7,0.414715,0.6875761620147391,0.534,61.1,0.5034722222222222,0.4444444444444444,0.3,0.4806629834254143,0.4813559322033898,0.5,0.4922480620155038,0.4285714285714285,1.3724007561436673,10.0,529.0,-0.1806629834254143,-0.0590277777777777,0.9813559322033898,0.0636766334440753,46.2,1629008,6.200000000000001,10.099999999999994,-6.6,-12.8,80.1,75.3
1628969,Mikal Bridges,NYK,29.0,82,32.8,0.17,14.4,5.8,11.7,0.49,1.9,5.1,0.371,1.0,1.2,0.827,0.587,0.571,3.7,1.0,0.158,3.66,6.0,3.8,0.029,0.085,118.0,112.0,6.0,3.6,0.099,98.88,43.7,0.4358974358974359,0.1025641025641025,0.5503819955099939,0.036618004490006,0.4714285714285713,0.6070623809073427,52.6,14.698947368421052,0.2863157894736842,0.0126315789473684,0.1410526315789473,0.0905263157894736,0.0357894736842105,475.0,62.3,0.365701,0.606313468345616,0.526,56.6,0.5531914893617021,0.4375,0.3157894736842105,0.5151515151515151,0.4653846153846154,0.5534883720930233,0.5,0.5,1.153684210526316,19.0,475.0,-0.1993620414673046,-0.1156914893617021,0.911896243291592,0.0,37.9,1628969,-0.4000000000000003,3.700000000000003,6.0,6.4,73.7,61.0
201144,Mike Conley,MIN,38.0,54,18.4,0.113,4.5,1.3,4.0,0.335,1.0,3.1,0.337,0.8,0.9,0.9,0.517,0.465,2.9,0.6,0.205,4.62,7.9,1.7,0.017,0.074,112.3,112.1,0.2,0.3,0.061,102.58,14.8,0.775,0.225,0.5775894925923029,-0.0605894925923028,0.2714285714285716,0.2837894208547441,27.6,19.90714285714286,0.2785714285714286,0.0428571428571428,0.0214285714285714,0.0785714285714285,0.0142857142857142,140.0,64.8,0.335016,0.5554393149356303,0.276,41.6,0.3529411764705882,0.4444444444444444,0.4545454545454545,0.4444444444444444,0.3857142857142857,0.3428571428571428,0.3636363636363636,0.3333333333333333,1.0642857142857145,11.0,140.0,0.0101010101010101,0.0915032679738561,0.9571428571428572,0.0303030303030303,61.4,201144,-3.9,-3.1000000000000085,0.2,4.1,62.0,39.3
1628970,Miles Bridges,CHA,28.0,77,31.0,0.221,17.1,6.2,13.5,0.46,1.9,5.8,0.333,2.7,3.3,0.822,0.57,0.531,3.2,1.4,0.154,2.3,7.1,5.8,0.03,0.155,118.3,114.8,3.5,1.9,0.114,98.66,54.2,0.4296296296296296,0.2444444444444444,0.5719717483374291,-0.0019717483374291,0.4228571428571426,0.4787284149205412,44.5,13.801418439716311,0.1826241134751773,0.0212765957446808,0.0301418439716312,0.1843971631205673,0.0478723404255319,564.0,51.9,0.29583,0.4904709403055599,0.445,46.8,0.4140350877192982,0.3582089552238806,0.3870967741935484,0.4212962962962963,0.4698795180722891,0.4126984126984127,0.4444444444444444,0.1666666666666666,1.0070921985815602,31.0,564.0,-0.0341995221027479,-0.0558261324954176,0.9428188946261236,0.2777777777777778,58.1,1628970,-4.2,2.5999999999999943,3.5,7.7,67.4,61.5
1630540,Miles McBride,NYK,25.0,41,26.3,0.174,12.0,4.2,9.9,0.423,2.7,6.6,0.413,0.9,1.1,0.787,0.578,0.562,2.6,0.8,0.136,3.21,5.9,2.4,0.02,0.068,119.9,110.4,9.5,5.5,0.085,98.57,34.4,0.6666666666666666,0.1111111111111111,0.5499184519407526,0.0280815480592473,0.4457142857142855,0.5786735670651885,49.9,19.84042553191489,0.3439716312056737,0.0035460992907801,0.1347517730496454,0.0673758865248227,0.0070921985815602,282.0,71.9,0.415582,0.6890136034684285,0.499,59.4,0.4246575342465753,0.4571428571428571,0.48,0.4814814814814814,0.4150943396226415,0.4634146341463415,0.4347826086956521,0.0,1.0886524822695036,25.0,282.0,-0.0014814814814814,0.0324853228962818,0.9516797054763,0.4347826086956521,68.0,1630540,4.7,3.200000000000003,9.5,4.8,80.9,64.3
1629011,Mitchell Robinson,NYK,28.0,60,19.6,0.102,5.7,2.5,3.4,0.723,0.0,0.0,0.0,0.7,1.7,0.408,0.676,0.723,0.9,0.7,0.058,1.27,11.9,8.8,0.201,0.227,117.7,109.9,7.8,2.6,0.124,98.23,15.0,0.0,0.5,0.6369450514188613,0.0390549485811387,0.7257142857142858,0.6151666748503921,68.1,0.5747126436781609,0.0,0.0229885057471264,0.0,0.0804597701149425,0.7701149425287356,87.0,0.0,0.0,0.0,0.6809999999999999,34.0,0.6808510638297872,0.75,0.75,0.6785714285714286,0.6491228070175439,0.6666666666666666,0.6547619047619048,1.0,1.057471264367816,4.0,87.0,0.0714285714285714,0.0691489361702127,0.9824561403508772,-0.3452380952380952,55.8,1629011,1.8999999999999997,0.9000000000000057,7.8,5.9,75.2,49.2
1630541,Moses Moody,GSW,23.0,60,25.7,0.174,12.1,4.1,9.3,0.44,2.5,6.3,0.401,1.5,1.9,0.77,0.6,0.575,1.6,1.0,0.093,1.72,7.5,3.3,0.031,0.092,111.1,108.9,2.2,1.3,0.083,102.6,36.0,0.6774193548387096,0.2043010752688172,0.5676581043178303,0.0323418956821697,0.5085714285714285,0.5928417663116827,54.2,18.352564102564106,0.1538461538461538,0.016025641025641,0.0641025641025641,0.0865384615384615,0.0192307692307692,312.0,54.0,0.324,0.5371753529358125,0.542,54.0,0.4146341463414634,0.4166666666666667,0.3125,0.4491525423728814,0.4367088607594936,0.3636363636363636,0.3980263157894737,0.4,1.0416666666666667,16.0,312.0,-0.1366525423728813,0.0020325203252032,0.92692750287687,-0.0019736842105263,47.1,1630541,4.7,-2.300000000000012,2.2,-2.5,73.5,59.3
1631243,Mouhamed Gueye,ATL,23.0,77,15.3,0.12,4.4,1.7,3.8,0.452,0.5,1.7,0.308,0.5,0.8,0.645,0.539,0.521,0.9,0.4,0.076,2.09,7.9,3.6,0.071,0.151,112.5,110.1,2.3,0.6,0.075,102.61,15.3,0.4473684210526316,0.2105263157894737,0.576412789902171,-0.037412789902171,0.3342857142857143,0.360865793642677,34.5,12.08125,0.075,0.01875,0.05625,0.0625,0.15,160.0,35.7,0.192423,0.319027447339407,0.345,33.2,0.4705882352941176,0.4,0.3333333333333333,0.410958904109589,0.4268292682926829,0.4871794871794871,0.4645161290322581,0.3333333333333333,0.825,6.0,160.0,-0.0776255707762557,-0.0705882352941176,0.9396497811131956,0.1311827956989247,51.2,1631243,0.3999999999999999,-1.7000000000000028,2.3,1.9,69.0,36.9
1630619,Moussa Cisse,DAL,23.0,38,13.9,0.136,4.5,1.7,3.0,0.574,0.0,0.0,0.0,1.0,2.1,0.469,0.564,0.574,0.2,0.8,0.023,0.3,15.8,5.7,0.15,0.215,111.2,110.7,0.5,-0.1,0.087,104.05,14.1,0.0,0.7000000000000001,0.6714621022716105,-0.1074621022716105,0.4057142857142854,0.1279100110229116,29.5,1.0,0.0444444444444444,0.0,0.0,0.1555555555555555,0.5333333333333333,45.0,9.3,0.052452,0.0869627210252754,0.295,19.1,0.5263157894736842,0.6666666666666666,0.5,0.5625,0.7333333333333333,0.6,0.6444444444444445,,0.7333333333333333,2.0,45.0,-0.0625,0.1403508771929824,0.8666666666666667,0.0,54.4,1630619,6.4,1.7999999999999972,0.5,-5.9,77.6,30.4
1631217,Moussa Diabaté,CHA,24.0,73,26.0,0.112,7.9,3.1,5.0,0.631,0.0,0.0,0.5,1.6,2.4,0.659,0.653,0.632,1.9,1.0,0.099,1.93,11.2,8.7,0.139,0.191,122.0,111.5,10.5,4.7,0.108,97.8,24.3,0.0,0.48,0.6320268499480863,0.0209731500519136,0.6599999999999999,0.5550339000226661,61.8,2.452513966480447,0.0167597765363128,0.0391061452513966,0.0167597765363128,0.2625698324022346,0.2960893854748603,179.0,23.8,0.155414,0.2576684268554517,0.618,43.8,0.6292134831460674,0.5238095238095238,0.7142857142857143,0.6666666666666666,0.6363636363636364,0.6043956043956044,0.6235294117647059,0.4285714285714285,1.0446927374301676,7.0,179.0,0.0476190476190476,-0.1054039593365435,0.968031968031968,0.1949579831932773,59.7,1631217,9.9,9.299999999999995,10.5,0.6,91.8,57.2
1626167,Myles Turner,MIL,30.0,71,26.9,0.181,11.9,4.0,9.1,0.44,2.1,5.4,0.383,1.8,2.5,0.74,0.584,0.553,1.5,1.2,0.079,1.24,9.1,5.3,0.039,0.152,109.6,115.8,-6.2,-3.2,0.086,100.47,39.0,0.5934065934065935,0.2747252747252747,0.5809607214620781,0.0030392785379218,0.4628571428571426,0.4953930708320724,47.6,17.94054054054054,0.1432432432432432,0.0108108108108108,0.0756756756756756,0.0918918918918919,0.0486486486486486,370.0,52.6,0.307184,0.5092952889389958,0.476,49.3,0.4345794392523364,0.5675675675675675,0.4705882352941176,0.3924050632911392,0.4423076923076923,0.4158878504672897,0.4321329639889196,0.0,1.2216216216216216,17.0,370.0,0.0781831720029784,0.1329881283152311,0.9735801581595974,0.4321329639889196,77.7,1626167,0.0999999999999996,-2.700000000000003,-6.2,-6.3,64.0,61.3
1641772,Nae'Qwan Tomlin,CLE,25.0,64,15.7,0.151,5.8,2.3,4.9,0.478,0.4,1.8,0.235,0.7,1.0,0.77,0.549,0.521,0.8,0.5,0.071,1.83,6.8,2.9,0.081,0.094,114.3,110.7,3.6,0.9,0.069,101.75,20.1,0.3673469387755101,0.2040816326530612,0.5723635715071493,-0.0233635715071492,0.362857142857143,0.4075878320996331,38.1,9.634615384615383,0.032051282051282,0.032051282051282,0.0,0.1794871794871795,0.1858974358974359,156.0,31.7,0.174033,0.2885377722144391,0.381,33.5,0.5194805194805194,0.4666666666666667,0.4,0.3928571428571428,0.4736842105263157,0.4761904761904761,0.48,0.4,0.8910256410256411,5.0,156.0,0.0071428571428571,-0.0528138528138527,0.9974937343358397,0.0799999999999999,58.2,1641772,-0.8000000000000003,-4.200000000000003,3.6,4.4,66.4,41.0
1630230,Naji Marshall,DAL,28.0,74,29.5,0.2,15.2,5.7,11.1,0.51,0.8,2.9,0.291,3.1,4.1,0.76,0.592,0.548,3.3,1.6,0.162,2.03,9.1,4.7,0.028,0.12,109.7,114.3,-4.6,-2.9,0.106,104.35,48.3,0.2612612612612612,0.3693693693693693,0.5993654397325259,-0.0073654397325259,0.4857142857142855,0.4607911710325852,47.6,11.585164835164836,0.173076923076923,0.0329670329670329,0.0659340659340659,0.1318681318681318,0.0329670329670329,364.0,49.3,0.291856,0.4838822524889953,0.476,48.0,0.5086705202312138,0.5333333333333333,0.6,0.4482758620689655,0.5279503105590062,0.5270935960591133,0.5289017341040463,0.5,0.9532967032967034,25.0,364.0,0.1517241379310344,0.0246628131021194,0.9991432855001072,0.0289017341040462,68.4,1630230,1.2000000000000002,2.1000000000000085,-4.6,-5.8,69.5,63.0
1629675,Naz Reid,MIN,26.0,77,26.1,0.212,13.6,5.2,11.3,0.456,2.1,5.8,0.362,1.2,1.6,0.732,0.565,0.549,2.2,1.6,0.124,1.35,10.3,6.2,0.042,0.187,113.0,109.9,3.2,2.2,0.112,102.77,44.6,0.5132743362831858,0.1415929203539823,0.5526908764954473,0.0123091235045526,0.4085714285714283,0.5262208393842656,45.6,15.640969162995594,0.145374449339207,0.0220264317180616,0.0352422907488986,0.0947136563876652,0.0572687224669603,454.0,48.0,0.2711999999999999,0.449635665790717,0.456,45.3,0.4853556485355648,0.4,0.5454545454545454,0.4861111111111111,0.453781512605042,0.4768518518518518,0.4657534246575342,0.4,1.066079295154185,33.0,454.0,0.0593434343434343,-0.0853556485355648,0.97692966075319,0.0657534246575342,58.4,1629675,0.5,-2.299999999999997,3.2,2.7,69.1,57.9
1629674,Neemias Queta,BOS,26.0,76,25.3,0.145,10.2,4.3,6.6,0.653,0.0,0.1,0.125,1.6,2.3,0.703,0.674,0.654,1.7,1.0,0.091,1.68,9.6,8.4,0.118,0.194,118.8,105.6,13.2,6.3,0.13,96.15,30.3,0.0151515151515151,0.3484848484848484,0.6031619569523001,0.0708380430476999,0.72,0.7208644382557878,72.0,3.4730290456431536,0.0622406639004149,0.0082987551867219,0.0373443983402489,0.1991701244813278,0.3236514522821577,241.0,23.2,0.156368,0.2592501098390961,0.72,49.0,0.7153284671532847,0.6818181818181818,0.5769230769230769,0.7058823529411765,0.6890756302521008,0.6311475409836066,0.6596638655462185,0.5,1.1950207468879668,26.0,241.0,-0.1289592760180996,-0.0335102853351029,0.9420719107315058,0.1596638655462184,50.7,1629674,9.3,1.5,13.2,3.9,86.6,62.6
1629651,Nic Claxton,BKN,27.0,69,27.8,0.175,11.7,4.8,8.4,0.571,0.0,0.3,0.158,2.0,3.3,0.616,0.592,0.574,3.7,1.4,0.216,2.64,9.3,6.9,0.084,0.167,107.4,120.3,-12.9,-7.5,0.117,98.37,38.9,0.0357142857142857,0.3928571428571428,0.6082143929235115,-0.0162143929235115,0.4857142857142855,0.4313631189041096,46.4,4.085034013605442,0.0748299319727891,0.010204081632653,0.0442176870748299,0.2448979591836734,0.2482993197278911,294.0,29.1,0.172272,0.2856181246943157,0.4639999999999999,37.5,0.631578947368421,0.6206896551724138,0.375,0.6699029126213593,0.5568181818181818,0.635593220338983,0.5951557093425606,0.0,1.3605442176870748,8.0,294.0,-0.2949029126213592,-0.0108892921960072,0.9212249614791987,0.5951557093425606,52.2,1629651,-5.800000000000001,0.6000000000000085,-12.9,-7.1,56.5,50.3
1630208,Nick Richards,CHI,28.0,48,14.6,0.176,5.8,2.1,4.2,0.512,0.1,0.4,0.278,1.4,2.1,0.644,0.562,0.525,0.3,1.2,0.033,0.27,18.4,5.1,0.103,0.221,108.9,117.2,-8.4,-2.8,0.079,102.27,21.9,0.0952380952380952,0.5,0.6281614567563232,-0.0661614567563231,0.4000000000000001,0.2652593135824146,34.6,4.845070422535211,0.0704225352112676,0.0,0.0845070422535211,0.1830985915492957,0.2535211267605634,71.0,28.4,0.159608,0.2646218633684542,0.346,30.5,0.5581395348837209,0.6,0.1666666666666666,0.5217391304347826,0.5,0.4883720930232558,0.4929577464788732,,1.0985915492957747,6.0,71.0,-0.3550724637681159,0.041860465116279,0.9883720930232558,0.0,39.5,1630208,-6.4,-3.0,-8.85,-2.45,55.0,34.7
1641733,Nick Smith Jr.,LAL,22.0,30,12.5,0.212,6.2,2.3,5.4,0.435,1.1,2.9,0.395,0.4,0.5,0.733,0.552,0.54,1.0,0.7,0.127,1.48,9.6,0.8,0.009,0.054,110.6,111.7,-1.1,-0.1,0.067,101.35,23.0,0.537037037037037,0.0925925925925925,0.5431515795895698,0.0088484204104302,0.3714285714285714,0.5147119355786995,42.9,18.683760683760685,0.452991452991453,0.0341880341880341,0.1196581196581196,0.0598290598290598,0.0,117.0,79.9,0.441048,0.7312349230297354,0.429,58.0,0.3846153846153846,0.48,0.25,0.4142857142857143,0.4473684210526316,0.4177215189873418,0.4336283185840708,0.25,1.0683760683760684,4.0,117.0,-0.1642857142857143,0.0953846153846153,0.97035309793471,0.1836283185840708,56.2,1641733,-2.9000000000000004,-6.6000000000000085,-1.1,1.8,60.0,52.9
1629638,Nickeil Alexander-Walker,ATL,27.0,78,33.4,0.23,20.8,7.0,15.3,0.459,3.2,8.1,0.399,3.6,3.9,0.902,0.61,0.564,3.7,2.1,0.155,1.77,9.2,3.4,0.019,0.079,116.1,112.0,4.0,3.1,0.105,104.38,60.2,0.5294117647058824,0.2549019607843137,0.5722684441536862,0.0377315558463138,0.5371428571428571,0.6107656039501023,56.7,15.421303656597772,0.2241653418124006,0.0222575516693163,0.0826709062003179,0.1860095389507154,0.0047694753577106,629.0,61.3,0.37393,0.6199567275410135,0.5670000000000001,59.3,0.4213836477987421,0.4895833333333333,0.5454545454545454,0.4227642276422764,0.4254545454545455,0.4830508474576271,0.4587458745874587,0.5,1.011128775834658,55.0,629.0,0.1226903178122689,0.0681996855345911,0.9424036979969184,-0.0412541254125412,64.3,1629638,5.0,7.599999999999994,4.0,-1.0,81.9,75.5
201587,Nicolas Batum,LAC,37.0,74,17.5,0.092,4.0,1.3,3.2,0.403,1.2,3.1,0.404,0.1,0.1,0.818,0.603,0.597,0.9,0.5,0.069,1.73,10.8,2.5,0.018,0.119,113.2,113.8,-0.5,-0.2,0.058,98.96,11.0,0.96875,0.03125,0.5414510461746166,0.0615489538253833,0.5171428571428571,0.689972671064742,58.6,23.65,0.0571428571428571,0.0214285714285714,0.0357142857142857,0.0071428571428571,0.0071428571428571,140.0,50.3,0.303309,0.5028707380358283,0.5860000000000001,54.4,0.5,0.1818181818181818,0.0,0.4769230769230769,0.417910447761194,0.410958904109589,0.4166666666666667,0.3333333333333333,1.0071428571428571,8.0,140.0,-0.4769230769230769,-0.3181818181818182,0.993048456348395,0.0833333333333333,19.6,201587,-2.4,-3.0999999999999943,-0.5,1.9,63.4,45.3
203999,Nikola Jokić,DEN,31.0,65,34.8,0.289,27.7,9.9,17.4,0.569,1.7,4.5,0.38,6.1,7.4,0.831,0.67,0.618,10.7,3.7,0.458,2.87,10.7,12.9,0.089,0.27,126.1,115.3,10.8,8.5,0.213,102.59,75.4,0.2586206896551724,0.4252873563218391,0.6003352336186591,0.0696647663813408,0.7085714285714286,0.7169625929014798,71.2,11.191489361702128,0.2127659574468085,0.0290135396518375,0.1005802707930367,0.1257253384912959,0.0947775628626692,517.0,51.8,0.34706,0.5754076481169849,0.7120000000000001,64.4,0.6124031007751938,0.5641025641025641,0.5510204081632653,0.6907216494845361,0.6016260162601627,0.6051660516605166,0.6178861788617886,0.2666666666666666,1.0870406189555126,49.0,517.0,-0.1397012413212708,-0.0483005366726296,0.996459964599646,0.351219512195122,56.8,203999,13.7,13.399999999999991,10.8,-2.9,99.3,88.1
1631107,Nikola Jović,MIA,22.0,47,17.2,0.203,7.3,2.4,6.7,0.366,1.0,3.6,0.269,1.5,2.1,0.683,0.48,0.438,2.2,1.4,0.173,1.57,12.4,3.3,0.028,0.137,109.3,110.1,-0.8,-0.1,0.073,107.64,30.2,0.5373134328358209,0.3134328358208955,0.5863570109437826,-0.1063570109437825,0.1657142857142857,0.1315850994203931,15.2,14.877828054298645,0.090497737556561,0.0316742081447963,0.0452488687782805,0.1447963800904977,0.0180995475113122,221.0,47.7,0.22896,0.3796039160746408,0.152,26.6,0.375,0.25,0.4545454545454545,0.4368932038834951,0.4590163934426229,0.3131313131313131,0.3952380952380952,0.2857142857142857,0.9502262443438914,22.0,221.0,0.0176522506619594,-0.125,0.8541149196886901,0.1095238095238095,49.7,1631107,-3.6,-7.400000000000006,-0.8,2.8,58.8,32.3
202696,Nikola Vučević,BOS,35.0,64,28.4,0.213,15.1,6.2,12.5,0.493,1.6,4.2,0.369,1.2,1.5,0.828,0.574,0.556,3.3,1.3,0.175,2.51,7.4,8.4,0.067,0.211,113.1,114.8,-1.7,-0.7,0.127,101.99,46.6,0.336,0.12,0.5497281909681176,0.0242718090318823,0.4342857142857141,0.5660039104093713,48.7,12.716446124763705,0.1871455576559546,0.0189035916824196,0.1020793950850661,0.0756143667296786,0.0888468809073724,529.0,49.1,0.281834,0.4672662914176289,0.487,47.7,0.4857142857142857,0.525,0.5,0.4913793103448275,0.5172413793103449,0.4769874476987448,0.5067698259187621,0.2,1.0756143667296787,52.0,529.0,0.0086206896551724,0.0392857142857143,0.9597460683884,0.306769825918762,66.0,202696,-0.4999999999999995,-2.1999999999999886,3.0000000000000004,3.5,67.9,61.9
1642363,Nique Clifford,SAC,24.0,75,25.1,0.167,8.6,3.3,7.9,0.418,1.0,3.1,0.333,0.9,1.3,0.722,0.505,0.482,2.4,1.5,0.13,1.54,12.4,3.8,0.034,0.115,111.3,115.8,-4.5,-2.9,0.062,100.77,33.1,0.3924050632911392,0.1645569620253164,0.5628755678109542,-0.0578755678109541,0.2371428571428571,0.292814840948462,25.9,14.339080459770114,0.2298850574712643,0.0344827586206896,0.0977011494252873,0.0977011494252873,0.0632183908045977,174.0,57.2,0.28886,0.4789150384229593,0.259,36.9,0.3902439024390244,0.4,0.3333333333333333,0.4657534246575342,0.3814432989690721,0.4675324675324675,0.4207317073170731,0.5,1.1494252873563218,6.0,174.0,-0.1324200913242009,0.0097560975609756,0.9139108314366048,-0.0792682926829268,45.2,1642363,9.8,3.3999999999999915,-4.5,-14.3,80.4,42.3
1641730,Noah Clowney,BKN,21.0,66,27.0,0.202,12.3,3.8,9.6,0.396,2.0,5.9,0.329,2.7,3.4,0.804,0.554,0.498,1.6,1.5,0.095,1.06,10.8,4.1,0.029,0.128,109.7,118.3,-8.7,-5.0,0.072,98.49,43.3,0.6145833333333334,0.3541666666666667,0.5936985643465509,-0.0396985643465508,0.3771428571428572,0.3532642290223928,36.8,18.014084507042252,0.0901408450704225,0.0197183098591549,0.0253521126760563,0.1154929577464788,0.0225352112676056,355.0,48.3,0.267582,0.4436372076829339,0.368,40.6,0.3763440860215054,0.3684210526315789,0.4,0.3307086614173228,0.4081632653061224,0.3584905660377358,0.382183908045977,0.5714285714285714,1.191549295774648,10.0,355.0,0.0692913385826771,-0.0079230333899264,0.9503273007316132,-0.1892446633825943,54.7,1641730,2.200000000000001,4.700000000000003,-8.7,-10.9,70.6,52.0
1642869,Noah Penda,ORL,21.0,59,12.8,0.14,3.8,1.4,3.4,0.404,0.5,1.6,0.323,0.6,0.8,0.688,0.506,0.478,1.2,0.7,0.124,1.67,12.5,3.2,0.081,0.159,110.4,113.4,-3.0,-0.9,0.076,101.42,14.3,0.4705882352941177,0.2352941176470588,0.578792330383175,-0.072792330383175,0.24,0.2432077001839946,24.1,11.74,0.12,0.05,0.03,0.13,0.13,100.0,43.4,0.219604,0.3640921487843092,0.241,30.3,0.4186046511627907,0.2272727272727272,0.3,0.4,0.2857142857142857,0.4810126582278481,0.4468085106382978,0.4,0.83,10.0,100.0,-0.1,-0.1913319238900634,0.8047016274864376,0.0468085106382978,36.4,1642869,-4.4,-3.799999999999997,-3.0,1.4,59.5,28.3
1642849,Nolan Traore,BKN,19.0,56,22.2,0.224,8.9,3.3,8.6,0.38,1.1,3.4,0.318,1.3,1.7,0.787,0.479,0.444,3.8,2.3,0.265,1.65,14.9,1.8,0.011,0.073,108.2,118.8,-10.5,-5.0,0.056,98.4,38.5,0.3953488372093023,0.1976744186046511,0.562948040554078,-0.083948040554078,0.1628571428571428,0.2061083039781332,18.0,15.095238095238097,0.1547619047619047,0.0238095238095238,0.0952380952380952,0.1428571428571428,0.0,84.0,55.1,0.263929,0.4375807213734446,0.18,30.9,0.2857142857142857,0.25,0.5,0.3333333333333333,0.2826086956521739,0.3947368421052631,0.3333333333333333,0.5,1.119047619047619,4.0,84.0,0.1666666666666666,-0.0357142857142857,0.8878718535469108,-0.1666666666666666,56.6,1642849,-0.9000000000000004,1.2999999999999972,-10.5,-9.6,63.7,39.9
1626181,Norman Powell,MIA,32.0,58,29.6,0.262,21.7,7.3,15.4,0.47,2.7,7.1,0.38,4.5,5.5,0.827,0.609,0.558,2.5,1.9,0.123,1.29,8.7,3.5,0.012,0.097,114.7,114.1,0.6,0.7,0.113,105.69,62.9,0.461038961038961,0.3571428571428571,0.5888056010026366,0.0201943989973634,0.5342857142857143,0.5524440878568886,54.2,14.199630314232902,0.2828096118299446,0.0129390018484288,0.1016635859519408,0.2384473197781885,0.0,541.0,66.4,0.404376,0.6704346312307782,0.542,60.6,0.4748201438848921,0.5697674418604651,0.5277777777777778,0.4893617021276595,0.5053763440860215,0.4732824427480916,0.4867424242424242,0.8571428571428571,1.0739371534195934,36.0,541.0,0.0384160756501182,0.094947297975573,0.96790609866207,-0.3704004329004328,53.7,1626181,-2.6,-0.2000000000000028,0.6,3.2,65.8,72.7
1628384,OG Anunoby,NYK,28.0,67,33.2,0.194,16.7,5.8,12.0,0.484,2.3,6.1,0.386,2.7,3.3,0.828,0.62,0.581,2.2,1.8,0.09,1.18,10.5,5.2,0.039,0.116,119.4,110.2,9.2,6.1,0.099,99.84,49.2,0.5083333333333333,0.2749999999999999,0.5802024443140037,0.0397975556859963,0.5657142857142856,0.6176362868057346,58.6,13.580745341614907,0.1335403726708074,0.0093167701863354,0.0559006211180124,0.2360248447204969,0.046583850931677,322.0,50.9,0.31558,0.5232154255539622,0.5860000000000001,55.5,0.4753086419753086,0.5675675675675675,0.4,0.5076923076923077,0.4801980198019802,0.4083333333333333,0.4539682539682539,0.3333333333333333,1.220496894409938,20.0,322.0,-0.1076923076923076,0.0922589255922589,0.9281353135313531,0.1206349206349206,55.7,1628384,6.199999999999999,5.700000000000003,9.2,3.0,84.3,68.9
1630167,Obi Toppin,IND,28.0,24,17.7,0.241,11.6,4.2,8.3,0.503,1.5,4.4,0.352,1.8,1.9,0.913,0.636,0.595,2.3,1.2,0.193,1.96,9.3,4.4,0.03,0.206,113.9,117.5,-3.6,-1.4,0.143,104.11,35.3,0.5301204819277109,0.2289156626506023,0.5660911842691241,0.0699088157308759,0.6114285714285714,0.7177742026845843,65.4,14.47222222222222,0.1111111111111111,0.0277777777777777,0.0833333333333333,0.1388888888888889,0.0833333333333333,36.0,49.0,0.31164,0.5166831079904833,0.654,58.5,0.3684210526315789,,,0.4166666666666667,0.4444444444444444,0.3888888888888889,0.4285714285714285,0.0,1.8333333333333333,0.0,36.0,0.0,0.0,0.9444444444444444,0.4285714285714285,66.2,1630167,4.700000000000001,4.900000000000006,-3.6,-8.3,76.0,68.3
1630534,Ochai Agbaji,BKN,26.0,62,15.7,0.142,5.1,2.0,4.5,0.436,0.5,2.1,0.266,0.6,0.7,0.837,0.525,0.496,0.8,0.5,0.07,1.52,8.2,2.3,0.046,0.096,106.4,109.0,-2.7,-1.0,0.057,100.34,17.9,0.4666666666666667,0.1555555555555555,0.563356437144449,-0.038356437144449,0.2942857142857142,0.3577276032107355,32.0,10.03968253968254,0.0238095238095238,0.0079365079365079,0.0158730158730158,0.1904761904761904,0.1428571428571428,126.0,31.6,0.1659,0.2750536760865781,0.32,29.8,0.4558823529411764,0.5,,0.4,0.4426229508196721,0.4153846153846154,0.4308943089430894,0.0,1.031746031746032,0.0,126.0,0.0,0.0441176470588235,0.9727616645649432,0.4308943089430894,69.4,1630534,1.6499999999999997,-4.800000000000011,-4.75,-6.4,64.9,38.7
1641765,Olivier-Maxence Prosper,MEM,23.0,53,18.6,0.183,10.0,3.6,6.6,0.549,1.1,2.8,0.405,1.6,2.2,0.754,0.662,0.634,1.0,0.9,0.077,1.09,9.5,3.5,0.057,0.127,110.7,120.4,-9.7,-3.9,0.103,104.7,29.1,0.4242424242424242,0.3333333333333333,0.5931638906705105,0.0688361093294895,0.6857142857142857,0.7142068135011151,69.7,10.412698412698411,0.1269841269841269,0.0317460317460317,0.0317460317460317,0.3015873015873015,0.0158730158730158,63.0,50.2,0.332324,0.5509761172501264,0.6970000000000001,62.4,0.6,0.25,1.0,0.4827586206896552,0.6,0.4210526315789473,0.5084745762711864,0.0,0.8888888888888888,1.0,63.0,0.5172413793103448,-0.35,0.8210526315789474,0.5084745762711864,76.4,1641765,-4.9,-1.0999999999999943,-9.7,-4.8,57.7,69.2
1630168,Onyeka Okongwu,ATL,25.0,74,31.0,0.189,15.2,5.6,11.6,0.48,1.9,5.2,0.376,2.1,2.7,0.757,0.592,0.564,3.1,1.7,0.14,1.82,9.7,7.6,0.058,0.178,113.4,111.3,2.1,1.5,0.104,104.39,46.5,0.4482758620689655,0.2327586206896552,0.5731054965266436,0.0188945034733564,0.4857142857142855,0.5481211592102528,51.1,12.632567849686849,0.0793319415448851,0.0187891440501043,0.0062630480167014,0.1336116910229645,0.0793319415448851,479.0,38.3,0.2267359999999999,0.3759166383433777,0.511,44.3,0.4980694980694981,0.4634146341463415,0.4666666666666667,0.4648648648648649,0.4449760765550239,0.5111111111111111,0.4892703862660944,0.2222222222222222,0.9331941544885176,30.0,479.0,0.0018018018018017,-0.0346548639231565,0.9338649654439128,0.2670481640438722,60.3,1630168,-1.2999999999999998,-0.8999999999999915,2.1,3.4,67.5,60.1
1631131,Oscar Tshiebwe,UTA,26.0,27,16.6,0.162,7.8,3.4,5.4,0.634,0.0,0.0,0.0,1.0,1.8,0.551,0.633,0.634,1.2,0.8,0.101,1.52,9.6,6.6,0.151,0.224,110.9,118.9,-8.0,-2.9,0.125,104.74,20.9,0.0,0.3333333333333333,0.5985136398336721,0.0344863601663278,0.6028571428571428,0.5999733909530875,60.2,3.5,0.0,0.0,0.0,0.0,0.25,4.0,8.0,0.05064,0.0839585181255233,0.6020000000000001,34.3,0.25,,,0.25,,0.25,0.25,,1.0,0.0,4.0,0.0,0.0,0.0,0.0,11.2,1631131,0.0999999999999996,-1.6999999999999886,-8.0,-8.1,63.9,39.5
1642345,Oso Ighodaro,PHX,23.0,82,22.1,0.12,6.5,2.9,4.5,0.653,0.0,0.0,0.0,0.6,1.4,0.453,0.636,0.653,2.3,1.2,0.139,1.83,14.4,5.1,0.071,0.158,114.8,109.7,5.1,2.0,0.09,98.44,21.5,0.0,0.3111111111111111,0.5988614530607465,0.0371385469392535,0.6114285714285714,0.6087934953116028,61.0,4.143884892086331,0.0431654676258992,0.0287769784172661,0.0071942446043165,0.302158273381295,0.1438848920863309,139.0,31.1,0.197796,0.3279356052755925,0.61,46.9,0.6666666666666666,0.8571428571428571,0.7142857142857143,0.6567164179104478,0.6229508196721312,0.6538461538461539,0.6444444444444445,0.5,0.9856115107913668,7.0,139.0,0.0575692963752665,0.1904761904761904,0.9691046658259772,0.1444444444444445,71.7,1642345,7.6,4.299999999999997,5.1,-2.5,83.0,58.6
1631172,Ousmane Dieng,MIL,22.0,57,19.3,0.192,7.6,2.9,7.0,0.422,1.1,3.2,0.341,0.6,0.8,0.711,0.516,0.501,2.4,1.3,0.185,1.81,11.9,3.2,0.026,0.136,108.7,117.3,-8.6,-3.7,0.075,99.84,29.3,0.4571428571428572,0.1142857142857143,0.5500625555657076,-0.0340625555657075,0.2685714285714287,0.3720073228798853,31.0,16.95,0.3166666666666666,0.0,0.0833333333333333,0.05,0.0333333333333333,60.0,61.0,0.31476,0.5218559076854208,0.31,41.6,0.5333333333333333,0.5,,0.5,0.5,0.3823529411764705,0.4333333333333333,,0.9166666666666666,0.0,60.0,0.0,-0.0333333333333333,0.8823529411764706,0.0,51.2,1631172,-0.3833333333333342,-4.833333333333329,-3.9500000000000006,-3.5666666666666664,62.9,44.0
1629023,P.J. Washington,DAL,27.0,56,31.0,0.194,14.2,5.3,11.8,0.45,1.4,4.2,0.325,2.2,3.3,0.687,0.537,0.508,1.8,1.7,0.082,1.04,10.1,7.0,0.045,0.162,107.0,114.4,-7.3,-4.9,0.093,103.86,46.8,0.3559322033898305,0.2796610169491525,0.5821897816080953,-0.0451897816080952,0.3285714285714287,0.3350026534061798,33.1,11.942598187311178,0.1510574018126888,0.0151057401812688,0.0513595166163142,0.1450151057401812,0.0604229607250755,331.0,45.6,0.244872,0.4059851945188219,0.331,36.8,0.4545454545454545,0.4489795918367347,0.3666666666666666,0.5172413793103449,0.4457142857142857,0.4743589743589743,0.4658385093167702,0.4,1.0876132930513596,30.0,331.0,-0.1505747126436782,-0.0055658627087198,0.9713553113553114,0.0658385093167701,49.8,1629023,-3.8,-3.799999999999997,-7.3,-3.5,58.2,48.5
1631094,Paolo Banchero,ORL,23.0,72,34.7,0.274,22.2,7.3,16.0,0.459,1.2,3.8,0.305,6.3,8.2,0.775,0.566,0.496,5.2,3.1,0.235,1.68,11.0,8.4,0.034,0.204,114.0,114.1,-0.2,0.0,0.138,100.96,73.3,0.2375,0.5125,0.618802942329274,-0.052802942329274,0.4114285714285712,0.3096843490000112,37.1,10.69515011547344,0.3533487297921478,0.0138568129330254,0.184757505773672,0.2124711316397228,0.0184757505773672,433.0,70.0,0.3961999999999999,0.6568792433122497,0.371,51.4,0.4776119402985074,0.3717948717948718,0.3269230769230769,0.4421052631578947,0.4153005464480874,0.484,0.457345971563981,0.3333333333333333,1.1039260969976905,52.0,433.0,-0.1151821862348178,-0.1058170685036356,0.9313005464480876,0.1240126382306477,47.0,1631094,-1.4,2.4000000000000057,-0.2,1.2,68.7,66.3
1627783,Pascal Siakam,IND,32.0,62,33.2,0.292,24.0,9.0,18.6,0.484,1.7,4.7,0.358,4.2,6.1,0.693,0.562,0.529,3.8,2.2,0.19,1.71,8.2,6.6,0.041,0.151,111.5,117.2,-5.6,-3.7,0.13,102.95,74.4,0.2526881720430107,0.3279569892473117,0.5814409865533468,-0.0194409865533466,0.4000000000000001,0.4206327688291514,40.8,11.914285714285716,0.3014285714285714,0.0157142857142857,0.1685714285714285,0.1485714285714285,0.0385714285714285,700.0,64.0,0.35968,0.5963309597035589,0.408,50.2,0.5098591549295775,0.475,0.5230769230769231,0.4714828897338403,0.4735576923076923,0.5035211267605634,0.4889217134416543,0.3636363636363636,1.1114285714285714,65.0,700.0,0.0515940333430828,-0.0348591549295774,0.9700365655471288,0.1252853498052907,61.3,1627783,4.9,6.299999999999997,-5.6,-10.5,76.3,70.8
1630311,Pat Spencer,GSW,29.0,66,18.6,0.185,7.2,2.8,6.6,0.427,0.9,2.5,0.357,0.7,0.9,0.772,0.516,0.495,3.5,1.3,0.27,2.73,10.9,2.4,0.041,0.091,112.1,115.6,-3.4,-1.4,0.087,99.81,28.4,0.3787878787878788,0.1363636363636363,0.5556133099433183,-0.0396133099433182,0.2685714285714287,0.3535477508094746,30.3,11.7578125,0.4296875,0.0390625,0.1171875,0.1484375,0.0234375,128.0,72.3,0.373068,0.6185275758304251,0.303,46.1,0.3478260869565217,0.4,0.6363636363636364,0.3148148148148148,0.3061224489795918,0.4683544303797468,0.4297520661157025,0.0,0.890625,11.0,128.0,0.3215488215488215,0.0521739130434782,0.8377680185998451,0.4297520661157025,81.4,1630311,-4.4,-0.9000000000000057,-3.4,1.0,61.4,50.9
1630172,Patrick Williams,CHI,24.0,72,20.5,0.159,7.0,2.5,6.6,0.372,1.3,3.8,0.347,0.8,1.0,0.72,0.494,0.472,1.5,1.0,0.101,1.4,10.9,3.0,0.03,0.106,103.8,114.8,-11.0,-4.8,0.057,105.67,26.9,0.5757575757575758,0.1515151515151515,0.559938797938427,-0.065938797938427,0.2057142857142857,0.265999787077809,23.0,15.72645739910314,0.2152466367713004,0.0179372197309417,0.0582959641255605,0.147982062780269,0.0448430493273542,223.0,56.7,0.280098,0.4643880926130099,0.23,34.7,0.3464566929133858,0.3043478260869565,0.375,0.3571428571428571,0.3805309734513274,0.3181818181818182,0.3581395348837209,0.0,1.0896860986547086,8.0,223.0,0.0178571428571428,-0.0421088668264292,0.9376508447304908,0.3581395348837209,63.3,1630172,-9.3,-11.400000000000006,-11.0,-1.7,44.6,38.2
202331,Paul George,PHI,36.0,37,30.7,0.229,17.3,6.1,13.9,0.439,2.7,6.9,0.392,2.5,3.0,0.82,0.57,0.536,3.6,1.7,0.175,2.08,8.5,5.3,0.017,0.147,115.0,111.4,3.6,2.4,0.117,100.33,51.9,0.4964028776978417,0.2158273381294964,0.5651446324613972,0.0048553675386027,0.4228571428571426,0.5014326509528522,45.4,17.21285140562249,0.3895582329317269,0.0080321285140562,0.2369477911646586,0.0923694779116465,0.0160642570281124,249.0,79.1,0.4508699999999999,0.7475192943770671,0.454,60.1,0.437956204379562,0.4705882352941176,0.1428571428571428,0.4722222222222222,0.3883495145631068,0.410958904109589,0.3943089430894309,1.0,1.1927710843373494,7.0,249.0,-0.3293650793650793,0.0326320309145555,0.9773906104535176,-0.6056910569105691,25.1,202331,5.3,2.0,3.6,-1.7,77.9,61.3
1630194,Paul Reed,DET,26.0,65,13.9,0.2,7.8,3.2,5.2,0.617,0.2,0.6,0.325,1.1,1.7,0.664,0.65,0.636,1.2,0.9,0.134,1.38,11.0,4.5,0.142,0.176,112.5,104.4,8.1,2.1,0.153,101.72,26.7,0.1153846153846153,0.3269230769230769,0.5922993981762601,0.0577006018237399,0.6514285714285715,0.6771746032177505,66.2,7.801587301587301,0.1111111111111111,0.0079365079365079,0.0952380952380952,0.1746031746031746,0.1349206349206349,126.0,38.8,0.2522,0.4181346420074441,0.662,54.0,0.5416666666666666,0.5882352941176471,0.6666666666666666,0.5333333333333333,0.6056338028169014,0.5636363636363636,0.5967741935483871,0.0,0.9444444444444444,12.0,126.0,0.1333333333333333,0.0465686274509804,0.9580025608194622,0.5967741935483871,80.4,1630194,-0.5,-5.099999999999994,8.1,8.6,68.2,65.4
1630202,Payton Pritchard,BOS,28.0,79,32.3,0.21,17.0,6.4,13.8,0.464,2.7,7.1,0.377,1.5,1.7,0.89,0.584,0.561,5.2,1.4,0.234,3.74,6.5,3.9,0.026,0.09,120.1,112.1,8.0,5.4,0.12,95.81,51.8,0.5144927536231884,0.1231884057971014,0.5493822324432127,0.0346177675567872,0.4628571428571426,0.6004103989757364,51.8,18.373358348968104,0.4803001876172608,0.0337711069418386,0.1332082551594746,0.0619136960600375,0.0131332082551594,533.0,82.0,0.4788799999999999,0.7939584352280922,0.518,65.6,0.4647887323943662,0.5,0.4193548387096774,0.4866666666666667,0.4579831932773109,0.4576271186440678,0.4647058823529412,0.2777777777777778,1.0731707317073171,31.0,533.0,-0.0673118279569892,0.0352112676056338,0.9996439253667568,0.1869281045751634,60.5,1630202,0.2000000000000001,4.799999999999997,8.0,7.8,76.1,72.1
1641796,Pelle Larsson,MIA,25.0,70,26.4,0.165,11.4,4.0,8.0,0.496,0.9,2.7,0.323,2.6,3.3,0.797,0.605,0.551,3.4,1.4,0.163,2.34,10.2,3.5,0.035,0.088,115.7,113.3,2.4,1.1,0.084,105.49,36.4,0.3375,0.4125,0.6108936153892754,-0.0058936153892754,0.5228571428571427,0.4656858656436106,50.0,12.701754385964913,0.0570175438596491,0.0175438596491228,0.0350877192982456,0.1798245614035087,0.0263157894736842,228.0,41.6,0.25168,0.4172725087249546,0.5,45.9,0.4516129032258064,0.5714285714285714,0.5,0.573170731707317,0.4836065573770491,0.4433962264150943,0.4663677130044843,0.25,0.8991228070175439,14.0,228.0,-0.073170731707317,0.1198156682027649,0.9597896690380452,0.2163677130044843,62.7,1641796,0.1,2.0,2.4,2.3,71.4,57.5
1631250,Pete Nance,MIL,26.0,47,15.7,0.132,5.4,2.1,4.1,0.515,1.1,2.5,0.42,0.1,0.2,0.364,0.639,0.644,1.0,0.6,0.092,1.85,9.5,2.7,0.038,0.135,112.2,117.4,-5.2,-1.7,0.078,97.81,14.1,0.6097560975609757,0.048780487804878,0.5430072863011226,0.0959927136988774,0.6199999999999999,0.8045187353484173,69.4,18.066666666666663,0.0,0.0,0.0,0.0666666666666666,0.0,15.0,36.7,0.234513,0.3888105047624574,0.6940000000000001,54.1,0.0,0.6666666666666666,1.0,0.6666666666666666,0.75,0.6363636363636364,0.6666666666666666,,1.2,2.0,15.0,0.3333333333333333,0.6666666666666666,0.8863636363636364,0.0,100.0,1631250,1.2000000000000002,0.9000000000000057,-5.2,-6.4,68.3,65.5
1631212,Peyton Watson,DEN,23.0,54,29.6,0.204,14.6,5.3,10.8,0.491,1.5,3.6,0.411,2.6,3.5,0.73,0.594,0.56,2.1,1.7,0.096,1.19,10.7,4.9,0.033,0.127,123.7,117.6,6.2,3.6,0.087,99.45,45.9,0.3333333333333333,0.324074074074074,0.5897492664320834,0.0042507335679166,0.4914285714285713,0.4994218820377082,49.5,11.40677966101695,0.1807909604519774,0.0112994350282485,0.0819209039548022,0.2175141242937853,0.0508474576271186,354.0,51.9,0.308286,0.5111223483184256,0.495,50.3,0.5260115606936416,0.4347826086956521,0.2962962962962963,0.5466666666666666,0.4919354838709677,0.5130434782608696,0.5043478260869565,0.25,0.980225988700565,27.0,354.0,-0.2503703703703703,-0.0912289519979894,0.978892005610098,0.2543478260869565,45.5,1631212,1.9000000000000004,5.400000000000006,6.2,4.3,77.7,60.1
1630173,Precious Achiuwa,SAC,26.0,73,23.9,0.172,10.1,4.3,8.2,0.528,0.4,1.3,0.278,1.1,1.9,0.554,0.558,0.551,1.4,0.9,0.082,1.55,7.9,6.7,0.098,0.18,110.9,118.1,-7.2,-3.7,0.102,100.39,34.2,0.1585365853658537,0.2317073170731707,0.5768490269386961,-0.018849026938696,0.3885714285714288,0.4226013879439679,40.2,7.489247311827957,0.053763440860215,0.0161290322580645,0.0376344086021505,0.1774193548387097,0.1612903225806451,186.0,31.3,0.174654,0.2895673583075661,0.402,34.6,0.5151515151515151,0.35,0.6666666666666666,0.4339622641509434,0.5267857142857143,0.3918918918918919,0.4722222222222222,0.3333333333333333,1.1129032258064515,3.0,186.0,0.2327044025157232,-0.1651515151515151,0.8651061776061776,0.1388888888888889,61.3,1630173,6.1000000000000005,3.9000000000000057,-7.2,-13.3,75.2,48.9
1629656,Quentin Grimes,PHI,26.0,75,29.4,0.183,13.4,4.5,10.1,0.45,1.7,5.1,0.334,2.7,3.2,0.84,0.585,0.534,3.3,1.8,0.159,1.83,10.8,3.6,0.02,0.096,112.4,112.4,-0.1,0.1,0.092,101.43,43.5,0.504950495049505,0.3168316831683168,0.5894284188298837,-0.0044284188298837,0.4657142857142855,0.4705585189165611,46.8,16.301408450704226,0.2366197183098591,0.0309859154929577,0.0507042253521126,0.1746478873239436,0.0225352112676056,355.0,61.5,0.3597749999999999,0.5964884648224751,0.4679999999999999,53.2,0.4213836477987421,0.5272727272727272,0.5681818181818182,0.5,0.4463276836158192,0.449438202247191,0.4457478005865102,0.5454545454545454,1.1352112676056338,44.0,355.0,0.0681818181818182,0.105889079473985,0.9968894813686282,-0.0997067448680351,63.9,1629656,0.8,-1.5999999999999943,-0.1,-0.9,68.4,62.1
1631245,Quenton Jackson,IND,27.0,49,18.3,0.2,9.1,3.1,6.7,0.47,0.9,2.4,0.356,2.0,2.4,0.824,0.589,0.534,2.9,1.3,0.227,2.26,10.7,2.3,0.03,0.092,109.1,112.9,-3.8,-1.3,0.096,105.34,31.1,0.3582089552238806,0.3582089552238806,0.5965343500853736,-0.0075343500853736,0.4771428571428571,0.4602294432709664,47.0,12.98876404494382,0.2022471910112359,0.0112359550561797,0.1011235955056179,0.2022471910112359,0.0,89.0,57.2,0.336908,0.5585761537249961,0.47,51.4,0.4615384615384615,0.5714285714285714,0.6153846153846154,0.3846153846153846,0.4666666666666667,0.4482758620689655,0.4597701149425287,0.0,1.0449438202247192,13.0,89.0,0.2307692307692307,0.1098901098901098,0.9816091954022989,0.4597701149425287,86.3,1631245,4.9,-0.2000000000000028,-3.8,-8.7,72.4,61.4
1642366,Quinten Post,GSW,26.0,67,17.3,0.183,7.7,2.9,6.6,0.44,1.4,4.1,0.336,0.5,0.6,0.791,0.56,0.546,1.4,0.8,0.116,1.68,9.2,4.0,0.057,0.165,112.4,110.2,2.3,0.9,0.089,101.7,27.0,0.6212121212121212,0.0909090909090909,0.545398013589981,0.014601986410019,0.3942857142857143,0.5338459773694287,45.0,17.89453125,0.1015625,0.015625,0.046875,0.078125,0.05859375,256.0,47.5,0.266,0.4410143329658214,0.45,44.6,0.4427480916030534,0.4285714285714285,0.3157894736842105,0.4421052631578947,0.4485294117647059,0.4333333333333333,0.4342629482071713,0.75,1.04296875,19.0,256.0,-0.1263157894736842,-0.0141766630316249,0.9848039215686276,-0.3157370517928287,42.0,1642366,3.9,-0.2999999999999971,2.3,-1.6,74.0,48.1
1629628,RJ Barrett,TOR,25.0,57,30.3,0.254,19.3,7.0,14.3,0.491,1.7,5.0,0.339,3.5,4.9,0.717,0.585,0.55,3.3,1.7,0.157,1.91,8.1,5.3,0.033,0.141,118.4,113.5,4.9,2.9,0.112,100.88,59.8,0.3496503496503496,0.3426573426573426,0.5877128354995595,-0.0027128354995595,0.4657142857142855,0.4762638576821626,47.0,11.563421828908554,0.103244837758112,0.0088495575221238,0.023598820058997,0.1828908554572271,0.0294985250737463,339.0,41.7,0.243945,0.4044482761479221,0.47,43.7,0.4259259259259259,0.5909090909090909,0.631578947368421,0.5289256198347108,0.5096774193548387,0.483695652173913,0.5,0.3333333333333333,1.1445427728613569,19.0,339.0,0.1026533275337102,0.164983164983165,0.9740182328190744,0.1666666666666666,73.9,1629628,3.5000000000000004,8.100000000000009,4.9,1.4,80.9,67.4
1642853,Rasheer Fleming,PHX,21.0,55,12.2,0.159,4.3,1.6,3.9,0.405,0.8,2.4,0.346,0.3,0.6,0.559,0.517,0.509,0.3,0.5,0.033,0.55,10.5,2.3,0.08,0.099,112.7,106.6,6.1,1.8,0.056,96.98,16.4,0.6153846153846154,0.1538461538461538,0.5600994313927313,-0.0430994313927313,0.2714285714285716,0.3419543157979716,30.0,15.365079365079366,0.0476190476190476,0.0,0.0476190476190476,0.0952380952380952,0.0952380952380952,63.0,38.6,0.199562,0.3308635425388167,0.3,31.5,0.32,0.3793103448275862,,0.3414634146341463,0.4230769230769231,0.2702702702702703,0.3333333333333333,,1.0,0.0,63.0,0.0,0.0593103448275861,0.8471933471933473,0.0,53.5,1642853,6.0,-0.8999999999999915,6.1,0.1,77.8,36.4
1641712,Rayan Rupert,MEM,21.0,64,16.8,0.148,5.2,1.9,4.9,0.393,0.7,2.1,0.324,0.7,0.8,0.778,0.493,0.463,1.1,0.9,0.093,1.24,12.0,2.9,0.04,0.129,103.5,117.0,-13.6,-5.0,0.055,103.02,20.1,0.4285714285714285,0.1632653061224489,0.5644478376522503,-0.0714478376522502,0.2028571428571428,0.247678941167879,22.1,13.9625,0.2125,0.0125,0.0375,0.125,0.0375,80.0,51.2,0.252416,0.4184927589094014,0.221,32.0,0.3157894736842105,0.4,0.3333333333333333,0.4411764705882353,0.3333333333333333,0.3409090909090909,0.3333333333333333,0.0,0.8625,6.0,80.0,-0.1078431372549019,0.0842105263157895,0.9924242424242424,0.3333333333333333,63.6,1641712,-8.05,-10.599999999999994,-13.8,-5.75,45.3,34.4
1642263,Reed Sheppard,HOU,21.0,82,26.2,0.21,13.5,5.0,11.5,0.43,2.8,7.0,0.394,0.8,1.0,0.802,0.564,0.55,3.4,1.5,0.183,2.25,8.9,2.9,0.012,0.092,115.9,111.6,4.3,3.4,0.102,98.73,44.2,0.6086956521739131,0.0869565217391304,0.5417774698590363,0.0222225301409636,0.4057142857142854,0.5591888346906781,46.7,19.17027027027027,0.3648648648648648,0.027027027027027,0.154054054054054,0.0459459459459459,0.0027027027027027,370.0,75.1,0.4235639999999999,0.7022473493546433,0.467,58.5,0.4585365853658537,0.3,0.3181818181818182,0.4580152671755725,0.4740740740740741,0.4382978723404255,0.4517045454545454,0.5,1.245945945945946,22.0,370.0,-0.1398334489937543,-0.1585365853658537,0.9642237982663516,-0.0482954545454545,40.7,1642263,-1.2999999999999998,1.0,4.3,5.6,69.9,60.3
1642265,Rob Dillingham,CHI,21.0,65,14.9,0.218,6.3,2.5,6.3,0.396,0.6,2.0,0.316,0.6,0.8,0.745,0.469,0.447,2.2,1.5,0.206,1.43,14.7,2.0,0.018,0.105,105.9,113.3,-7.4,-2.2,0.06,106.08,29.6,0.3174603174603174,0.126984126984127,0.5506496394753969,-0.0816496394753969,0.1342857142857141,0.2137518596954888,16.6,11.827868852459016,0.360655737704918,0.0081967213114754,0.2131147540983606,0.2049180327868852,0.0,122.0,73.3,0.343777,0.5699646027969594,0.166,36.8,0.3090909090909091,0.3870967741935484,0.0,0.3428571428571428,0.3225806451612903,0.3333333333333333,0.3305785123966942,0.0,1.0573770491803278,4.0,122.0,-0.3428571428571428,0.0780058651026393,0.989247311827957,0.3305785123966942,50.0,1642265,-5.75,-8.800000000000011,-7.5,-1.7500000000000002,52.2,36.3
1629057,Robert Williams III,POR,28.0,59,17.1,0.129,6.7,3.0,4.2,0.708,0.2,0.4,0.391,0.6,1.0,0.596,0.722,0.726,1.0,0.8,0.089,1.22,12.7,7.0,0.133,0.25,110.6,107.2,3.4,1.2,0.163,102.86,16.9,0.0952380952380952,0.238095238095238,0.5832315511870547,0.1387684488129452,0.8571428571428572,0.9467735914429194,89.3,4.15,0.0,0.01,0.02,0.16,0.48,100.0,14.2,0.1025239999999999,0.1699795243345408,0.893,53.1,0.7068965517241379,0.625,0.7777777777777778,0.7142857142857143,0.7380952380952381,0.6896551724137931,0.7010309278350515,1.0,1.11,9.0,100.0,0.0634920634920634,-0.0818965517241379,0.951559934318555,-0.2989690721649485,48.6,1629057,5.1,-1.9000000000000057,3.4,-1.7,74.8,63.3
1641842,Ronald Holland II,DET,20.0,78,19.9,0.184,8.2,3.0,7.0,0.432,0.6,2.5,0.253,1.5,1.9,0.805,0.525,0.478,1.2,1.2,0.088,0.99,12.1,4.0,0.052,0.141,110.2,104.5,5.7,1.7,0.085,101.85,32.1,0.3571428571428571,0.2714285714285714,0.5817015121090343,-0.0567015121090342,0.2942857142857142,0.2967192770610891,29.5,11.458333333333334,0.0606060606060606,0.0075757575757575,0.0492424242424242,0.1628787878787878,0.0643939393939393,264.0,38.4,0.2016,0.3342424418267278,0.295,31.5,0.3666666666666666,0.3461538461538461,0.4761904761904761,0.4285714285714285,0.3766233766233766,0.4363636363636363,0.4076923076923077,0.0,1.181818181818182,21.0,264.0,0.0476190476190476,-0.0205128205128204,0.9402597402597404,0.4076923076923077,67.2,1641842,-5.1000000000000005,-9.599999999999994,5.7,10.8,58.5,42.9
1626220,Royce O'Neale,PHX,32.0,78,28.4,0.139,9.8,3.4,8.0,0.421,2.7,6.7,0.408,0.3,0.5,0.711,0.596,0.59,2.7,1.3,0.129,2.02,10.8,4.8,0.025,0.139,111.4,115.1,-3.6,-1.4,0.082,100.64,30.8,0.8375,0.0625,0.543226114631512,0.0527738853684879,0.4971428571428571,0.66079032978583,56.3,22.475460122699385,0.1717791411042944,0.0153374233128834,0.0245398773006134,0.0276073619631901,0.0214723926380368,326.0,55.9,0.3331639999999999,0.5523687940910711,0.563,55.8,0.3976608187134502,0.6129032258064516,0.56,0.4285714285714285,0.4675324675324675,0.3953488372093023,0.43125,0.2,1.0613496932515338,25.0,326.0,0.1314285714285715,0.2152424070930013,0.9278163696768348,0.23125,77.1,1626220,-10.5,-2.299999999999997,-3.6,6.9,53.3,62.5
203497,Rudy Gobert,MIN,33.0,76,31.3,0.127,10.9,4.4,6.5,0.682,0.0,0.1,0.0,2.1,4.0,0.526,0.664,0.682,1.7,1.4,0.074,1.21,12.3,11.5,0.121,0.222,113.0,108.0,5.0,3.1,0.121,101.49,33.9,0.0153846153846153,0.6153846153846154,0.6561587830389484,0.0078412169610516,0.6914285714285715,0.5113623828154996,61.9,1.835443037974684,0.0126582278481012,0.0042194092827004,0.0210970464135021,0.240506329113924,0.430379746835443,237.0,15.8,0.104912,0.1739387056395122,0.619,39.6,0.6934306569343066,0.75,0.625,0.75,0.6923076923076923,0.725,0.7051282051282052,1.0,1.0759493670886076,16.0,237.0,-0.125,0.0565693430656933,0.9673076923076924,-0.2948717948717948,44.8,203497,5.0,-3.0,5.0,0.0,74.6,54.6
1629060,Rui Hachimura,LAL,28.0,68,28.3,0.149,11.5,4.5,8.8,0.514,1.7,3.9,0.443,0.7,1.1,0.694,0.62,0.611,0.8,0.6,0.041,1.36,5.8,3.3,0.023,0.094,116.4,114.4,2.0,1.2,0.073,100.83,33.2,0.4431818181818181,0.125,0.5569173612641372,0.0630826387358628,0.5657142857142856,0.6950730889921668,61.7,15.12156862745098,0.2941176470588235,0.0156862745098039,0.2117647058823529,0.0862745098039215,0.0470588235294117,255.0,67.8,0.4203599999999999,0.6969352819756115,0.617,65.7,0.4924242424242424,0.5,0.3333333333333333,0.4805194805194805,0.4833333333333333,0.5555555555555556,0.524,0.25,1.2823529411764707,18.0,255.0,-0.1471861471861472,0.0075757575757575,0.9277777777777778,0.274,53.6,1629060,1.0,1.3000000000000114,2.0,1.0,71.7,66.6
201566,Russell Westbrook,SAC,37.0,64,28.9,0.252,15.2,5.6,13.1,0.427,2.0,5.9,0.338,2.0,2.9,0.694,0.528,0.503,6.7,3.3,0.33,2.04,13.4,5.4,0.042,0.147,110.0,122.1,-12.1,-7.1,0.105,102.15,54.6,0.450381679389313,0.2213740458015267,0.5640190103574779,-0.0360190103574779,0.3028571428571429,0.3655009427062538,32.8,14.774590163934429,0.2868852459016393,0.0184426229508196,0.1352459016393442,0.1188524590163934,0.0307377049180327,488.0,64.1,0.3384479999999999,0.5611293946000613,0.3279999999999999,44.5,0.4016393442622951,0.4482758620689655,0.5161290322580645,0.4148148148148148,0.4007936507936508,0.4533898305084746,0.4343220338983051,0.2222222222222222,1.055327868852459,31.0,488.0,0.1013142174432497,0.0466365178066704,0.9474038202851762,0.2120998116760828,68.6,201566,-4.4,0.5999999999999943,-12.1,-7.7,58.4,58.1
1642346,Ryan Dunn,PHX,23.0,70,19.4,0.136,5.8,2.3,5.2,0.453,0.8,2.4,0.331,0.3,0.7,0.489,0.532,0.53,1.5,0.8,0.105,1.82,10.3,4.2,0.068,0.142,110.4,108.7,1.7,0.1,0.081,98.02,20.9,0.4615384615384615,0.1346153846153846,0.5600464111635031,-0.028046411163503,0.3142857142857143,0.3920145946169382,34.5,11.83157894736842,0.031578947368421,0.0052631578947368,0.0157894736842105,0.1263157894736842,0.1368421052631579,190.0,31.6,0.168112,0.2787210584343991,0.345,31.2,0.45,0.4,0.3333333333333333,0.4189189189189189,0.4782608695652174,0.4183673469387755,0.4432432432432432,0.0,1.268421052631579,6.0,190.0,-0.0855855855855856,-0.0499999999999999,0.940106477373558,0.4432432432432432,59.4,1642346,0.3999999999999999,-4.0,1.7,1.3,67.0,39.5
1641750,Ryan Kalkbrenner,CHA,24.0,69,21.4,0.113,7.6,3.2,4.2,0.753,0.0,0.1,0.0,1.2,1.7,0.716,0.762,0.753,0.8,0.9,0.053,0.87,13.5,5.5,0.109,0.133,112.3,111.2,1.1,0.7,0.108,100.4,19.2,0.0238095238095238,0.4047619047619047,0.6173613759066661,0.1446386240933339,0.9714285714285716,0.9662954287073028,96.9,1.966942148760331,0.0330578512396694,0.0165289256198347,0.0082644628099173,0.1735537190082644,0.4214876033057851,121.0,15.0,0.1143,0.1895035272856894,0.969,57.9,0.8524590163934426,0.6,0.8571428571428571,0.734375,0.7580645161290323,0.7966101694915254,0.7863247863247863,0.5,1.256198347107438,7.0,121.0,0.1227678571428571,-0.2524590163934426,0.9614543466375068,0.2863247863247863,59.6,1641750,-7.0,-8.200000000000003,1.1,8.1,55.2,68.8
1642948,Ryan Nembhard,DAL,23.0,60,19.5,0.173,6.6,2.7,6.5,0.415,0.8,2.3,0.356,0.4,0.5,0.806,0.492,0.477,5.3,1.4,0.353,3.72,10.6,2.2,0.011,0.095,111.2,113.1,-1.9,-0.4,0.087,101.89,26.2,0.3538461538461538,0.0769230769230769,0.5457415480897514,-0.0537415480897514,0.1999999999999999,0.3065629245047893,24.3,16.10734463276836,0.5141242937853108,0.0225988700564971,0.3050847457627119,0.0677966101694915,0.0,177.0,91.1,0.4482119999999999,0.7431124669446493,0.243,49.3,0.5054945054945055,0.3333333333333333,0.3571428571428571,0.4736842105263157,0.55,0.4358974358974359,0.4823529411764706,0.25,1.0960451977401129,14.0,177.0,-0.1165413533834586,-0.1721611721611721,0.8858974358974359,0.2323529411764706,44.7,1642948,4.800000000000001,2.700000000000003,-1.9,-6.7,75.3,43.9
1631157,Ryan Rollins,MIL,23.0,74,32.1,0.236,17.3,6.6,13.9,0.472,2.5,6.1,0.406,1.7,2.1,0.796,0.583,0.561,5.6,2.7,0.264,2.06,11.7,4.6,0.023,0.115,113.3,116.5,-3.2,-2.4,0.111,99.55,55.2,0.4388489208633093,0.1510791366906475,0.5524133162919409,0.030586683708059,0.4599999999999999,0.5870046386474443,51.1,14.291902071563088,0.3352165725047081,0.0188323917137476,0.128060263653484,0.1977401129943503,0.0037664783427495,531.0,70.5,0.4110149999999999,0.6814417521201017,0.511,59.6,0.4581673306772908,0.4805194805194805,0.4,0.4464285714285714,0.5058365758754864,0.4306569343065693,0.471953578336557,0.2,1.1450094161958568,40.0,531.0,-0.0464285714285714,0.0223521498421896,0.924820358431083,0.271953578336557,59.7,1631157,6.8,5.799999999999997,-3.2,-10.0,79.3,70.8
1630180,Saddiq Bey,NOP,27.0,72,31.2,0.213,17.7,6.1,13.4,0.451,2.1,5.7,0.367,3.4,4.1,0.841,0.579,0.529,2.5,0.9,0.12,2.68,5.1,5.6,0.051,0.12,113.3,116.8,-3.6,-2.6,0.112,102.05,54.0,0.4253731343283582,0.3059701492537313,0.5846409880060709,-0.0056409880060709,0.4485714285714284,0.4665260025096974,45.6,13.306733167082294,0.2319201995012468,0.0074812967581047,0.0748129675810473,0.1945137157107231,0.0423940149625935,401.0,56.5,0.3271349999999999,0.5423730218600524,0.456,49.9,0.4438502673796791,0.4716981132075472,0.3809523809523809,0.4,0.464,0.423841059602649,0.4522613065326633,0.0,1.1221945137157108,21.0,401.0,-0.019047619047619,0.027847845827868,0.959841059602649,0.4522613065326633,67.6,1630180,1.6,2.700000000000003,-3.6,-5.2,70.8,65.2
1630573,Sam Hauser,BOS,28.0,78,24.8,0.141,9.2,3.2,7.7,0.419,2.5,6.5,0.393,0.2,0.3,0.85,0.59,0.584,1.5,0.4,0.077,3.26,4.6,3.8,0.028,0.118,119.8,111.0,8.8,4.7,0.08,97.23,28.2,0.8441558441558441,0.0389610389610389,0.5384589447877524,0.0515410552122476,0.48,0.6566904335246141,55.1,23.887596899224807,0.2170542635658914,0.0232558139534883,0.0503875968992248,0.0116279069767441,0.0193798449612403,258.0,62.9,0.37111,0.6152813124321277,0.551,58.3,0.4222222222222222,0.3125,0.2727272727272727,0.4125,0.408695652173913,0.4125874125874126,0.4143426294820717,0.1666666666666666,1.0891472868217054,11.0,258.0,-0.1397727272727272,-0.1097222222222222,0.9961082395865004,0.247675962815405,51.6,1630573,2.1000000000000005,3.299999999999997,8.8,6.7,77.6,59.7
1630241,Sam Merrill,CLE,30.0,52,26.5,0.167,12.8,4.3,9.3,0.461,3.0,7.2,0.421,1.1,1.3,0.855,0.644,0.624,2.4,0.8,0.119,2.98,6.2,2.6,0.02,0.072,120.3,112.6,7.7,4.7,0.081,101.54,34.0,0.7741935483870968,0.1397849462365591,0.5553932605476286,0.0886067394523714,0.6342857142857143,0.7799559615994077,69.3,21.769565217391303,0.2608695652173913,0.0217391304347826,0.0565217391304347,0.0521739130434782,0.017391304347826,230.0,65.0,0.4186,0.6940172924041085,0.693,69.4,0.4491525423728814,0.3703703703703703,0.4666666666666667,0.5384615384615384,0.5087719298245614,0.4310344827586206,0.4751131221719457,0.6,0.9869565217391304,15.0,230.0,-0.0717948717948717,-0.078782172002511,0.9222625529340592,-0.1248868778280543,44.1,1630241,5.6,4.599999999999994,7.7,2.1,82.1,70.0
1630572,Sandro Mamukelashvili,TOR,26.0,80,21.9,0.181,11.2,4.1,7.9,0.523,1.4,3.7,0.389,1.5,2.0,0.747,0.637,0.614,1.9,0.8,0.123,2.25,7.3,4.9,0.06,0.163,114.9,109.7,5.3,2.3,0.123,101.19,34.4,0.4683544303797468,0.2531645569620253,0.5777380069583259,0.0592619930416741,0.6142857142857143,0.6823671611579505,64.2,12.161512027491408,0.0824742268041237,0.0206185567010309,0.0103092783505154,0.2096219931271477,0.0756013745704467,291.0,41.8,0.266266,0.4414553472987872,0.642,54.2,0.5384615384615384,0.6153846153846154,0.4444444444444444,0.5213675213675214,0.4850299401197604,0.5645161290322581,0.5178571428571429,0.5,1.0446735395189004,9.0,291.0,-0.0769230769230769,0.0769230769230769,0.9205138110875024,0.0178571428571429,53.9,1630572,4.5,2.800000000000012,5.3,0.8,78.4,63.7
1630583,Santi Aldama,MEM,25.0,43,27.9,0.191,14.0,5.3,11.1,0.479,1.6,4.7,0.35,1.8,2.7,0.667,0.572,0.553,2.9,1.3,0.153,2.29,7.9,6.7,0.052,0.171,113.6,116.0,-2.4,-1.1,0.115,103.47,41.7,0.4234234234234234,0.2432432432432432,0.5750699317299741,-0.0030699317299741,0.4285714285714284,0.4750762995318689,44.7,13.495215311004785,0.1052631578947368,0.0143540669856459,0.0813397129186602,0.1028708133971291,0.0861244019138756,418.0,44.0,0.2516799999999999,0.4172725087249545,0.447,43.2,0.4574898785425101,0.4705882352941176,0.3333333333333333,0.4752475247524752,0.4883720930232558,0.4630541871921182,0.4815724815724815,0.3333333333333333,1.069377990430622,15.0,418.0,-0.1419141914191419,0.0130983567516075,0.9746820941688624,0.1482391482391482,53.3,1630583,5.199999999999999,3.299999999999997,-2.4,-7.6,76.0,55.3
1630703,Scoot Henderson,POR,22.0,30,24.9,0.246,14.2,4.8,11.4,0.418,1.9,5.4,0.352,2.8,3.3,0.84,0.553,0.501,3.7,2.4,0.231,1.53,12.7,2.7,0.022,0.078,112.2,109.0,3.2,1.8,0.086,103.34,47.0,0.4736842105263158,0.2894736842105262,0.5775280130104742,-0.0245280130104741,0.3742857142857143,0.4037153689369495,38.6,14.47222222222222,0.1731343283582089,0.0164835164835164,0.0657596371882086,0.1339285714285714,0.0324675324675324,,51.9,0.287007,0.47584285962978,0.386,43.1,,,,,,,,,,,,0.0,0.0,0.0,0.0,11.2,1630703,4.1000000000000005,-0.5999999999999943,3.2,-0.9,74.5,47.1
1630567,Scottie Barnes,TOR,24.0,80,33.5,0.226,18.1,7.1,14.0,0.507,0.9,2.8,0.304,3.0,3.7,0.815,0.577,0.537,5.9,2.6,0.255,2.26,10.9,7.5,0.055,0.166,114.6,110.0,4.6,3.3,0.139,101.0,57.8,0.1999999999999999,0.2642857142857143,0.5768696913016113,0.0001303086983887,0.4428571428571426,0.4857190094792392,46.0,9.93793103448276,0.2551724137931034,0.0224137931034482,0.1362068965517241,0.1706896551724138,0.0551724137931034,580.0,57.3,0.3306209999999999,0.548152630749973,0.46,50.4,0.4856230031948881,0.5576923076923077,0.5238095238095238,0.5104166666666666,0.4984423676012461,0.5212355212355212,0.5089285714285714,0.4615384615384615,1.0120689655172417,21.0,580.0,0.0133928571428572,0.0720693044974195,0.9772068463657247,0.0473901098901098,62.1,1630567,5.1,5.199999999999989,4.6,-0.5,80.5,66.9
1631101,Shaedon Sharpe,POR,22.0,50,29.4,0.293,20.8,7.8,17.4,0.452,2.1,6.1,0.337,3.1,3.9,0.787,0.546,0.511,2.6,2.9,0.151,0.9,12.0,4.3,0.032,0.104,112.4,113.7,-1.3,-1.0,0.108,103.89,66.3,0.3505747126436782,0.2241379310344827,0.5607782922618655,-0.0147782922618654,0.3542857142857143,0.4361390109469912,38.7,13.10126582278481,0.425632911392405,0.0205696202531645,0.1882911392405063,0.2120253164556962,0.0395569620253164,632.0,79.0,0.43134,0.7151395578251031,0.387,55.1,0.4640718562874251,0.4615384615384615,0.5,0.4485294117647059,0.4433962264150943,0.4426751592356688,0.4478827361563517,0.3076923076923077,1.0981012658227849,56.0,632.0,0.0514705882352941,-0.0025333947489635,0.9992789328205745,0.140190428464044,64.4,1631101,-1.8,0.2000000000000028,-1.3,0.5,66.2,68.8
1628983,Shai Gilgeous-Alexander,OKC,27.0,68,33.2,0.323,31.1,10.8,19.4,0.553,1.7,4.4,0.386,7.9,9.0,0.879,0.665,0.597,6.6,2.2,0.332,2.97,6.9,4.3,0.017,0.1,121.5,105.2,16.3,11.6,0.207,101.84,84.1,0.2268041237113402,0.4639175257731959,0.6042288285422731,0.0607711714577269,0.6942857142857144,0.6873860803611863,69.2,12.634210526315789,0.5552631578947368,0.0236842105263157,0.2460526315789473,0.1828947368421052,0.0026315789473684,760.0,90.7,0.603155,1.0,0.6920000000000001,84.6,0.5517241379310345,0.5263157894736842,0.5555555555555556,0.5752688172043011,0.5476190476190477,0.538235294117647,0.55,0.3333333333333333,1.076315789473684,36.0,760.0,-0.0197132616487455,-0.0254083484573502,0.9906162464985994,0.2166666666666667,60.9,1628983,12.7,11.099999999999994,16.3,3.6,99.0,100.0
1630536,Sharife Cooper,WAS,24.0,41,17.1,0.197,8.1,3.1,6.0,0.514,0.7,1.9,0.382,1.2,1.5,0.833,0.609,0.573,3.0,1.5,0.256,2.03,13.3,2.1,0.025,0.098,108.4,120.1,-11.7,-4.5,0.094,103.68,27.0,0.3166666666666666,0.25,0.576473000722823,0.0325269992771769,0.5342857142857143,0.5934573462707439,55.8,26.0,0.0,0.0,0.0,0.0,0.0,1.0,45.0,0.27405,0.4543608193582081,0.5579999999999999,50.6,,0.0,,0.0,,0.0,0.0,,2.0,0.0,1.0,0.0,0.0,0.0,0.0,11.2,1630536,0.0,-0.8999999999999915,-11.7,-11.7,62.6,47.1
1631321,Sidy Cissoko,POR,22.0,75,19.1,0.123,5.1,1.8,4.5,0.398,0.8,2.6,0.298,0.8,1.2,0.659,0.514,0.487,1.5,0.9,0.107,1.57,12.7,2.2,0.041,0.071,109.2,110.9,-1.7,-0.8,0.036,102.55,19.3,0.5777777777777778,0.2666666666666666,0.5858799329744996,-0.0718799329744995,0.2628571428571429,0.2462419662632568,25.6,17.156626506024097,0.0843373493975903,0.0180722891566265,0.036144578313253,0.1204819277108433,0.0180722891566265,166.0,47.5,0.24415,0.4047881556150575,0.256,33.0,0.3095238095238095,0.4615384615384615,0.0666666666666666,0.4680851063829787,0.3246753246753247,0.4157303370786517,0.3850931677018633,0.0,0.9879518072289156,15.0,166.0,-0.4014184397163121,0.152014652014652,0.908944987596673,0.3850931677018633,47.4,1631321,-2.3,-4.099999999999994,-1.7,0.6,62.3,34.1
1631323,Simone Fontecchio,MIA,30.0,70,16.7,0.184,8.5,2.8,6.7,0.412,1.8,4.7,0.375,1.2,1.5,0.843,0.579,0.542,1.4,0.7,0.121,2.06,7.5,3.0,0.042,0.118,113.8,110.5,3.3,1.3,0.09,105.28,28.5,0.7014925373134329,0.2238805970149253,0.5701339593625668,0.0088660406374331,0.4485714285714284,0.514770533352647,47.5,19.025210084033613,0.1512605042016806,0.0252100840336134,0.0378151260504201,0.1050420168067226,0.0294117647058823,238.0,54.8,0.3172919999999999,0.5260538335916969,0.475,50.1,0.44,0.3181818181818182,0.4285714285714285,0.4307692307692308,0.4220183486238532,0.3720930232558139,0.4061135371179039,0.1666666666666666,0.9957983193277312,14.0,238.0,-0.0021978021978022,-0.1218181818181818,0.9500746746319608,0.2394468704512372,56.4,1631323,1.4999999999999998,-1.6000000000000083,3.3,1.8,70.8,54.2
1642883,Sion James,CHA,23.0,82,22.5,0.109,5.4,1.7,4.5,0.371,1.0,2.9,0.352,1.0,1.2,0.837,0.531,0.483,2.0,0.8,0.121,2.51,10.1,3.5,0.026,0.124,113.2,110.0,3.3,0.8,0.062,99.1,20.1,0.6444444444444444,0.2666666666666666,0.5869325706037005,-0.0559325706037004,0.3114285714285716,0.2992764666194837,30.7,16.096045197740114,0.0677966101694915,0.0169491525423728,0.0112994350282485,0.1864406779661017,0.0282485875706214,177.0,46.0,0.24426,0.4049705299632765,0.307,35.6,0.4318181818181818,0.5,0.25,0.4848484848484848,0.3950617283950617,0.40625,0.4104046242774566,0.0,1.0,4.0,177.0,-0.2348484848484848,0.0681818181818181,0.9888117283950616,0.4104046242774566,57.5,1642883,-3.3,-6.399999999999992,3.3,6.6,61.8,39.0
1642461,Spencer Jones,DEN,24.0,64,22.1,0.097,5.5,2.1,4.1,0.504,0.9,2.3,0.396,0.5,0.8,0.608,0.619,0.613,0.8,0.5,0.047,1.65,8.4,3.3,0.055,0.09,116.9,115.3,1.6,0.0,0.045,99.33,15.8,0.5609756097560976,0.1951219512195122,0.5751675906771309,0.0438324093228691,0.5628571428571427,0.6310545839301469,59.0,14.97163120567376,0.0425531914893617,0.0,0.0141843971631205,0.1205673758865248,0.0780141843971631,141.0,37.1,0.229649,0.3807462426739395,0.59,48.5,0.4571428571428571,0.5,0.5,0.5161290322580645,0.4729729729729729,0.5373134328358209,0.5035460992907801,,0.9787234042553192,8.0,141.0,-0.0161290322580645,0.0428571428571428,0.935659540137152,0.0,56.1,1642461,-5.6,-5.299999999999997,1.6,7.2,59.1,51.3
201939,Stephen Curry,GSW,38.0,43,30.9,0.308,26.6,8.7,18.6,0.468,4.4,11.3,0.393,4.7,5.1,0.923,0.637,0.587,4.7,2.8,0.245,1.68,10.0,3.6,0.013,0.1,117.6,114.8,2.8,2.1,0.146,103.66,72.0,0.6075268817204301,0.2741935483870967,0.5668586120211727,0.0701413879788273,0.6142857142857143,0.7185476442531669,65.6,18.97666068222621,0.3590664272890485,0.0089766606822262,0.1256732495511669,0.1256732495511669,0.0035906642728904,557.0,74.5,0.474565,0.786804386932049,0.6559999999999999,72.1,0.44,0.4264705882352941,0.4130434782608695,0.427536231884058,0.4683098591549295,0.4468864468864469,0.4587155963302752,0.2,1.1166965888689409,46.0,557.0,-0.0144927536231884,-0.0135294117647059,0.9785765877315172,0.2587155963302752,62.2,201939,5.4,7.099999999999994,2.8,-2.6,81.4,87.6
1642264,Stephon Castle,SAS,21.0,68,30.0,0.243,16.7,5.7,12.0,0.471,1.2,3.6,0.332,4.1,5.6,0.734,0.575,0.521,7.4,3.2,0.344,2.31,12.7,5.3,0.047,0.119,118.2,108.4,9.8,6.0,0.117,102.28,56.9,0.3,0.4666666666666666,0.6129831529096454,-0.0379831529096454,0.437142857142857,0.3589689961397575,40.6,10.988980716253444,0.1983471074380165,0.0165289256198347,0.0853994490358126,0.2424242424242424,0.0495867768595041,363.0,54.5,0.313375,0.5195596488464823,0.406,46.3,0.4368421052631579,0.4878048780487805,0.2258064516129032,0.6043956043956044,0.47953216374269,0.4166666666666667,0.4491525423728814,0.3333333333333333,1.2011019283746556,31.0,363.0,-0.3785891527827011,0.0509627727856225,0.9371345029239766,0.115819209039548,39.0,1642264,2.700000000000001,1.7999999999999972,9.8,7.1,77.7,58.4
203500,Steven Adams,HOU,32.0,32,22.8,0.116,5.8,2.2,4.3,0.504,0.0,0.0,0.0,1.5,2.5,0.58,0.535,0.504,1.5,1.1,0.084,1.37,13.5,8.6,0.189,0.165,117.3,105.5,11.8,6.1,0.1,97.69,18.8,0.0,0.5813953488372093,0.6509748725751806,-0.1159748725751805,0.3228571428571429,0.0995999676941263,23.4,2.136,0.04,0.0,0.016,0.168,0.472,125.0,13.3,0.071155,0.1179713340683572,0.2339999999999999,17.6,0.5,0.25,0.2857142857142857,0.5714285714285714,0.5423728813559322,0.4545454545454545,0.5,,1.392,7.0,125.0,-0.2857142857142857,-0.25,0.9121725731895224,0.0,27.4,203500,7.800000000000001,0.5999999999999943,11.8,4.0,83.6,25.0
1629004,Svi Mykhailiuk,UTA,28.0,50,23.1,0.143,9.4,3.5,7.2,0.478,2.0,4.8,0.408,0.5,0.6,0.893,0.626,0.613,1.9,0.8,0.107,2.21,8.3,2.5,0.029,0.074,114.9,117.9,-3.0,-1.5,0.074,103.74,25.0,0.6666666666666666,0.0833333333333333,0.5480002578560694,0.0779997421439305,0.5828571428571427,0.7446813632393019,64.8,17.725806451612904,0.2620967741935484,0.0040322580645161,0.0362903225806451,0.0967741935483871,0.0201612903225806,248.0,58.2,0.364332,0.6040437366846002,0.648,62.6,0.4788732394366197,0.7272727272727273,0.5,0.3837209302325581,0.5238095238095238,0.4098360655737705,0.4693877551020408,0.0,1.0846774193548387,14.0,248.0,0.1162790697674418,0.2483994878361076,0.8860265417642467,0.4693877551020408,81.6,1629004,7.1,4.200000000000003,-3.0,-10.1,78.5,69.2
204456,T.J. McConnell,IND,34.0,56,17.2,0.227,9.4,4.3,8.0,0.538,0.3,0.9,0.32,0.4,0.5,0.862,0.567,0.556,5.1,1.1,0.469,4.48,7.9,2.2,0.022,0.104,109.1,116.7,-7.6,-2.4,0.15,103.65,33.3,0.1125,0.0625,0.5388102022623382,0.0281897977376617,0.4142857142857141,0.5790335618702818,48.0,11.586206896551724,0.625,0.0258620689655172,0.3620689655172414,0.1422413793103448,0.0086206896551724,232.0,99.5,0.5641649999999999,0.9353565832994836,0.48,70.8,0.5126050420168067,0.4,0.4814814814814814,0.5684210526315789,0.5611510791366906,0.4946236559139785,0.5336322869955157,0.5,1.0862068965517242,27.0,232.0,-0.0869395711500974,-0.1126050420168066,0.933472576777288,0.0336322869955156,46.2,204456,0.5,0.3999999999999915,-7.6,-8.1,66.0,62.5
1643007,Taelon Peter,IND,24.0,38,13.0,0.159,4.5,1.6,4.2,0.38,1.1,3.3,0.328,0.3,0.4,0.625,0.518,0.509,1.1,0.7,0.113,1.48,11.7,1.6,0.019,0.096,103.2,111.8,-8.7,-2.6,0.057,105.12,15.6,0.7857142857142856,0.0952380952380952,0.5476689988614897,-0.0296689988614896,0.2742857142857142,0.3866185218466567,31.9,24.764705882352946,0.088235294117647,0.0,0.0294117647058823,0.0,0.0,34.0,51.3,0.265734,0.4405733186328556,0.319,38.0,0.125,0.3157894736842105,0.5,0.2272727272727272,0.28,0.3333333333333333,0.2941176470588235,,1.0294117647058822,2.0,34.0,0.2727272727272727,0.1907894736842105,0.9466666666666668,0.0,79.1,1643007,-1.0999999999999996,-7.399999999999991,-8.7,-7.6,58.0,42.5
1631106,Tari Eason,HOU,25.0,60,25.8,0.181,10.5,4.0,9.7,0.416,1.6,4.3,0.358,0.9,1.1,0.776,0.514,0.496,1.5,1.4,0.078,1.11,10.4,6.3,0.077,0.156,116.1,109.6,6.5,2.8,0.083,99.06,36.3,0.443298969072165,0.1134020618556701,0.5511970272158584,-0.0371970272158583,0.2628571428571429,0.36158333338361,30.2,14.55778894472362,0.1105527638190954,0.0301507537688442,0.0703517587939698,0.1256281407035175,0.0753768844221105,199.0,48.1,0.247234,0.4099012691596688,0.302,35.6,0.5,0.4705882352941176,0.0909090909090909,0.5157894736842106,0.5068493150684932,0.4603174603174603,0.4712041884816754,0.6666666666666666,1.236180904522613,11.0,199.0,-0.4248803827751196,-0.0294117647058823,0.9534681452489672,-0.1954624781849912,26.1,1631106,1.9000000000000004,0.0,6.5,4.6,73.9,40.1
1627752,Taurean Prince,MIL,32.0,26,23.5,0.157,9.2,3.3,7.3,0.45,2.3,5.4,0.436,0.2,0.2,1.0,0.617,0.61,1.8,1.2,0.102,1.48,11.5,3.1,0.007,0.125,113.7,117.5,-3.8,-2.0,0.073,99.88,24.5,0.7397260273972603,0.0273972602739726,0.535248171926842,0.0817518280731579,0.5571428571428572,0.7571592889252805,63.7,19.36842105263158,0.1842105263157894,0.0263157894736842,0.0526315789473684,0.0789473684210526,0.0,38.0,58.0,0.3578599999999999,0.5933134932148452,0.637,61.5,0.5217391304347826,0.0,1.0,0.0,0.6470588235294118,0.2857142857142857,0.4285714285714285,1.0,1.131578947368421,1.0,38.0,1.0,-0.5217391304347826,0.6386554621848739,-0.5714285714285714,60.9,1627752,2.6000000000000005,2.299999999999997,-3.8,-6.4,71.6,63.6
1641707,Taylor Hendricks,MEM,22.0,59,19.0,0.157,7.4,2.8,6.0,0.459,1.1,3.1,0.342,0.8,1.2,0.681,0.566,0.548,0.9,0.8,0.07,1.1,10.3,3.7,0.054,0.141,108.4,119.1,-10.7,-4.4,0.077,103.17,24.2,0.5166666666666667,0.1999999999999999,0.5698525305951676,-0.0038525305951676,0.4114285714285712,0.4724736910985843,43.6,13.951923076923077,0.0576923076923076,0.0096153846153846,0.0096153846153846,0.1826923076923076,0.0673076923076923,104.0,40.4,0.2286639999999999,0.3791131632830697,0.436,40.8,0.4489795918367347,0.4545454545454545,0.0,0.5306122448979592,0.4821428571428571,0.4375,0.4607843137254901,0.0,1.0384615384615383,2.0,104.0,-0.5306122448979592,0.0055658627087198,0.9553571428571428,0.4607843137254901,38.0,1641707,-0.5499999999999972,-4.200000000000003,-11.4,-10.85,59.7,42.9
1629611,Terance Mann,BKN,29.0,63,24.3,0.133,7.2,2.7,5.8,0.457,0.9,2.4,0.364,1.0,1.3,0.788,0.564,0.533,3.0,1.1,0.182,2.68,10.7,3.2,0.044,0.089,109.6,117.8,-8.2,-4.2,0.066,98.07,24.5,0.4137931034482758,0.2241379310344827,0.577833976993371,-0.013833976993371,0.4057142857142854,0.4392794229649095,41.9,12.839195979899497,0.2763819095477386,0.0251256281407035,0.0804020100502512,0.1658291457286432,0.0603015075376884,199.0,59.5,0.3355799999999999,0.5563743979574072,0.419,48.8,0.4711538461538461,0.4,0.5,0.4942528735632184,0.4479166666666667,0.4271844660194174,0.4479166666666667,0.2,1.150753768844221,4.0,199.0,0.0057471264367816,-0.0711538461538461,0.9792677993527508,0.2479166666666666,60.6,1629611,2.9000000000000004,3.799999999999997,-8.2,-11.1,71.0,51.2
1630545,Terrence Shannon Jr.,MIN,25.0,43,12.5,0.171,5.6,1.8,4.0,0.45,0.7,1.8,0.408,1.3,1.6,0.8,0.597,0.541,0.9,0.6,0.102,1.58,9.0,1.1,0.018,0.074,112.0,120.5,-8.5,-1.9,0.069,102.75,18.7,0.45,0.4,0.6070379047968503,-0.0100379047968502,0.5,0.451903629249159,48.1,13.704225352112676,0.1126760563380281,0.0140845070422535,0.028169014084507,0.1971830985915492,0.028169014084507,71.0,46.9,0.279993,0.4642140080078918,0.481,47.3,0.3157894736842105,0.1666666666666666,0.5,0.1428571428571428,0.3414634146341463,0.4666666666666667,0.4,0.0,1.267605633802817,10.0,71.0,0.3571428571428571,-0.1491228070175438,0.8747967479674796,0.4,75.9,1630545,-13.3,-3.5,-8.5,4.8,46.9,51.0
1628418,Thomas Bryant,CLE,28.0,60,12.2,0.182,6.2,2.3,4.5,0.506,0.8,2.2,0.359,0.9,1.1,0.803,0.625,0.594,0.6,0.5,0.067,1.18,7.9,3.4,0.074,0.184,114.4,110.7,3.6,0.7,0.115,102.45,21.2,0.4888888888888889,0.2444444444444444,0.5758136669940198,0.0491863330059801,0.5800000000000001,0.648859576434681,60.8,13.720430107526882,0.053763440860215,0.0,0.021505376344086,0.0967741935483871,0.1075268817204301,93.0,34.9,0.2181249999999999,0.3616400427750744,0.608,48.5,0.5769230769230769,0.5,,0.5116279069767442,0.5283018867924528,0.475,0.5,,0.7956989247311828,0.0,93.0,0.0,-0.0769230769230768,0.9466981132075472,0.0,52.4,1628418,-0.9999999999999996,-4.099999999999994,3.6,4.6,66.2,53.8
1642275,Tidjane Salaün,CHA,20.0,37,15.6,0.147,6.0,2.2,4.3,0.503,1.0,2.2,0.434,0.7,1.1,0.65,0.629,0.616,0.7,0.7,0.071,1.04,11.3,4.0,0.044,0.205,113.2,111.1,2.1,-0.1,0.102,99.11,16.7,0.5116279069767442,0.2558139534883721,0.5816542469522652,0.0473457530477348,0.5914285714285714,0.6427385492590542,61.2,15.119266055045872,0.0275229357798165,0.0,0.0,0.1651376146788991,0.0642201834862385,109.0,37.7,0.237133,0.3931543301473088,0.612,50.3,0.4791666666666667,0.4545454545454545,0.0,0.4923076923076923,0.4313725490196078,0.5517241379310345,0.5,,1.201834862385321,1.0,109.0,-0.4923076923076923,-0.0246212121212121,0.8796484110885734,0.0,23.9,1642275,-3.6,-5.599999999999994,2.1,5.7,61.4,47.1
203501,Tim Hardaway Jr.,DEN,34.0,80,26.6,0.177,13.5,4.4,9.7,0.447,2.8,6.9,0.407,2.0,2.5,0.811,0.624,0.591,1.4,0.5,0.07,2.51,4.3,2.6,0.008,0.082,119.4,114.9,4.5,2.5,0.085,101.24,39.9,0.7113402061855671,0.2577319587628866,0.5773012506966377,0.0466987493033622,0.5771428571428572,0.640586875551919,60.3,20.172131147540984,0.2540983606557377,0.0136612021857923,0.1202185792349726,0.0491803278688524,0.0081967213114754,366.0,65.4,0.408096,0.676602200097819,0.603,64.0,0.4516129032258064,0.4090909090909091,0.3333333333333333,0.4705882352941176,0.4594594594594595,0.4678899082568807,0.4608938547486033,0.6,1.0273224043715847,33.0,366.0,-0.1372549019607843,-0.0425219941348973,0.9915695512025788,-0.1391061452513966,44.8,203501,-1.7000000000000002,-0.8999999999999915,4.5,6.2,68.2,65.9
202699,Tobias Harris,DET,33.0,63,27.7,0.181,13.3,4.9,10.5,0.469,1.3,3.5,0.368,2.2,2.5,0.866,0.574,0.531,2.5,1.0,0.12,2.49,6.7,5.1,0.03,0.145,118.6,108.6,10.0,5.8,0.112,100.9,40.8,0.3333333333333333,0.238095238095238,0.5758280883569408,-0.0018280883569408,0.4342857142857141,0.4792061701197544,45.2,13.385245901639344,0.2745901639344262,0.0163934426229508,0.1229508196721311,0.0655737704918032,0.0491803278688524,244.0,57.5,0.3300499999999999,0.5472059420878547,0.452,50.0,0.4961240310077519,0.4736842105263157,0.5172413793103449,0.5483870967741935,0.4298245614035088,0.5,0.4708333333333333,0.25,1.147540983606557,29.0,244.0,-0.0311457174638486,-0.0224398204814361,0.9298245614035088,0.2208333333333333,57.6,202699,2.7,4.199999999999989,10.0,7.3,79.5,59.1
1641739,Toumani Camara,POR,26.0,82,33.3,0.16,13.4,4.8,10.9,0.44,2.7,7.2,0.37,1.2,1.7,0.708,0.578,0.563,2.5,1.8,0.103,1.4,11.1,5.1,0.043,0.103,114.3,113.0,1.3,0.4,0.073,102.27,42.4,0.6605504587155964,0.1559633027522935,0.5600698984316024,0.0179301015683975,0.4457142857142855,0.5449139471344968,48.5,17.784037558685448,0.1338028169014084,0.0117370892018779,0.0234741784037558,0.1314553990610328,0.0539906103286385,426.0,50.2,0.2901559999999999,0.4810637398347024,0.485,48.3,0.4245283018867924,0.4489795918367347,0.5294117647058824,0.3814432989690721,0.42152466367713,0.4137931034482758,0.4166666666666667,0.4,1.0985915492957747,34.0,426.0,0.1479684657368102,0.0244512899499422,0.992268439771146,0.0166666666666666,67.6,1641739,3.5,7.299999999999997,1.3,-2.2,78.7,61.9
1642848,Tre Johnson,WAS,20.0,60,24.0,0.22,12.2,4.5,10.8,0.419,1.9,5.4,0.358,1.3,1.5,0.874,0.535,0.508,2.0,1.6,0.122,1.31,10.3,2.8,0.018,0.093,108.7,119.9,-11.2,-5.6,0.068,104.38,42.2,0.5,0.1388888888888888,0.5513938525278067,-0.0163938525278066,0.3228571428571429,0.4307663085835926,36.6,17.945205479452056,0.3664383561643836,0.0102739726027397,0.1404109589041096,0.0513698630136986,0.0034246575342465,292.0,71.2,0.38092,0.6315457883960177,0.366,49.9,0.4907975460122699,0.4615384615384615,0.0,0.4491017964071856,0.4475524475524475,0.4765100671140939,0.4631578947368421,0.3333333333333333,1.082191780821918,7.0,292.0,-0.4491017964071856,-0.0292590844738083,0.9710423804383536,0.1298245614035088,33.6,1642848,0.7000000000000011,-0.0999999999999943,-11.2,-11.9,64.2,50.8
1630200,Tre Jones,CHI,26.0,65,27.0,0.186,14.1,5.2,9.5,0.553,0.6,2.0,0.315,2.9,3.5,0.841,0.637,0.586,5.4,1.4,0.284,3.8,7.9,3.1,0.02,0.088,111.0,114.8,-3.8,-2.1,0.126,106.25,41.3,0.2105263157894736,0.3684210526315789,0.6010812198286277,0.0359187801713722,0.6142857142857143,0.60473704261544,61.0,7.874015748031496,0.0905511811023622,0.0472440944881889,0.0511811023622047,0.3503937007874015,0.0157480314960629,254.0,49.0,0.31213,0.5174955028143678,0.61,56.4,0.5169491525423728,0.7428571428571429,0.6428571428571429,0.5925925925925926,0.5263157894736842,0.5702479338842975,0.5531914893617021,0.5,1.169291338582677,14.0,254.0,0.0502645502645503,0.22590799031477,0.9560678555893868,0.0531914893617021,69.9,1630200,2.8,0.5999999999999943,-3.8,-6.6,70.6,68.5
1630544,Tre Mann,CHA,25.0,53,12.6,0.231,5.5,2.1,5.7,0.36,0.9,2.9,0.323,0.4,0.5,0.852,0.462,0.442,1.6,1.0,0.223,1.59,11.8,1.7,0.028,0.114,105.8,115.9,-10.1,-2.9,0.062,97.44,27.6,0.5087719298245613,0.087719298245614,0.5403438000475722,-0.0783438000475721,0.1142857142857143,0.2247457493579971,15.8,16.81566820276498,0.3548387096774194,0.0184331797235023,0.0783410138248847,0.1244239631336405,0.0092165898617511,217.0,68.9,0.318318,0.5277548888759938,0.158,34.3,0.4205607476635514,0.34375,0.4285714285714285,0.3524590163934426,0.3917525773195876,0.3583333333333333,0.3816425120772946,0.25,1.1105990783410138,7.0,217.0,0.0761124121779859,-0.0768107476635513,0.9665807560137456,0.1316425120772946,60.9,1630544,-18.2,-14.5,-10.1,8.1,32.5,34.4
1630570,Trendon Watford,PHI,25.0,53,16.3,0.17,6.5,2.6,5.1,0.515,0.2,0.9,0.2,1.1,1.5,0.779,0.573,0.534,2.5,1.2,0.229,2.06,12.9,3.3,0.041,0.146,106.5,115.6,-9.1,-2.9,0.093,103.23,23.0,0.1764705882352941,0.2941176470588235,0.5888711452360823,-0.0158711452360823,0.4314285714285713,0.4325046223814854,43.2,8.87912087912088,0.1208791208791208,0.0,0.0549450549450549,0.2967032967032967,0.0439560439560439,91.0,45.0,0.2578499999999999,0.4275020517114174,0.432,43.0,0.6,0.3333333333333333,0.2,0.7142857142857143,0.543859649122807,0.5,0.5222222222222223,,1.10989010989011,5.0,91.0,-0.5142857142857142,-0.2666666666666666,0.956140350877193,0.0,15.9,1630570,-11.3,-9.099999999999994,-9.1,2.2,44.8,37.6
1630530,Trey Murphy III,NOP,25.0,66,35.5,0.223,21.5,7.5,15.9,0.47,3.2,8.6,0.379,3.3,3.7,0.886,0.613,0.572,3.8,1.8,0.16,2.08,7.9,5.7,0.026,0.131,113.6,117.2,-3.6,-2.6,0.122,101.71,60.2,0.5408805031446541,0.2327044025157232,0.5687080790576303,0.0442919209423696,0.5457142857142856,0.6325827343904835,58.0,15.844086021505376,0.2365591397849462,0.014336917562724,0.039426523297491,0.1469534050179211,0.0806451612903225,558.0,56.1,0.343893,0.5701569248368993,0.58,57.5,0.4930555555555556,0.4677419354838709,0.5925925925925926,0.4748603351955307,0.502906976744186,0.4813084112149532,0.4972477064220184,0.375,1.0788530465949822,27.0,558.0,0.1177322573970618,-0.0253136200716846,0.9784014344707672,0.1222477064220183,65.7,1630530,2.1,3.1999999999999886,-3.6,-5.7,71.8,74.4
1641774,Tristan Vukcevic,WAS,23.0,49,13.7,0.259,9.0,3.1,6.5,0.479,1.0,2.9,0.347,1.8,2.3,0.784,0.603,0.558,1.1,1.3,0.133,0.89,12.9,3.0,0.046,0.162,103.5,118.5,-15.1,-4.6,0.11,105.7,35.2,0.4461538461538461,0.3538461538461538,0.5886106904642484,0.0143893095357515,0.5171428571428571,0.5331386997957558,52.4,14.074074074074074,0.1407407407407407,0.0222222222222222,0.1407407407407407,0.1111111111111111,0.0444444444444444,135.0,53.0,0.31959,0.5298637995208528,0.524,52.7,0.4444444444444444,0.4444444444444444,0.5,0.4883720930232558,0.48,0.4333333333333333,0.4503816793893129,0.6666666666666666,0.9333333333333332,4.0,135.0,0.0116279069767442,0.0,0.9533333333333334,-0.2162849872773536,51.3,1641774,-4.199999999999999,-6.799999999999997,-15.1,-10.9,51.9,56.6
1641783,Tristan da Silva,ORL,25.0,77,24.7,0.16,9.9,3.6,8.1,0.45,1.6,4.2,0.374,1.1,1.2,0.884,0.576,0.547,1.6,0.9,0.092,1.8,8.1,3.7,0.03,0.115,113.2,111.6,1.6,1.3,0.085,100.96,32.3,0.5185185185185186,0.1481481481481481,0.5595973318089966,0.0164026681910033,0.4399999999999999,0.5398343192867056,48.0,15.066666666666666,0.1481481481481481,0.0037037037037037,0.0703703703703703,0.1,0.037037037037037,270.0,48.3,0.2782079999999999,0.4612545697208843,0.48,47.1,0.4827586206896552,0.5357142857142857,0.3684210526315789,0.5138888888888888,0.4423076923076923,0.4824561403508772,0.4606741573033708,1.0,0.9851851851851852,19.0,270.0,-0.1454678362573099,0.0529556650246305,0.9598515519568152,-0.5393258426966292,37.1,1641783,2.3,0.6000000000000085,1.6,-0.7,72.5,51.0
1629639,Tyler Herro,MIA,26.0,33,31.3,0.248,20.5,7.5,15.6,0.48,2.5,6.7,0.378,3.0,3.3,0.917,0.602,0.561,4.1,1.9,0.199,2.13,8.4,4.8,0.013,0.129,114.4,116.4,-2.0,-1.2,0.122,103.33,57.1,0.4294871794871795,0.2115384615384615,0.5627265953636573,0.0392734046363426,0.5142857142857142,0.6158931716508125,55.5,14.38255033557047,0.3288590604026846,0.0134228187919463,0.1342281879194631,0.0604026845637583,0.0134228187919463,149.0,63.6,0.382872,0.6347821041025938,0.555,59.5,0.5135135135135135,0.6,0.7142857142857143,0.4693877551020408,0.5180722891566265,0.4696969696969697,0.503448275862069,0.0,1.1476510067114094,14.0,149.0,0.2448979591836734,0.0864864864864864,0.9516246805403432,0.503448275862069,85.8,1629639,-5.5,-0.8999999999999915,-2.0,3.5,60.8,76.1
1631213,Tyrese Martin,PHI,27.0,46,16.9,0.178,6.3,2.4,6.0,0.394,1.2,3.6,0.321,0.4,0.6,0.679,0.501,0.489,1.7,0.9,0.163,1.95,9.9,2.5,0.04,0.112,105.8,116.8,-10.9,-3.9,0.077,97.87,23.6,0.6,0.0999999999999999,0.5478358806086336,-0.0468358806086336,0.2257142857142857,0.3295283915188165,26.7,16.732057416267942,0.1483253588516746,0.0334928229665071,0.0478468899521531,0.124401913875598,0.0287081339712918,209.0,53.6,0.268536,0.4452188906665782,0.267,35.6,0.3425925925925926,0.3846153846153846,0.8333333333333334,0.3292682926829268,0.3103448275862069,0.4344262295081967,0.38,0.4285714285714285,1.15311004784689,6.0,209.0,0.5040650406504066,0.042022792022792,0.8759185980780102,-0.0485714285714285,81.2,1631213,-3.1499999999999995,-8.149999999999991,-6.65,-3.5,56.0,43.0
1630178,Tyrese Maxey,PHI,25.0,70,38.0,0.286,28.3,9.9,21.4,0.462,3.1,8.6,0.367,5.3,6.0,0.892,0.588,0.536,6.6,2.4,0.288,2.7,7.4,4.1,0.008,0.096,115.0,113.4,1.5,1.6,0.15,100.25,80.9,0.4018691588785046,0.2803738317757009,0.5719271648256602,0.0160728351743397,0.4742857142857142,0.5387374275980983,50.0,14.486026731470233,0.3523693803159173,0.0267314702308626,0.1117861482381531,0.2041312272174969,0.0060753341433778,823.0,72.0,0.4233599999999999,0.7019091278361282,0.5,60.1,0.5049751243781094,0.4324324324324324,0.4024390243902439,0.4897959183673469,0.4476190476190476,0.5062034739454094,0.4817610062893082,0.2727272727272727,1.1859052247873634,82.0,823.0,-0.087356893977103,-0.0725426919456769,0.9414155736736384,0.2090337335620354,52.6,1630178,6.2,5.299999999999997,1.5,-4.7,80.4,79.1
1630623,Tyson Etienne,BKN,26.0,24,15.8,0.198,7.9,2.4,6.0,0.4,1.8,4.5,0.398,1.3,1.5,0.833,0.588,0.548,1.7,0.7,0.17,2.5,7.4,1.1,0.013,0.06,105.6,117.8,-12.2,-4.3,0.071,102.0,25.0,0.75,0.25,0.5732466626659126,0.0147533373340873,0.4742857142857142,0.5343493095474892,49.8,23.666666666666668,0.1333333333333333,0.0,0.0666666666666666,0.0,0.0,15.0,55.2,0.324576,0.5381303313410318,0.498,51.8,,0.2857142857142857,,0.2727272727272727,0.2,0.3,0.2142857142857142,,0.6666666666666666,0.0,15.0,0.0,0.0,0.9,0.0,53.5,1630623,-2.5,-2.700000000000003,-12.2,-9.7,58.2,52.6
1626145,Tyus Jones,DEN,30.0,67,14.6,0.103,3.0,1.1,3.3,0.349,0.6,2.0,0.292,0.1,0.1,0.778,0.448,0.44,2.4,0.4,0.222,6.36,6.2,1.1,0.011,0.065,107.5,113.6,-6.1,-1.6,0.065,101.09,10.3,0.6060606060606061,0.0303030303030303,0.542674922027621,-0.094674922027621,0.0742857142857142,0.1704350191989829,11.3,18.571428571428573,0.18796992481203,0.0150375939849624,0.0676691729323308,0.075187969924812,0.0,133.0,56.7,0.254016,0.421145476701677,0.113,26.7,0.3529411764705882,0.2,0.3571428571428571,0.4666666666666667,0.3191489361702128,0.3720930232558139,0.3461538461538461,1.0,0.962406015037594,14.0,133.0,-0.1095238095238095,-0.1529411764705882,0.9470559129143988,-0.6538461538461539,26.9,1626145,-6.8500000000000005,-8.450000000000017,-3.9,2.9500000000000006,52.8,18.7
1642845,VJ Edgecombe,PHI,20.0,75,35.0,0.196,16.0,6.0,13.7,0.438,2.0,5.6,0.354,2.0,2.4,0.818,0.54,0.51,4.2,1.8,0.172,2.3,8.8,5.6,0.044,0.111,114.8,113.9,0.9,0.8,0.092,100.44,52.2,0.4087591240875912,0.1751824817518248,0.5616156685528394,-0.0216156685528393,0.3371428571428572,0.413400652909596,36.8,14.200440528634362,0.2599118942731278,0.0242290748898678,0.0969162995594713,0.185022026431718,0.039647577092511,454.0,62.5,0.3375,0.5595576593081381,0.368,46.4,0.420814479638009,0.5306122448979592,0.4081632653061224,0.3975903614457831,0.4114832535885167,0.4285714285714285,0.4266055045871559,0.3636363636363636,1.2268722466960351,49.0,454.0,0.0105729038603393,0.1097977652599501,0.9829118250170882,0.0629691409507923,64.2,1642845,3.0,4.799999999999997,0.9,-2.1,76.1,60.2
1641705,Victor Wembanyama,SAS,22.0,64,29.2,0.316,25.0,8.6,16.9,0.512,1.9,5.5,0.349,5.8,7.0,0.827,0.626,0.569,3.1,2.4,0.17,1.28,9.5,11.5,0.071,0.285,120.5,103.6,17.0,10.7,0.209,102.23,74.1,0.3254437869822486,0.4142011834319527,0.5947801388367694,0.0312198611632306,0.5828571428571427,0.58911033168878,58.5,11.628915662650602,0.3373493975903614,0.0240963855421686,0.216867469879518,0.1493975903614458,0.1325301204819277,415.0,68.2,0.426932,0.7078313203073837,0.585,64.6,0.4975124378109453,0.5094339622641509,0.5111111111111111,0.5943396226415094,0.514018691588785,0.5124378109452736,0.5225,0.4,1.2120481927710844,45.0,415.0,-0.0832285115303983,0.0119215244532056,0.9984191193564886,0.1224999999999999,57.0,1641705,16.4,6.200000000000003,17.0,0.6,100.0,83.8
1631246,Vince Williams Jr.,UTA,25.0,40,20.5,0.19,7.5,2.6,7.3,0.353,1.4,4.4,0.311,1.0,1.3,0.78,0.478,0.447,4.2,1.8,0.281,2.37,12.7,3.9,0.044,0.123,108.7,108.4,0.3,0.2,0.085,102.34,29.6,0.6027397260273973,0.1780821917808219,0.5614314327135399,-0.0834314327135399,0.1599999999999999,0.2078263334594984,17.9,16.727777777777778,0.2722222222222222,0.0333333333333333,0.0388888888888888,0.1055555555555555,0.0222222222222222,180.0,61.0,0.29158,0.4834246586698278,0.179,33.1,0.32,0.5384615384615384,0.25,0.3666666666666666,0.3378378378378378,0.3679245283018867,0.3588235294117647,0.1666666666666666,1.0666666666666669,12.0,180.0,-0.1166666666666666,0.2184615384615384,0.9699133095359512,0.192156862745098,64.3,1631246,3.5000000000000004,-4.399999999999992,-0.0499999999999999,-3.5500000000000003,69.5,39.5
1630249,Vít Krejčí,POR,25.0,65,21.4,0.142,8.5,3.0,6.6,0.448,2.0,5.0,0.39,0.6,0.8,0.745,0.609,0.597,1.5,0.6,0.099,2.44,7.0,2.3,0.02,0.081,110.0,111.1,-1.1,-0.6,0.068,103.2,24.5,0.7575757575757576,0.1212121212121212,0.5546978508888626,0.0543021491111374,0.5342857142857143,0.6658727190938176,58.7,21.11985018726592,0.2022471910112359,0.0224719101123595,0.0262172284644194,0.0636704119850187,0.0074906367041198,267.0,58.9,0.358701,0.5947078280044101,0.5870000000000001,59.1,0.4444444444444444,0.625,0.4375,0.4471544715447154,0.4206349206349206,0.4893617021276595,0.4538461538461538,0.6666666666666666,0.8951310861423221,16.0,267.0,-0.0096544715447154,0.1805555555555555,0.9312732185072612,-0.2128205128205127,56.9,1630249,-2.35,-3.8499999999999934,-0.7000000000000001,1.65,62.9,59.4
1642383,Walter Clayton Jr.,MEM,23.0,69,20.4,0.181,7.8,2.6,6.7,0.384,1.1,3.5,0.307,1.6,1.8,0.901,0.523,0.465,4.0,1.7,0.274,2.41,12.8,2.0,0.017,0.081,111.7,121.2,-9.6,-4.1,0.073,103.23,30.7,0.5223880597014925,0.2686567164179104,0.5803112985041579,-0.0573112985041578,0.2885714285714287,0.2946913732587262,29.1,17.848958333333332,0.359375,0.015625,0.0729166666666666,0.0885416666666666,0.0052083333333333,192.0,68.6,0.358778,0.5948354900481634,0.291,44.3,0.4130434782608695,0.4117647058823529,0.2777777777777778,0.4146341463414634,0.404040404040404,0.4301075268817204,0.4148936170212766,0.6666666666666666,1.0208333333333333,18.0,192.0,-0.1368563685636856,-0.0012787723785166,0.9739328771586836,-0.25177304964539,43.0,1642383,-0.3000000000000007,-0.549999999999983,-10.0,-9.7,63.3,43.5
1628976,Wendell Carter Jr.,ORL,27.0,78,29.3,0.156,11.8,4.2,8.2,0.512,0.9,2.9,0.319,2.5,3.2,0.792,0.617,0.568,2.0,1.3,0.095,1.54,10.0,7.4,0.07,0.177,113.5,111.3,2.2,1.2,0.096,101.62,37.7,0.3536585365853659,0.3902439024390244,0.6075072052447625,0.0094927947552374,0.5571428571428572,0.5168548649625454,54.1,12.64423076923077,0.0833333333333333,0.0,0.0929487179487179,0.1442307692307692,0.1442307692307692,312.0,41.3,0.2548209999999999,0.4224801253409156,0.541,48.2,0.5031055900621118,0.59375,0.4827586206896552,0.5694444444444444,0.4965034965034965,0.5088757396449705,0.4983818770226537,,1.0929487179487178,29.0,312.0,-0.0866858237547892,0.0906444099378882,0.987627756858526,0.0,56.6,1628976,3.1,1.0999999999999943,2.2,-0.9,74.1,59.3
1642954,Will Richard,GSW,23.0,69,20.0,0.123,6.4,2.3,5.0,0.468,1.0,3.1,0.335,0.7,0.8,0.852,0.596,0.571,1.3,0.8,0.094,1.75,10.3,2.5,0.045,0.078,110.3,113.6,-3.3,-1.4,0.063,102.86,19.4,0.62,0.16,0.5651826289081068,0.0308173710918931,0.4971428571428571,0.5877718119175853,53.3,16.491891891891893,0.1351351351351351,0.0162162162162162,0.0324324324324324,0.0648648648648648,0.0648648648648648,185.0,46.3,0.2759479999999999,0.457507605839295,0.533,49.5,0.5308641975308642,0.5588235294117647,0.5384615384615384,0.4473684210526316,0.4623655913978494,0.5434782608695652,0.4971751412429379,0.6666666666666666,0.9567567567567568,13.0,185.0,0.0910931174089068,0.0279593318809004,0.9188873305282844,-0.1694915254237287,56.5,1642954,-4.4,-3.4000000000000057,-3.3,1.1,59.6,51.3
1642860,Will Riley,WAS,20.0,74,22.1,0.196,10.3,3.7,8.4,0.439,1.1,3.3,0.316,1.9,2.4,0.8,0.548,0.502,2.0,1.3,0.131,1.55,10.1,2.9,0.033,0.097,107.3,121.4,-14.1,-6.5,0.08,103.18,37.2,0.3928571428571428,0.2857142857142857,0.5828626311230377,-0.0348626311230376,0.3600000000000001,0.3693465940117731,36.4,13.0,0.2649572649572649,0.017094017094017,0.094017094017094,0.1452991452991453,0.0512820512820512,117.0,58.2,0.318936,0.5287795011232602,0.364,44.6,0.4186046511627907,0.4594594594594595,0.0,0.4457831325301205,0.3717948717948718,0.5128205128205128,0.4122807017543859,0.5,1.0085470085470083,1.0,117.0,-0.4457831325301205,0.0408548082966687,0.858974358974359,-0.087719298245614,26.1,1642860,-4.299999999999999,-2.4000000000000057,-14.1,-9.8,55.4,44.4
1642274,Yves Missi,NOP,22.0,66,19.7,0.122,5.7,2.4,4.5,0.544,0.0,0.0,0.0,0.9,1.5,0.559,0.556,0.544,1.3,0.8,0.087,1.56,11.3,5.8,0.128,0.147,112.7,114.1,-1.3,-0.6,0.087,100.7,19.3,0.0,0.3333333333333333,0.6028912409844184,-0.0468912409844183,0.382857142857143,0.3293442852195423,36.1,2.054263565891473,0.0542635658914728,0.0155038759689922,0.0077519379844961,0.3643410852713178,0.3488372093023256,129.0,26.6,0.147896,0.2452039691289967,0.361,30.3,0.5925925925925926,0.5,0.5,0.5636363636363636,0.5492957746478874,0.5689655172413793,0.544,1.0,1.007751937984496,4.0,129.0,-0.0636363636363636,-0.0925925925925925,0.980330257406508,-0.4559999999999999,38.5,1642274,4.5,0.7999999999999972,-1.3,-5.8,73.9,35.7
1642258,Zaccharie Risacher,ATL,21.0,67,22.4,0.168,9.6,3.6,8.0,0.455,1.4,3.9,0.368,0.9,1.3,0.644,0.557,0.544,1.1,0.9,0.068,1.31,8.2,3.8,0.044,0.121,112.8,112.6,0.2,-0.2,0.07,105.34,31.2,0.4875,0.1625,0.5616888542738543,-0.0046888542738542,0.3857142857142859,0.4696924155870652,41.9,14.442367601246106,0.1619937694704049,0.0093457943925233,0.0841121495327102,0.1495327102803738,0.0685358255451713,321.0,51.5,0.286855,0.4755908514395139,0.419,44.7,0.4596273291925465,0.2692307692307692,0.4166666666666667,0.484472049689441,0.4797297297297297,0.4335260115606936,0.4574132492113564,0.3333333333333333,1.0342679127725856,12.0,321.0,-0.0678053830227743,-0.1903965599617773,0.953796281830964,0.1240799158780231,47.2,1642258,-3.7,-2.0,0.2,3.9,63.1,48.7
203897,Zach LaVine,SAC,31.0,39,31.4,0.234,19.2,6.7,14.0,0.479,2.5,6.5,0.39,3.2,3.6,0.88,0.614,0.569,2.3,1.9,0.111,1.2,9.6,2.8,0.006,0.083,109.3,121.9,-12.6,-7.9,0.096,100.47,54.1,0.4642857142857143,0.2571428571428572,0.572727562510888,0.041272437489112,0.5485714285714285,0.6225411492960959,57.8,16.172932330827066,0.3959899749373433,0.012531328320802,0.175438596491228,0.112781954887218,0.0150375939849624,399.0,75.7,0.464798,0.7706112027588264,0.578,67.4,0.5432692307692307,0.3265306122448979,0.2692307692307692,0.5157894736842106,0.4764705882352941,0.4890829694323144,0.4808184143222506,0.6,1.1804511278195489,26.0,399.0,-0.2465587044534413,-0.2167386185243328,0.9873876188029798,-0.1191815856777493,31.6,203897,-3.9,-1.0,-12.6,-8.7,57.6,68.4
1630192,Zeke Nnaji,DEN,25.0,52,12.0,0.136,3.7,1.4,2.9,0.47,0.3,1.0,0.259,0.7,0.8,0.773,0.558,0.517,0.6,0.5,0.069,1.07,11.9,2.6,0.053,0.147,107.1,113.7,-6.6,-2.1,0.07,99.34,12.1,0.3448275862068966,0.2758620689655172,0.5878908559394249,-0.0298908559394248,0.3885714285714288,0.3858807146152658,38.7,11.569444444444445,0.0416666666666666,0.0,0.0416666666666666,0.2777777777777778,0.0555555555555555,72.0,41.4,0.231012,0.3830060266432343,0.387,38.5,0.5,0.5,0.5625,0.7333333333333333,0.5714285714285714,0.4772727272727273,0.5138888888888888,,0.9305555555555556,16.0,72.0,-0.1708333333333332,0.0,0.905844155844156,0.0,44.2,1630192,-13.9,-16.10000000000001,-6.6,7.3,37.9,34.9
1630533,Ziaire Williams,BKN,24.0,56,22.9,0.179,10.2,3.3,7.7,0.425,1.5,4.5,0.343,2.1,2.5,0.85,0.579,0.524,1.1,1.1,0.076,1.02,9.7,2.4,0.022,0.084,103.1,113.2,-10.1,-5.0,0.079,100.4,33.3,0.5844155844155844,0.3246753246753247,0.5907942254278588,-0.0117942254278587,0.4485714285714284,0.4460628146388742,44.8,18.628865979381445,0.0927835051546391,0.0206185567010309,0.0154639175257731,0.0824742268041237,0.0257731958762886,194.0,47.3,0.2738669999999999,0.4540574147607165,0.4479999999999999,45.1,0.3979591836734694,0.4615384615384615,0.0,0.4025974025974026,0.4210526315789473,0.375,0.3968253968253968,0.5,1.190721649484536,1.0,194.0,-0.4025974025974026,0.0635792778649921,0.9539473684210528,-0.1031746031746032,33.6,1630533,-0.2999999999999989,-6.400000000000006,-10.1,-9.8,59.0,47.6
1629627,Zion Williamson,NOP,25.0,62,29.7,0.25,21.0,7.8,13.0,0.6,0.0,0.1,0.25,5.4,7.5,0.716,0.644,0.6,3.2,2.0,0.174,1.58,9.4,5.7,0.064,0.116,113.0,114.9,-1.9,-1.3,0.141,103.58,61.4,0.0076923076923076,0.5769230769230769,0.6353995252375675,0.0086004747624325,0.6342857142857143,0.5138873682771415,58.6,3.142857142857143,0.1092436974789916,0.0224089635854341,0.0196078431372549,0.4593837535014005,0.1232492997198879,357.0,42.0,0.27048,0.4484419427841931,0.5860000000000001,51.7,0.59375,0.6,0.5652173913043478,0.6330275229357798,0.5513513513513514,0.5988372093023255,0.5730994152046783,0.625,1.1260504201680672,23.0,357.0,-0.067810131631432,0.0062499999999999,0.9525141420490258,-0.0519005847953216,51.1,1629627,4.1,1.7999999999999972,-1.9,-6.0,73.8,70.0
