PLAYER_ID,PLAYER_NAME,NICKNAME,TEAM_ID,TEAM_ABBREVIATION,AGE,GP,W,L,W_PCT,MIN,FGM,FGA,FG_PCT,FG3M,FG3A,FG3_PCT,FTM,FTA,FT_PCT,OREB,DREB,REB,AST,TOV,STL,BLK,BLKA,PF,PFD,PTS,PLUS_MINUS,NBA_FANTASY_PTS,DD2,TD3,WNBA_FANTASY_PTS,GP_RANK,W_RANK,L_RANK,W_PCT_RANK,MIN_RANK,FGM_RANK,FGA_RANK,FG_PCT_RANK,FG3M_RANK,FG3A_RANK,FG3_PCT_RANK,FTM_RANK,FTA_RANK,FT_PCT_RANK,OREB_RANK,DREB_RANK,REB_RANK,AST_RANK,TOV_RANK,STL_RANK,BLK_RANK,BLKA_RANK,PF_RANK,PFD_RANK,PTS_RANK,PLUS_MINUS_RANK,NBA_FANTASY_PTS_RANK,DD2_RANK,TD3_RANK,WNBA_FANTASY_PTS_RANK,TEAM_COUNT,PLAYER_NAME_adv,NICKNAME_adv,TEAM_ID_adv,TEAM_ABBREVIATION_adv,AGE_adv,GP_adv,W_adv,L_adv,W_PCT_adv,MIN_adv,E_OFF_RATING,OFF_RATING,sp_work_OFF_RATING,E_DEF_RATING,DEF_RATING,sp_work_DEF_RATING,E_NET_RATING,NET_RATING,sp_work_NET_RATING,AST_PCT,AST_TO,AST_RATIO,OREB_PCT,DREB_PCT,REB_PCT,TM_TOV_PCT,E_TOV_PCT,EFG_PCT,TS_PCT,USG_PCT,E_USG_PCT,E_PACE,PACE,PACE_PER40,sp_work_PACE,PIE,POSS,FGM_adv,FGA_adv,FGM_PG,FGA_PG,FG_PCT_adv,GP_RANK_adv,W_RANK_adv,L_RANK_adv,W_PCT_RANK_adv,MIN_RANK_adv,E_OFF_RATING_RANK,OFF_RATING_RANK,sp_work_OFF_RATING_RANK,E_DEF_RATING_RANK,DEF_RATING_RANK,sp_work_DEF_RATING_RANK,E_NET_RATING_RANK,NET_RATING_RANK,sp_work_NET_RATING_RANK,AST_PCT_RANK,AST_TO_RANK,AST_RATIO_RANK,OREB_PCT_RANK,DREB_PCT_RANK,REB_PCT_RANK,TM_TOV_PCT_RANK,E_TOV_PCT_RANK,EFG_PCT_RANK,TS_PCT_RANK,USG_PCT_RANK,E_USG_PCT_RANK,E_PACE_RANK,PACE_RANK,sp_work_PACE_RANK,PIE_RANK,FGM_RANK_adv,FGA_RANK_adv,FGM_PG_RANK,FGA_PG_RANK,FG_PCT_RANK_adv,TEAM_COUNT_adv,VOLUME_SCORE,FG3A_RATE,FTA_RATE,EXPECTED_TS,TS_ABOVE_EXPECTED,TS_PCT_SCALED,TS_ABOVE_EXPECTED_SCALED,EFFICIENCY_SCORE,AVG_SHOT_DISTANCE,PCT_PULLUP,PCT_LATE_CLOCK,PCT_MIDRANGE,PCT_RESTRICTED_HARD,PCT_RESTRICTED_EASY,TOTAL_SHOTS,SHOT_DIFFICULTY_SCORE,TS_X_DIFFICULTY,TS_X_DIFFICULTY_SCALED,EFFICIENCY_SCORE_SCALED,DIFFICULTY_ADJ_EFFICIENCY
1631260,AJ Green,AJ,1610612749,MIL,26.0,78,31,47,0.397,29.1,3.4,7.9,0.424,3.0,7.1,0.419,0.7,0.8,0.855,0.4,2.4,2.7,1.9,1.0,0.5,0.1,0.2,2.3,1.0,10.4,-1.9,17.4,0,0,19.2,28,188,32,387,109,237,211,403,18,28,59,377,415,124,452,282,337,245,279,373,464,439,121,335,201,398,292,284,38,231,1,AJ Green,AJ,1610612749,MIL,26.0,78,31,47,0.397,29.1,112.1,113.1,113.1,115.9,116.7,116.7,-3.8,-3.6,-3.6,0.09,2.03,17.6,0.013,0.08,0.046,8.7,8.6,0.612,0.627,0.135,0.139,100.08,99.28,82.73,99.28,0.058,4704,262,618,3.4,7.9,0.424,28,188,548,387,109,262,229,229,436,442,442,348,343,343,417,199,287,530,488,531,182,180,87,109,467,467,415,467,467,497,149,129,237,211,403,1,31.0,0.8987341772151898,0.1012658227848101,0.5506350669605606,0.0763649330394393,0.5857142857142856,0.739244646996291,64.7,23.629449838187703,0.2702265372168285,0.012944983818770227,0.042071197411003236,0.025889967637540454,0.0016181229773462784,618,63.4,0.397518,0.6692222222222223,0.647,65.8
203932,Aaron Gordon,Aaron,1610612743,DEN,30.0,36,27,9,0.75,27.9,5.5,11.1,0.497,1.7,4.4,0.389,3.5,4.5,0.767,1.4,4.4,5.8,2.7,1.1,0.6,0.3,0.4,1.7,3.4,16.2,7.6,28.7,4,0,28.1,384,225,455,46,129,101,119,168,128,151,123,54,52,309,115,82,82,162,246,325,295,254,274,66,88,12,113,114,38,111,1,Aaron Gordon,Aaron,1610612743,DEN,30.0,36,27,9,0.75,27.9,123.4,124.7,124.7,112.0,112.0,112.0,11.4,12.7,12.7,0.13,2.53,15.9,0.052,0.148,0.102,6.3,6.3,0.574,0.62,0.213,0.219,100.54,99.99,83.33,99.99,0.117,2096,198,398,5.5,11.1,0.497,384,225,116,46,129,14,9,9,261,248,248,35,32,32,266,118,334,202,165,168,70,70,158,123,133,134,394,426,426,104,215,229,101,119,168,1,46.5,0.3963963963963964,0.4054054054054054,0.6038604455978721,0.0161395544021278,0.5657142857142856,0.5389593088614459,55.5,13.21608040201005,0.26884422110552764,0.01256281407035176,0.12562814070351758,0.16331658291457288,0.08793969849246232,398,56.8,0.35216,0.5928619528619529,0.555,57.4
1628988,Aaron Holiday,Aaron,1610612745,HOU,29.0,57,38,19,0.667,13.7,1.8,4.4,0.417,1.2,3.0,0.394,0.6,0.7,0.854,0.2,0.8,1.0,1.1,0.7,0.5,0.1,0.1,1.3,0.8,5.5,2.3,9.3,0,0,9.8,235,128,333,106,414,402,385,434,223,259,110,402,431,127,516,518,525,387,379,398,483,491,405,393,386,115,457,284,38,430,1,Aaron Holiday,Aaron,1610612745,HOU,29.0,57,38,19,0.667,13.7,114.8,114.6,114.6,106.4,106.3,106.3,8.4,8.3,8.3,0.105,1.58,16.3,0.016,0.054,0.035,10.4,10.3,0.55,0.578,0.159,0.166,99.54,99.63,83.02,99.63,0.063,1618,105,252,1.8,4.4,0.417,235,128,236,106,414,143,158,158,63,71,71,60,64,64,353,338,325,498,557,564,328,325,255,272,350,342,451,445,445,468,332,316,402,385,434,1,18.2,0.6818181818181818,0.159090909090909,0.5606243303377206,0.0173756696622793,0.4457142857142855,0.5430701300543523,48.5,19.5,0.15476190476190477,0.023809523809523808,0.06349206349206349,0.05952380952380952,0.003968253968253968,252,54.5,0.31501,0.5303198653198654,0.485,50.8
1630174,Aaron Nesmith,Aaron,1610612754,IND,26.0,45,10,35,0.222,29.7,4.7,11.4,0.414,2.3,6.2,0.379,2.0,2.5,0.829,1.1,3.1,4.2,1.9,1.4,0.6,0.5,0.8,2.8,2.6,13.8,-4.5,23.5,0,0,24.4,331,411,112,514,97,142,110,445,61,59,157,128,146,174,177,187,185,249,173,328,152,53,43,115,121,513,172,284,38,151,1,Aaron Nesmith,Aaron,1610612754,IND,26.0,45,10,35,0.222,29.7,109.9,111.1,111.1,116.9,118.4,118.4,-7.0,-7.3,-7.3,0.091,1.37,12.2,0.034,0.102,0.067,9.0,8.9,0.517,0.554,0.19,0.196,104.33,103.09,85.91,103.09,0.067,2871,212,512,4.7,11.4,0.414,331,411,459,514,97,360,312,312,465,490,490,425,425,425,410,414,468,318,359,367,204,197,385,363,203,206,119,193,193,448,203,177,142,110,445,1,42.9,0.543859649122807,0.219298245614035,0.5697350475507946,-0.0157350475507945,0.3771428571428572,0.4329572284345148,39.9,16.765625,0.236328125,0.021484375,0.111328125,0.138671875,0.009765625,512,61.6,0.341264,0.5745185185185185,0.399,48.7
1630598,Aaron Wiggins,Aaron,1610612760,OKC,27.0,65,50,15,0.769,21.8,3.6,8.2,0.431,1.5,4.2,0.356,0.8,1.1,0.736,0.6,2.4,3.1,1.7,1.2,0.9,0.4,0.4,1.3,0.9,9.4,2.7,18.4,0,0,18.3,166,32,382,34,250,220,197,381,163,167,235,340,338,365,335,273,293,277,212,150,187,222,402,373,227,97,269,284,38,257,1,Aaron Wiggins,Aaron,1610612760,OKC,27.0,65,50,15,0.769,21.8,113.0,112.8,112.8,106.9,106.7,106.7,6.1,6.2,6.2,0.11,1.35,14.3,0.028,0.101,0.066,10.7,10.7,0.521,0.538,0.194,0.198,101.29,101.47,84.56,101.47,0.082,2986,231,536,3.6,8.2,0.431,166,32,187,34,250,213,240,240,72,80,80,94,96,96,329,418,395,382,365,375,353,361,371,412,190,199,343,320,320,340,183,163,220,197,381,1,33.8,0.5121951219512195,0.1341463414634146,0.5532448477724434,-0.0152448477724433,0.3314285714285716,0.4345874353436643,37.3,14.60820895522388,0.18097014925373134,0.016791044776119403,0.04664179104477612,0.17164179104477612,0.041044776119402986,536,50.5,0.27169000000000004,0.4573905723905725,0.373,41.5
1642846,Ace Bailey,Ace,1610612762,UTA,19.0,72,19,53,0.264,27.6,5.5,12.4,0.443,1.9,5.5,0.344,0.9,1.2,0.75,1.4,2.8,4.2,1.8,1.5,0.8,0.7,0.4,2.7,1.2,13.8,-6.2,24.6,1,0,24.7,84,316,12,479,137,102,87,340,102,82,275,317,314,333,109,234,182,260,157,199,105,236,49,299,122,543,157,201,38,143,1,Ace Bailey,Ace,1610612762,UTA,19.0,72,19,53,0.264,27.6,109.5,109.8,109.8,119.8,120.4,120.4,-10.3,-10.7,-10.7,0.098,1.22,11.2,0.048,0.097,0.072,9.2,9.2,0.52,0.533,0.21,0.215,104.98,104.58,87.15,104.58,0.069,4337,395,892,5.5,12.4,0.443,84,316,568,479,137,377,367,367,514,523,523,491,491,491,380,450,502,216,381,335,222,222,376,424,145,147,84,99,99,436,67,54,102,87,340,1,45.8,0.4435483870967742,0.0967741935483871,0.5448423892319421,-0.011842389231942,0.3171428571428571,0.4459026412368145,36.9,15.967488789237668,0.3542600896860987,0.013452914798206279,0.2219730941704036,0.07286995515695067,0.07062780269058296,892,68.9,0.36723700000000004,0.6182441077441079,0.369,49.4
1641737,Adem Bona,Adem,1610612755,PHI,23.0,71,41,30,0.577,17.4,1.8,3.1,0.595,0.0,0.1,0.333,1.1,1.6,0.708,1.8,2.5,4.3,0.5,0.8,0.4,1.2,0.4,2.2,1.4,4.8,-0.1,14.7,1,0,12.8,98,97,172,206,337,400,453,59,506,534,302,264,250,416,79,261,176,522,346,424,31,265,159,247,409,268,347,201,38,376,1,Adem Bona,Adem,1610612755,PHI,23.0,71,41,30,0.577,17.4,112.6,113.1,113.1,111.6,112.9,112.9,1.0,0.3,0.3,0.034,0.57,8.9,0.099,0.138,0.119,15.6,15.7,0.6,0.638,0.108,0.111,103.15,102.35,85.29,102.35,0.069,2625,131,220,1.8,3.1,0.595,98,97,395,206,337,233,228,228,242,282,282,227,244,244,567,548,545,69,207,114,541,541,98,81,539,541,196,245,245,437,298,338,400,453,59,1,14.8,0.032258064516129,0.5161290322580645,0.6391400947292752,-0.0011400947292752,0.6171428571428572,0.481494159659537,56.3,2.2363636363636363,0.045454545454545456,0.013636363636363636,0.004545454545454545,0.2636363636363636,0.36818181818181817,220,17.1,0.10909800000000001,0.1836666666666667,0.563,37.3
1642349,Ajay Mitchell,Ajay,1610612760,OKC,23.0,57,50,7,0.877,25.8,5.0,10.4,0.485,1.1,3.1,0.347,2.5,2.8,0.87,0.7,2.6,3.3,3.6,1.4,1.2,0.3,0.5,2.1,2.6,13.6,8.8,26.3,1,0,24.7,235,32,475,5,172,126,134,197,251,245,268,95,118,98,314,245,264,97,169,59,265,207,180,104,129,6,138,201,38,144,1,Ajay Mitchell,Ajay,1610612760,OKC,23.0,57,50,7,0.877,25.8,118.4,118.2,118.2,102.6,102.5,102.5,15.8,15.6,15.6,0.194,2.54,21.8,0.027,0.093,0.062,8.6,8.5,0.536,0.585,0.21,0.217,102.33,102.48,85.4,102.48,0.116,3149,286,590,5.0,10.4,0.485,235,32,99,5,172,48,70,70,27,32,32,18,22,22,147,115,162,392,413,409,178,177,306,242,143,142,264,233,233,113,131,142,126,134,197,1,43.1,0.2980769230769231,0.2692307692307692,0.5788607253367352,0.0061392746632648,0.4657142857142855,0.5057024086266939,48.2,11.438983050847458,0.21016949152542372,0.03559322033898305,0.07966101694915254,0.2135593220338983,0.020338983050847456,590,56.3,0.32935499999999995,0.554469696969697,0.48200000000000004,51.8
201143,Al Horford,Al,1610612744,GSW,40.0,45,22,23,0.489,21.5,3.1,7.2,0.426,1.6,4.6,0.361,0.5,0.6,0.846,1.0,3.9,4.9,2.6,0.9,0.7,1.1,0.2,1.1,0.5,8.3,-0.2,22.4,0,0,21.0,331,277,275,334,255,272,242,394,138,135,219,441,462,136,206,119,147,177,286,276,32,464,437,485,271,277,188,284,38,204,1,Al Horford,Al,1610612744,GSW,40.0,45,22,23,0.489,21.5,112.7,112.7,112.7,114.0,113.5,113.5,-1.3,-0.9,-0.9,0.171,2.76,23.5,0.043,0.184,0.111,8.5,8.5,0.54,0.554,0.163,0.168,100.89,101.08,84.24,101.08,0.104,2045,138,324,3.1,7.2,0.426,331,277,289,334,255,228,249,249,358,316,316,293,276,276,182,86,139,244,82,140,173,175,289,360,330,332,372,351,351,185,286,269,272,242,394,1,26.1,0.6388888888888888,0.0833333333333333,0.5460112584363463,0.0079887415636537,0.3771428571428572,0.5118529901903954,43.1,17.84259259259259,0.07716049382716049,0.021604938271604937,0.04938271604938271,0.06172839506172839,0.037037037037037035,324,44.8,0.248192,0.41783164983164983,0.43100000000000005,42.4
1627936,Alex Caruso,Alex,1610612760,OKC,32.0,56,47,9,0.839,18.2,2.3,5.4,0.423,0.9,3.2,0.293,0.7,0.9,0.804,0.5,2.3,2.8,2.0,0.9,1.3,0.3,0.2,1.2,1.0,6.2,6.8,16.4,0,0,15.1,247,44,455,9,327,357,334,405,286,230,422,364,381,221,379,295,330,242,315,54,275,403,417,356,349,22,310,284,38,324,1,Alex Caruso,Alex,1610612760,OKC,32.0,56,47,9,0.839,18.2,117.8,116.9,116.9,99.4,99.3,99.3,18.4,17.6,17.6,0.145,2.29,22.8,0.028,0.113,0.073,10.0,10.0,0.512,0.54,0.152,0.157,102.28,102.74,85.62,102.74,0.093,2183,127,300,2.3,5.4,0.423,247,44,116,9,327,64,105,105,16,18,18,12,16,16,237,155,146,388,315,331,288,293,397,407,383,385,269,212,212,245,301,283,357,334,405,1,21.6,0.5925925925925926,0.1666666666666666,0.56348060560842,-0.0234806056084199,0.3371428571428572,0.4071986238442985,36.5,15.95,0.09,0.04,0.03,0.15,0.013333333333333334,300,50.5,0.2727,0.4590909090909091,0.365,41.2
1642259,Alex Sarr,Alex,1610612764,WAS,21.0,48,11,37,0.229,27.2,6.6,13.7,0.482,1.0,3.1,0.333,2.1,3.0,0.692,2.2,5.2,7.4,2.7,1.7,0.8,2.0,1.3,2.2,2.6,16.3,-7.3,35.9,12,0,33.0,310,406,93,510,145,60,62,206,257,241,302,122,102,437,51,47,45,160,121,204,2,6,148,106,86,557,47,47,38,62,1,Alex Sarr,Alex,1610612764,WAS,21.0,48,11,37,0.229,27.2,107.5,108.0,108.0,118.9,120.4,120.4,-11.4,-12.4,-12.4,0.161,1.59,14.0,0.073,0.179,0.126,8.8,8.8,0.52,0.544,0.252,0.258,104.26,103.35,86.12,103.35,0.121,2808,316,656,6.6,13.7,0.482,310,406,482,510,145,445,421,421,502,520,520,512,513,513,202,333,410,116,97,94,191,193,375,393,59,62,127,170,170,97,114,113,60,62,206,1,53.3,0.2262773722627737,0.218978102189781,0.5651728765404195,-0.0211728765404194,0.3485714285714287,0.4148732006948911,37.5,10.036585365853659,0.24542682926829268,0.004573170731707317,0.10670731707317073,0.14176829268292682,0.09146341463414634,656,46.2,0.25132800000000005,0.4231111111111112,0.375,39.9
1630578,Alperen Sengun,Alperen,1610612745,HOU,23.0,72,46,26,0.639,33.3,8.1,15.6,0.519,0.6,1.8,0.305,3.6,5.2,0.691,3.0,5.9,8.9,6.2,3.2,1.2,1.1,0.9,3.3,5.1,20.4,2.8,43.9,34,4,40.5,84,52,232,140,32,23,39,119,380,373,397,50,39,438,22,28,22,25,16,73,38,42,15,18,39,92,16,9,7,22,1,Alperen Sengun,Alperen,1610612745,HOU,23.0,72,46,26,0.639,33.3,115.5,117.1,117.1,113.7,113.7,113.7,1.9,3.4,3.4,0.282,1.96,22.8,0.089,0.177,0.133,11.6,11.6,0.537,0.569,0.259,0.266,98.68,98.02,81.69,98.02,0.142,4914,583,1123,8.1,15.6,0.519,84,52,338,140,32,122,95,95,338,325,325,201,159,159,53,227,148,85,99,83,433,433,303,312,51,53,498,526,526,42,14,25,23,39,119,1,65.6,0.1153846153846153,0.3333333333333333,0.5870680137811812,-0.0180680137811812,0.4199999999999999,0.4251987229525634,42.2,8.075690115761354,0.3098842386464826,0.014247551202137132,0.09795191451469279,0.22350845948352627,0.0730186999109528,1123,53.4,0.303846,0.5115252525252526,0.42200000000000004,46.7
1641708,Amen Thompson,Amen,1610612745,HOU,23.0,79,49,30,0.62,37.4,7.1,13.2,0.534,0.3,1.5,0.216,3.8,4.9,0.779,3.0,4.8,7.8,5.3,2.4,1.5,0.6,0.9,2.2,3.7,18.3,4.7,39.5,20,0,35.9,25,37,172,160,2,46,71,99,438,407,483,45,44,281,23,65,35,45,52,24,126,44,140,48,60,49,35,21,38,41,1,Amen Thompson,Amen,1610612745,HOU,23.0,79,49,30,0.62,37.4,116.3,117.0,117.0,110.0,110.4,110.4,6.4,6.6,6.6,0.202,2.21,23.1,0.078,0.123,0.101,10.4,10.4,0.545,0.594,0.195,0.201,98.89,98.4,82.0,98.4,0.128,6040,557,1044,7.1,13.2,0.534,25,37,395,160,2,98,98,98,159,174,174,88,85,85,136,169,143,107,268,173,334,332,272,212,188,189,485,506,506,78,20,35,46,71,99,1,56.9,0.1136363636363636,0.3712121212121212,0.6013267982155264,-0.0073267982155263,0.4914285714285713,0.460919677145347,47.9,7.323754789272031,0.1781609195402299,0.034482758620689655,0.10344827586206896,0.22030651340996169,0.09674329501915709,1044,47.8,0.28393199999999996,0.478,0.479,47.8
203083,Andre Drummond,Andre,1610612755,PHI,32.0,63,33,30,0.524,19.5,2.5,5.3,0.472,0.5,1.4,0.356,0.8,1.3,0.631,3.2,5.3,8.4,1.3,1.0,0.6,0.8,0.3,2.0,1.3,6.4,-1.4,21.6,17,0,19.4,194,175,172,284,305,326,335,239,391,412,235,334,290,491,15,45,27,351,278,316,80,296,213,263,343,359,207,30,38,226,1,Andre Drummond,Andre,1610612755,PHI,32.0,63,33,30,0.524,19.5,109.8,110.3,110.3,112.7,113.6,113.6,-2.9,-3.2,-3.2,0.09,1.31,15.5,0.145,0.264,0.202,11.8,11.8,0.519,0.539,0.143,0.147,101.19,100.54,83.79,100.54,0.113,2577,159,337,2.5,5.3,0.472,194,175,395,284,305,365,343,343,293,319,319,323,332,332,418,427,346,15,10,7,447,446,378,410,415,427,347,390,390,128,264,262,326,335,239,1,22.3,0.2641509433962264,0.2452830188679245,0.5818586596538312,-0.0428586596538311,0.3342857142857143,0.3427550255690024,33.8,7.798219584569733,0.08011869436201781,0.017804154302670624,0.011869436201780416,0.10682492581602374,0.35311572700296734,337,22.6,0.121814,0.2050740740740741,0.33799999999999997,27.2
1629614,Andrew Nembhard,Andrew,1610612754,IND,26.0,57,13,44,0.228,31.3,5.8,13.2,0.442,1.9,5.2,0.361,3.4,4.1,0.825,0.4,2.4,2.8,7.7,2.4,0.9,0.1,0.7,2.2,3.3,16.9,-6.9,32.5,13,0,31.4,235,384,43,511,60,82,72,342,108,102,218,57,58,187,413,280,324,9,53,166,430,96,141,70,76,550,76,42,38,76,1,Andrew Nembhard,Andrew,1610612754,IND,26.0,57,13,44,0.228,31.3,108.9,109.3,109.3,118.2,119.3,119.3,-9.2,-10.0,-10.0,0.37,3.19,30.6,0.013,0.075,0.044,9.6,9.6,0.513,0.564,0.233,0.239,102.94,102.27,85.23,102.27,0.111,3799,333,753,5.8,13.2,0.442,235,384,533,511,60,393,383,383,493,504,504,466,478,478,13,49,42,520,508,541,265,265,396,330,87,88,213,253,253,141,100,85,82,72,342,1,55.0,0.393939393939394,0.3106060606060606,0.5835646255120046,-0.0195646255120046,0.4057142857142854,0.4202215954799462,41.2,16.08100929614874,0.5179282868525896,0.017264276228419653,0.23771580345285526,0.12881806108897742,0.0026560424966799467,753,85.8,0.48391199999999995,0.8146666666666667,0.41200000000000003,61.3
203952,Andrew Wiggins,Andrew,1610612748,MIA,31.0,68,35,33,0.515,30.3,5.7,12.1,0.475,2.0,4.9,0.414,1.9,2.4,0.784,1.7,3.1,4.8,2.7,1.5,1.1,1.0,0.6,2.3,1.9,15.4,0.1,30.1,2,0,29.2,135,162,135,290,82,87,92,229,81,116,63,148,157,270,83,182,148,161,148,87,40,124,122,180,93,241,99,159,38,97,1,Andrew Wiggins,Andrew,1610612748,MIA,31.0,68,35,33,0.515,30.3,112.9,113.7,113.7,112.8,113.9,113.9,0.1,-0.1,-0.1,0.123,1.77,15.5,0.051,0.098,0.074,8.8,8.7,0.559,0.586,0.194,0.199,105.86,104.97,87.47,104.97,0.092,4517,390,821,5.7,12.1,0.475,135,162,435,290,82,216,198,198,298,336,336,246,262,262,287,277,348,205,378,318,188,189,213,240,192,196,52,82,82,257,73,66,87,92,229,1,46.4,0.4049586776859504,0.1983471074380165,0.5662907307745989,0.019709269225401,0.4685714285714284,0.5508307417457432,50.1,13.812423873325214,0.23386114494518878,0.018270401948842874,0.12058465286236297,0.11327649208282582,0.08404384896467722,821,54.1,0.31702600000000003,0.5337138047138048,0.501,51.7
1629014,Anfernee Simons,Anfernee,1610612741,CHI,27.0,55,31,24,0.564,24.9,5.2,11.8,0.44,2.7,6.9,0.385,1.3,1.4,0.896,0.6,1.9,2.5,2.4,1.2,0.5,0.1,0.5,1.7,1.1,14.3,1.8,21.5,0,0,23.1,258,188,258,227,191,121,98,349,36,34,137,237,282,59,354,351,375,193,214,392,422,176,278,317,109,134,208,284,38,165,2,Anfernee Simons,Anfernee,1610612741,CHI,27.0,55,31,24,0.564,24.9,114.7,116.9,116.9,113.4,114.0,114.0,1.3,3.0,3.0,0.151,1.97,15.3,0.021,0.075,0.047,7.7,7.7,0.552,0.576,0.227,0.234,98.64,97.42,81.18,97.42,0.096,2791,285,648,5.2,11.8,0.44,258,188,309,227,191,145,101,101,326,340,340,216,176,176,226,224,365,454,509,528,125,123,242,279,98,100,499,554,554,231,133,117,121,98,349,2,44.4,0.5847457627118644,0.1186440677966101,0.5461476009364766,0.0298523990635233,0.4399999999999999,0.5845627038411275,49.8,19.055555555555557,0.4367283950617284,0.021604938271604937,0.1574074074074074,0.06790123456790123,0.0015432098765432098,648,78.4,0.451584,0.7602424242424243,0.498,62.9
1641710,Anthony Black,Anthony,1610612753,ORL,22.0,64,36,28,0.563,29.8,5.4,12.1,0.447,1.6,4.7,0.333,2.6,3.6,0.732,0.7,3.1,3.8,3.7,2.1,1.4,0.7,0.8,2.7,2.9,15.0,-0.2,29.4,2,0,28.3,180,151,205,229,93,107,93,325,143,126,302,87,76,375,299,188,220,92,76,36,98,46,54,80,101,280,106,159,38,107,1,Anthony Black,Anthony,1610612753,ORL,22.0,64,36,28,0.563,29.8,112.4,113.3,113.3,111.7,113.1,113.1,0.6,0.2,0.2,0.185,1.79,19.1,0.024,0.101,0.062,10.7,10.6,0.512,0.549,0.219,0.226,102.06,101.05,84.21,101.05,0.09,4012,345,772,5.4,12.1,0.447,180,151,364,229,93,248,219,219,250,298,298,238,248,248,160,273,235,427,364,403,356,351,398,376,120,119,283,352,352,271,90,81,107,93,325,1,50.7,0.3884297520661157,0.2975206611570248,0.5826346176013314,-0.0336346176013313,0.362857142857143,0.3734304720876634,36.7,12.814766839378239,0.23834196891191708,0.01683937823834197,0.07512953367875648,0.18523316062176165,0.042746113989637305,772,53.9,0.29591100000000004,0.49816666666666676,0.36700000000000005,43.3
203076,Anthony Davis,Anthony,1610612764,WAS,33.0,20,10,10,0.5,31.3,8.5,16.7,0.506,0.5,1.9,0.27,3.0,4.1,0.728,3.1,8.0,11.1,2.8,2.1,1.1,1.7,0.7,2.1,4.4,20.4,-2.5,44.0,13,0,40.2,449,411,440,303,63,21,27,145,393,366,444,73,63,381,18,8,8,150,77,95,9,88,173,33,40,423,13,42,38,24,1,Anthony Davis,Anthony,1610612764,WAS,33.0,20,10,10,0.5,31.3,108.7,110.0,110.0,113.0,114.6,114.6,-4.3,-4.6,-4.6,0.14,1.37,12.1,0.099,0.24,0.172,8.9,8.8,0.521,0.551,0.272,0.28,102.59,101.27,84.39,101.27,0.151,1325,169,334,8.5,16.7,0.506,449,411,129,303,63,402,364,364,309,366,366,354,375,375,245,413,473,70,22,32,195,192,367,371,34,33,242,335,335,28,250,263,21,27,145,1,61.8,0.1137724550898203,0.2455089820359281,0.5688657465010791,-0.017865746501079,0.3685714285714287,0.4258713824111756,39.1,8.718562874251496,0.24550898203592814,0.014970059880239521,0.2215568862275449,0.12874251497005987,0.18862275449101795,334,51.0,0.28101000000000004,0.47308080808080816,0.391,43.2
1630162,Anthony Edwards,Anthony,1610612750,MIN,24.0,61,37,24,0.607,35.0,9.9,20.2,0.489,3.4,8.4,0.399,5.7,7.2,0.796,0.6,4.4,5.0,3.7,2.9,1.4,0.8,0.5,1.9,4.5,28.8,2.7,43.9,2,0,45.1,210,136,258,170,10,7,4,187,6,11,99,17,14,237,343,85,141,90,26,44,74,198,226,29,3,100,15,159,38,10,1,Anthony Edwards,Anthony,1610612750,MIN,24.0,61,37,24,0.607,35.0,116.5,117.8,117.8,112.8,114.3,114.3,3.7,3.5,3.5,0.174,1.3,12.4,0.017,0.12,0.069,9.6,9.5,0.572,0.617,0.309,0.316,102.77,101.5,84.58,101.5,0.145,4520,602,1231,9.9,20.2,0.489,210,136,309,170,10,94,82,82,302,358,358,158,155,155,176,430,456,493,282,355,264,261,167,128,14,13,226,314,314,36,12,12,7,4,187,1,81.3,0.4158415841584159,0.3564356435643565,0.5838518050173925,0.0331481949826074,0.5571428571428572,0.5955231928411627,57.2,15.28757108042242,0.537774167343623,0.012997562956945572,0.1933387489845654,0.16328188464662877,0.008123476848090982,1231,83.8,0.517046,0.8704478114478115,0.5720000000000001,72.1
1630264,Anthony Gill,Anthony,1610612764,WAS,33.0,55,6,49,0.109,17.3,2.5,3.9,0.628,0.3,0.9,0.354,0.6,0.8,0.739,1.1,1.8,2.9,1.3,0.7,0.6,0.4,0.4,1.6,1.1,5.8,-5.3,13.3,0,0,12.2,258,461,19,561,342,334,410,37,441,470,242,400,402,362,182,365,319,353,387,340,222,237,312,330,364,532,371,284,38,384,1,Anthony Gill,Anthony,1610612764,WAS,33.0,55,6,49,0.109,17.3,107.2,107.0,107.0,121.3,121.4,121.4,-14.1,-14.4,-14.4,0.101,1.92,20.4,0.059,0.112,0.084,10.6,10.6,0.667,0.682,0.116,0.121,104.09,104.11,86.76,104.11,0.08,2064,135,215,2.5,3.9,0.628,258,461,559,561,342,454,454,454,532,537,537,532,536,536,371,239,200,162,320,254,346,345,30,35,521,521,136,121,121,350,290,341,334,410,37,1,14.3,0.2307692307692307,0.2051282051282051,0.5773764485877296,0.1046235514122704,0.7428571428571429,0.8332214233003524,77.9,8.158139534883722,0.07441860465116279,0.013953488372093023,0.03255813953488372,0.2372093023255814,0.12093023255813953,215,33.4,0.227788,0.3834814814814815,0.779,58.1
1641709,Ausar Thompson,Ausar,1610612765,DET,23.0,73,53,20,0.726,26.0,4.2,7.9,0.525,0.1,0.3,0.25,1.5,2.6,0.571,2.1,3.7,5.7,3.1,1.5,2.0,0.9,0.6,2.7,2.1,9.9,5.4,28.8,3,0,24.7,78,19,322,69,170,180,212,108,495,513,458,198,134,514,58,139,85,130,149,4,52,139,45,150,219,37,111,128,38,145,1,Ausar Thompson,Ausar,1610612765,DET,23.0,73,53,20,0.726,26.0,118.0,118.8,118.8,106.1,107.2,107.2,11.9,11.6,11.6,0.155,2.07,22.8,0.08,0.135,0.108,11.0,11.0,0.53,0.545,0.168,0.171,101.7,100.86,84.05,100.86,0.101,3955,303,577,4.2,7.9,0.525,78,19,251,69,170,57,61,61,60,89,89,32,42,42,215,186,149,99,223,147,386,388,334,388,305,319,312,368,368,202,122,147,180,212,108,1,35.5,0.0379746835443037,0.3291139240506329,0.5967771446670305,-0.0517771446670304,0.3514285714285714,0.3130957386216136,33.6,5.076256499133449,0.18370883882149047,0.01559792027729636,0.0658578856152513,0.24090121317157712,0.14558058925476602,577,38.1,0.20764500000000002,0.34957070707070714,0.336,34.3
1630559,Austin Reaves,Austin,1610612747,LAL,28.0,51,36,15,0.706,34.5,7.3,14.9,0.49,2.3,6.4,0.36,6.3,7.3,0.871,0.6,4.1,4.7,5.5,3.0,1.1,0.4,0.7,2.2,5.4,23.3,3.6,38.7,6,0,38.8,291,151,382,82,16,38,47,185,62,51,223,10,13,97,328,103,155,38,21,96,212,78,157,14,24,70,37,84,38,31,1,Austin Reaves,Austin,1610612747,LAL,28.0,51,36,15,0.706,34.5,116.5,117.3,117.3,111.5,112.3,112.3,5.0,5.0,5.0,0.237,1.85,20.9,0.02,0.117,0.071,11.3,11.1,0.567,0.641,0.258,0.267,101.11,100.41,83.67,100.41,0.137,3684,373,762,7.3,14.9,0.49,291,151,187,82,16,92,88,88,241,262,262,120,120,120,90,253,186,456,297,342,409,401,186,77,54,50,356,403,403,56,80,82,38,47,185,1,66.6,0.4295302013422818,0.4899328859060402,0.614858132089679,0.026141867910321,0.6257142857142857,0.5722229725933676,60.4,14.65485564304462,0.3910761154855643,0.031496062992125984,0.06299212598425197,0.16929133858267717,0.005249343832020997,762,69.9,0.44805900000000004,0.7543080808080809,0.604,67.9
1630245,Ayo Dosunmu,Ayo,1610612750,MIN,26.0,69,36,33,0.522,27.3,5.6,10.8,0.517,1.8,4.1,0.439,1.8,2.1,0.876,0.7,2.8,3.4,3.6,1.4,0.8,0.3,0.8,1.9,1.5,14.8,-1.0,26.3,2,1,25.8,118,151,135,287,140,96,124,121,118,175,35,151,182,86,318,232,254,98,176,198,306,47,236,232,104,333,139,159,23,129,2,Ayo Dosunmu,Ayo,1610612750,MIN,26.0,69,36,33,0.522,27.3,111.0,111.7,111.7,112.5,113.2,113.2,-1.5,-1.5,-1.5,0.202,2.59,21.7,0.024,0.093,0.059,8.4,8.3,0.599,0.63,0.197,0.204,103.78,103.16,85.96,103.16,0.114,4040,386,747,5.6,10.8,0.517,118,151,435,287,140,308,287,287,282,300,300,296,289,289,137,111,165,424,410,425,165,162,108,100,178,178,149,189,189,123,75,88,96,124,121,2,42.9,0.3796296296296296,0.1944444444444444,0.5653984481503262,0.0646015518496737,0.5942857142857143,0.7001243818770005,63.7,11.54350736278447,0.10441767068273092,0.029451137884872823,0.04551539491298527,0.25167336010709507,0.01740294511378849,747,47.6,0.29988000000000004,0.504848484848485,0.637,57.1
1628389,Bam Adebayo,Bam,1610612748,MIA,28.0,73,37,36,0.507,32.4,6.9,15.7,0.442,1.7,5.5,0.318,4.5,5.8,0.778,2.0,8.0,10.0,3.2,1.6,1.2,0.7,0.5,1.7,4.6,20.1,4.5,40.8,35,0,38.8,78,136,102,301,45,52,37,343,124,86,369,36,30,284,60,7,15,129,130,75,109,177,292,26,43,51,25,8,38,32,1,Bam Adebayo,Bam,1610612748,MIA,28.0,73,37,36,0.507,32.4,116.3,117.1,117.1,110.3,111.0,111.0,6.0,6.1,6.1,0.142,1.93,13.8,0.059,0.236,0.146,7.1,7.1,0.497,0.551,0.248,0.254,104.63,103.89,86.57,103.89,0.138,5127,506,1145,6.9,15.7,0.442,78,136,472,301,45,100,94,94,171,210,210,95,101,101,243,234,416,168,24,60,92,94,439,370,67,69,101,133,133,53,31,23,52,37,343,1,64.9,0.3503184713375796,0.3694267515923567,0.5934827148565176,-0.0424827148565175,0.3685714285714287,0.3440052664567093,35.9,12.866375545851529,0.26026200873362443,0.007860262008733625,0.11441048034934498,0.09956331877729258,0.07510917030567686,1145,51.2,0.28211200000000003,0.474936026936027,0.359,41.7
1631248,Baylor Scheierman,Baylor,1610612738,BOS,25.0,77,54,23,0.701,18.6,2.0,4.3,0.453,1.3,3.2,0.399,0.4,0.4,0.903,0.7,2.8,3.5,1.5,0.6,0.5,0.1,0.1,1.4,0.9,5.5,2.6,13.3,4,0,13.1,37,13,275,83,318,389,387,301,205,239,97,478,503,49,297,233,244,302,406,355,490,528,369,360,381,107,372,114,38,368,1,Baylor Scheierman,Baylor,1610612738,BOS,25.0,77,54,23,0.701,18.6,115.4,116.3,116.3,109.5,109.0,109.0,5.9,7.3,7.3,0.108,2.52,22.8,0.038,0.138,0.089,9.0,9.0,0.599,0.616,0.117,0.121,96.92,96.77,80.64,96.77,0.085,2877,151,333,2.0,4.3,0.453,37,13,289,83,318,128,111,111,135,130,130,99,78,78,338,119,147,290,203,237,209,208,107,131,517,522,554,564,564,315,270,265,389,387,301,1,17.0,0.744186046511628,0.0930232558139535,0.5521407308359071,0.0638592691640929,0.5542857142857143,0.6976558488094293,61.2,20.36936936936937,0.24324324324324326,0.006006006006006006,0.06906906906906907,0.03003003003003003,0.015015015015015015,333,56.5,0.34803999999999996,0.5859259259259259,0.612,59.9
1642879,Ben Saraf,Ben,1610612751,BKN,20.0,44,10,34,0.227,20.8,2.7,6.9,0.396,0.4,2.0,0.211,1.7,2.0,0.83,0.5,1.6,2.1,3.3,2.3,0.9,0.2,1.1,1.8,1.6,7.5,-5.4,15.9,0,0,15.5,336,411,125,513,272,306,252,486,411,344,486,177,189,171,406,399,412,119,64,184,382,19,250,218,300,535,325,284,38,318,1,Ben Saraf,Ben,1610612751,BKN,20.0,44,10,34,0.227,20.8,102.4,103.6,103.6,115.6,116.0,116.0,-13.3,-12.5,-12.5,0.244,1.46,24.7,0.021,0.085,0.052,16.9,16.9,0.427,0.486,0.202,0.207,100.87,100.13,83.44,100.13,0.06,1912,120,303,2.7,6.9,0.396,336,411,449,513,272,530,506,506,428,426,426,530,515,515,86,387,118,449,452,486,552,551,531,507,160,162,375,421,421,488,313,281,306,252,486,1,32.0,0.2898550724637681,0.2898550724637681,0.5837385457911674,-0.0977385457911673,0.1828571428571428,0.1602466412214024,17.4,10.125412541254125,0.10561056105610561,0.0462046204620462,0.0231023102310231,0.33003300330033003,0.019801980198019802,303,51.7,0.251262,0.423,0.174,29.8
1641767,Ben Sheppard,Ben,1610612754,IND,24.0,65,16,49,0.246,21.4,2.6,6.0,0.434,1.3,3.6,0.362,0.6,0.8,0.765,0.7,2.3,3.0,1.8,0.6,0.6,0.1,0.4,1.8,0.7,7.1,-4.1,14.7,0,0,14.5,166,348,19,495,259,319,305,374,197,202,214,405,419,315,325,286,301,270,394,317,476,256,264,432,322,502,346,284,38,340,1,Ben Sheppard,Ben,1610612754,IND,24.0,65,16,49,0.246,21.4,107.3,107.1,107.1,115.7,116.0,116.0,-8.3,-8.8,-8.8,0.112,2.78,20.2,0.028,0.106,0.065,7.3,7.3,0.543,0.561,0.131,0.136,104.26,104.23,86.86,104.23,0.066,3019,168,387,2.6,6.0,0.434,166,348,559,495,259,449,451,451,429,423,423,449,456,456,320,85,202,387,345,379,99,100,282,347,482,479,126,116,116,456,252,237,319,305,374,1,22.3,0.6,0.1333333333333333,0.5593525639325745,0.0016474360674255,0.3971428571428572,0.490764363696621,43.5,16.666666666666668,0.12661498708010335,0.00516795865633075,0.059431524547803614,0.14728682170542637,0.025839793281653745,387,47.2,0.264792,0.44577777777777783,0.435,44.0
1631097,Bennedict Mathurin,Bennedict,1610612746,LAC,23.0,54,22,32,0.407,30.0,5.4,12.5,0.43,1.4,4.4,0.315,5.4,6.2,0.869,1.0,4.4,5.4,2.4,2.2,0.8,0.2,0.6,2.5,4.4,17.6,-2.7,28.6,3,0,28.9,266,277,149,380,89,108,82,384,181,147,378,18,21,100,191,81,108,196,69,214,327,131,75,30,66,440,114,128,38,100,2,Bennedict Mathurin,Bennedict,1610612746,LAC,23.0,54,22,32,0.407,30.0,111.0,111.4,111.4,114.3,115.3,115.3,-3.3,-3.9,-3.9,0.123,1.09,12.1,0.034,0.142,0.088,11.0,11.0,0.485,0.575,0.246,0.253,101.78,101.15,84.3,101.15,0.105,3408,291,677,5.4,12.5,0.43,266,277,424,380,89,307,302,302,371,401,401,335,353,353,289,479,475,316,187,238,390,387,462,280,70,71,308,345,345,178,127,104,108,82,384,2,57.8,0.352,0.496,0.6178890467951588,-0.0428890467951588,0.437142857142857,0.3426539701831591,39.9,13.8109305760709,0.36484490398818314,0.026587887740029542,0.17872968980797638,0.15214180206794684,0.0310192023633678,677,71.2,0.4094,0.6892255892255893,0.399,54.4
1641731,Bilal Coulibaly,Bilal,1610612764,WAS,21.0,56,14,42,0.25,26.2,4.1,9.7,0.425,1.2,3.6,0.319,2.4,3.2,0.746,0.9,3.5,4.3,2.6,1.4,1.3,1.0,0.6,2.3,2.4,11.7,-7.4,26.3,0,0,24.4,247,374,57,485,164,186,148,398,227,196,364,105,98,352,242,148,175,173,163,48,49,147,112,127,171,558,136,284,38,149,1,Bilal Coulibaly,Bilal,1610612764,WAS,21.0,56,14,42,0.25,26.2,107.2,108.5,108.5,119.9,121.2,121.2,-12.8,-12.8,-12.8,0.137,1.79,17.1,0.03,0.128,0.077,9.6,9.6,0.485,0.531,0.193,0.197,105.64,104.43,87.03,104.43,0.082,3190,230,541,4.1,9.7,0.425,247,374,523,485,164,455,407,407,518,533,533,523,518,518,251,272,301,367,246,292,262,266,463,433,193,204,58,105,105,336,184,161,186,148,398,1,40.8,0.3711340206185567,0.3298969072164949,0.5917944802053419,-0.0607944802053418,0.3114285714285716,0.2831077146650957,30.0,12.353049907578558,0.1423290203327172,0.0166358595194085,0.07393715341959335,0.1866913123844732,0.06099815157116451,541,46.3,0.245853,0.4138939393939394,0.3,35.7
1626171,Bobby Portis,Bobby,1610612749,MIL,31.0,67,26,41,0.388,24.2,5.5,11.2,0.488,2.0,4.4,0.456,0.7,1.0,0.706,1.3,5.1,6.4,1.6,1.0,0.6,0.2,0.3,1.6,1.0,13.7,-4.0,25.1,11,0,25.2,147,231,61,395,203,104,114,190,85,145,28,366,358,417,129,52,68,297,274,309,385,307,301,340,125,494,152,53,38,135,1,Bobby Portis,Bobby,1610612749,MIL,31.0,67,26,41,0.388,24.2,110.5,110.2,110.2,117.1,118.4,118.4,-6.6,-8.2,-8.2,0.103,1.59,11.1,0.055,0.198,0.129,6.9,6.9,0.578,0.587,0.225,0.233,99.18,98.78,82.32,98.78,0.122,3336,366,750,5.5,11.2,0.488,147,231,515,395,203,334,351,351,471,489,489,413,443,443,364,328,509,180,60,89,82,83,150,235,105,103,467,487,487,91,82,86,104,114,190,1,43.3,0.3928571428571429,0.0892857142857142,0.5421336800977002,0.0448663199022997,0.4714285714285713,0.6344929538447557,53.7,15.802666666666667,0.24533333333333332,0.012,0.2853333333333333,0.052,0.04,750,64.2,0.37685399999999997,0.6344343434343435,0.537,58.6
203992,Bogdan Bogdanović,Bogdan,1610612746,LAC,33.0,23,8,15,0.348,19.7,2.6,6.6,0.388,1.4,4.1,0.347,0.9,1.1,0.8,0.3,2.3,2.6,2.2,1.2,0.4,0.1,0.3,2.0,1.2,7.4,-1.3,14.4,0,0,14.8,436,440,382,412,301,323,267,499,174,170,263,323,342,229,499,290,353,213,225,418,438,321,203,301,305,351,353,284,38,334,1,Bogdan Bogdanović,Bogdan,1610612746,LAC,33.0,23,8,15,0.348,19.7,108.9,109.1,109.1,112.5,113.5,113.5,-3.5,-4.4,-4.4,0.184,1.89,21.1,0.014,0.112,0.066,11.2,11.2,0.497,0.525,0.185,0.191,97.16,96.68,80.56,96.68,0.069,915,59,152,2.6,6.6,0.388,436,440,187,412,301,391,394,394,279,310,310,345,367,367,161,246,183,512,317,378,406,407,441,450,218,220,549,567,567,438,396,383,323,267,499,1,25.9,0.6212121212121212,0.1666666666666666,0.55966322892293,-0.0346632289229299,0.2942857142857142,0.3700097253689692,32.5,19.098684210526315,0.4407894736842105,0.03289473684210526,0.11842105263157894,0.09210526315789473,0.013157894736842105,152,80.0,0.42000000000000004,0.7070707070707072,0.325,51.6
1630538,Bones Hyland,Bones,1610612750,MIN,25.0,71,42,29,0.592,16.6,3.0,6.6,0.453,1.6,4.2,0.388,0.9,1.2,0.78,0.3,1.5,1.8,2.6,1.0,0.6,0.2,0.4,1.7,1.1,8.5,1.7,16.2,0,0,16.3,98,87,189,190,358,289,273,304,139,160,127,320,328,278,477,418,445,168,273,307,329,233,286,324,260,137,311,284,38,294,1,Bones Hyland,Bones,1610612750,MIN,25.0,71,42,29,0.592,16.6,113.2,113.8,113.8,108.4,108.6,108.6,4.8,5.2,5.2,0.222,2.69,24.8,0.018,0.085,0.051,9.2,9.2,0.577,0.599,0.197,0.203,103.19,102.82,85.68,102.82,0.101,2518,212,468,3.0,6.6,0.453,98,87,379,190,358,207,196,196,110,118,118,122,116,116,107,101,117,482,454,490,226,226,152,191,176,181,192,208,208,199,203,199,289,273,304,1,29.6,0.6363636363636365,0.1818181818181818,0.5611377852072669,0.0378622147927331,0.5057142857142856,0.6112001229495015,54.8,17.92948717948718,0.36538461538461536,0.038461538461538464,0.07478632478632478,0.13675213675213677,0.002136752136752137,468,74.1,0.443859,0.7472373737373738,0.5479999999999999,64.8
1641764,Brandin Podziemski,Brandin,1610612744,GSW,23.0,82,37,45,0.451,28.4,4.8,10.6,0.455,1.9,5.0,0.371,2.3,2.9,0.797,0.9,4.2,5.1,3.7,1.6,1.1,0.2,0.4,1.7,2.8,13.8,0.2,27.7,5,0,27.0,1,136,36,358,119,137,129,297,110,111,184,106,108,234,233,94,129,88,135,103,380,281,297,86,120,235,123,96,38,118,1,Brandin Podziemski,Brandin,1610612744,GSW,23.0,82,37,45,0.451,28.4,109.8,110.3,110.3,111.1,110.4,110.4,-1.2,-0.1,-0.1,0.198,2.32,21.6,0.029,0.147,0.087,9.3,9.3,0.543,0.583,0.196,0.202,101.18,101.31,84.43,101.31,0.114,4933,394,866,4.8,10.6,0.455,1,136,541,358,119,362,345,345,213,172,172,290,261,261,142,147,170,373,169,245,236,239,279,249,183,183,348,333,333,125,68,59,137,129,297,1,45.3,0.4716981132075472,0.2735849056603773,0.5799765236214355,0.0030234763785644,0.4599999999999999,0.4953405192184211,47.4,16.04272517321016,0.3071593533487298,0.02771362586605081,0.13048498845265588,0.1235565819861432,0.015011547344110854,866,67.1,0.39119299999999996,0.6585740740740741,0.474,56.6
1627742,Brandon Ingram,Brandon,1610612761,TOR,28.0,77,43,34,0.558,33.8,8.0,16.7,0.477,1.8,4.6,0.382,3.8,4.6,0.82,0.8,4.8,5.6,3.7,2.4,0.8,0.7,0.9,1.9,3.6,21.5,0.6,35.7,2,0,35.5,37,75,125,234,22,25,26,221,120,133,150,47,49,199,256,67,95,91,50,233,97,41,229,53,30,211,49,159,38,43,1,Brandon Ingram,Brandon,1610612761,TOR,28.0,77,43,34,0.558,33.8,112.8,114.6,114.6,112.1,113.7,113.7,0.8,1.0,1.0,0.169,1.52,14.9,0.024,0.144,0.083,9.8,9.8,0.529,0.573,0.264,0.27,100.38,98.87,82.39,98.87,0.121,5360,614,1288,8.0,16.7,0.477,37,75,449,234,22,217,159,159,264,326,326,231,228,228,186,368,378,423,181,265,278,274,341,297,42,45,401,485,485,96,11,9,25,26,221,1,67.6,0.2754491017964072,0.2754491017964072,0.5743026054885947,-0.0013026054885947,0.4314285714285713,0.480953714366916,45.1,14.286490683229813,0.515527950310559,0.012422360248447204,0.3245341614906832,0.10015527950310558,0.020186335403726708,1288,85.2,0.48819599999999996,0.8218787878787879,0.451,63.6
1641706,Brandon Miller,Brandon,1610612766,CHA,23.0,65,41,24,0.631,30.3,7.0,16.1,0.435,3.1,8.2,0.383,3.1,3.4,0.892,1.1,3.8,4.9,3.3,2.5,1.0,0.7,0.5,2.8,2.7,20.2,5.7,33.6,3,0,34.9,166,97,258,148,84,50,32,366,13,13,149,69,81,67,176,126,144,112,42,118,107,197,42,95,42,34,67,128,38,45,1,Brandon Miller,Brandon,1610612766,CHA,23.0,65,41,24,0.631,30.3,116.5,119.8,119.8,110.4,111.3,111.3,6.1,8.5,8.5,0.173,1.33,14.3,0.034,0.122,0.078,10.8,10.7,0.533,0.574,0.272,0.279,100.26,98.44,82.03,98.44,0.113,4049,454,1044,7.0,16.1,0.435,166,97,309,148,84,93,42,42,180,221,221,91,62,62,178,424,396,311,270,291,363,363,323,286,35,34,409,503,503,131,45,35,50,32,366,1,62.9,0.5093167701863354,0.2111801242236024,0.5594573225396208,0.0145426774603791,0.4342857142857141,0.5336487397048125,47.4,16.766283524904214,0.3563218390804598,0.027777777777777776,0.10632183908045977,0.07088122605363985,0.03735632183908046,1044,67.3,0.3863019999999999,0.6503400673400672,0.474,56.2
1630314,Brandon Williams,Brandon,1610612742,DAL,26.0,66,23,43,0.348,22.2,4.4,9.3,0.472,0.5,2.3,0.232,3.7,4.6,0.793,0.5,2.4,2.9,3.9,1.9,0.9,0.3,0.8,1.6,3.6,13.0,-2.2,24.1,1,0,22.8,157,268,51,411,239,155,158,240,382,317,477,49,50,246,406,271,317,78,89,146,276,49,324,54,140,410,162,201,38,173,1,Brandon Williams,Brandon,1610612742,DAL,26.0,66,23,43,0.348,22.2,110.5,111.2,111.2,116.2,115.6,115.6,-5.7,-4.4,-4.4,0.256,2.05,22.5,0.019,0.105,0.062,11.0,11.0,0.501,0.572,0.242,0.247,105.56,105.52,87.94,105.52,0.115,3215,291,617,4.4,9.3,0.472,157,268,527,411,239,333,310,310,447,411,411,390,370,370,76,192,152,465,350,406,387,391,427,301,77,78,60,64,64,119,127,131,155,158,240,1,46.8,0.2473118279569892,0.4946236559139784,0.6188166690422654,-0.0468166690422654,0.4285714285714284,0.329592281446173,38.9,10.19773095623987,0.21231766612641814,0.01620745542949757,0.1053484602917342,0.28687196110210694,0.004862236628849271,617,55.1,0.315172,0.5305925925925926,0.389,46.0
1641729,Brice Sensabaugh,Brice,1610612762,UTA,22.0,75,18,57,0.24,23.5,5.3,11.4,0.46,2.2,5.9,0.367,2.2,2.7,0.826,0.7,2.3,3.1,1.9,1.7,0.7,0.2,0.7,1.9,2.0,14.9,-5.1,22.4,0,0,23.8,60,325,5,499,216,118,106,277,69,70,199,115,129,186,293,287,292,250,129,253,408,106,231,156,102,527,190,284,38,157,1,Brice Sensabaugh,Brice,1610612762,UTA,22.0,75,18,57,0.24,23.5,111.3,111.4,111.4,120.8,120.8,120.8,-9.5,-9.4,-9.4,0.124,1.15,11.9,0.03,0.097,0.063,10.3,10.2,0.554,0.59,0.244,0.251,105.1,105.02,87.52,105.02,0.09,3848,394,857,5.3,11.4,0.46,60,325,577,499,216,298,303,303,528,529,529,470,466,466,282,469,480,352,382,394,317,313,233,223,74,73,77,80,80,273,68,62,118,106,277,1,48.7,0.5175438596491229,0.2368421052631579,0.5673687828667525,0.0226312171332474,0.48,0.5605479629235417,51.2,16.495915985997666,0.28004667444574094,0.01633605600933489,0.10035005834305717,0.08518086347724621,0.008168028004667444,857,59.9,0.35340999999999995,0.5949663299663299,0.512,55.3
201572,Brook Lopez,Brook,1610612746,LAC,38.0,75,41,34,0.547,21.8,3.1,7.2,0.428,1.5,4.2,0.36,0.7,1.0,0.757,0.6,3.0,3.6,1.3,0.8,0.6,1.2,0.3,2.1,1.3,8.5,0.6,19.2,1,0,18.4,60,97,125,256,249,269,240,390,151,159,225,360,371,328,336,198,231,347,332,317,30,371,190,280,263,210,251,201,38,252,1,Brook Lopez,Brook,1610612746,LAC,38.0,75,41,34,0.547,21.8,114.1,113.9,113.9,111.8,112.7,112.7,2.3,1.2,1.2,0.087,1.59,13.3,0.03,0.135,0.085,8.4,8.3,0.533,0.552,0.171,0.176,98.08,97.8,81.5,97.8,0.076,3333,232,542,3.1,7.2,0.428,60,97,449,256,249,169,190,190,254,274,274,190,224,224,428,329,429,353,215,251,164,163,321,368,286,298,522,536,536,382,180,160,269,240,390,1,30.3,0.5833333333333334,0.1388888888888889,0.5561570104705206,-0.0041570104705205,0.3714285714285714,0.4714611137404982,41.1,17.80811808118081,0.15129151291512916,0.01107011070110701,0.06826568265682657,0.07933579335793357,0.05719557195571956,542,48.9,0.269928,0.45442424242424245,0.41100000000000003,43.3
1628971,Bruce Brown,Bruce,1610612743,DEN,29.0,82,54,28,0.659,24.4,3.0,6.4,0.475,0.7,1.8,0.385,1.2,1.5,0.762,1.0,2.8,3.9,2.1,1.1,1.0,0.2,0.5,2.4,1.2,7.9,-0.9,18.5,1,0,17.2,1,13,205,124,198,277,287,227,342,374,139,253,255,319,187,223,213,222,237,112,323,173,100,298,288,328,267,201,38,276,1,Bruce Brown,Bruce,1610612743,DEN,29.0,82,54,28,0.659,24.4,114.4,114.2,114.2,114.6,115.2,115.2,-0.2,-1.0,-1.0,0.121,1.91,20.6,0.043,0.109,0.077,10.8,10.8,0.53,0.562,0.142,0.147,100.37,100.24,83.53,100.24,0.069,4157,248,522,3.0,6.4,0.475,1,13,364,124,198,155,179,179,387,392,392,254,280,280,298,241,192,245,328,294,369,375,337,341,425,432,403,420,420,434,163,171,277,287,227,1,28.4,0.28125,0.234375,0.5797596041042653,-0.0177596041042652,0.4000000000000001,0.4262243692469135,41.0,10.159003831417625,0.06513409961685823,0.017241379310344827,0.06896551724137931,0.1839080459770115,0.05172413793103448,522,37.6,0.21131200000000003,0.3557441077441078,0.41000000000000003,38.3
1631121,Bryce McGowens,Bryce,1610612740,NOP,23.0,42,14,28,0.333,21.0,2.7,5.6,0.481,0.9,2.2,0.409,1.8,2.3,0.779,0.3,1.8,2.1,1.5,0.4,0.6,0.2,0.5,2.1,2.0,8.1,-1.7,14.9,0,0,14.2,348,374,205,419,269,308,321,208,294,326,75,162,167,283,488,373,411,311,486,292,370,178,175,159,281,386,341,284,38,345,1,Bryce McGowens,Bryce,1610612740,NOP,23.0,42,14,28,0.333,21.0,114.3,115.3,115.3,118.0,118.9,118.9,-3.7,-3.6,-3.6,0.091,3.65,17.3,0.013,0.082,0.047,4.7,4.8,0.561,0.61,0.136,0.139,104.31,103.45,86.21,103.45,0.067,1896,114,237,2.7,5.6,0.481,348,374,364,419,269,159,138,138,488,496,496,347,347,347,411,29,294,526,478,520,38,38,200,152,459,463,123,166,166,453,321,326,308,321,208,1,22.5,0.3928571428571429,0.4107142857142857,0.6133277902434594,-0.0033277902434594,0.5371428571428571,0.4742187660346474,51.2,12.130801687763713,0.14767932489451477,0.004219409282700422,0.046413502109704644,0.25738396624472576,0.008438818565400843,237,46.0,0.2806,0.47239057239057247,0.512,49.2
1642267,Bub Carrington,Bub,1610612764,WAS,20.0,82,17,65,0.207,27.7,3.8,9.0,0.424,2.1,5.0,0.408,1.0,1.4,0.73,0.4,3.0,3.4,4.6,2.3,0.6,0.2,0.2,2.2,1.4,10.7,-9.1,21.9,0,0,22.5,1,334,1,523,134,198,169,404,76,109,77,299,288,379,430,207,260,61,59,299,354,385,134,255,194,571,205,284,38,177,1,Bub Carrington,Bub,1610612764,WAS,20.0,82,17,65,0.207,27.7,106.8,107.3,107.3,121.8,122.6,122.6,-15.0,-15.3,-15.3,0.231,1.99,28.2,0.013,0.104,0.058,14.1,14.0,0.538,0.556,0.174,0.18,104.4,103.8,86.5,103.8,0.072,4913,314,741,3.8,9.0,0.424,1,334,582,523,134,466,440,440,538,549,549,540,542,542,96,220,68,519,351,438,521,520,299,358,277,277,115,144,144,416,116,90,198,169,404,1,37.7,0.5555555555555556,0.1555555555555555,0.5592149925257717,-0.0032149925257716,0.382857142857143,0.4745938857854752,42.0,19.59379217273954,0.581646423751687,0.014844804318488529,0.23346828609986506,0.0553306342780027,0.004048582995951417,741,91.3,0.507628,0.8545925925925926,0.42,63.7
1627741,Buddy Hield,Buddy,1610612737,ATL,33.0,51,25,26,0.49,16.1,2.8,6.4,0.437,1.5,4.2,0.349,0.6,0.7,0.811,0.5,1.7,2.3,1.4,0.9,0.8,0.2,0.2,1.1,0.3,7.6,-1.7,14.3,0,0,14.6,291,243,232,332,370,300,284,359,170,166,260,411,430,213,370,387,397,331,285,225,389,402,440,520,297,388,355,284,38,338,2,Buddy Hield,Buddy,1610612737,ATL,33.0,51,25,26,0.49,16.1,110.2,110.2,110.2,115.7,115.0,115.0,-5.5,-4.9,-4.9,0.129,1.48,15.4,0.032,0.106,0.069,10.4,10.4,0.55,0.568,0.192,0.201,103.54,103.88,86.56,103.88,0.085,1773,143,327,2.8,6.4,0.437,291,243,338,332,370,346,352,352,430,388,388,386,381,381,269,383,351,341,344,356,333,331,251,316,196,187,166,136,136,310,281,267,300,284,359,2,26.0,0.65625,0.1093749999999999,0.5476915296702536,0.0203084703297463,0.417142857142857,0.5528234431369176,47.1,18.37920489296636,0.21712538226299694,0.01529051987767584,0.07951070336391437,0.11009174311926606,0.024464831804281346,327,57.9,0.32887199999999994,0.5536565656565656,0.47100000000000003,51.2
203468,CJ McCollum,CJ,1610612737,ATL,34.0,76,37,39,0.487,29.8,6.9,15.2,0.455,2.5,6.7,0.375,2.4,3.1,0.772,0.8,2.5,3.3,3.9,1.8,0.8,0.5,0.6,1.9,2.2,18.7,1.2,30.6,0,0,31.0,54,136,76,335,94,53,45,298,47,42,170,101,100,298,260,264,270,80,103,197,175,133,234,138,55,171,93,284,38,77,2,CJ McCollum,CJ,1610612737,ATL,34.0,76,37,39,0.487,29.8,112.6,113.6,113.6,111.7,112.0,112.0,0.9,1.5,1.5,0.194,2.17,17.5,0.025,0.077,0.051,8.1,8.0,0.538,0.566,0.247,0.254,103.69,103.12,85.93,103.12,0.105,4870,525,1154,6.9,15.2,0.455,54,136,503,335,94,232,208,208,249,249,249,230,215,215,148,174,290,412,501,488,145,146,301,328,68,68,157,192,192,173,26,21,53,45,298,2,58.7,0.4407894736842105,0.2039473684210526,0.5613033982383475,0.0046966017616524,0.4114285714285712,0.5009046599623392,44.7,15.81889081455806,0.4150779896013865,0.02859618717504333,0.18110918544194107,0.13778162911611785,0.005199306759098787,1154,78.1,0.44204599999999994,0.7441851851851852,0.44700000000000006,59.6
1630595,Cade Cunningham,Cade,1610612765,DET,24.0,64,47,17,0.734,33.9,8.6,18.6,0.461,2.0,5.7,0.342,4.8,6.0,0.812,0.9,4.7,5.5,9.9,3.7,1.4,0.8,1.1,3.1,4.6,23.9,8.1,48.6,38,3,45.9,180,44,359,60,21,18,13,274,94,78,283,27,26,211,235,71,99,2,4,32,65,18,27,23,21,9,7,6,8,7,1,Cade Cunningham,Cade,1610612765,DET,24.0,64,47,17,0.734,33.9,117.9,120.4,120.4,107.6,109.0,109.0,10.3,11.4,11.4,0.43,2.69,28.6,0.025,0.132,0.079,10.7,10.6,0.513,0.564,0.296,0.302,102.68,100.94,84.12,100.94,0.159,4565,548,1189,8.6,18.6,0.461,180,44,216,60,21,61,32,32,92,127,127,43,44,44,6,100,61,411,232,283,355,347,395,334,20,21,236,362,362,18,22,19,18,13,274,1,75.3,0.3064516129032258,0.3225806451612903,0.5795886109802696,-0.0155886109802696,0.4057142857142854,0.433444217453206,41.7,12.719091673675358,0.4112699747687132,0.01934398654331371,0.15222876366694701,0.17073170731707318,0.011774600504625737,1189,70.6,0.3981839999999999,0.6703434343434342,0.41700000000000004,54.4
1631126,Caleb Love,Caleb,1610612757,POR,24.0,49,24,25,0.49,20.7,3.9,10.0,0.388,1.9,6.0,0.318,0.7,1.0,0.735,0.5,1.8,2.3,2.5,1.3,0.6,0.1,0.7,1.0,0.7,10.4,-2.6,17.6,0,0,18.4,305,252,246,333,275,197,142,500,105,65,366,362,360,368,377,367,387,186,204,353,486,91,471,412,199,429,287,284,38,254,1,Caleb Love,Caleb,1610612757,POR,24.0,49,24,25,0.49,20.7,107.7,108.2,108.2,114.3,114.5,114.5,-6.6,-6.3,-6.3,0.187,1.98,17.6,0.023,0.083,0.053,8.9,8.9,0.483,0.497,0.228,0.234,103.25,102.91,85.76,102.91,0.079,2175,190,490,3.9,10.0,0.388,305,252,326,333,275,436,416,416,369,363,363,416,402,402,157,221,283,432,466,481,198,202,467,500,95,97,188,204,204,354,223,186,197,142,500,1,38.5,0.6,0.1,0.5423638791702008,-0.0453638791702007,0.2142857142857142,0.334423675077048,26.2,18.038775510204083,0.2673469387755102,0.0326530612244898,0.08163265306122448,0.1326530612244898,0.0020408163265306124,490,66.4,0.330008,0.5555690235690236,0.262,40.9
1628997,Caleb Martin,Caleb,1610612742,DAL,30.0,58,20,38,0.345,14.8,1.5,3.3,0.45,0.3,1.0,0.351,0.6,1.1,0.607,0.5,2.0,2.5,1.4,0.7,0.7,0.3,0.3,1.5,1.0,3.9,-3.4,11.1,0,0,10.0,230,302,81,415,395,449,440,318,428,460,254,397,352,502,394,340,373,330,374,268,309,362,349,337,452,467,416,284,38,424,1,Caleb Martin,Caleb,1610612742,DAL,30.0,58,20,38,0.345,14.8,104.3,102.9,102.9,113.5,112.1,112.1,-9.1,-9.2,-9.2,0.131,2.03,23.9,0.03,0.125,0.077,11.8,11.9,0.503,0.526,0.122,0.126,103.86,105.2,87.67,105.2,0.063,1866,85,189,1.5,3.3,0.45,230,302,491,415,395,509,517,517,329,258,258,463,462,462,263,201,133,361,259,295,446,448,422,441,505,507,142,75,75,465,360,360,449,440,318,1,13.5,0.303030303030303,0.3333333333333333,0.60071159201369,-0.0747115920136899,0.2971428571428571,0.2368250094756166,27.3,11.687830687830688,0.14814814814814814,0.015873015873015872,0.15873015873015872,0.2222222222222222,0.015873015873015872,189,53.0,0.27878000000000003,0.4693265993265994,0.273,37.1
1642285,Cam Spencer,Cam,1610612763,MEM,26.0,72,23,49,0.319,23.8,3.7,7.7,0.473,2.0,4.5,0.449,1.8,1.9,0.94,0.6,2.0,2.5,5.6,1.3,0.7,0.2,0.2,1.4,1.3,11.1,-1.2,23.8,6,0,23.0,84,268,19,435,211,212,216,234,82,139,29,164,212,38,356,339,360,36,196,250,417,391,363,271,184,347,168,84,38,167,1,Cam Spencer,Cam,1610612763,MEM,26.0,72,23,49,0.319,23.8,111.3,112.4,112.4,115.4,116.0,116.0,-4.1,-3.6,-3.6,0.332,4.3,36.6,0.022,0.082,0.051,8.5,8.4,0.604,0.649,0.166,0.174,102.3,101.59,84.66,101.59,0.12,3647,263,556,3.7,7.7,0.473,84,268,559,435,211,296,261,261,418,425,425,350,345,345,27,17,15,448,477,491,172,168,92,71,317,307,267,312,312,98,147,153,212,216,234,1,32.6,0.5844155844155844,0.2467532467532467,0.577319019114494,0.071680980885506,0.6485714285714286,0.72366770979499,67.9,19.115107913669064,0.4784172661870504,0.01618705035971223,0.1528776978417266,0.052158273381294966,0.0,556,79.1,0.513359,0.8642407407407409,0.679,77.2
1630560,Cam Thomas,Cam,1610612749,MIL,24.0,42,12,30,0.286,21.0,4.5,11.0,0.41,1.2,4.0,0.31,3.3,4.0,0.811,0.3,1.4,1.7,2.6,1.8,0.2,0.1,0.7,1.0,3.5,13.5,-5.1,18.6,0,0,19.6,348,395,172,454,267,152,120,451,209,178,386,62,64,214,498,420,462,178,108,515,472,96,459,56,132,528,266,284,38,222,2,Cam Thomas,Cam,1610612749,MIL,24.0,42,12,30,0.286,21.0,110.2,111.7,111.7,123.2,123.8,123.8,-12.9,-12.1,-12.1,0.208,1.46,15.1,0.012,0.071,0.041,10.4,10.3,0.466,0.53,0.295,0.304,97.53,96.65,80.54,96.65,0.089,1774,189,461,4.5,11.0,0.41,348,395,395,454,267,342,289,289,549,556,556,525,511,511,122,388,373,537,524,548,329,322,496,435,21,19,537,568,568,285,224,202,152,120,451,2,52.2,0.3636363636363636,0.3636363636363636,0.5871361753987611,-0.057136175398761,0.3085714285714287,0.2952737621315442,30.3,15.071583514099784,0.4924078091106291,0.028199566160520606,0.23427331887201736,0.1193058568329718,0.0021691973969631237,461,84.5,0.44785,0.753956228956229,0.303,52.8
1641715,Cam Whitmore,Cam,1610612764,WAS,21.0,21,3,18,0.143,16.9,3.7,8.0,0.456,0.8,2.7,0.286,1.1,1.5,0.742,0.9,1.9,2.8,0.7,0.9,0.7,0.4,1.0,1.2,1.0,9.2,-7.2,16.0,0,0,15.6,444,503,348,553,351,208,203,292,323,289,428,271,269,357,221,356,332,472,315,256,224,37,425,341,239,556,322,284,38,315,1,Cam Whitmore,Cam,1610612764,WAS,21.0,21,3,18,0.143,16.9,105.8,104.4,104.4,123.4,124.0,124.0,-17.5,-19.6,-19.6,0.067,0.83,7.0,0.049,0.102,0.075,8.4,8.3,0.503,0.528,0.225,0.236,105.34,105.84,88.2,105.84,0.082,781,77,169,3.7,8.0,0.456,444,503,225,553,351,483,500,500,552,558,558,548,555,555,513,533,564,212,357,305,167,164,421,438,106,94,68,52,52,338,368,374,208,203,292,1,31.6,0.3375,0.1875,0.561309450353412,-0.0333094503534119,0.3028571428571429,0.3745118473097625,33.2,11.585798816568047,0.28994082840236685,0.005917159763313609,0.08284023668639054,0.13609467455621302,0.1301775147928994,169,49.6,0.261888,0.44088888888888894,0.332,38.6
1629661,Cameron Johnson,Cameron,1610612743,DEN,30.0,54,37,17,0.685,30.5,4.2,8.8,0.48,2.0,4.7,0.43,1.7,2.1,0.839,0.8,3.0,3.8,2.4,0.9,0.7,0.4,0.5,2.3,1.6,12.2,6.4,23.0,1,0,22.8,266,136,359,91,77,172,178,211,79,121,44,169,186,153,270,197,219,192,308,238,215,178,114,214,152,25,181,201,38,174,1,Cameron Johnson,Cameron,1610612743,DEN,30.0,54,37,17,0.685,30.5,123.5,124.2,124.2,114.3,114.7,114.7,9.2,9.5,9.5,0.098,2.81,18.8,0.027,0.095,0.063,6.7,6.7,0.596,0.629,0.144,0.148,101.85,101.38,84.48,101.38,0.075,3484,228,475,4.2,8.8,0.48,266,136,216,91,77,13,11,11,370,373,373,56,55,55,378,82,241,394,401,400,77,78,116,102,409,420,303,329,329,392,188,196,172,178,211,1,34.2,0.5340909090909091,0.2386363636363636,0.5785368098024912,0.0504631901975087,0.5914285714285714,0.6531058888720888,61.6,16.069473684210525,0.1726315789473684,0.00631578947368421,0.09894736842105263,0.1368421052631579,0.023157894736842106,475,51.6,0.324564,0.5464040404040404,0.616,58.1
1626166,Cameron Payne,Cameron,1610612755,PHI,31.0,22,12,10,0.545,17.0,2.5,6.8,0.376,1.5,4.4,0.33,0.9,1.0,0.864,0.1,1.9,2.0,2.6,0.5,1.1,0.3,0.4,1.4,1.0,7.4,-2.9,17.5,1,0,16.3,440,395,440,258,348,325,256,512,168,146,334,327,360,109,552,355,418,170,444,97,264,267,377,341,308,448,290,201,38,293,1,Cameron Payne,Cameron,1610612755,PHI,31.0,22,12,10,0.545,17.0,105.5,105.5,105.5,113.9,113.6,113.6,-8.3,-8.1,-8.1,0.22,5.27,25.4,0.007,0.103,0.055,4.8,4.8,0.483,0.514,0.183,0.189,104.5,104.63,87.19,104.63,0.096,817,56,149,2.5,6.8,0.376,440,395,129,258,348,490,485,485,351,322,322,451,440,440,109,7,107,559,355,464,40,40,466,479,228,233,111,95,95,225,402,386,325,256,512,1,24.1,0.6470588235294118,0.1470588235294117,0.5559473730554263,-0.0419473730554262,0.2628571428571429,0.3457855975409685,29.6,19.48993288590604,0.37583892617449666,0.020134228187919462,0.06040268456375839,0.10067114093959731,0.013422818791946308,149,70.2,0.36082800000000004,0.6074545454545456,0.29600000000000004,45.2
1627747,Caris LeVert,Caris,1610612765,DET,31.0,60,44,16,0.733,19.2,2.7,6.5,0.417,1.0,3.0,0.333,1.0,1.4,0.679,0.4,1.6,2.0,2.7,1.4,0.9,0.7,0.3,1.5,1.3,7.4,-0.1,16.9,0,0,16.1,214,67,368,61,311,307,276,433,268,256,302,308,282,449,445,408,428,167,183,192,103,296,337,276,310,269,301,284,38,302,1,Caris LeVert,Caris,1610612765,DET,31.0,60,44,16,0.733,19.2,107.1,108.6,108.6,106.8,107.7,107.7,0.3,0.8,0.8,0.202,1.94,23.8,0.018,0.074,0.047,12.3,12.3,0.494,0.518,0.178,0.184,102.22,101.1,84.25,101.1,0.081,2419,163,391,2.7,6.5,0.417,214,67,202,61,311,460,406,406,70,93,93,242,232,232,138,233,134,480,512,530,464,464,447,467,256,258,274,347,347,346,257,232,307,276,433,1,28.0,0.4615384615384615,0.2153846153846153,0.5708922039638455,-0.0528922039638455,0.2742857142857142,0.3093875007764363,28.8,14.846547314578006,0.3248081841432225,0.03836317135549872,0.08184143222506395,0.15089514066496162,0.0076726342710997444,391,67.5,0.34965,0.5886363636363637,0.28800000000000003,43.8
1641717,Cason Wallace,Cason,1610612760,OKC,22.0,77,61,16,0.792,26.6,3.3,7.6,0.432,1.3,3.7,0.351,0.7,0.9,0.809,0.8,2.3,3.1,2.6,0.9,1.9,0.4,0.5,2.0,0.8,8.6,6.9,22.2,1,0,20.2,37,3,368,26,156,246,226,378,194,187,255,367,390,215,256,294,291,172,282,7,232,165,203,388,257,20,199,201,38,216,1,Cason Wallace,Cason,1610612760,OKC,22.0,77,61,16,0.792,26.6,116.0,116.2,116.2,103.1,103.8,103.8,12.9,12.4,12.4,0.127,2.74,22.5,0.031,0.079,0.056,8.2,8.2,0.518,0.538,0.141,0.145,102.21,101.76,84.8,101.76,0.076,4335,252,584,3.3,7.6,0.432,37,3,202,26,156,105,115,115,33,44,44,26,34,34,275,92,153,350,491,452,156,159,382,413,432,438,275,291,291,381,159,143,246,226,378,1,29.9,0.4868421052631579,0.1184210526315789,0.5562210106284089,-0.0182210106284088,0.3314285714285716,0.4246899170973927,36.9,14.003424657534246,0.11986301369863013,0.0136986301369863,0.03424657534246575,0.2089041095890411,0.02054794520547945,584,46.1,0.24801800000000002,0.4175387205387206,0.369,39.3
1642907,Cedric Coward,Cedric,1610612763,MEM,22.0,62,20,42,0.323,25.8,4.9,10.5,0.471,1.5,4.4,0.338,2.3,2.7,0.843,1.3,4.5,5.9,2.8,1.7,0.6,0.4,0.7,2.0,2.1,13.6,0.4,26.3,7,0,25.9,201,302,57,431,176,131,133,243,156,142,291,110,130,140,127,76,77,155,123,291,184,70,196,146,127,223,135,72,38,128,1,Cedric Coward,Cedric,1610612763,MEM,22.0,62,20,42,0.323,25.8,113.4,113.8,113.8,113.6,113.5,113.5,-0.2,0.3,0.3,0.154,1.63,17.2,0.05,0.16,0.106,10.6,10.5,0.542,0.585,0.207,0.214,104.43,104.31,86.92,104.31,0.11,3478,305,648,4.9,10.5,0.471,201,302,523,431,176,198,197,197,335,311,311,255,241,241,219,322,298,209,134,152,340,340,284,245,148,150,114,112,112,145,121,117,131,133,243,1,43.1,0.419047619047619,0.2571428571428572,0.5760078337411291,0.0089921662588708,0.4657142857142855,0.5151899763401168,48.6,13.506172839506172,0.24074074074074073,0.029320987654320986,0.07407407407407407,0.1388888888888889,0.047839506172839504,648,55.8,0.32642999999999994,0.5495454545454544,0.48600000000000004,51.8
1631096,Chet Holmgren,Chet,1610612760,OKC,24.0,69,56,13,0.812,28.9,6.3,11.3,0.557,1.3,3.5,0.362,3.3,4.1,0.792,1.9,7.0,8.9,1.7,1.6,0.6,1.9,0.8,2.3,3.8,17.1,9.8,36.3,24,0,34.0,118,7,409,19,112,68,112,80,201,206,213,63,57,247,74,18,21,278,140,304,4,65,124,46,71,5,46,16,38,50,1,Chet Holmgren,Chet,1610612760,OKC,24.0,69,56,13,0.812,28.9,118.0,118.4,118.4,101.6,102.3,102.3,16.4,16.1,16.1,0.082,1.07,10.2,0.067,0.221,0.149,9.5,9.5,0.614,0.653,0.214,0.219,101.63,101.09,84.25,101.09,0.154,4207,434,779,6.3,11.3,0.557,118,7,165,19,112,58,66,66,23,28,28,15,21,21,452,483,530,144,38,56,255,255,82,65,129,135,320,348,348,22,53,78,68,112,80,1,49.6,0.3097345132743362,0.3628318584070796,0.5962347117984299,0.0567652882015701,0.6599999999999999,0.6740641270477866,66.6,11.097560975609756,0.2092426187419769,0.006418485237483954,0.08472400513478819,0.1643132220795892,0.13478818998716302,779,44.8,0.29254399999999997,0.4924983164983165,0.6659999999999999,57.9
1631128,Christian Braun,Christian,1610612743,DEN,25.0,44,29,15,0.659,31.8,4.6,8.8,0.519,1.0,3.3,0.301,1.8,2.3,0.782,1.4,3.4,4.8,2.7,1.0,0.7,0.3,0.7,2.3,1.7,12.0,6.6,23.7,0,0,22.4,336,203,382,123,54,147,176,118,276,228,402,156,163,276,121,157,151,157,275,272,299,86,106,206,162,23,170,284,38,178,1,Christian Braun,Christian,1610612743,DEN,25.0,44,29,15,0.659,31.8,122.8,124.2,124.2,113.5,114.1,114.1,9.3,10.1,10.1,0.108,2.79,20.1,0.046,0.101,0.075,7.2,7.2,0.575,0.607,0.142,0.145,102.21,101.38,84.48,101.38,0.076,2952,202,389,4.6,8.8,0.519,336,203,187,123,54,16,12,12,331,349,349,55,51,51,339,83,204,228,363,310,96,97,157,168,420,437,276,328,328,386,213,235,147,176,118,1,34.2,0.3749999999999999,0.2613636363636363,0.5842452341868068,0.0227547658131931,0.5285714285714285,0.5609588360421327,54.2,11.174807197943444,0.09511568123393316,0.010282776349614395,0.04884318766066838,0.19023136246786632,0.061696658097686374,389,38.5,0.23369499999999999,0.3934259259259259,0.542,46.8
1631132,Christian Koloko,Christian,1610612737,ATL,25.0,27,16,11,0.593,13.2,1.1,2.7,0.419,0.0,0.3,0.111,0.4,0.6,0.667,1.1,1.9,3.0,0.7,0.6,0.5,0.9,0.5,1.8,0.7,2.7,-0.5,10.8,0,0,9.1,420,348,432,189,420,490,477,423,503,510,512,476,468,452,159,359,301,478,409,367,63,167,262,433,506,293,420,284,38,454,3,Christian Koloko,Christian,1610612737,ATL,25.0,27,16,11,0.593,13.2,107.0,106.9,106.9,108.6,108.2,108.2,-1.6,-1.3,-1.3,0.064,1.13,15.7,0.08,0.125,0.103,13.9,14.0,0.426,0.453,0.109,0.113,104.67,104.9,87.42,104.9,0.046,778,31,74,1.1,2.7,0.419,420,348,144,189,420,463,458,458,116,104,104,297,286,286,521,471,342,103,261,166,514,517,532,537,536,536,100,84,84,539,453,452,490,477,423,3,6.9,0.1111111111111111,0.2222222222222222,0.582271416829764,-0.129271416829764,0.0885714285714287,0.0553810200957745,7.5,6.418918918918919,0.05405405405405406,0.0,0.06756756756756757,0.08108108108108109,0.22972972972972974,74,18.9,0.08561699999999998,0.14413636363636362,0.075,11.0
203991,Clint Capela,Clint,1610612745,HOU,32.0,75,47,28,0.627,12.3,1.6,3.0,0.52,0.0,0.0,0.5,0.6,1.0,0.577,2.1,2.5,4.6,0.7,0.5,0.5,0.8,0.3,1.0,0.8,3.8,2.2,13.7,1,0,11.7,60,44,205,152,434,434,456,114,515,542,13,405,356,512,54,269,162,478,426,395,67,326,469,401,458,117,365,201,38,395,1,Clint Capela,Clint,1610612745,HOU,32.0,75,47,28,0.627,12.3,112.6,113.1,113.1,104.4,105.1,105.1,8.2,8.0,8.0,0.072,1.22,14.1,0.158,0.181,0.169,11.5,11.6,0.522,0.54,0.133,0.136,99.1,98.6,82.17,98.6,0.11,1906,118,227,1.6,3.0,0.52,60,44,364,152,434,231,233,233,44,55,55,64,68,68,490,455,406,6,92,34,430,437,364,408,474,478,471,496,496,148,316,334,434,456,114,1,14.2,0.0,0.3333333333333333,0.6016874006679632,-0.0616874006679631,0.3371428571428572,0.2801382210590756,31.4,2.709251101321586,0.07488986784140969,0.00881057268722467,0.00881057268722467,0.18061674008810572,0.40969162995594716,227,14.4,0.07776000000000001,0.13090909090909095,0.314,22.2
1629632,Coby White,Coby,1610612766,CHA,26.0,50,29,21,0.58,25.0,5.6,12.5,0.446,2.3,6.4,0.362,3.9,4.8,0.817,0.3,3.1,3.4,4.0,2.6,0.5,0.1,0.7,2.2,3.7,17.4,1.9,26.7,1,0,28.3,297,203,305,199,188,99,85,329,63,53,216,43,47,205,466,192,256,74,40,373,466,88,138,49,68,130,131,201,38,108,2,Coby White,Coby,1610612766,CHA,26.0,50,29,21,0.58,25.0,117.8,117.2,117.2,113.3,114.0,114.0,4.4,3.2,3.2,0.242,1.56,19.0,0.013,0.113,0.064,12.1,12.1,0.539,0.595,0.283,0.293,101.75,101.68,84.73,101.68,0.112,2652,278,623,5.6,12.5,0.446,297,203,262,199,188,65,92,92,324,344,344,136,165,165,87,348,236,522,312,389,462,459,297,203,29,28,310,302,302,138,140,127,99,85,329,2,57.0,0.512,0.384,0.5912756244488789,0.003724375551121,0.4942857142857142,0.497671427399494,49.6,15.82182985553772,0.32102728731942215,0.04333868378812199,0.09309791332263243,0.2086677367576244,0.0032102728731942215,623,73.3,0.436135,0.7342340067340067,0.49600000000000005,61.5
1642262,Cody Williams,Cody,1610612762,UTA,21.0,67,16,51,0.239,24.3,3.6,7.6,0.468,0.4,2.0,0.214,1.3,1.8,0.706,0.9,2.0,3.0,2.0,1.1,0.8,0.4,0.7,1.8,1.3,8.8,-5.9,17.7,2,0,16.5,147,348,18,500,199,221,224,255,414,356,484,238,223,417,219,326,310,230,240,228,216,104,256,279,249,538,285,159,38,290,1,Cody Williams,Cody,1610612762,UTA,21.0,67,16,51,0.239,24.3,110.7,110.9,110.9,121.3,121.4,121.4,-10.7,-10.6,-10.6,0.111,1.88,17.7,0.036,0.084,0.059,9.4,9.5,0.495,0.524,0.159,0.161,105.17,105.04,87.53,105.04,0.057,3561,238,509,3.6,7.6,0.468,147,348,565,500,199,322,319,319,533,538,538,500,488,488,322,247,274,301,462,424,251,253,446,453,354,369,74,79,79,502,176,179,221,224,255,1,31.4,0.2631578947368421,0.2368421052631579,0.5785009432638314,-0.0545009432638313,0.2914285714285716,0.3040374821969124,29.6,10.387033398821218,0.19842829076620824,0.0137524557956778,0.14145383104125736,0.18664047151277013,0.05108055009823183,509,50.6,0.265144,0.44637037037037036,0.29600000000000004,37.1
1630175,Cole Anthony,Cole,1610612749,MIL,26.0,35,12,23,0.343,15.0,2.8,6.6,0.424,0.6,2.1,0.306,0.5,0.7,0.615,0.5,2.0,2.5,3.5,1.9,0.6,0.3,0.3,2.1,1.3,6.7,-3.2,15.7,0,0,15.0,390,395,275,416,391,301,270,401,357,339,395,453,429,497,404,330,369,106,93,330,266,317,182,269,334,461,330,284,38,326,1,Cole Anthony,Cole,1610612749,MIL,26.0,35,12,23,0.343,15.0,105.2,103.4,103.4,113.5,113.1,113.1,-8.3,-9.7,-9.7,0.354,1.86,28.3,0.029,0.126,0.078,15.2,15.2,0.472,0.483,0.244,0.256,100.96,101.99,84.99,101.99,0.082,1118,98,231,2.8,6.6,0.424,390,395,289,416,391,496,509,509,330,299,299,450,472,472,15,251,65,375,253,287,537,539,489,511,72,64,365,275,275,333,342,332,301,270,401,1,30.7,0.3181818181818182,0.106060606060606,0.5437986398839187,-0.0607986398839187,0.1742857142857141,0.283093881250526,21.8,13.480519480519481,0.3593073593073593,0.047619047619047616,0.1471861471861472,0.14285714285714285,0.004329004329004329,231,73.4,0.35452200000000006,0.596838383838384,0.218,40.7
1631221,Collin Gillespie,Collin,1610612756,PHX,26.0,80,43,37,0.538,28.5,4.4,10.5,0.418,2.9,7.2,0.401,1.0,1.1,0.874,1.1,3.0,4.1,4.6,1.6,1.2,0.2,0.4,1.6,1.7,12.7,2.5,27.3,3,0,27.2,21,75,93,267,118,157,131,429,21,23,92,308,341,94,168,204,192,62,139,61,358,261,303,198,143,109,125,128,38,117,1,Collin Gillespie,Collin,1610612756,PHX,26.0,80,43,37,0.538,28.5,113.5,113.7,113.7,110.2,110.0,110.0,3.3,3.7,3.7,0.228,2.97,27.1,0.036,0.107,0.07,9.1,9.1,0.556,0.575,0.181,0.188,99.53,99.53,82.94,99.53,0.108,4743,352,842,4.4,10.5,0.418,21,75,482,267,118,193,202,202,168,158,158,166,148,148,99,70,77,297,340,347,220,214,223,281,235,235,453,451,451,161,88,63,157,131,429,1,40.6,0.6857142857142857,0.1047619047619047,0.5478014600951522,0.0271985399048477,0.437142857142857,0.5757370378015902,49.3,20.815914489311165,0.49643705463182897,0.023752969121140142,0.11520190023752969,0.047505938242280284,0.007125890736342043,842,82.2,0.47265,0.7957070707070708,0.493,64.4
1642867,Collin Murray-Boyles,Collin,1610612761,TOR,20.0,57,31,26,0.544,21.9,3.5,6.0,0.579,0.3,0.9,0.34,1.2,1.9,0.657,2.3,2.7,5.0,1.9,1.0,0.9,0.9,0.5,2.6,1.5,8.5,0.8,21.8,4,0,19.3,235,188,232,260,248,228,301,65,443,469,288,240,209,467,46,240,135,253,252,157,53,199,67,234,261,192,206,114,38,228,1,Collin Murray-Boyles,Collin,1610612761,TOR,20.0,57,31,26,0.544,21.9,111.1,111.7,111.7,108.6,109.1,109.1,2.5,2.6,2.6,0.122,1.8,19.1,0.102,0.121,0.112,10.6,10.6,0.604,0.621,0.15,0.155,99.96,99.54,82.95,99.54,0.098,2574,198,342,3.5,6.0,0.579,235,188,338,260,248,304,291,291,117,131,131,182,184,184,290,271,233,64,274,134,350,353,93,120,392,391,426,450,450,221,215,258,228,301,65,1,25.9,0.15,0.3166666666666666,0.5955614929524784,0.0254385070475215,0.5685714285714285,0.5698838778226238,56.9,5.9035087719298245,0.043859649122807015,0.0,0.06140350877192982,0.26608187134502925,0.14035087719298245,342,27.2,0.168912,0.2843636363636364,0.569,42.7
1629012,Collin Sexton,Collin,1610612741,CHI,27.0,68,25,43,0.368,23.7,5.3,10.9,0.485,1.6,4.1,0.401,3.2,3.8,0.855,0.6,1.7,2.3,3.3,2.1,1.1,0.1,0.9,2.1,3.4,15.4,-1.7,24.8,1,0,25.2,135,243,51,402,213,111,121,195,137,171,91,65,71,123,339,393,394,120,74,87,419,45,167,62,92,390,155,201,38,136,2,Collin Sexton,Collin,1610612741,CHI,27.0,68,25,43,0.368,23.7,108.5,110.5,110.5,114.0,113.6,113.6,-5.4,-3.0,-3.0,0.217,1.58,18.4,0.024,0.065,0.045,11.6,11.6,0.561,0.615,0.248,0.255,103.93,103.17,85.98,103.17,0.113,3462,360,742,5.3,10.9,0.485,135,243,527,402,213,407,335,335,359,318,318,385,328,328,112,336,259,420,544,533,434,432,206,135,66,67,139,187,187,132,84,89,111,121,195,2,49.6,0.3761467889908256,0.3486238532110091,0.5893196284866422,0.0256803715133577,0.5514285714285714,0.5706882215630681,55.9,12.81132075471698,0.25336927223719674,0.013477088948787063,0.09029649595687332,0.20485175202156333,0.018867924528301886,742,56.4,0.34685999999999995,0.5839393939393939,0.559,57.1
1642843,Cooper Flagg,Cooper,1610612742,DAL,19.0,70,22,48,0.314,33.5,8.0,17.1,0.468,1.0,3.5,0.295,4.0,4.9,0.827,1.2,5.4,6.7,4.5,2.3,1.2,0.9,1.1,2.0,4.1,21.0,-3.8,39.8,13,0,37.5,105,277,25,440,27,24,23,253,261,211,415,42,46,179,146,38,65,63,61,65,57,12,197,37,32,485,33,42,38,37,1,Cooper Flagg,Cooper,1610612742,DAL,19.0,70,22,48,0.314,33.5,108.9,109.5,109.5,113.7,114.7,114.7,-4.8,-5.2,-5.2,0.212,1.96,17.4,0.035,0.151,0.093,8.9,8.8,0.498,0.548,0.264,0.271,103.64,102.96,85.8,102.96,0.128,5026,559,1194,8.0,17.1,0.468,105,277,552,440,27,394,376,376,340,370,370,370,387,387,116,226,292,306,162,215,196,196,438,382,43,42,163,201,201,74,18,18,24,23,253,1,67.8,0.2046783625730994,0.2865497076023391,0.5769339736866698,-0.0289339736866697,0.3600000000000001,0.3890629193582604,37.2,11.047738693467336,0.3793969849246231,0.011725293132328308,0.20268006700167504,0.15494137353433834,0.04187604690117253,1194,65.7,0.360036,0.6061212121212122,0.37200000000000005,48.9
1630557,Corey Kispert,Corey,1610612737,ATL,27.0,58,27,31,0.466,18.6,3.2,6.8,0.467,1.5,4.1,0.367,1.3,1.7,0.794,0.5,1.8,2.3,1.6,0.8,0.3,0.2,0.4,1.0,1.2,9.2,-2.6,14.8,0,0,15.4,230,225,160,347,317,260,255,260,156,174,198,220,238,242,401,372,396,296,355,489,414,272,457,297,241,432,345,284,38,321,2,Corey Kispert,Corey,1610612737,ATL,27.0,58,27,31,0.466,18.6,108.7,108.9,108.9,115.6,115.9,115.9,-6.9,-7.0,-7.0,0.121,2.04,16.1,0.022,0.091,0.056,7.9,7.8,0.577,0.609,0.179,0.185,104.33,104.15,86.79,104.15,0.088,2348,184,394,3.2,6.8,0.467,230,225,412,347,317,398,396,396,427,420,420,424,420,420,295,193,332,438,423,451,135,133,151,158,250,253,120,120,120,289,231,231,260,255,260,2,28.5,0.6029411764705882,0.25,0.576383794036547,0.0326162059634529,0.5342857142857143,0.5937540117584326,55.8,16.431472081218274,0.09137055837563451,0.012690355329949238,0.01015228426395939,0.20812182741116753,0.017766497461928935,394,46.3,0.28196699999999997,0.47469191919191916,0.5579999999999999,51.6
1641854,Craig Porter Jr.,Craig,1610612739,CLE,26.0,64,43,21,0.672,17.9,1.8,4.0,0.45,0.5,1.5,0.355,0.4,0.6,0.6,1.3,2.1,3.4,3.2,0.9,0.9,0.6,0.3,1.1,0.8,4.5,1.6,17.0,0,0,14.6,180,75,305,103,329,406,402,319,389,410,240,474,449,506,130,314,252,127,293,169,129,338,447,391,420,151,300,284,38,339,1,Craig Porter Jr.,Craig,1610612739,CLE,26.0,64,43,21,0.672,17.9,116.0,116.2,116.2,110.7,111.6,111.6,5.3,4.6,4.6,0.225,3.47,38.0,0.07,0.115,0.092,10.9,10.9,0.514,0.524,0.119,0.121,102.52,102.01,85.01,102.01,0.092,2435,116,258,1.8,4.0,0.45,180,75,262,103,329,106,116,116,193,235,235,116,125,125,103,32,12,130,307,217,382,384,393,451,515,518,246,272,272,262,319,313,406,402,319,1,15.6,0.375,0.15,0.5654707346244712,-0.0414707346244711,0.2914285714285716,0.3473707048739884,31.4,12.391472868217054,0.3488372093023256,0.027131782945736434,0.06589147286821706,0.18992248062015504,0.027131782945736434,258,63.2,0.331168,0.5575218855218856,0.314,43.6
1626156,D'Angelo Russell,D'Angelo,1610612764,WAS,30.0,26,9,17,0.346,19.0,3.6,8.9,0.405,1.3,4.3,0.295,1.7,2.3,0.717,0.3,2.0,2.3,4.0,1.9,0.5,0.1,0.2,1.2,2.0,10.2,-1.6,18.7,1,0,18.8,425,432,359,414,313,217,173,463,202,154,417,179,160,397,484,327,385,74,90,407,491,426,435,167,209,378,262,201,38,244,1,D'Angelo Russell,D'Angelo,1610612764,WAS,30.0,26,9,17,0.346,19.0,107.4,107.9,107.9,110.3,111.3,111.3,-2.9,-3.4,-3.4,0.328,2.12,25.2,0.016,0.092,0.057,11.9,11.9,0.476,0.511,0.261,0.265,104.67,104.0,86.67,104.0,0.098,1070,94,232,3.6,8.9,0.405,425,432,216,414,313,448,424,424,174,220,220,324,339,339,30,178,111,496,417,444,449,450,481,482,48,54,99,128,128,219,347,330,217,173,463,1,40.1,0.4831460674157303,0.2584269662921348,0.5698825311056969,-0.0588825311056968,0.2542857142857142,0.289466086842797,26.8,16.823275862068964,0.3922413793103448,0.03879310344827586,0.15086206896551724,0.08189655172413793,0.004310344827586207,232,76.2,0.389382,0.6555252525252526,0.268,46.2
1631342,Daeqwon Plowden,Daeqwon,1610612758,SAC,27.0,32,9,23,0.281,26.4,3.8,8.7,0.43,1.9,5.8,0.333,1.3,1.5,0.857,1.0,2.0,3.0,1.3,0.8,0.7,0.2,0.4,2.4,1.3,10.8,-6.4,18.3,0,0,18.9,400,432,275,460,161,203,182,383,96,72,302,224,257,116,189,332,297,349,333,254,346,261,92,270,191,546,271,284,38,243,1,Daeqwon Plowden,Daeqwon,1610612758,SAC,27.0,32,9,23,0.281,26.4,111.4,111.2,111.2,121.9,122.1,122.1,-10.5,-10.9,-10.9,0.065,1.58,11.3,0.037,0.08,0.057,7.2,7.1,0.541,0.572,0.157,0.163,101.0,100.96,84.13,100.96,0.057,1771,120,279,3.8,8.7,0.43,400,432,289,460,161,295,306,306,540,542,542,498,494,494,518,339,496,294,489,445,95,88,286,300,365,361,364,358,358,503,313,298,203,182,383,1,30.6,0.6666666666666667,0.1724137931034483,0.5634993958262592,0.0085006041737407,0.4285714285714284,0.5135552389476388,46.3,18.0,0.06093189964157706,0.021505376344086023,0.010752688172043012,0.05017921146953405,0.043010752688172046,279,41.1,0.235092,0.3957777777777778,0.46299999999999997,42.9
1629655,Daniel Gafford,Daniel,1610612742,DAL,27.0,55,12,43,0.218,21.7,3.8,5.7,0.655,0.0,0.0,0.0,2.0,2.9,0.683,2.5,4.4,6.9,1.1,1.1,0.8,1.3,0.7,2.6,2.7,9.5,-3.4,24.3,10,0,21.5,258,395,51,516,251,202,312,23,517,548,517,134,110,445,35,83,57,386,231,226,24,69,59,92,226,470,160,56,38,193,1,Daniel Gafford,Daniel,1610612742,DAL,27.0,55,12,43,0.218,21.7,106.9,105.9,105.9,113.7,113.0,113.0,-6.8,-7.1,-7.1,0.071,0.92,11.5,0.108,0.181,0.145,12.5,12.4,0.655,0.677,0.151,0.158,103.76,104.6,87.17,104.6,0.114,2601,207,316,3.8,5.7,0.655,258,395,527,516,251,465,476,476,341,288,288,418,422,422,492,518,490,54,91,61,474,473,39,40,388,381,152,96,96,120,209,274,202,312,23,1,26.9,0.0,0.5087719298245613,0.6332595957912533,0.0437404042087467,0.7285714285714286,0.6307486119992253,68.9,2.2974683544303796,0.0759493670886076,0.0031645569620253164,0.0189873417721519,0.25949367088607594,0.33860759493670883,316,18.0,0.12186000000000001,0.20515151515151517,0.6890000000000001,44.7
1642450,Daniss Jenkins,Daniss,1610612765,DET,24.0,72,54,18,0.75,20.2,3.2,7.9,0.408,1.0,2.7,0.374,1.9,2.2,0.832,0.7,1.6,2.3,3.9,1.6,0.9,0.2,0.7,1.5,2.0,9.3,2.9,19.6,3,0,18.7,84,13,348,46,288,253,213,455,266,287,171,149,170,167,311,403,390,79,136,172,353,83,347,158,232,89,238,128,38,248,1,Daniss Jenkins,Daniss,1610612765,DET,24.0,72,54,18,0.75,20.2,111.6,113.2,113.2,106.2,106.6,106.6,5.4,6.6,6.6,0.27,2.42,26.9,0.034,0.077,0.055,11.1,11.1,0.473,0.525,0.209,0.214,102.24,101.34,84.45,101.34,0.1,3076,232,568,3.2,7.9,0.408,84,13,225,46,288,285,225,225,62,79,79,113,86,86,59,135,78,309,506,457,396,402,487,447,147,149,273,332,332,204,180,150,253,213,455,1,36.5,0.3417721518987341,0.2784810126582278,0.5804244270938526,-0.0554244270938525,0.2942857142857142,0.300966347148153,29.7,13.336267605633802,0.33274647887323944,0.040492957746478875,0.17253521126760563,0.1619718309859155,0.01584507042253521,568,71.9,0.37747500000000006,0.6354797979797981,0.297,46.6
1642874,Danny Wolf,Danny,1610612751,BKN,22.0,57,14,43,0.246,20.8,3.1,7.7,0.405,1.2,3.7,0.322,1.5,1.9,0.771,1.0,3.9,4.9,2.2,1.3,0.5,0.6,0.6,2.2,1.3,8.9,-4.1,20.2,2,0,19.4,235,374,51,496,271,265,217,465,219,191,355,201,205,303,193,116,143,210,200,361,133,143,141,277,245,498,230,159,38,225,1,Danny Wolf,Danny,1610612751,BKN,22.0,57,14,43,0.246,20.8,102.7,102.9,102.9,112.3,111.9,111.9,-9.6,-9.0,-9.0,0.178,1.74,18.4,0.046,0.195,0.117,10.6,10.6,0.482,0.521,0.201,0.207,98.0,98.09,81.74,98.09,0.096,2420,178,440,3.1,7.7,0.405,235,374,527,496,271,525,518,518,272,244,244,472,459,459,169,287,261,230,64,121,342,349,472,460,162,163,525,520,520,228,242,212,265,217,465,1,34.0,0.4805194805194805,0.2467532467532467,0.5742359263261265,-0.0532359263261265,0.2828571428571429,0.3082444187218005,29.3,13.831818181818182,0.1318181818181818,0.02727272727272727,0.031818181818181815,0.22045454545454546,0.031818181818181815,440,50.0,0.2605,0.4385521885521886,0.29300000000000004,36.6
1629636,Darius Garland,Darius,1610612746,LAC,26.0,45,26,19,0.578,29.9,6.9,14.9,0.46,2.7,6.8,0.396,2.3,2.7,0.861,0.4,2.0,2.4,6.7,2.9,1.0,0.2,0.6,1.9,2.6,18.8,1.9,32.2,7,0,32.8,331,231,333,205,92,55,48,276,31,37,103,107,127,112,431,342,381,19,24,140,387,120,240,113,54,131,78,72,38,66,2,Darius Garland,Darius,1610612746,LAC,26.0,45,26,19,0.578,29.9,117.5,117.9,117.9,113.8,115.2,115.2,3.7,2.6,2.6,0.322,2.32,26.0,0.013,0.063,0.039,11.2,11.2,0.551,0.582,0.266,0.271,102.6,101.84,84.86,101.84,0.112,2856,309,672,6.9,14.9,0.46,331,231,236,205,92,68,79,79,347,396,396,156,183,183,33,151,98,521,548,555,408,410,250,254,39,44,240,286,286,136,117,105,55,48,276,2,57.6,0.4563758389261744,0.1812080536912751,0.5547643965070678,0.0272356034929321,0.4571428571428571,0.575860296358696,50.5,15.821428571428571,0.3869047619047619,0.017857142857142856,0.10416666666666667,0.15922619047619047,0.004464285714285714,672,70.1,0.40798199999999996,0.6868383838383838,0.505,59.6
1630558,Davion Mitchell,Davion,1610612748,MIA,27.0,70,37,33,0.529,28.6,3.7,7.6,0.49,1.3,3.3,0.395,0.6,0.9,0.646,0.5,2.2,2.7,6.5,1.5,1.0,0.2,0.3,2.6,1.2,9.3,2.9,24.1,5,0,22.0,105,136,135,278,116,204,223,183,199,226,108,405,377,477,404,304,341,23,146,136,410,317,64,289,230,91,163,96,38,184,1,Davion Mitchell,Davion,1610612748,MIA,27.0,70,37,33,0.529,28.6,115.6,117.2,117.2,111.4,113.0,113.0,4.3,4.2,4.2,0.285,4.19,40.3,0.015,0.072,0.044,9.6,9.6,0.574,0.582,0.137,0.139,105.34,103.88,86.57,103.88,0.083,4338,261,533,3.7,7.6,0.49,105,136,435,278,116,115,91,91,227,290,290,142,134,134,49,18,5,505,523,540,267,269,159,253,448,471,69,134,134,330,152,165,204,223,183,1,30.0,0.4342105263157895,0.1184210526315789,0.557037341354189,0.0249626586458109,0.4571428571428571,0.5683013978084841,50.2,13.784240150093808,0.1894934333958724,0.0075046904315197,0.0675422138836773,0.20825515947467166,0.00375234521575985,533,51.3,0.298566,0.5026363636363637,0.502,50.2
1630549,Day'Ron Sharpe,Day'Ron,1610612751,BKN,24.0,62,17,45,0.274,18.7,3.5,5.7,0.601,0.1,0.6,0.231,1.7,2.5,0.678,2.8,3.9,6.7,2.3,1.7,1.1,0.4,0.5,2.4,2.0,8.7,-1.8,23.0,5,0,20.9,201,334,36,467,315,230,313,48,479,483,478,175,148,451,28,118,64,201,120,99,191,157,101,166,252,394,180,96,38,205,1,Day'Ron Sharpe,Day'Ron,1610612751,BKN,24.0,62,17,45,0.274,18.7,106.6,107.3,107.3,112.6,111.7,111.7,-6.0,-4.3,-4.3,0.207,1.37,21.4,0.143,0.222,0.18,15.7,15.7,0.614,0.638,0.19,0.196,98.81,98.86,82.39,98.86,0.141,2384,214,356,3.5,5.7,0.601,201,334,541,467,315,474,438,438,286,236,236,400,362,362,127,412,174,17,36,23,542,543,81,80,202,209,492,486,486,45,202,253,230,313,48,1,29.9,0.1052631578947368,0.4385964912280701,0.6148174471914144,0.0231825528085856,0.6171428571428572,0.5623814831879124,59.5,4.76123595505618,0.09269662921348315,0.014044943820224719,0.011235955056179775,0.20786516853932585,0.29213483146067415,356,23.6,0.150568,0.25348148148148153,0.595,42.4
1628368,De'Aaron Fox,De'Aaron,1610612759,SAS,28.0,72,55,17,0.764,31.0,7.1,14.5,0.486,1.8,5.5,0.332,2.6,3.4,0.76,0.6,3.2,3.8,6.2,2.3,1.2,0.3,0.8,2.3,2.6,18.6,6.3,34.5,8,0,33.3,84,12,359,39,70,45,51,194,114,85,328,89,82,321,346,181,224,25,63,62,305,67,131,101,57,27,55,66,38,59,1,De'Aaron Fox,De'Aaron,1610612759,SAS,28.0,72,55,17,0.764,31.0,119.0,118.8,118.8,109.7,108.9,108.9,9.3,9.9,9.9,0.286,2.71,25.2,0.018,0.092,0.056,9.3,9.3,0.549,0.578,0.242,0.249,103.22,103.67,86.39,103.67,0.117,4807,509,1047,7.1,14.5,0.486,84,12,216,39,70,38,57,57,143,122,122,54,53,53,47,96,110,481,421,449,232,236,258,268,76,76,190,151,151,111,30,34,45,51,194,1,57.9,0.3793103448275862,0.2344827586206896,0.5681308710765436,0.0098691289234563,0.4457142857142855,0.5181064007409643,47.5,13.948424068767908,0.44412607449856734,0.029608404966571154,0.13276026743075453,0.13276026743075453,0.011461318051575931,1047,74.2,0.428876,0.722013468013468,0.47500000000000003,59.9
1629631,De'Andre Hunter,De'Andre,1610612758,SAC,28.0,45,24,21,0.533,26.1,4.6,11.1,0.415,1.7,5.5,0.305,2.8,3.2,0.867,0.7,3.4,4.1,2.0,1.7,0.7,0.1,0.4,2.5,3.1,13.7,-0.5,22.3,0,0,23.0,331,252,305,270,167,146,115,443,134,88,398,81,97,102,320,153,189,233,126,276,434,224,84,73,124,292,193,284,38,166,2,De'Andre Hunter,De'Andre,1610612758,SAC,28.0,45,24,21,0.533,26.1,112.8,114.1,114.1,114.4,115.0,115.0,-1.6,-0.9,-0.9,0.11,1.2,12.4,0.023,0.127,0.074,10.3,10.3,0.49,0.545,0.218,0.223,104.24,103.39,86.16,103.39,0.077,2533,208,501,4.6,11.1,0.415,331,252,262,270,167,223,181,181,378,386,386,298,277,277,332,460,462,429,247,320,322,318,456,389,124,125,129,169,169,374,208,182,146,115,443,2,44.9,0.4954954954954955,0.2882882882882883,0.5802088127815525,-0.0352088127815524,0.3514285714285714,0.3681953333289759,35.8,16.233532934131738,0.27944111776447106,0.031936127744510975,0.1497005988023952,0.07584830339321358,0.01996007984031936,501,65.4,0.35643,0.6000505050505052,0.358,47.9
1629001,De'Anthony Melton,De'Anthony,1610612744,GSW,28.0,49,22,27,0.449,23.0,4.4,10.8,0.407,1.5,5.0,0.294,2.0,2.5,0.826,0.8,2.4,3.2,2.6,1.9,1.6,0.4,0.6,1.9,1.9,12.3,1.9,24.1,0,0,23.5,305,277,220,360,222,159,126,459,165,112,419,130,145,183,271,274,279,182,93,18,200,116,243,170,149,126,165,284,38,161,1,De'Anthony Melton,De'Anthony,1610612744,GSW,28.0,49,22,27,0.449,23.0,114.5,114.3,114.3,111.2,110.4,110.4,3.3,3.9,3.9,0.164,1.37,15.7,0.033,0.108,0.07,11.4,11.4,0.475,0.518,0.244,0.253,101.03,101.48,84.57,101.48,0.09,2380,215,528,4.4,10.8,0.407,305,277,352,360,222,152,173,173,215,173,173,163,143,143,196,410,341,321,333,351,424,425,482,465,73,70,363,318,318,280,200,166,159,126,459,1,45.1,0.4629629629629629,0.2314814814814814,0.5667364766332644,-0.0487364766332644,0.2742857142857142,0.3232077750932506,29.4,14.547348484848484,0.21401515151515152,0.026515151515151516,0.058712121212121215,0.16098484848484848,0.026515151515151516,528,55.5,0.28749,0.4839898989898991,0.294,38.9
201942,DeMar DeRozan,DeMar,1610612758,SAC,36.0,77,20,57,0.26,31.2,6.5,13.1,0.497,0.6,1.9,0.32,4.9,5.6,0.868,0.5,2.5,2.9,4.1,1.2,1.0,0.3,0.5,1.9,4.0,18.4,-7.6,30.9,2,0,28.8,37,302,5,481,64,63,75,169,364,360,361,26,34,101,406,268,314,72,210,110,281,191,225,41,59,565,87,159,38,102,1,DeMar DeRozan,DeMar,1610612758,SAC,36.0,77,20,57,0.26,31.2,110.3,110.6,110.6,121.1,122.3,122.3,-10.8,-11.7,-11.7,0.196,3.29,19.8,0.015,0.081,0.047,6.0,6.0,0.52,0.594,0.222,0.23,101.91,101.26,84.38,101.26,0.111,5076,499,1005,6.5,13.1,0.497,37,302,577,481,64,338,328,328,531,545,545,503,506,506,144,42,215,507,479,518,58,57,374,210,113,111,297,337,337,140,34,42,63,75,169,1,57.3,0.1450381679389313,0.4274809160305343,0.6089040834442434,-0.0149040834442434,0.4914285714285713,0.4357206801690533,46.9,13.723383084577115,0.5880597014925373,0.020895522388059702,0.4845771144278607,0.07860696517412935,0.0029850746268656717,1005,100.0,0.594,1.0,0.469,73.4
1629731,Dean Wade,Dean,1610612739,CLE,29.0,59,36,23,0.61,22.3,2.1,4.7,0.439,1.2,3.3,0.362,0.5,0.6,0.711,0.9,3.3,4.2,1.5,0.3,0.7,0.4,0.2,1.5,0.7,5.8,2.6,16.2,1,0,14.9,225,151,275,167,236,379,363,352,214,222,212,452,446,409,225,167,183,309,526,237,214,434,335,408,368,108,312,201,38,330,1,Dean Wade,Dean,1610612739,CLE,29.0,59,36,23,0.61,22.3,116.9,117.2,117.2,109.7,110.9,110.9,7.1,6.2,6.2,0.082,5.5,22.1,0.039,0.139,0.09,4.0,4.0,0.567,0.58,0.097,0.1,102.47,101.78,84.82,101.78,0.074,2784,122,278,2.1,4.7,0.439,225,151,289,167,236,81,93,93,145,205,205,80,92,92,450,6,157,282,199,230,31,32,187,260,564,563,253,290,290,395,310,299,379,363,352,1,16.1,0.702127659574468,0.1276595744680851,0.5612541705389885,0.0187458294610114,0.4514285714285713,0.5476267293617716,49.0,17.985611510791365,0.0683453237410072,0.017985611510791366,0.02877697841726619,0.11870503597122302,0.039568345323741004,278,45.0,0.261,0.43939393939393945,0.49,46.5
1629028,Deandre Ayton,Deandre,1610612747,LAL,27.0,72,46,26,0.639,27.2,5.6,8.3,0.671,0.0,0.0,0.0,1.3,2.0,0.645,2.6,5.4,8.0,0.8,1.2,0.6,1.0,0.4,2.2,1.6,12.5,-0.1,26.7,22,0,24.3,84,52,232,140,142,95,194,16,517,548,517,236,202,478,34,39,33,447,230,337,48,261,151,213,147,266,129,20,38,152,1,Deandre Ayton,Deandre,1610612747,LAL,27.0,72,46,26,0.639,27.2,114.8,115.6,115.6,113.8,115.5,115.5,1.0,0.1,0.1,0.044,0.71,7.3,0.103,0.2,0.154,10.3,10.3,0.671,0.676,0.164,0.167,100.69,99.65,83.04,99.65,0.117,4060,403,601,5.6,8.3,0.671,84,52,338,140,142,142,131,131,348,407,407,229,250,250,559,539,559,62,57,48,316,320,29,41,324,337,382,443,443,107,61,134,95,194,16,1,35.3,0.0,0.2409638554216867,0.5806346338301444,0.0953653661698556,0.7257142857142858,0.8024324302919583,75.6,4.818635607321132,0.1713810316139767,0.004991680532445923,0.06156405990016639,0.09151414309484193,0.2978369384359401,601,24.4,0.164944,0.2776835016835017,0.756,51.7
203471,Dennis Schröder,Dennis,1610612739,CLE,32.0,70,29,41,0.414,24.2,3.6,9.0,0.405,1.1,3.3,0.329,2.4,2.9,0.834,0.5,2.2,2.7,4.9,1.8,0.8,0.2,0.6,1.6,2.4,10.8,-3.4,22.4,3,0,21.3,105,203,61,377,201,213,171,462,250,226,337,98,109,159,399,302,338,53,106,218,410,109,325,122,190,466,191,128,38,196,2,Dennis Schröder,Dennis,1610612739,CLE,32.0,70,29,41,0.414,24.2,110.5,110.8,110.8,115.4,117.0,117.0,-4.9,-6.2,-6.2,0.294,2.75,28.8,0.019,0.089,0.054,10.5,10.5,0.465,0.526,0.21,0.216,101.13,100.28,83.57,100.28,0.094,3537,255,629,3.6,9.0,0.405,105,203,515,377,201,332,320,320,416,452,452,372,400,400,41,87,60,469,434,466,336,335,500,443,141,143,351,415,415,238,153,125,213,171,462,2,41.4,0.3666666666666666,0.3222222222222222,0.5884988092075905,-0.0624988092075904,0.2971428571428571,0.2774398032591074,28.9,14.130365659777425,0.2655007949125596,0.03179650238473768,0.1875993640699523,0.17329093799682035,0.0,629,68.2,0.35873200000000005,0.6039259259259261,0.289,44.6
1642852,Derik Queen,Derik,1610612740,NOP,21.0,81,26,55,0.321,25.0,4.4,9.2,0.473,0.3,1.1,0.261,2.7,3.4,0.795,1.7,5.4,7.1,3.7,2.3,1.0,0.9,0.8,2.7,2.7,11.7,-3.8,29.2,14,2,26.6,19,231,10,434,189,160,164,233,451,450,451,85,86,239,86,40,48,94,58,111,58,66,55,91,172,484,108,38,16,121,1,Derik Queen,Derik,1610612740,NOP,21.0,81,26,55,0.321,25.0,111.8,112.7,112.7,118.6,119.4,119.4,-6.8,-6.7,-6.7,0.208,1.57,21.9,0.065,0.207,0.136,14.0,14.0,0.489,0.546,0.214,0.217,104.07,103.32,86.1,103.32,0.109,4350,354,748,4.4,9.2,0.473,19,231,573,434,189,274,247,247,498,505,505,420,415,415,123,345,159,149,48,77,518,519,459,385,132,141,137,173,173,149,87,87,160,164,233,1,44.3,0.1195652173913043,0.3695652173913044,0.5988899207240492,-0.0528899207240491,0.3542857142857143,0.3093950939118386,33.6,7.411764705882353,0.18315508021390375,0.0213903743315508,0.11898395721925134,0.3048128342245989,0.08957219251336898,748,50.1,0.273546,0.46051515151515154,0.336,39.8
1627884,Derrick Jones Jr.,Derrick,1610612746,LAC,29.0,50,26,24,0.52,27.0,3.8,7.6,0.499,1.1,3.1,0.359,1.4,1.9,0.763,1.2,2.2,3.5,1.4,0.8,0.9,1.0,0.4,2.1,1.8,10.1,2.6,21.2,1,0,19.8,297,231,258,288,148,201,227,167,242,253,226,206,213,316,147,303,251,334,338,160,42,237,183,187,211,103,212,201,38,220,1,Derrick Jones Jr.,Derrick,1610612746,LAC,29.0,50,26,24,0.52,27.0,117.2,117.9,117.9,111.8,113.8,113.8,5.4,4.0,4.0,0.068,1.73,13.2,0.047,0.082,0.065,7.7,7.6,0.571,0.6,0.144,0.15,100.33,99.15,82.62,99.15,0.072,2795,189,379,3.8,7.6,0.499,297,231,309,288,148,77,80,80,253,334,334,115,138,138,508,289,434,220,475,384,117,116,171,185,407,414,405,471,471,414,224,241,201,227,167,1,29.9,0.4078947368421053,0.25,0.5816171331890057,0.0183828668109943,0.5085714285714285,0.5464196618640844,52.4,11.846965699208443,0.052770448548812667,0.002638522427440633,0.0158311345646438,0.16358839050131926,0.12401055408970976,379,30.5,0.183,0.30808080808080807,0.524,41.6
1628401,Derrick White,Derrick,1610612738,BOS,31.0,77,52,25,0.675,34.1,5.7,14.4,0.394,2.7,8.3,0.327,2.4,2.6,0.902,1.1,3.3,4.4,5.4,1.7,1.1,1.3,0.4,1.5,2.8,16.5,7.8,35.3,1,0,33.8,37,24,246,102,20,91,52,491,30,12,343,103,132,51,165,168,169,44,113,81,23,216,331,90,82,10,50,201,38,53,1,Derrick White,Derrick,1610612738,BOS,31.0,77,52,25,0.675,34.1,117.5,119.3,119.3,107.1,108.0,108.0,10.5,11.3,11.3,0.221,3.09,23.8,0.032,0.09,0.061,7.7,7.7,0.489,0.529,0.216,0.221,97.53,96.35,80.29,96.35,0.109,5270,437,1108,5.7,14.4,0.394,37,24,326,102,20,69,49,49,81,101,101,41,46,46,108,54,136,340,429,417,123,120,458,437,128,129,538,571,571,156,50,28,91,52,491,1,55.6,0.576388888888889,0.1805555555555555,0.559248411929611,-0.0302484119296109,0.3057142857142858,0.3846916274892583,33.7,18.7427797833935,0.4223826714801444,0.01895306859205776,0.1371841155234657,0.06768953068592058,0.008122743682310469,1108,75.0,0.39675000000000005,0.667929292929293,0.337,50.2
1630217,Desmond Bane,Desmond,1610612753,ORL,27.0,82,45,37,0.549,33.6,7.1,14.7,0.484,2.0,5.2,0.391,3.8,4.2,0.908,1.2,2.9,4.1,4.1,2.0,1.0,0.5,1.0,3.1,2.8,20.1,1.6,33.7,1,0,33.4,1,60,93,251,24,44,50,201,80,101,118,46,56,48,152,210,188,69,81,107,182,24,25,86,44,146,64,201,38,58,1,Desmond Bane,Desmond,1610612753,ORL,27.0,82,45,37,0.549,33.6,112.4,113.6,113.6,110.8,111.5,111.5,1.6,2.2,2.2,0.19,2.06,18.4,0.034,0.084,0.059,8.9,8.8,0.553,0.607,0.224,0.233,103.09,102.2,85.17,102.2,0.111,5871,583,1205,7.1,14.7,0.484,1,60,482,251,24,244,204,204,198,227,227,207,197,197,154,189,258,307,463,426,200,194,237,169,107,104,204,259,259,139,14,15,44,50,201,1,59.5,0.3537414965986394,0.2857142857142857,0.5800796629652676,0.0269203370347324,0.5285714285714285,0.574811847173123,54.7,12.991701244813278,0.27883817427385893,0.027385892116182572,0.12531120331950207,0.2149377593360996,0.022406639004149378,1205,64.1,0.3890869999999999,0.6550286195286195,0.547,60.1
1626164,Devin Booker,Devin,1610612756,PHX,29.0,64,37,27,0.578,33.5,8.5,18.7,0.456,1.9,5.8,0.33,7.1,8.1,0.873,0.8,3.1,3.9,6.0,3.1,0.8,0.3,1.0,2.6,6.7,26.1,3.1,39.9,6,0,40.0,180,136,220,203,25,20,10,290,100,74,335,5,7,96,286,184,214,29,17,213,291,32,57,3,13,81,32,84,38,25,1,Devin Booker,Devin,1610612756,PHX,29.0,64,37,27,0.578,33.5,114.2,115.9,115.9,110.5,112.0,112.0,3.7,3.9,3.9,0.293,1.92,19.3,0.021,0.091,0.055,10.1,10.0,0.507,0.585,0.307,0.316,102.19,100.72,83.93,100.72,0.142,4516,546,1198,8.5,18.7,0.456,180,136,352,203,25,165,127,127,184,250,250,155,145,145,43,237,227,452,424,456,296,291,412,246,16,14,278,378,378,44,24,16,20,10,290,1,79.7,0.3101604278074866,0.4331550802139037,0.5994988265243473,-0.0144988265243473,0.4657142857142855,0.4370684013634967,45.4,14.776293823038397,0.6093489148580968,0.024207011686143573,0.27128547579298834,0.10601001669449082,0.010851419031719533,1198,92.4,0.54054,0.9100000000000001,0.454,68.2
1642269,Devin Carter,Devin,1610612758,SAC,24.0,38,8,30,0.211,18.4,3.2,7.7,0.414,0.8,3.0,0.263,1.8,2.5,0.713,0.9,2.3,3.3,2.7,1.4,0.9,0.2,0.3,1.3,2.4,8.9,-3.0,18.8,0,0,17.9,370,440,172,519,321,258,219,444,317,256,450,161,144,405,215,285,272,166,169,166,332,287,390,123,244,453,256,284,38,264,1,Devin Carter,Devin,1610612758,SAC,24.0,38,8,30,0.211,18.4,110.5,111.0,111.0,118.1,118.3,118.3,-7.6,-7.3,-7.3,0.209,1.87,20.7,0.048,0.13,0.088,11.1,11.1,0.466,0.508,0.226,0.23,101.11,100.78,83.99,100.78,0.094,1467,121,292,3.2,7.7,0.414,370,440,395,519,321,330,313,313,491,487,487,434,424,424,119,248,189,214,237,242,393,393,497,486,100,110,354,375,375,241,312,291,258,219,444,1,35.0,0.3896103896103896,0.3246753246753247,0.5870517469854859,-0.0790517469854859,0.2457142857142857,0.2223914031496408,23.6,13.116438356164384,0.1952054794520548,0.03767123287671233,0.03767123287671233,0.14383561643835616,0.04794520547945205,292,52.2,0.265176,0.4464242424242425,0.23600000000000002,34.1
1630170,Devin Vassell,Devin,1610612759,SAS,25.0,67,52,15,0.776,30.5,4.9,11.3,0.437,2.5,6.4,0.384,1.6,1.9,0.815,0.6,3.4,4.0,2.5,0.9,0.9,0.4,0.3,1.6,1.4,13.9,7.3,25.2,1,0,25.3,147,24,382,32,76,130,113,360,50,50,142,190,203,206,347,154,198,187,299,191,229,350,317,258,119,14,149,201,38,134,1,Devin Vassell,Devin,1610612759,SAS,25.0,67,52,15,0.776,30.5,119.9,121.3,121.3,108.3,109.9,109.9,11.6,11.4,11.4,0.107,2.78,16.2,0.019,0.102,0.063,5.8,5.8,0.547,0.574,0.176,0.18,102.82,101.48,84.57,101.48,0.087,4321,330,755,4.9,11.3,0.437,147,24,187,32,76,28,28,28,106,149,149,33,45,45,349,84,329,468,358,399,51,50,266,290,270,276,222,317,317,297,104,83,130,113,360,1,42.4,0.5663716814159292,0.1681415929203539,0.5613246390164537,0.0126753609835462,0.4342857142857141,0.5274387976433517,47.2,18.629139072847682,0.32450331125827814,0.005298013245033113,0.21456953642384105,0.04105960264900662,0.010596026490066225,755,68.3,0.39204199999999995,0.6600033670033669,0.47200000000000003,56.6
1628415,Dillon Brooks,Dillon,1610612756,PHX,30.0,56,32,24,0.571,30.4,7.4,17.1,0.435,2.3,6.6,0.344,3.0,3.6,0.842,0.8,2.9,3.6,1.8,1.8,1.0,0.2,0.5,3.3,3.3,20.2,-0.9,29.0,0,0,30.2,247,182,258,210,80,33,22,367,65,47,276,70,77,143,280,220,234,269,110,117,407,168,18,67,41,323,110,284,38,86,1,Dillon Brooks,Dillon,1610612756,PHX,30.0,56,32,24,0.571,30.4,112.5,113.7,113.7,112.6,114.8,114.8,-0.1,-1.1,-1.1,0.095,1.01,8.0,0.024,0.094,0.058,7.9,7.9,0.501,0.54,0.279,0.285,102.05,100.54,83.78,100.54,0.088,3560,417,959,7.4,17.1,0.435,247,182,309,210,80,238,200,200,290,379,379,251,282,282,387,495,553,421,402,433,134,138,426,406,30,31,286,391,391,288,56,47,33,22,367,1,64.8,0.3859649122807017,0.2105263157894736,0.5594534910404443,-0.0194534910404442,0.3371428571428572,0.4205911839444532,37.1,15.867570385818562,0.5328467153284672,0.011470281543274244,0.23879040667361837,0.07507820646506778,0.008342022940563087,959,82.6,0.44604,0.750909090909091,0.371,56.1
1631230,Dominick Barlow,Dominick,1610612755,PHI,23.0,71,40,31,0.563,23.8,3.0,5.6,0.539,0.3,1.2,0.256,1.3,1.8,0.718,1.9,2.9,4.8,1.2,0.8,0.9,0.7,0.4,2.1,1.5,7.7,0.4,19.4,2,0,17.3,98,110,160,228,212,275,322,95,444,440,454,222,216,394,75,213,152,361,346,173,89,265,171,224,295,222,247,159,38,274,1,Dominick Barlow,Dominick,1610612755,PHI,23.0,71,40,31,0.563,23.8,112.4,112.7,112.7,110.4,111.9,111.9,2.0,0.8,0.8,0.069,1.55,14.6,0.075,0.118,0.096,9.4,9.3,0.565,0.597,0.125,0.129,102.07,101.23,84.36,101.23,0.078,3560,215,399,3.0,5.6,0.539,98,110,412,228,212,247,246,246,183,245,245,199,233,233,504,353,390,112,292,195,246,242,189,198,498,500,282,339,339,369,200,227,275,322,95,1,24.4,0.2142857142857143,0.3214285714285714,0.5987455255645924,-0.0017455255645923,0.5,0.4794807406937718,49.2,7.225563909774436,0.06766917293233082,0.007518796992481203,0.03508771929824561,0.22556390977443608,0.16541353383458646,399,28.7,0.171339,0.28844949494949496,0.49200000000000005,39.0
1642270,Donovan Clingan,Donovan,1610612757,POR,22.0,77,41,36,0.532,27.2,4.6,8.9,0.52,1.1,3.2,0.341,1.8,2.6,0.68,4.5,7.1,11.6,2.1,1.2,0.6,1.7,0.5,2.4,2.3,12.1,0.2,34.7,37,0,31.4,37,97,102,272,144,145,175,111,243,234,284,157,133,448,3,15,3,226,215,330,8,155,103,135,158,237,54,7,38,75,1,Donovan Clingan,Donovan,1610612757,POR,22.0,77,41,36,0.532,27.2,112.2,113.9,113.9,113.1,113.8,113.8,-0.9,0.1,0.1,0.112,1.71,15.7,0.149,0.254,0.199,9.2,9.2,0.582,0.604,0.163,0.166,102.92,101.86,84.89,101.86,0.139,4447,356,684,4.6,8.9,0.52,37,97,472,272,144,254,186,186,315,333,333,281,251,251,321,296,339,11,12,8,227,228,140,179,328,341,215,283,283,49,86,103,145,175,111,1,37.4,0.3595505617977528,0.2921348314606741,0.5879412655553702,0.0160587344446297,0.52,0.5386905342537671,52.7,10.453216374269006,0.03508771929824561,0.007309941520467836,0.014619883040935672,0.1154970760233918,0.3230994152046784,684,22.3,0.134692,0.2267542087542088,0.527,37.7
1628378,Donovan Mitchell,Donovan,1610612739,CLE,29.0,70,45,25,0.643,33.5,9.7,20.0,0.483,3.2,8.8,0.364,5.3,6.1,0.865,0.7,3.8,4.5,5.7,2.8,1.5,0.3,0.7,2.3,4.6,27.9,5.3,44.3,5,0,44.8,105,60,246,136,28,9,5,203,10,8,203,21,22,106,310,129,166,33,27,29,287,95,111,27,7,39,12,96,38,12,1,Donovan Mitchell,Donovan,1610612739,CLE,29.0,70,45,25,0.643,33.5,119.2,119.3,119.3,112.0,112.1,112.1,7.2,7.2,7.2,0.266,2.01,18.3,0.021,0.108,0.065,9.1,9.0,0.563,0.613,0.311,0.321,103.18,103.13,85.94,103.13,0.152,5035,678,1403,9.7,20.0,0.483,105,60,326,136,28,36,51,51,263,253,253,77,79,79,63,206,265,451,336,381,216,209,193,140,12,11,194,190,190,26,7,5,9,5,203,1,79.5,0.44,0.305,0.5736251735656026,0.0393748264343973,0.5457142857142856,0.6162304596775091,57.4,15.199572344975053,0.39272986457590875,0.029223093371347115,0.12116892373485388,0.1511047754811119,0.006414825374198147,1403,72.8,0.446264,0.7512861952861953,0.574,66.3
1628978,Donte DiVincenzo,Donte,1610612750,MIN,29.0,82,49,33,0.598,30.4,4.1,10.2,0.406,3.0,7.9,0.379,1.0,1.3,0.743,0.8,3.3,4.1,3.8,1.4,1.3,0.4,0.2,2.4,1.5,12.2,4.1,26.4,1,0,26.5,1,37,135,182,79,183,137,461,17,17,158,307,299,356,259,171,191,83,165,56,195,437,95,233,154,58,134,201,38,122,1,Donte DiVincenzo,Donte,1610612750,MIN,29.0,82,49,33,0.598,30.4,115.5,116.3,116.3,108.5,110.0,110.0,6.9,6.2,6.2,0.164,2.65,23.9,0.026,0.1,0.064,9.0,9.0,0.552,0.567,0.164,0.168,103.13,102.07,85.06,102.07,0.084,5306,339,835,4.1,10.2,0.406,1,37,435,182,79,125,113,113,114,160,160,82,91,91,195,107,132,400,368,388,207,207,244,320,323,330,199,268,268,319,96,65,183,137,461,1,39.6,0.7745098039215688,0.1274509803921568,0.5533611741985691,0.0136388258014308,0.4142857142857141,0.5306428933451508,46.1,20.3748502994012,0.19520958083832335,0.013173652694610778,0.023952095808383235,0.07065868263473053,0.015568862275449102,835,54.1,0.306747,0.5164090909090909,0.461,48.9
1627827,Dorian Finney-Smith,Dorian,1610612745,HOU,33.0,37,23,14,0.622,16.8,1.2,3.6,0.333,0.7,2.7,0.27,0.2,0.2,0.889,0.9,1.6,2.5,1.0,0.6,0.4,0.2,0.2,1.6,0.2,3.3,0.4,9.0,0,0,8.7,377,268,397,156,352,485,423,539,328,288,445,520,533,72,216,407,363,411,408,419,405,461,300,537,478,220,468,284,38,461,1,Dorian Finney-Smith,Dorian,1610612745,HOU,33.0,37,23,14,0.622,16.8,109.4,109.4,109.4,108.2,107.6,107.6,1.2,1.8,1.8,0.078,1.64,18.6,0.054,0.087,0.071,11.3,11.3,0.436,0.452,0.104,0.108,99.03,99.32,82.76,99.32,0.034,1280,44,132,1.2,3.6,0.333,377,268,175,156,352,378,380,380,105,92,92,221,207,207,468,318,250,187,442,341,417,420,522,538,549,553,478,465,465,556,427,397,485,423,539,1,9.8,0.75,0.0555555555555555,0.5463581805345851,-0.094358180534585,0.0857142857142858,0.1714883737559726,12.0,19.151515151515152,0.05303030303030303,0.06060606060606061,0.007575757575757576,0.05303030303030303,0.10606060606060606,132,50.3,0.227356,0.3827542087542088,0.12,25.1
203926,Doug McDermott,Doug,1610612758,SAC,34.0,29,8,21,0.276,15.1,1.9,4.8,0.388,1.7,4.2,0.39,0.3,0.3,0.889,0.2,1.0,1.3,0.8,0.4,0.2,0.1,0.0,1.0,0.2,5.7,-3.5,8.9,0,0,10.0,415,440,305,466,389,397,362,497,136,157,119,504,524,72,510,476,493,461,473,518,431,535,472,556,376,473,471,284,38,423,1,Doug McDermott,Doug,1610612758,SAC,34.0,29,8,21,0.276,15.1,105.4,104.2,104.2,115.7,115.3,115.3,-10.3,-11.1,-11.1,0.073,1.69,12.4,0.014,0.068,0.04,7.3,7.3,0.561,0.574,0.146,0.15,100.7,101.48,84.56,101.48,0.055,929,54,139,1.9,4.8,0.388,415,440,262,466,389,494,501,501,431,399,399,490,499,499,486,302,463,508,536,553,101,103,203,291,405,411,380,319,319,511,407,391,397,362,497,1,15.2,0.8750000000000001,0.0625,0.5421903028700038,0.0318096971299961,0.4342857142857141,0.5910718884065744,49.7,23.41726618705036,0.08633093525179857,0.02158273381294964,0.02158273381294964,0.007194244604316547,0.014388489208633094,139,50.4,0.289296,0.48703030303030304,0.49700000000000005,49.2
1642962,Drake Powell,Drake,1610612751,BKN,20.0,63,16,47,0.254,20.9,2.3,5.7,0.402,0.8,2.9,0.28,1.1,1.2,0.896,0.3,1.4,1.8,1.4,1.0,0.6,0.2,0.4,1.4,0.8,6.5,-7.1,12.2,0,0,12.1,194,348,32,484,270,356,317,471,309,271,435,271,314,59,467,420,450,321,280,330,340,230,366,399,341,552,393,284,38,386,1,Drake Powell,Drake,1610612751,BKN,20.0,63,16,47,0.254,20.9,99.8,100.3,100.3,115.3,116.3,116.3,-15.5,-16.1,-16.1,0.113,1.52,16.8,0.016,0.07,0.042,11.0,11.1,0.473,0.521,0.149,0.154,99.22,98.56,82.14,98.56,0.053,2704,144,358,2.3,5.7,0.402,194,348,548,484,270,545,533,533,411,434,434,541,543,543,319,369,313,499,531,545,392,392,485,459,396,397,465,501,501,518,280,250,356,317,471,1,24.3,0.5087719298245613,0.2105263157894736,0.5727973633553902,-0.0517973633553902,0.2828571428571429,0.3130284994123897,29.5,15.793296089385475,0.25977653631284914,0.013966480446927373,0.11452513966480447,0.15363128491620112,0.008379888268156424,358,60.8,0.316768,0.5332794612794614,0.295,41.4
203110,Draymond Green,Draymond,1610612744,GSW,36.0,68,31,37,0.456,27.5,3.0,7.2,0.418,1.5,4.6,0.326,0.9,1.2,0.702,0.8,4.7,5.5,5.5,2.7,0.9,0.6,0.2,2.9,1.6,8.4,-2.0,25.2,2,0,23.9,135,188,93,351,138,278,241,432,161,134,344,324,311,423,265,70,101,37,36,164,124,392,32,212,265,403,151,159,38,155,1,Draymond Green,Draymond,1610612744,GSW,36.0,68,31,37,0.456,27.5,110.0,109.4,109.4,112.5,113.6,113.6,-2.6,-4.3,-4.3,0.278,2.08,34.7,0.029,0.168,0.098,16.7,16.7,0.52,0.54,0.158,0.163,101.92,101.72,84.77,101.72,0.084,3976,205,491,3.0,7.2,0.418,135,188,482,351,138,354,382,382,283,321,321,316,359,359,56,185,24,380,118,190,550,548,372,405,361,358,296,295,295,323,211,184,278,241,432,1,31.7,0.6388888888888888,0.1666666666666666,0.5624909635097245,-0.0224909635097244,0.3371428571428572,0.410489774632463,36.6,17.010183299389002,0.018329938900203666,0.012219959266802444,0.03054989816700611,0.15478615071283094,0.028513238289205704,491,40.7,0.21978000000000003,0.37000000000000005,0.36600000000000005,36.8
1629234,Drew Eubanks,Drew,1610612758,SAC,29.0,42,10,32,0.238,13.1,2.2,3.7,0.596,0.0,0.2,0.143,0.8,1.4,0.561,0.9,2.1,3.0,0.5,0.7,0.4,0.6,0.3,1.4,1.2,5.2,-3.7,11.7,1,0,10.7,348,411,149,501,421,363,419,58,508,521,505,353,286,516,217,317,299,521,365,454,123,358,379,289,396,483,402,201,38,411,1,Drew Eubanks,Drew,1610612758,SAC,29.0,42,10,32,0.238,13.1,105.7,106.4,106.4,117.2,117.8,117.8,-11.4,-11.4,-11.4,0.052,0.63,8.3,0.069,0.154,0.112,13.0,13.0,0.599,0.605,0.161,0.165,102.78,102.17,85.14,102.17,0.082,1165,93,156,2.2,3.7,0.596,348,411,424,501,421,487,467,467,474,476,476,511,502,502,548,543,551,138,153,135,501,501,105,175,341,347,224,262,262,335,350,381,363,419,58,1,17.0,0.054054054054054,0.3783783783783783,0.6068464424403838,-0.0018464424403837,0.5228571428571427,0.4791451318350361,50.5,5.948717948717949,0.07692307692307693,0.00641025641025641,0.0641025641025641,0.10256410256410256,0.15384615384615385,156,23.4,0.14156999999999997,0.2383333333333333,0.505,37.2
1630696,Dru Smith,Dru,1610612748,MIA,28.0,70,38,32,0.543,16.3,1.9,4.6,0.415,0.5,1.8,0.295,1.2,1.5,0.829,0.9,1.6,2.5,2.6,0.8,1.4,0.3,0.4,1.6,1.3,5.6,-1.2,16.9,0,0,14.7,105,128,149,262,365,392,367,441,383,367,418,241,263,175,230,405,372,178,348,33,277,214,325,275,378,345,304,284,38,336,1,Dru Smith,Dru,1610612748,MIA,28.0,70,38,32,0.543,16.3,108.7,107.1,107.1,109.6,110.3,110.3,-0.9,-3.2,-3.2,0.214,3.27,29.8,0.047,0.085,0.066,9.1,9.1,0.474,0.532,0.142,0.151,106.77,107.2,89.34,107.2,0.091,2548,135,325,1.9,4.6,0.415,105,128,424,262,365,401,449,449,141,171,171,282,331,331,115,43,51,218,453,374,217,212,484,428,419,410,38,30,30,267,290,268,392,367,441,1,20.2,0.391304347826087,0.3260869565217391,0.596502415005145,-0.0645024150051449,0.3142857142857143,0.2707766178423945,29.7,12.276923076923078,0.10153846153846154,0.027692307692307693,0.036923076923076927,0.15076923076923077,0.04923076923076923,325,42.4,0.22556800000000002,0.3797441077441078,0.297,33.8
1629130,Duncan Robinson,Duncan,1610612765,DET,32.0,77,58,19,0.753,27.4,4.1,9.1,0.456,2.9,7.0,0.41,1.1,1.4,0.755,0.4,2.3,2.7,2.1,0.7,0.6,0.3,0.2,2.2,1.5,12.2,7.0,20.4,0,0,21.5,37,5,333,45,139,184,168,293,22,32,72,277,276,331,449,292,343,227,371,330,287,407,150,229,155,18,228,284,38,192,1,Duncan Robinson,Duncan,1610612765,DET,32.0,77,58,19,0.753,27.4,118.6,120.8,120.8,108.8,109.5,109.5,9.8,11.3,11.3,0.094,2.94,16.7,0.014,0.08,0.047,5.7,5.6,0.613,0.629,0.152,0.156,102.5,101.22,84.35,101.22,0.078,4471,318,698,4.1,9.1,0.456,37,5,236,45,139,46,29,29,119,138,138,49,47,47,399,72,316,516,490,523,48,47,84,104,385,390,249,340,340,368,113,98,184,168,293,1,34.6,0.7692307692307693,0.1538461538461538,0.5597589205782036,0.0692410794217963,0.5914285714285714,0.7155535808225897,64.1,20.303724928366762,0.17908309455587393,0.01862464183381089,0.025787965616045846,0.054441260744985676,0.012893982808022923,698,53.6,0.337144,0.5675824915824916,0.6409999999999999,60.4
203939,Dwight Powell,Dwight,1610612742,DAL,34.0,63,19,44,0.302,14.4,1.0,1.6,0.644,0.0,0.1,0.286,1.2,1.8,0.696,1.5,2.6,4.1,1.1,0.7,0.5,0.3,0.2,2.1,1.7,3.3,-0.1,11.8,3,0,10.3,194,316,43,446,403,498,545,29,504,530,428,242,220,431,102,256,193,378,390,358,245,429,172,203,475,273,400,128,38,420,1,Dwight Powell,Dwight,1610612742,DAL,34.0,63,19,44,0.302,14.4,110.3,110.4,110.4,112.6,110.9,110.9,-2.3,-0.5,-0.5,0.095,1.66,26.6,0.101,0.17,0.136,16.0,15.8,0.653,0.699,0.084,0.089,103.8,104.58,87.15,104.58,0.073,1971,65,101,1.0,1.6,0.644,194,316,533,446,403,337,341,341,285,201,201,311,269,269,388,314,84,67,113,78,545,544,42,24,574,574,147,98,98,404,387,423,498,545,29,1,7.6,0.0625,1.125,0.7579592063079956,-0.0589592063079956,0.7914285714285711,0.2892110960205482,59.1,3.366336633663366,0.009900990099009901,0.019801980198019802,0.009900990099009901,0.46534653465346537,0.1782178217821782,101,31.0,0.21669,0.3647979797979798,0.5910000000000001,47.8
1642928,Dylan Cardwell,Dylan,1610612758,SAC,24.0,44,13,31,0.295,20.6,2.4,4.1,0.587,0.0,0.1,0.5,0.6,1.2,0.51,3.3,4.2,7.5,1.4,0.9,0.7,1.5,0.4,3.7,1.2,5.4,-1.5,22.3,3,0,18.8,336,384,160,449,277,339,401,62,499,533,13,409,326,530,14,97,40,328,304,272,16,221,5,308,390,369,194,128,38,245,1,Dylan Cardwell,Dylan,1610612758,SAC,24.0,44,13,31,0.295,20.6,108.0,108.6,108.6,112.3,111.1,111.1,-4.3,-2.5,-2.5,0.095,1.59,20.5,0.148,0.202,0.174,12.9,12.9,0.592,0.591,0.108,0.11,100.05,100.31,83.59,100.31,0.089,1886,105,179,2.4,4.1,0.587,336,384,412,449,277,425,405,405,274,216,216,355,315,315,396,330,198,12,54,29,494,497,122,219,541,544,421,412,412,282,332,367,339,401,62,1,15.3,0.024390243902439,0.2926829268292683,0.5964760126019577,-0.0054760126019577,0.4828571428571426,0.4670746442176346,47.7,4.407821229050279,0.07262569832402235,0.0335195530726257,0.055865921787709494,0.1564245810055866,0.27932960893854747,179,26.8,0.158388,0.2666464646464647,0.47700000000000004,37.2
1642844,Dylan Harper,Dylan,1610612759,SAS,20.0,69,53,16,0.768,22.6,4.8,9.5,0.505,0.9,2.6,0.343,1.3,1.7,0.756,0.8,2.6,3.4,3.9,1.4,0.8,0.3,0.8,2.0,1.4,11.8,4.4,23.6,0,0,22.2,118,19,368,36,231,138,153,148,300,298,278,225,230,329,275,247,259,81,166,219,239,54,201,257,168,53,171,284,38,180,1,Dylan Harper,Dylan,1610612759,SAS,20.0,69,53,16,0.768,22.6,116.3,116.9,116.9,106.8,107.4,107.4,9.5,9.5,9.5,0.246,2.69,24.9,0.033,0.106,0.07,9.3,9.2,0.551,0.574,0.211,0.218,102.03,101.49,84.57,101.49,0.113,3290,331,656,4.8,9.5,0.505,118,19,202,36,231,99,102,102,71,90,90,50,57,57,83,99,115,323,348,349,230,229,247,287,140,140,289,316,316,127,102,113,138,153,148,1,39.4,0.2736842105263158,0.1789473684210526,0.5616654494841486,0.0123345505158513,0.4342857142857141,0.5263053993765968,47.1,10.208841463414634,0.21189024390243902,0.019817073170731708,0.09908536585365854,0.2698170731707317,0.042682926829268296,656,54.1,0.310534,0.5227845117845118,0.47100000000000003,49.7
1630700,Dyson Daniels,Dyson,1610612737,ATL,23.0,76,44,32,0.579,33.2,5.3,10.2,0.517,0.3,1.5,0.188,1.0,1.6,0.615,2.4,4.4,6.8,5.9,1.8,2.0,0.4,0.6,2.2,1.7,11.9,4.0,34.3,15,2,29.6,54,67,149,201,37,112,135,120,445,401,497,301,247,498,41,80,59,32,103,6,201,148,149,200,165,60,57,36,16,92,1,Dyson Daniels,Dyson,1610612737,ATL,23.0,76,44,32,0.579,33.2,115.7,116.8,116.8,109.5,110.6,110.6,6.2,6.2,6.2,0.23,3.33,31.8,0.071,0.129,0.1,9.6,9.5,0.532,0.542,0.157,0.16,104.24,103.18,85.98,103.18,0.106,5403,402,777,5.3,10.2,0.517,54,67,424,201,37,114,106,106,132,184,184,89,93,93,97,39,33,127,241,179,261,260,327,398,362,372,130,185,185,171,62,80,112,135,120,1,40.3,0.1470588235294117,0.1568627450980392,0.5642636469497646,-0.0222636469497645,0.3428571428571429,0.4112457379008618,37.0,6.861003861003861,0.06435006435006435,0.009009009009009009,0.021879021879021878,0.25611325611325614,0.08751608751608751,777,30.4,0.164768,0.2773872053872054,0.37,32.4
1630604,E.J. Liddell,E.J.,1610612751,BKN,25.0,26,5,21,0.192,13.4,2.1,4.3,0.486,0.7,2.0,0.346,0.8,1.0,0.808,0.5,2.1,2.7,0.9,0.6,0.2,0.4,0.3,1.7,1.1,5.7,-1.8,11.5,1,0,11.2,425,474,305,535,417,376,390,193,343,348,270,341,360,217,363,313,346,422,412,507,220,349,271,316,377,392,406,201,38,401,1,E.J. Liddell,E.J.,1610612751,BKN,25.0,26,5,21,0.192,13.4,108.3,108.1,108.1,114.9,114.6,114.6,-6.6,-6.5,-6.5,0.114,1.6,14.9,0.039,0.174,0.102,9.3,9.3,0.568,0.6,0.168,0.173,99.35,99.52,82.93,99.52,0.087,724,54,111,2.1,4.3,0.486,425,474,262,535,417,415,419,419,399,368,368,417,410,410,314,325,380,286,106,169,238,232,183,184,303,309,461,453,453,294,407,413,376,390,193,1,17.0,0.4651162790697674,0.2325581395348837,0.5752442766749232,0.0247557233250768,0.5085714285714285,0.5676132143279804,53.2,14.216216216216216,0.16216216216216217,0.0,0.05405405405405406,0.07207207207207207,0.05405405405405406,111,40.4,0.24239999999999998,0.40808080808080804,0.532,47.0
1642856,Egor Dëmin,Egor,1610612751,BKN,20.0,52,14,38,0.269,25.2,3.4,8.6,0.399,2.4,6.2,0.385,1.0,1.3,0.831,0.4,2.8,3.2,3.3,1.7,0.8,0.3,0.3,1.8,1.2,10.3,-3.1,20.9,1,0,21.5,286,374,81,473,185,231,184,479,54,58,140,282,303,169,429,229,284,115,128,206,255,319,261,302,204,459,218,201,38,194,1,Egor Dëmin,Egor,1610612751,BKN,20.0,52,14,38,0.269,25.2,107.6,109.5,109.5,115.3,115.4,115.4,-7.7,-5.9,-5.9,0.199,2.01,23.5,0.015,0.116,0.063,11.7,11.7,0.537,0.561,0.182,0.185,100.08,99.16,82.63,99.16,0.081,2702,179,449,3.4,8.6,0.399,286,374,491,473,185,440,373,373,413,406,406,438,398,398,139,204,138,504,301,396,438,439,305,345,232,252,416,469,469,343,240,207,231,184,479,1,34.1,0.7209302325581396,0.1511627906976744,0.5563101054656989,0.0046898945343011,0.3971428571428572,0.5008823544272244,43.9,20.07349665924276,0.32293986636971045,0.011135857461024499,0.06904231625835189,0.10690423162583519,0.0022271714922048997,449,66.4,0.37250400000000006,0.6271111111111113,0.439,53.3
1641989,Elijah Harkless,Elijah,1610612762,UTA,26.0,26,5,21,0.192,21.0,2.1,6.2,0.335,0.8,3.4,0.239,1.9,2.5,0.766,0.4,1.7,2.0,2.9,1.0,1.2,0.2,0.4,2.0,2.7,6.8,-1.3,16.9,1,0,15.4,425,474,305,535,268,376,294,537,310,218,472,146,147,312,444,395,415,147,257,70,336,256,203,93,329,348,303,201,38,319,1,Elijah Harkless,Elijah,1610612762,UTA,26.0,26,5,21,0.192,21.0,113.4,113.5,113.5,115.3,116.0,116.0,-1.9,-2.5,-2.5,0.177,2.88,25.8,0.018,0.077,0.047,8.9,9.0,0.401,0.471,0.162,0.165,104.2,103.83,86.53,103.83,0.055,1177,54,161,2.1,6.2,0.335,425,474,262,535,268,197,211,211,412,427,427,301,316,316,171,75,100,484,500,521,201,206,545,521,333,348,132,143,143,509,407,377,376,294,537,1,25.6,0.5483870967741935,0.4032258064516129,0.6079319243791572,-0.1369319243791572,0.1399999999999999,0.0299052592200393,9.6,15.79503105590062,0.15527950310559005,0.012422360248447204,0.06832298136645963,0.15527950310559005,0.018633540372670808,161,50.6,0.23832599999999998,0.4012222222222222,0.096,24.9
1630679,Ethan Thompson,Ethan,1610612754,IND,27.0,32,8,24,0.25,20.4,2.3,6.1,0.378,1.2,3.6,0.328,1.2,1.5,0.787,0.5,1.6,2.2,1.8,0.8,0.6,0.3,0.4,2.2,1.4,7.0,0.0,14.2,0,0,13.9,400,440,258,485,285,352,296,511,221,197,340,256,270,259,369,400,406,265,351,303,291,234,158,251,326,250,358,284,38,351,1,Ethan Thompson,Ethan,1610612754,IND,27.0,32,8,24,0.25,20.4,110.6,109.8,109.8,110.7,109.9,109.9,-0.1,-0.1,-0.1,0.122,2.28,19.3,0.025,0.078,0.051,8.4,8.4,0.474,0.515,0.154,0.16,101.11,101.84,84.87,101.84,0.051,1387,74,196,2.3,6.1,0.378,400,440,309,485,285,326,366,366,196,151,151,252,258,258,293,157,228,415,498,489,169,165,483,475,374,375,355,285,285,526,373,354,352,296,511,1,23.1,0.5901639344262296,0.2459016393442623,0.5784281336177103,-0.0634281336177102,0.2657142857142858,0.274349244794731,26.9,17.23469387755102,0.1989795918367347,0.015306122448979591,0.10204081632653061,0.10714285714285714,0.02040816326530612,196,56.2,0.28943,0.48725589225589233,0.269,37.8
1630596,Evan Mobley,Evan,1610612739,CLE,24.0,65,40,25,0.615,31.9,7.2,13.2,0.546,1.0,3.2,0.297,2.8,4.6,0.606,2.4,6.6,9.0,3.6,1.9,0.7,1.7,0.7,2.4,3.5,18.2,3.4,39.9,27,0,36.7,166,110,246,163,52,40,70,89,284,231,413,80,51,503,43,20,19,99,91,239,7,72,89,58,61,73,30,14,38,39,1,Evan Mobley,Evan,1610612739,CLE,24.0,65,40,25,0.615,31.9,116.8,117.0,117.0,111.0,111.3,111.3,5.8,5.7,5.7,0.168,1.92,17.4,0.073,0.196,0.135,9.1,9.1,0.582,0.596,0.221,0.227,102.14,101.89,84.91,101.89,0.135,4391,469,859,7.2,13.2,0.546,166,110,326,163,52,85,97,97,210,223,223,101,107,107,189,238,291,118,62,79,211,211,139,200,117,117,279,281,281,60,43,61,40,70,89,1,55.3,0.2424242424242424,0.3484848484848484,0.5932097780378358,0.0027902219621641,0.4971428571428571,0.4945648090324956,49.6,9.110593713620489,0.18277066356228172,0.009313154831199068,0.0570430733410943,0.21769499417927823,0.1210710128055879,859,41.6,0.24793600000000002,0.41740067340067344,0.49600000000000005,45.7
1630532,Franz Wagner,Franz,1610612753,ORL,24.0,34,20,14,0.588,30.0,7.2,14.9,0.481,1.4,4.1,0.345,4.8,5.8,0.823,1.3,3.9,5.2,3.3,1.7,0.9,0.3,1.0,2.1,4.5,20.6,2.4,33.9,0,0,33.0,394,302,397,191,90,41,49,207,178,173,274,28,29,193,136,115,123,116,122,145,259,22,167,28,37,113,60,284,38,63,1,Franz Wagner,Franz,1610612753,ORL,24.0,34,20,14,0.588,30.0,113.7,114.2,114.2,110.0,110.6,110.6,3.7,3.6,3.6,0.175,1.95,14.7,0.041,0.128,0.084,7.6,7.6,0.529,0.588,0.256,0.264,105.4,104.86,87.38,104.86,0.134,2226,244,507,7.2,14.9,0.481,394,302,175,191,90,184,177,177,161,186,186,154,152,152,172,230,386,260,242,255,116,117,345,229,55,57,66,86,86,62,167,180,41,49,207,1,60.2,0.2751677852348993,0.3892617449664429,0.5969399951644111,-0.0089399951644111,0.4742857142857142,0.4555548342220464,46.7,10.840236686390533,0.19723865877712032,0.01972386587771203,0.08481262327416174,0.21301775147928995,0.023668639053254437,507,51.0,0.29988,0.5048484848484849,0.467,48.6
1641713,GG Jackson,GG,1610612763,MEM,21.0,55,16,39,0.291,21.4,4.6,9.3,0.496,1.2,3.5,0.332,2.0,2.7,0.742,0.9,3.4,4.3,1.5,1.5,0.6,0.8,0.6,1.4,1.9,12.5,-1.5,22.4,1,0,22.1,258,348,76,450,258,144,159,171,226,207,329,131,122,359,228,158,179,313,143,340,75,113,377,171,145,376,192,201,38,182,1,GG Jackson,GG,1610612763,MEM,21.0,55,16,39,0.291,21.4,113.4,114.0,114.0,116.8,117.5,117.5,-3.4,-3.5,-3.5,0.103,0.95,10.9,0.04,0.154,0.097,11.4,11.4,0.558,0.591,0.23,0.236,103.43,102.85,85.7,102.85,0.108,2525,255,514,4.6,9.3,0.496,258,348,503,450,258,199,182,182,464,468,468,339,340,340,362,514,513,272,151,194,421,424,215,218,93,93,173,207,207,162,153,174,144,159,171,1,41.2,0.3763440860215054,0.2903225806451613,0.5801415061275452,0.0108584938724547,0.4828571428571426,0.5213966298409295,49.8,11.780155642023347,0.17898832684824903,0.02529182879377432,0.029182879377431907,0.23346303501945526,0.05252918287937743,514,49.6,0.293136,0.49349494949494954,0.498,49.6
1629216,Gabe Vincent,Gabe,1610612737,ATL,29.0,53,36,17,0.679,16.6,1.4,4.1,0.352,1.1,3.3,0.341,0.4,0.4,0.87,0.3,0.7,1.0,1.4,0.5,0.5,0.1,0.2,1.5,0.6,4.4,0.7,8.9,0,0,9.1,276,151,359,99,357,452,400,531,240,225,285,473,497,99,478,533,524,323,443,371,505,431,344,442,430,197,470,284,38,456,2,Gabe Vincent,Gabe,1610612737,ATL,29.0,53,36,17,0.679,16.6,117.7,117.3,117.3,115.8,116.0,116.0,2.0,1.3,1.3,0.109,2.81,23.2,0.02,0.041,0.03,8.2,8.2,0.488,0.511,0.119,0.123,101.84,101.94,84.95,101.94,0.033,1873,76,216,1.4,4.1,0.352,276,151,216,99,357,66,90,90,434,422,422,198,219,219,336,81,142,463,568,571,158,155,460,483,514,512,304,278,278,557,371,340,452,400,531,2,13.8,0.8048780487804879,0.0975609756097561,0.552352869735642,-0.041352869735642,0.2542857142857142,0.34776267599393,29.2,21.63425925925926,0.2916666666666667,0.023148148148148147,0.06018518518518518,0.041666666666666664,0.009259259259259259,216,65.9,0.336749,0.5669175084175085,0.292,42.9
203914,Gary Harris,Gary,1610612749,MIL,31.0,48,15,33,0.313,13.8,1.0,2.2,0.442,0.6,1.4,0.412,0.2,0.2,0.889,0.3,0.9,1.3,1.1,0.4,0.6,0.2,0.1,1.1,0.1,2.7,-2.8,7.6,0,0,7.1,310,365,135,441,413,509,521,341,374,416,68,531,542,72,467,495,494,383,490,342,373,511,443,560,508,441,491,284,38,490,1,Gary Harris,Gary,1610612749,MIL,31.0,48,15,33,0.313,13.8,106.1,105.9,105.9,116.6,115.5,115.5,-10.6,-9.6,-9.6,0.105,2.68,28.8,0.025,0.072,0.048,10.7,10.7,0.577,0.593,0.082,0.086,98.34,98.9,82.42,98.9,0.048,1361,46,104,1.0,2.2,0.442,310,365,435,441,413,478,478,478,459,408,408,499,470,470,358,102,59,417,521,512,361,359,152,213,575,575,509,483,483,535,423,419,509,521,341,1,4.3,0.6363636363636362,0.0909090909090909,0.5563424740470789,0.036657525952921,0.4885714285714284,0.6071938133655954,53.6,17.903846153846153,0.14423076923076922,0.009615384615384616,0.08653846153846154,0.07692307692307693,0.019230769230769232,104,49.9,0.295907,0.49815993265993264,0.536,51.7
1627780,Gary Payton II,Gary,1610612744,GSW,33.0,73,33,40,0.452,15.6,3.3,5.7,0.583,0.5,1.7,0.291,0.4,0.5,0.65,1.4,2.2,3.6,1.7,0.8,0.9,0.3,0.2,1.8,0.5,7.5,-1.5,17.1,2,0,15.7,78,175,69,356,382,242,316,63,392,384,425,484,470,471,122,299,233,275,318,152,286,408,258,462,304,368,296,159,38,309,1,Gary Payton II,Gary,1610612744,GSW,33.0,73,33,40,0.452,15.6,113.6,111.2,111.2,113.1,113.5,113.5,0.5,-2.3,-2.3,0.164,1.98,19.9,0.084,0.143,0.113,10.0,10.0,0.628,0.632,0.177,0.186,101.75,102.7,85.58,102.7,0.114,2420,242,415,3.3,5.7,0.583,78,175,508,356,382,190,307,307,314,309,309,240,308,308,194,221,213,91,184,131,295,297,66,96,259,247,309,215,215,122,169,219,242,316,63,1,24.4,0.2982456140350877,0.087719298245614,0.5477678440439016,0.0842321559560984,0.5999999999999999,0.7654078598759371,66.6,9.093975903614458,0.04819277108433735,0.00963855421686747,0.00963855421686747,0.26265060240963856,0.12048192771084337,415,31.8,0.20097600000000002,0.3383434343434344,0.6659999999999999,50.2
1629018,Gary Trent Jr.,Gary,1610612749,MIL,27.0,65,24,41,0.369,21.2,2.8,7.3,0.387,1.9,5.3,0.36,0.6,0.8,0.769,0.1,0.9,1.0,1.2,0.6,0.5,0.0,0.2,1.3,0.7,8.1,-5.4,12.3,0,0,13.4,166,252,61,400,262,299,238,501,107,98,224,401,409,306,554,499,521,364,394,364,512,397,393,417,278,534,389,284,38,357,1,Gary Trent Jr.,Gary,1610612749,MIL,27.0,65,24,41,0.369,21.2,107.1,107.9,107.9,119.3,120.4,120.4,-12.2,-12.4,-12.4,0.082,1.93,12.9,0.006,0.044,0.024,6.7,6.7,0.517,0.533,0.167,0.173,100.35,99.53,82.94,99.53,0.047,2859,183,473,2.8,7.3,0.387,166,252,515,400,262,459,422,422,506,518,518,518,514,514,453,236,442,563,566,574,76,77,384,426,316,315,404,452,452,538,234,197,299,238,501,1,28.5,0.726027397260274,0.1095890410958904,0.5499665551532639,-0.0169665551532638,0.3171428571428571,0.4288617304541438,36.2,21.054968287526428,0.3107822410147992,0.023255813953488372,0.11416490486257928,0.023255813953488372,0.0,473,68.8,0.366704,0.6173468013468013,0.36200000000000004,49.0
203507,Giannis Antetokounmpo,Giannis,1610612749,MIL,31.0,36,17,19,0.472,28.9,10.4,16.6,0.624,0.4,1.3,0.333,6.4,9.9,0.65,2.7,7.1,9.8,5.4,3.2,0.9,0.7,1.0,2.4,8.1,27.6,2.7,49.1,19,0,46.4,384,334,333,345,114,4,28,40,415,430,302,8,2,474,29,16,17,41,13,143,110,35,99,1,9,98,5,25,38,6,1,Giannis Antetokounmpo,Giannis,1610612749,MIL,31.0,36,17,19,0.472,28.9,118.8,119.4,119.4,114.1,114.9,114.9,4.6,4.4,4.4,0.344,1.7,18.4,0.098,0.233,0.168,10.8,10.8,0.636,0.658,0.358,0.367,100.51,99.9,83.25,99.9,0.213,2163,373,598,10.4,16.6,0.624,384,334,236,345,114,44,48,48,363,385,385,131,130,130,19,297,255,75,27,35,373,373,59,60,2,3,396,429,429,4,80,136,4,28,40,1,80.7,0.0783132530120482,0.5963855421686747,0.6267930667385817,0.0312069332614183,0.6742857142857144,0.5890673386973795,64.0,5.618729096989966,0.19063545150501673,0.015050167224080268,0.13712374581939799,0.3595317725752508,0.11036789297658862,598,49.5,0.32571,0.5483333333333333,0.64,59.4
1629048,Goga Bitadze,Goga,1610612753,ORL,26.0,64,34,30,0.531,15.2,2.4,3.5,0.676,0.0,0.2,0.182,1.1,1.5,0.711,2.1,2.9,5.0,1.3,0.7,0.6,1.0,0.2,2.1,1.5,5.9,0.3,17.8,3,0,15.3,180,168,172,273,388,341,427,15,505,520,500,276,261,406,53,219,135,345,378,327,51,413,163,236,360,231,284,128,38,322,1,Goga Bitadze,Goga,1610612753,ORL,26.0,64,34,30,0.531,15.2,112.5,112.6,112.6,111.1,111.0,111.0,1.5,1.6,1.6,0.124,1.95,21.4,0.131,0.183,0.157,10.9,10.9,0.68,0.7,0.128,0.133,102.5,102.52,85.43,102.52,0.122,2069,152,225,2.4,3.5,0.676,180,168,395,273,388,235,254,254,212,207,207,213,212,212,283,228,177,27,87,46,383,382,25,22,492,490,251,230,230,92,268,335,341,427,15,1,15.8,0.0571428571428571,0.4285714285714285,0.6200321583539375,0.0799678416460624,0.794285714285714,0.751226469026703,77.7,2.96,0.044444444444444446,0.022222222222222223,0.013333333333333334,0.16,0.47555555555555556,225,14.0,0.098,0.164983164983165,0.777,47.1
1641711,Gradey Dick,Gradey,1610612761,TOR,22.0,76,43,33,0.566,14.0,2.1,5.1,0.419,0.7,2.4,0.301,1.0,1.2,0.875,0.6,1.4,1.9,0.7,0.6,0.6,0.1,0.3,1.3,0.9,6.0,1.6,10.8,1,0,10.7,54,75,135,224,406,372,348,422,326,307,401,285,327,87,357,432,432,477,423,324,478,327,384,380,359,149,421,201,38,410,1,Gradey Dick,Gradey,1610612761,TOR,22.0,76,43,33,0.566,14.0,111.1,110.8,110.8,106.4,106.7,106.7,4.7,4.1,4.1,0.066,1.21,9.9,0.038,0.095,0.066,8.1,8.1,0.492,0.538,0.176,0.183,103.24,103.25,86.04,103.25,0.07,2308,161,384,2.1,5.1,0.419,54,75,435,224,406,306,321,321,64,82,82,128,136,136,516,456,535,289,398,373,150,152,451,411,267,265,189,176,176,425,262,238,372,348,422,1,23.8,0.4705882352941176,0.2352941176470588,0.5748524893475033,-0.0368524893475032,0.3314285714285716,0.362729127482794,34.4,14.9921875,0.20052083333333334,0.010416666666666666,0.1171875,0.10677083333333333,0.028645833333333332,384,52.4,0.28191200000000005,0.47459932659932674,0.344,40.9
1629684,Grant Williams,Grant,1610612766,CHA,27.0,36,25,11,0.694,19.8,2.2,5.1,0.426,1.4,3.7,0.388,1.2,1.5,0.815,1.3,2.7,3.9,1.6,0.9,0.5,0.5,0.2,1.6,1.4,7.0,5.6,16.1,0,0,15.9,384,243,432,85,299,366,346,393,172,190,126,245,263,207,134,240,209,298,313,399,156,445,327,245,324,35,317,284,38,306,1,Grant Williams,Grant,1610612766,CHA,27.0,36,25,11,0.694,19.8,116.9,119.2,119.2,107.0,106.3,106.3,9.9,12.9,12.9,0.106,1.81,19.2,0.06,0.127,0.094,10.6,10.6,0.568,0.609,0.132,0.137,100.07,99.41,82.84,99.41,0.089,1479,78,183,2.2,5.1,0.426,384,243,144,85,299,82,53,53,77,69,69,48,30,30,352,267,232,159,250,213,345,343,181,153,475,476,419,461,461,284,367,364,366,346,393,1,19.0,0.7254901960784315,0.2941176470588235,0.5890808552529125,0.0199191447470874,0.5342857142857143,0.5515287031496944,54.1,19.94535519125683,0.16393442622950818,0.01092896174863388,0.0546448087431694,0.04918032786885246,0.01639344262295082,183,51.6,0.314244,0.5290303030303031,0.541,53.5
1628960,Grayson Allen,Grayson,1610612756,PHX,30.0,51,26,25,0.51,28.8,5.3,13.1,0.403,3.1,8.9,0.349,2.8,3.3,0.857,0.7,2.3,3.0,3.8,1.6,1.4,0.3,0.6,2.3,3.0,16.5,0.4,29.1,0,0,29.7,291,231,246,296,115,116,74,469,14,7,259,76,91,116,304,288,294,82,132,47,314,137,122,77,81,224,109,284,38,91,1,Grayson Allen,Grayson,1610612756,PHX,30.0,51,26,25,0.51,28.8,113.6,113.9,113.9,113.4,113.8,113.8,0.2,0.1,0.1,0.206,2.35,19.2,0.023,0.081,0.051,8.2,8.1,0.522,0.568,0.231,0.24,99.42,99.12,82.6,99.12,0.105,3037,269,667,5.3,13.1,0.403,291,231,326,296,115,189,188,188,327,335,335,245,252,252,129,143,229,430,484,494,152,153,362,319,89,86,458,472,472,179,145,108,116,74,469,1,51.5,0.6793893129770993,0.2519083969465648,0.570507899728914,-0.002507899728914,0.417142857142857,0.476945391464903,44.1,19.691154422788607,0.328335832083958,0.04047976011994003,0.0239880059970015,0.095952023988006,0.0014992503748125937,667,69.9,0.397032,0.6684040404040404,0.441,55.5
1627824,Guerschon Yabusele,Guerschon,1610612741,CHI,30.0,67,32,35,0.478,15.0,1.9,4.7,0.401,1.0,2.9,0.352,0.8,1.1,0.75,0.8,2.7,3.5,0.9,0.6,0.4,0.2,0.3,1.2,0.8,5.6,-2.5,12.4,4,0,12.3,147,182,112,340,392,396,366,474,259,266,247,343,345,333,250,242,245,418,401,440,330,368,419,395,380,422,387,114,38,383,2,Guerschon Yabusele,Guerschon,1610612741,CHI,30.0,67,32,35,0.478,15.0,107.6,107.4,107.4,115.5,115.3,115.3,-7.9,-7.9,-7.9,0.087,1.54,14.1,0.052,0.17,0.11,9.2,9.2,0.511,0.543,0.155,0.16,103.66,103.86,86.55,103.86,0.077,2182,125,312,1.9,4.7,0.401,147,182,459,340,392,441,437,437,424,400,400,441,435,435,429,359,405,200,114,145,224,223,399,397,371,373,161,138,138,373,306,278,396,366,474,2,20.3,0.6170212765957447,0.2340425531914893,0.5758581735977619,-0.0328581735977618,0.3457142857142858,0.3760126119316351,35.8,16.891025641025642,0.060897435897435896,0.00641025641025641,0.028846153846153848,0.15064102564102563,0.022435897435897436,312,41.8,0.226974,0.3821111111111111,0.358,37.0
1630611,Gui Santos,Gui,1610612744,GSW,23.0,68,29,39,0.426,20.5,3.4,6.8,0.5,1.1,3.3,0.351,1.3,1.8,0.725,1.1,2.8,3.9,2.3,1.5,0.9,0.3,0.5,2.1,1.8,9.2,0.5,19.6,3,0,19.0,135,203,76,371,279,234,257,156,232,224,252,231,224,386,170,227,211,202,150,164,259,201,179,193,238,217,239,128,38,239,1,Gui Santos,Gui,1610612744,GSW,23.0,68,29,39,0.426,20.5,111.7,111.7,111.7,111.8,110.7,110.7,0.0,1.0,1.0,0.168,1.56,20.6,0.052,0.138,0.094,13.2,13.2,0.585,0.609,0.181,0.188,100.39,100.89,84.08,100.89,0.097,2935,230,460,3.4,6.8,0.5,135,203,503,371,279,277,284,284,252,189,189,249,227,227,188,350,193,201,204,208,505,504,135,154,240,238,400,365,365,224,184,204,234,257,156,1,30.8,0.4852941176470588,0.2647058823529412,0.5798227491552105,0.0291772508447895,0.5342857142857143,0.5823174329546699,55.3,13.58695652173913,0.05434782608695652,0.02608695652173913,0.008695652173913044,0.22608695652173913,0.03260869565217391,460,43.0,0.26187,0.4408585858585859,0.5529999999999999,49.7
203084,Harrison Barnes,Harrison,1610612759,SAS,34.0,77,57,20,0.74,25.8,3.4,7.5,0.456,1.8,4.6,0.388,1.3,1.6,0.829,0.8,2.0,2.8,1.9,0.8,0.6,0.2,0.3,1.1,1.3,9.9,4.3,17.8,0,0,18.0,37,6,322,58,175,233,230,291,115,130,125,221,248,172,266,344,331,248,344,289,413,347,444,262,217,55,283,284,38,262,1,Harrison Barnes,Harrison,1610612759,SAS,34.0,77,57,20,0.74,25.8,117.2,118.4,118.4,110.0,110.6,110.6,7.2,7.8,7.8,0.097,2.43,17.6,0.03,0.071,0.051,7.3,7.3,0.577,0.608,0.144,0.146,102.45,101.69,84.74,101.69,0.075,4209,262,575,3.4,7.5,0.456,37,6,251,58,175,74,67,67,163,182,182,78,73,73,381,133,281,362,528,492,98,101,155,166,410,433,255,301,301,391,149,149,233,230,291,1,30.7,0.6133333333333333,0.2133333333333333,0.5731291437362233,0.0348708562637767,0.5314285714285714,0.6012520700188155,55.9,16.77913043478261,0.1443478260869565,0.01565217391304348,0.043478260869565216,0.12,0.01217391304347826,575,49.1,0.29852799999999996,0.5025723905723906,0.559,53.1
1630529,Herbert Jones,Herbert,1610612740,NOP,27.0,56,22,34,0.393,28.4,3.3,8.5,0.383,1.4,4.6,0.309,0.9,1.1,0.806,0.8,2.6,3.4,2.8,1.3,1.6,0.5,0.5,3.2,1.2,8.9,-0.9,21.9,0,0,20.6,247,277,125,390,123,249,187,505,176,131,387,321,339,218,247,258,258,154,195,18,166,196,22,307,247,323,204,284,38,212,1,Herbert Jones,Herbert,1610612740,NOP,27.0,56,22,34,0.393,28.4,112.4,113.5,113.5,113.6,114.4,114.4,-1.2,-0.9,-0.9,0.13,2.12,21.1,0.029,0.09,0.059,9.9,10.0,0.467,0.491,0.153,0.155,101.88,101.08,84.24,101.08,0.053,3337,183,478,3.3,8.5,0.383,247,277,449,390,123,242,213,213,337,360,360,289,278,278,267,177,181,376,425,428,286,288,495,505,382,393,300,350,350,517,234,191,249,187,505,1,32.3,0.5411764705882353,0.1294117647058823,0.5566182266914156,-0.0656182266914156,0.197142857142857,0.2670658778531058,22.5,15.535564853556485,0.16317991631799164,0.008368200836820083,0.058577405857740586,0.15481171548117154,0.027196652719665274,478,49.0,0.24059,0.4050336700336701,0.225,31.5
1642864,Hugo González,Hugo,1610612738,BOS,20.0,74,51,23,0.689,14.6,1.6,3.3,0.476,0.6,1.6,0.362,0.2,0.4,0.5,0.8,2.5,3.3,0.5,0.5,0.6,0.3,0.3,1.7,0.7,3.9,3.3,10.7,2,0,10.0,70,30,275,88,397,431,438,226,378,399,214,528,512,531,248,266,268,502,442,338,290,336,289,424,453,77,423,159,38,422,1,Hugo González,Hugo,1610612738,BOS,20.0,74,51,23,0.689,14.6,117.9,118.0,118.0,106.5,106.2,106.2,11.4,11.9,11.9,0.047,1.05,11.9,0.055,0.158,0.107,11.3,11.3,0.561,0.561,0.114,0.118,97.72,97.78,81.48,97.78,0.067,2201,117,246,1.6,3.3,0.476,70,30,289,88,397,63,73,73,65,68,68,36,37,37,554,490,478,184,142,151,418,417,204,343,526,525,531,539,539,450,318,322,431,438,226,1,12.6,0.4848484848484849,0.1212121212121212,0.5597238557680406,0.0012761442319594,0.3971428571428572,0.4895295966848455,43.4,13.361788617886178,0.06097560975609756,0.012195121951219513,0.028455284552845527,0.14227642276422764,0.06910569105691057,246,36.5,0.204765,0.34472222222222226,0.434,38.9
1630193,Immanuel Quickley,Immanuel,1610612761,TOR,26.0,70,41,29,0.586,31.9,5.7,12.9,0.443,2.5,6.8,0.374,2.4,3.0,0.821,0.5,3.5,4.0,5.9,1.5,1.3,0.1,0.6,2.0,2.7,16.4,1.7,32.9,8,0,31.7,105,97,189,193,53,88,79,339,43,40,173,99,107,197,359,147,196,30,162,50,496,125,202,98,83,143,73,66,38,73,1,Immanuel Quickley,Immanuel,1610612761,TOR,26.0,70,41,29,0.586,31.9,114.0,115.0,115.0,111.3,112.1,112.1,2.7,2.9,2.9,0.261,4.07,27.5,0.017,0.108,0.062,6.8,6.7,0.541,0.577,0.206,0.212,100.84,100.06,83.39,100.06,0.118,4644,401,905,5.7,12.9,0.443,105,97,379,193,53,173,146,146,223,257,257,177,178,178,73,19,71,491,335,402,79,79,285,275,150,153,376,424,424,102,64,52,88,79,339,1,51.0,0.5271317829457364,0.2325581395348837,0.5706394878853791,0.0063605121146208,0.4428571428571426,0.506438155229796,46.8,17.23204419889503,0.261878453038674,0.02983425414364641,0.08950276243093923,0.06519337016574586,0.0055248618784530384,905,61.5,0.354855,0.5973989898989899,0.46799999999999997,53.3
1630171,Isaac Okoro,Isaac,1610612741,CHI,25.0,63,26,37,0.413,26.9,3.3,7.3,0.46,1.2,3.5,0.33,1.4,1.8,0.795,1.1,1.7,2.7,1.6,0.7,0.7,0.5,0.4,2.6,1.7,9.3,-5.3,17.8,0,0,17.1,194,231,93,378,153,238,237,278,228,208,332,208,220,241,173,397,335,295,364,243,176,212,69,203,234,531,282,284,38,278,1,Isaac Okoro,Isaac,1610612741,CHI,25.0,63,26,37,0.413,26.9,111.2,112.1,112.1,118.3,120.6,120.6,-7.1,-8.5,-8.5,0.079,2.17,15.3,0.04,0.058,0.049,7.0,7.0,0.539,0.574,0.137,0.139,104.58,103.21,86.01,103.21,0.05,3634,211,459,3.3,7.3,0.46,194,231,482,378,153,300,272,272,495,525,525,426,447,447,462,173,364,271,554,505,87,87,293,283,453,465,104,181,181,529,206,205,238,237,278,1,29.4,0.4794520547945206,0.2465753424657534,0.5812137524602339,-0.0072137524602339,0.4342857142857141,0.4612956217692873,44.5,12.429193899782135,0.05228758169934641,0.010893246187363835,0.004357298474945534,0.2549019607843137,0.037037037037037035,459,38.5,0.22099,0.37203703703703705,0.445,40.9
1642268,Isaiah Collier,Isaiah,1610612762,UTA,21.0,59,16,43,0.271,25.7,4.3,8.7,0.495,0.5,1.7,0.27,2.6,3.5,0.722,0.4,2.2,2.5,7.2,2.5,1.1,0.3,0.9,2.3,2.6,11.7,-7.5,27.3,10,0,24.7,225,348,51,471,178,165,181,173,407,389,445,90,78,389,460,310,359,13,41,86,244,39,107,109,174,564,124,56,38,142,1,Isaiah Collier,Isaiah,1610612762,UTA,21.0,59,16,43,0.271,25.7,109.2,109.4,109.4,122.7,122.6,122.6,-13.4,-13.2,-13.2,0.404,2.86,35.8,0.013,0.085,0.048,12.5,12.6,0.521,0.567,0.204,0.208,104.32,104.25,86.87,104.25,0.102,3291,255,515,4.3,8.7,0.495,225,348,527,471,178,385,377,377,547,551,551,531,525,525,9,79,20,525,457,515,481,480,365,323,154,160,121,114,114,193,153,172,165,181,173,1,41.1,0.1954022988505747,0.4022988505747126,0.6056971821618097,-0.0386971821618097,0.4142857142857141,0.3565944226054155,39.1,9.545631067961166,0.26019417475728157,0.038834951456310676,0.06990291262135923,0.18640776699029127,0.003883495145631068,515,56.0,0.31752,0.5345454545454547,0.391,46.3
1628392,Isaiah Hartenstein,Isaiah,1610612760,OKC,28.0,47,39,8,0.83,24.2,3.9,6.3,0.622,0.0,0.1,0.0,1.4,2.2,0.61,3.2,6.3,9.4,3.5,1.7,1.0,0.8,0.4,2.5,2.1,9.2,7.8,29.4,11,1,25.7,320,118,468,14,202,195,290,41,517,525,517,215,171,500,16,23,18,103,112,114,82,273,78,153,237,11,105,53,23,130,1,Isaiah Hartenstein,Isaiah,1610612760,OKC,28.0,47,39,8,0.83,24.2,118.0,118.8,118.8,102.7,103.2,103.2,15.3,15.6,15.6,0.189,2.02,28.2,0.13,0.243,0.188,13.9,13.9,0.622,0.631,0.153,0.157,101.3,100.69,83.91,100.69,0.143,2383,184,296,3.9,6.3,0.622,320,118,109,14,202,59,58,58,28,38,38,20,23,23,155,202,67,28,20,13,516,514,72,98,377,386,341,380,380,40,231,285,195,290,41,1,27.7,0.0158730158730158,0.3492063492063492,0.6024191908473681,0.0285808091526319,0.5971428571428572,0.5803339082563712,59.0,4.327702702702703,0.06756756756756757,0.010135135135135136,0.057432432432432436,0.15878378378378377,0.30743243243243246,296,20.5,0.129355,0.21776936026936028,0.59,40.4
1630543,Isaiah Jackson,Isaiah,1610612746,LAC,24.0,55,20,35,0.364,16.5,2.7,4.3,0.637,0.0,0.1,0.0,1.2,1.9,0.648,2.1,3.2,5.3,0.9,1.1,0.7,0.9,0.3,2.7,1.5,6.7,-0.9,18.1,7,0,16.0,258,302,112,403,361,305,388,33,517,539,517,243,207,475,59,178,118,417,247,285,61,366,50,235,332,327,274,72,38,304,2,Isaiah Jackson,Isaiah,1610612746,LAC,24.0,55,20,35,0.364,16.5,112.4,111.8,111.8,114.3,114.7,114.7,-1.9,-2.9,-2.9,0.083,0.9,13.2,0.12,0.19,0.155,14.8,14.8,0.637,0.653,0.152,0.159,101.95,102.07,85.06,102.07,0.104,1934,151,237,2.7,4.3,0.637,258,302,459,403,361,243,282,282,368,369,369,299,320,320,446,526,432,38,75,47,529,529,57,64,384,379,294,267,267,181,270,326,305,388,33,2,20.5,0.0232558139534883,0.4418604651162791,0.6201900734806738,0.0328099265193262,0.6599999999999999,0.594398248256644,63.4,2.8143459915611815,0.08016877637130802,0.03375527426160337,0.029535864978902954,0.2109704641350211,0.31223628691983124,237,25.2,0.164556,0.27703030303030307,0.634,45.6
1630198,Isaiah Joe,Isaiah,1610612760,OKC,26.0,71,56,15,0.789,21.2,3.5,7.6,0.455,2.5,6.0,0.423,1.5,1.7,0.894,0.5,2.1,2.5,1.3,0.6,0.7,0.2,0.2,1.7,1.9,11.1,5.0,18.0,0,0,19.2,98,7,382,27,261,227,221,299,41,64,50,192,228,64,403,320,357,344,392,261,415,390,281,177,185,42,275,284,38,232,1,Isaiah Joe,Isaiah,1610612760,OKC,26.0,71,56,15,0.789,21.2,116.0,116.9,116.9,105.4,105.2,105.2,10.6,11.7,11.7,0.089,2.09,12.9,0.022,0.09,0.057,6.2,6.1,0.622,0.657,0.178,0.185,101.66,101.43,84.53,101.43,0.099,3178,247,543,3.5,7.6,0.455,98,7,187,27,261,104,104,104,52,56,56,38,40,40,423,181,441,447,428,443,66,64,73,62,255,254,316,321,321,207,164,159,227,221,299,1,32.1,0.7894736842105263,0.2236842105263158,0.5701202179370878,0.0868797820629122,0.6714285714285715,0.7742127972969419,71.3,21.51197053406998,0.1878453038674033,0.029465930018416207,0.0718232044198895,0.0570902394106814,0.0055248618784530384,543,61.6,0.404712,0.6813333333333335,0.713,69.7
1630191,Isaiah Stewart,Isaiah,1610612765,DET,25.0,58,42,16,0.724,22.7,3.8,6.9,0.55,0.7,2.1,0.333,1.7,2.3,0.756,1.7,3.3,5.0,1.1,1.2,0.3,1.6,0.4,2.9,2.1,10.0,0.7,22.2,2,0,20.6,230,87,368,71,228,199,250,86,344,335,302,172,168,330,90,160,135,373,229,489,12,245,35,149,213,200,196,159,38,211,1,Isaiah Stewart,Isaiah,1610612765,DET,25.0,58,42,16,0.724,22.7,112.1,112.8,112.8,110.0,111.0,111.0,2.1,1.8,1.8,0.073,0.99,11.2,0.07,0.135,0.103,11.3,11.3,0.6,0.632,0.164,0.17,101.81,101.0,84.17,101.0,0.095,2767,221,402,3.8,6.9,0.55,230,87,202,71,228,264,242,242,158,209,209,194,206,206,484,512,504,132,219,164,416,412,104,97,325,326,306,355,355,237,195,226,199,250,86,1,30.1,0.3043478260869565,0.3333333333333333,0.596105634070751,0.0358943659292489,0.5999999999999999,0.6046558506852336,60.2,9.25870646766169,0.06965174129353234,0.007462686567164179,0.009950248756218905,0.18407960199004975,0.13930348258706468,402,29.1,0.18391200000000002,0.3096161616161617,0.6020000000000001,45.6
1627826,Ivica Zubac,Ivica,1610612754,IND,29.0,48,17,31,0.354,30.1,6.0,10.0,0.598,0.0,0.0,0.0,2.1,3.0,0.711,3.4,7.2,10.6,2.2,1.8,0.4,0.8,0.7,2.3,3.1,14.1,-1.0,31.9,24,0,29.3,310,334,160,408,88,80,141,57,517,548,517,122,106,407,12,11,10,216,102,448,69,76,108,74,114,332,80,16,38,95,2,Ivica Zubac,Ivica,1610612754,IND,29.0,48,17,31,0.354,30.1,113.0,115.6,115.6,115.9,117.9,117.9,-2.9,-2.4,-2.4,0.11,1.22,14.3,0.117,0.234,0.178,11.7,11.7,0.598,0.622,0.186,0.189,99.48,97.51,81.26,97.51,0.13,2949,288,482,6.0,10.0,0.598,310,334,412,408,88,214,132,132,441,479,479,325,311,311,333,454,394,40,25,26,441,441,111,119,212,229,456,550,550,69,130,188,80,141,57,2,41.7,0.0,0.3,0.5895140771714105,0.0324859228285895,0.5714285714285714,0.5933207425568137,58.0,3.7385892116182573,0.18049792531120332,0.01037344398340249,0.024896265560165973,0.15767634854771784,0.21369294605809128,482,27.1,0.16856200000000002,0.28377441077441085,0.58,43.2
1629630,Ja Morant,Ja,1610612763,MEM,26.0,20,7,13,0.35,28.4,6.6,16.1,0.41,1.0,4.3,0.235,5.3,5.9,0.897,0.4,2.9,3.3,8.1,3.6,1.0,0.3,0.9,2.0,4.2,19.5,-2.5,35.8,8,0,34.4,449,452,409,409,120,59,31,452,268,155,474,23,28,58,431,222,277,5,7,121,277,40,203,36,50,423,48,66,38,48,1,Ja Morant,Ja,1610612763,MEM,26.0,20,7,13,0.35,28.4,108.1,109.5,109.5,113.2,113.9,113.9,-5.1,-4.4,-4.4,0.447,2.27,26.6,0.013,0.096,0.053,11.7,11.7,0.441,0.521,0.305,0.315,107.62,106.6,88.83,106.6,0.128,1265,132,322,6.6,16.1,0.41,449,452,165,409,120,423,374,374,317,338,338,378,369,369,4,160,83,532,389,477,439,443,515,457,18,16,26,41,41,73,295,270,59,31,452,1,66.0,0.2670807453416148,0.3664596273291925,0.5872760643318279,-0.0662760643318278,0.2828571428571429,0.2648781749738719,27.6,12.003105590062113,0.38819875776397517,0.046583850931677016,0.11801242236024845,0.15527950310559005,0.012422360248447204,322,71.6,0.373036,0.628006734006734,0.276,45.2
1642266,Ja'Kobe Walter,Ja'Kobe,1610612761,TOR,21.0,72,41,31,0.569,20.5,2.5,5.6,0.446,1.5,3.7,0.409,1.0,1.3,0.789,0.8,1.8,2.6,1.2,0.5,1.0,0.2,0.3,2.3,1.1,7.5,0.0,15.5,0,0,15.2,84,97,160,218,282,328,323,333,150,188,74,302,303,254,276,379,352,367,441,120,369,345,131,311,302,252,332,284,38,323,1,Ja'Kobe Walter,Ja'Kobe,1610612761,TOR,21.0,72,41,31,0.569,20.5,110.9,111.6,111.6,109.8,110.7,110.7,1.2,0.9,0.9,0.079,2.32,15.2,0.037,0.088,0.062,6.5,6.5,0.582,0.61,0.136,0.141,101.58,100.83,84.03,100.83,0.069,3084,180,404,2.5,5.6,0.446,84,97,412,218,282,311,296,296,148,196,196,223,230,230,460,146,369,295,439,410,72,72,141,151,456,455,327,370,370,442,238,223,328,323,333,1,23.2,0.6607142857142858,0.2321428571428571,0.5772600542506873,0.0327399457493127,0.5371428571428571,0.594165520418277,56.0,17.42079207920792,0.06930693069306931,0.024752475247524754,0.0297029702970297,0.10148514851485149,0.039603960396039604,404,45.0,0.2745,0.4621212121212122,0.56,51.1
1631095,Jabari Smith Jr.,Jabari,1610612745,HOU,23.0,77,48,29,0.623,35.1,5.7,12.7,0.449,2.3,6.3,0.363,2.1,2.7,0.775,1.4,5.5,6.9,1.9,1.4,0.7,0.9,0.7,2.5,2.1,15.8,3.4,30.4,14,0,30.1,37,41,189,155,9,90,81,320,64,54,209,124,126,294,120,37,58,254,186,245,55,87,82,151,91,74,96,38,38,88,1,Jabari Smith Jr.,Jabari,1610612745,HOU,23.0,77,48,29,0.623,35.1,115.1,117.0,117.0,110.9,112.0,112.0,4.2,5.0,5.0,0.073,1.36,10.9,0.039,0.152,0.096,8.0,8.0,0.54,0.569,0.179,0.183,98.98,97.66,81.39,97.66,0.093,5501,438,975,5.7,12.7,0.449,37,41,379,155,9,135,99,99,205,247,247,144,121,121,487,415,512,280,157,202,143,145,290,309,247,264,482,545,545,251,49,43,90,81,320,1,49.4,0.4960629921259842,0.2125984251968504,0.5700017425883147,-0.0010017425883147,0.4199999999999999,0.4819542631235738,44.5,16.30871794871795,0.2953846153846154,0.009230769230769232,0.1476923076923077,0.07179487179487179,0.04205128205128205,975,60.5,0.34424499999999997,0.5795370370370371,0.445,51.2
1630702,Jaden Hardy,Jaden,1610612764,WAS,23.0,57,13,44,0.228,15.8,3.2,7.5,0.424,1.8,4.6,0.397,1.0,1.3,0.733,0.3,1.2,1.5,1.0,1.1,0.3,0.1,0.3,1.6,1.0,9.2,-1.5,12.6,0,0,14.3,235,384,43,511,377,257,229,401,113,132,102,306,295,370,496,447,477,391,241,487,459,296,323,336,240,366,383,284,38,344,2,Jaden Hardy,Jaden,1610612764,WAS,23.0,57,13,44,0.228,15.8,111.9,112.0,112.0,117.2,116.4,116.4,-5.3,-4.4,-4.4,0.095,0.94,9.9,0.017,0.078,0.047,10.6,10.7,0.545,0.566,0.239,0.246,103.12,103.45,86.2,103.45,0.066,1936,182,429,3.2,7.5,0.424,235,384,533,511,377,270,279,279,475,435,435,382,368,368,392,516,533,495,496,522,348,356,273,327,79,79,200,167,167,457,236,217,257,229,401,2,34.5,0.6133333333333333,0.1733333333333333,0.5550847386370242,0.0109152613629757,0.4114285714285712,0.5215854156367404,45.5,17.89044289044289,0.2680652680652681,0.018648018648018648,0.08857808857808858,0.08857808857808858,0.004662004662004662,429,61.3,0.346958,0.5841043771043771,0.455,52.0
1631093,Jaden Ivey,Jaden,1610612741,CHI,24.0,37,23,14,0.622,18.1,3.1,6.9,0.445,1.4,3.6,0.373,1.0,1.3,0.809,0.6,1.8,2.5,1.8,1.1,0.6,0.4,0.5,1.4,1.1,8.5,0.7,16.1,0,0,16.2,377,268,397,156,328,270,251,334,188,198,178,284,300,216,327,370,374,258,238,306,226,170,362,326,258,198,316,284,38,297,2,Jaden Ivey,Jaden,1610612741,CHI,24.0,37,23,14,0.622,18.1,108.7,110.3,110.3,107.5,108.2,108.2,1.3,2.1,2.1,0.145,1.66,17.6,0.034,0.096,0.065,10.6,10.6,0.543,0.571,0.192,0.197,103.09,101.98,84.98,101.98,0.091,1422,114,256,3.1,6.9,0.445,377,268,175,156,328,399,342,342,90,105,105,220,199,199,234,314,285,312,387,386,347,350,280,304,195,201,205,277,277,266,321,315,270,251,334,2,27.7,0.5217391304347826,0.1884057971014492,0.5637689478218193,0.0072310521781806,0.4257142857142855,0.5093332206479814,45.9,16.61328125,0.24609375,0.02734375,0.12109375,0.078125,0.01953125,256,61.1,0.34888099999999994,0.5873417508417508,0.459,52.3
1630183,Jaden McDaniels,Jaden,1610612750,MIN,25.0,73,44,29,0.603,31.7,5.7,11.1,0.515,1.4,3.4,0.412,2.0,2.4,0.835,1.0,3.2,4.2,2.7,1.8,1.1,1.0,0.6,3.3,2.1,14.8,1.6,28.6,0,0,27.5,78,67,189,173,55,89,117,124,179,216,67,133,153,158,184,179,180,158,101,90,42,139,13,147,103,147,115,284,38,115,1,Jaden McDaniels,Jaden,1610612750,MIN,25.0,73,44,29,0.603,31.7,115.0,115.5,115.5,110.7,112.4,112.4,4.3,3.1,3.1,0.121,1.52,16.4,0.033,0.094,0.065,10.8,10.8,0.579,0.611,0.182,0.187,102.98,102.0,85.0,102.0,0.088,4908,417,809,5.7,11.1,0.515,78,67,379,173,55,139,135,135,195,265,265,141,170,170,294,367,324,329,404,387,367,371,145,145,230,242,211,273,273,290,56,70,89,117,124,1,44.8,0.3063063063063063,0.2162162162162162,0.5717299979652974,0.0392700020347025,0.54,0.6158818559690278,57.0,11.870210135970334,0.3226205191594561,0.013597033374536464,0.13102595797280595,0.15945611866501855,0.034610630407911,809,59.7,0.36476699999999995,0.6140858585858585,0.5700000000000001,59.2
1642942,Jahmai Mashack,Jahmai,1610612763,MEM,23.0,31,10,21,0.323,21.7,2.5,6.3,0.395,0.6,2.4,0.253,0.6,1.1,0.543,0.7,1.9,2.6,2.2,1.6,1.2,0.5,0.3,2.2,1.1,6.2,-6.8,16.0,2,1,14.9,407,411,305,431,252,331,291,490,359,310,456,403,335,525,295,354,349,212,137,69,181,311,154,312,350,548,321,159,23,331,1,Jahmai Mashack,Jahmai,1610612763,MEM,23.0,31,10,21,0.323,21.7,105.7,106.2,106.2,118.7,120.7,120.7,-13.0,-14.5,-14.5,0.141,1.41,21.0,0.031,0.086,0.057,14.9,14.9,0.444,0.456,0.156,0.16,105.14,104.0,86.67,104.0,0.041,1459,77,195,2.5,6.3,0.395,407,411,262,431,252,488,470,470,499,528,528,527,538,538,244,397,185,348,447,441,533,532,513,532,369,371,76,127,127,548,368,355,331,291,490,1,23.7,0.3809523809523809,0.1746031746031746,0.5660825214344447,-0.1100825214344446,0.0971428571428572,0.1191955529330108,10.6,12.112820512820512,0.15384615384615385,0.020512820512820513,0.02564102564102564,0.2153846153846154,0.035897435897435895,195,46.6,0.21249600000000002,0.3577373737373738,0.106,23.2
1631170,Jaime Jaquez Jr.,Jaime,1610612748,MIA,25.0,75,41,34,0.547,28.3,6.2,12.2,0.507,0.8,2.4,0.317,2.2,2.9,0.769,1.3,3.7,5.0,4.7,2.0,0.7,0.3,1.0,1.8,2.2,15.4,1.9,29.3,6,0,27.7,60,97,125,256,126,72,89,143,321,309,370,115,116,308,133,135,135,60,80,275,293,36,254,144,94,127,107,84,38,114,1,Jaime Jaquez Jr.,Jaime,1610612748,MIA,25.0,75,41,34,0.547,28.3,114.3,114.7,114.7,111.0,111.9,111.9,3.3,2.9,2.9,0.24,2.32,23.3,0.042,0.117,0.08,10.1,10.0,0.539,0.57,0.216,0.223,106.11,105.49,87.91,105.49,0.113,4666,464,915,6.2,12.2,0.507,60,97,449,256,126,160,154,154,211,243,243,165,177,177,89,150,140,255,299,280,298,298,295,307,127,124,48,65,65,130,44,51,72,89,143,1,49.4,0.1967213114754098,0.2377049180327869,0.5729056906685535,-0.0029056906685535,0.4228571428571426,0.4756224991119556,44.4,9.076502732240437,0.18579234972677597,0.025136612021857924,0.073224043715847,0.20218579234972678,0.029508196721311476,915,47.5,0.27075,0.45580808080808083,0.444,45.0
1631222,Jake LaRavia,Jake,1610612747,LAL,24.0,82,53,29,0.646,25.1,2.9,6.4,0.459,1.0,3.0,0.321,1.4,1.9,0.763,1.4,2.6,4.0,1.8,1.1,1.3,0.5,0.3,2.4,1.5,8.2,-0.1,19.8,1,0,18.4,1,19,189,132,186,295,286,282,285,261,358,207,214,317,116,254,205,268,245,56,172,289,97,242,274,258,236,201,38,255,1,Jake LaRavia,Jake,1610612747,LAL,24.0,82,53,29,0.646,25.1,116.0,116.1,116.1,115.3,116.1,116.1,0.7,0.0,0.0,0.093,1.67,17.6,0.059,0.103,0.081,10.6,10.6,0.533,0.571,0.138,0.142,100.93,100.51,83.76,100.51,0.067,4314,240,523,2.9,6.4,0.459,1,19,379,132,186,108,118,118,410,430,430,234,254,254,401,309,284,164,356,272,343,346,319,303,446,450,367,393,393,454,172,170,295,286,282,1,28.9,0.46875,0.2968749999999999,0.5907980851158527,-0.0197980851158527,0.4257142857142855,0.4194452029232611,42.3,13.413001912045889,0.14531548757170173,0.017208413001912046,0.011472275334608031,0.13957934990439771,0.06883365200764818,523,42.3,0.24153299999999997,0.4066212121212121,0.423,41.5
1627751,Jakob Poeltl,Jakob,1610612761,TOR,30.0,46,26,20,0.565,25.0,4.7,6.7,0.7,0.0,0.0,0.0,1.3,2.1,0.602,2.5,4.5,7.0,2.0,1.2,0.9,0.7,0.3,3.2,2.0,10.7,1.0,25.6,7,0,22.9,324,231,322,225,190,141,258,11,517,548,517,229,178,505,38,75,52,232,213,180,100,359,23,160,193,180,144,72,38,169,1,Jakob Poeltl,Jakob,1610612761,TOR,30.0,46,26,20,0.565,25.0,114.1,114.7,114.7,111.9,112.6,112.6,2.2,2.0,2.0,0.111,1.63,18.5,0.102,0.188,0.145,11.3,11.3,0.7,0.698,0.15,0.154,100.95,100.36,83.63,100.36,0.115,2402,217,310,4.7,6.7,0.7,324,231,251,225,190,170,156,156,256,273,273,191,202,202,326,320,252,65,76,62,415,419,16,25,393,395,366,408,408,114,197,279,141,258,11,1,28.1,0.0,0.3134328358208955,0.5960221428822907,0.1019778571177092,0.7885714285714285,0.8244229103083671,80.3,3.267741935483871,0.03225806451612903,0.0032258064516129032,0.06774193548387097,0.24193548387096775,0.1967741935483871,310,21.3,0.14867399999999997,0.2502929292929293,0.8029999999999999,52.7
1628973,Jalen Brunson,Jalen,1610612752,NYK,29.0,74,50,24,0.676,35.0,9.3,19.9,0.467,2.6,7.1,0.369,4.8,5.7,0.841,0.4,2.9,3.3,6.8,2.4,0.8,0.1,0.7,2.3,5.1,26.0,4.8,40.5,12,0,40.6,70,32,258,101,11,10,6,258,39,26,189,29,31,147,421,212,263,16,54,221,457,94,118,17,14,45,27,47,38,21,1,Jalen Brunson,Jalen,1610612752,NYK,29.0,74,50,24,0.676,35.0,118.6,120.2,120.2,112.8,114.1,114.1,5.7,6.1,6.1,0.307,2.87,21.7,0.012,0.083,0.047,7.5,7.5,0.533,0.58,0.296,0.304,99.46,98.25,81.87,98.25,0.135,5313,689,1475,9.3,19.9,0.467,70,32,309,101,11,47,37,37,301,347,347,103,98,98,37,76,166,538,471,519,114,114,320,259,19,20,457,512,512,59,6,3,10,6,258,1,78.1,0.3567839195979899,0.2864321608040201,0.5723153478080711,0.0076846521919288,0.4514285714285713,0.5108417114900006,47.5,14.755254237288135,0.5037288135593221,0.018983050847457626,0.2122033898305085,0.1023728813559322,0.002711864406779661,1475,80.5,0.4669,0.7860269360269361,0.47500000000000003,63.1
1631105,Jalen Duren,Jalen,1610612765,DET,22.0,70,50,20,0.714,28.2,7.5,11.5,0.65,0.0,0.0,0.0,4.6,6.1,0.747,3.8,6.7,10.5,2.0,1.9,0.8,0.8,1.2,2.8,4.3,19.5,6.9,38.2,41,0,35.3,105,32,322,75,127,31,105,26,517,548,517,34,22,351,8,19,12,241,93,203,66,11,41,35,49,21,39,5,38,44,1,Jalen Duren,Jalen,1610612765,DET,22.0,70,50,20,0.714,28.2,117.5,120.0,120.0,107.0,108.2,108.2,10.6,11.8,11.8,0.104,1.06,11.0,0.132,0.23,0.182,10.3,10.3,0.65,0.688,0.231,0.234,102.45,100.81,84.0,100.81,0.177,4145,522,803,7.5,11.5,0.65,105,32,251,75,127,70,39,39,76,103,103,39,38,38,359,488,511,25,28,22,325,323,45,32,91,99,254,374,374,11,27,74,31,105,26,1,54.6,0.0,0.5304347826086956,0.6286461155950129,0.059353884404987,0.7599999999999998,0.6826727547995219,72.9,3.1855541718555416,0.09838107098381071,0.012453300124533,0.04234122042341221,0.2714819427148194,0.23412204234122042,803,27.0,0.18576,0.31272727272727274,0.7290000000000001,52.1
1630224,Jalen Green,Jalen,1610612756,PHX,24.0,32,17,15,0.531,25.9,6.8,16.0,0.422,2.2,7.1,0.313,2.0,2.7,0.747,0.5,3.1,3.6,2.8,2.3,1.1,0.3,1.1,1.3,2.6,17.8,1.0,28.1,0,0,29.1,400,334,382,273,171,57,34,413,68,29,381,132,125,349,379,184,234,149,64,105,316,15,392,114,64,181,118,284,38,98,1,Jalen Green,Jalen,1610612756,PHX,24.0,32,17,15,0.531,25.9,112.2,114.2,114.2,112.4,113.5,113.5,-0.2,0.7,0.7,0.181,1.26,12.7,0.017,0.122,0.067,10.1,10.1,0.491,0.516,0.309,0.315,100.93,99.56,82.96,99.56,0.106,1727,216,512,6.8,16.0,0.422,400,334,187,273,171,256,176,176,278,314,314,256,235,235,165,437,446,486,273,372,300,301,454,473,13,15,368,448,448,168,198,177,57,34,413,1,61.0,0.44375,0.16875,0.5477674349073377,-0.0317674349073376,0.2685714285714287,0.3796399692413164,31.3,15.31640625,0.42578125,0.013671875,0.173828125,0.205078125,0.017578125,512,77.0,0.39732,0.668888888888889,0.313,49.1
1630552,Jalen Johnson,Jalen,1610612737,ATL,24.0,72,42,30,0.583,35.2,8.3,17.1,0.489,1.7,4.7,0.352,4.2,5.3,0.788,1.4,8.9,10.3,7.9,3.4,1.2,0.4,1.2,2.1,3.7,22.5,2.6,48.3,49,13,45.7,84,87,172,195,8,22,24,189,134,122,249,38,37,256,119,4,14,8,9,62,188,9,174,51,25,106,8,3,2,8,1,Jalen Johnson,Jalen,1610612737,ATL,24.0,72,42,30,0.583,35.2,114.1,115.5,115.5,110.8,112.3,112.3,3.4,3.2,3.2,0.325,2.32,25.7,0.038,0.241,0.14,11.1,11.1,0.537,0.581,0.264,0.27,104.93,103.58,86.32,103.58,0.161,5468,600,1228,8.3,17.1,0.489,84,87,395,195,8,166,134,134,199,261,261,162,163,163,31,149,102,288,21,70,395,394,302,258,41,49,87,159,159,15,13,13,22,24,189,1,69.6,0.2748538011695906,0.3099415204678362,0.5809014949578793,9.850504212061129e-05,0.4542857142857142,0.4856132433355685,46.7,11.482899022801304,0.26058631921824105,0.014657980456026058,0.11563517915309446,0.1775244299674267,0.039902280130293157,1228,55.0,0.31955,0.537962962962963,0.467,50.2
1629618,Jalen Pickett,Jalen,1610612743,DEN,26.0,50,34,16,0.68,16.1,2.0,4.6,0.422,1.0,2.5,0.386,0.3,0.4,0.789,0.4,1.9,2.3,2.3,0.7,0.3,0.1,0.2,0.8,0.4,5.2,0.1,11.8,0,0,11.5,297,168,368,97,369,390,368,410,275,300,135,501,508,250,456,348,393,204,376,496,466,415,493,507,397,247,401,284,38,397,1,Jalen Pickett,Jalen,1610612743,DEN,26.0,50,34,16,0.68,16.1,111.9,112.1,112.1,112.4,112.4,112.4,-0.5,-0.4,-0.4,0.208,3.38,29.6,0.022,0.107,0.067,8.8,8.7,0.528,0.541,0.148,0.153,98.07,97.97,81.64,97.97,0.084,1650,98,232,2.0,4.6,0.422,297,168,202,97,369,271,271,271,277,267,267,266,266,266,125,34,53,442,342,369,187,188,349,401,400,399,523,530,530,320,342,330,390,368,410,1,17.6,0.5434782608695653,0.0869565217391304,0.5490318500081325,-0.0080318500081324,0.3400000000000001,0.4585749590235219,38.7,17.745689655172413,0.3577586206896552,0.008620689655172414,0.15517241379310345,0.11637931034482758,0.008620689655172414,232,69.9,0.3781590000000001,0.6366313131313133,0.387,51.2
1630188,Jalen Smith,Jalen,1610612741,CHI,26.0,53,26,27,0.491,20.7,3.7,7.6,0.483,1.5,4.2,0.373,1.3,1.8,0.742,1.8,4.8,6.7,1.2,1.0,0.5,0.8,0.4,2.1,1.8,10.2,1.6,22.8,9,0,22.2,276,231,220,330,274,206,222,205,147,168,179,228,225,357,78,63,62,360,257,411,77,276,176,184,207,148,183,63,38,181,1,Jalen Smith,Jalen,1610612741,CHI,26.0,53,26,27,0.491,20.7,116.9,116.4,116.4,112.8,113.0,113.0,4.2,3.4,3.4,0.081,1.23,11.6,0.085,0.218,0.152,9.4,9.4,0.584,0.608,0.183,0.19,103.67,103.79,86.49,103.79,0.109,2371,195,404,3.7,7.6,0.483,276,231,352,330,274,80,109,109,299,291,291,146,157,157,454,448,486,89,40,50,253,246,136,167,225,223,159,145,145,155,218,223,206,222,205,1,31.1,0.5526315789473685,0.2368421052631579,0.5737922442145036,0.0342077557854963,0.5314285714285714,0.5990468650617897,55.8,14.794554455445544,0.039603960396039604,0.019801980198019802,0.022277227722772276,0.1782178217821782,0.0891089108910891,404,39.9,0.24259199999999997,0.4084040404040404,0.5579999999999999,48.3
1630591,Jalen Suggs,Jalen,1610612753,ORL,25.0,57,34,23,0.596,27.6,4.9,11.4,0.435,2.1,6.3,0.339,1.8,2.1,0.855,0.6,3.2,3.9,5.5,2.7,1.8,0.7,0.4,2.5,2.3,13.8,3.2,31.6,4,1,30.4,235,168,275,184,136,129,108,370,71,55,290,163,188,125,334,177,216,40,35,11,99,226,73,134,123,80,84,114,23,84,1,Jalen Suggs,Jalen,1610612753,ORL,25.0,57,34,23,0.596,27.6,112.2,113.6,113.6,107.2,108.4,108.4,5.0,5.2,5.2,0.284,2.05,26.8,0.022,0.112,0.068,13.1,13.1,0.529,0.561,0.22,0.226,105.8,104.54,87.11,104.54,0.11,3428,282,649,4.9,11.4,0.435,235,168,289,184,136,259,207,207,83,112,112,118,115,115,51,191,79,441,316,361,502,503,346,346,118,118,55,100,100,146,136,115,129,108,370,1,45.7,0.5526315789473684,0.1842105263157894,0.5596803284577254,0.0013196715422746,0.3971428571428572,0.4896743509771694,43.4,17.180277349768875,0.3420647149460709,0.01848998459167951,0.10631741140215717,0.10785824345146379,0.02157164869029276,649,66.8,0.37474799999999997,0.6308888888888888,0.434,53.2
1631114,Jalen Williams,Jalen,1610612760,OKC,25.0,33,25,8,0.758,28.4,6.5,13.5,0.484,0.7,2.3,0.299,3.3,3.9,0.837,0.8,3.8,4.6,5.5,1.9,1.2,0.3,0.7,2.0,3.1,17.1,6.9,33.3,1,0,30.8,398,243,468,42,124,62,65,198,339,318,409,60,69,155,256,128,159,39,87,72,299,96,216,72,73,19,69,201,38,82,1,Jalen Williams,Jalen,1610612760,OKC,25.0,33,25,8,0.758,28.4,118.3,118.1,118.1,105.8,106.4,106.4,12.6,11.7,11.7,0.274,2.87,24.3,0.029,0.124,0.079,8.5,8.4,0.51,0.56,0.252,0.259,102.8,102.62,85.52,102.62,0.135,1999,216,446,6.5,13.5,0.484,398,243,109,42,124,50,71,71,57,73,73,27,41,41,57,77,127,370,263,284,171,170,403,349,60,60,223,218,218,61,198,209,62,65,198,1,53.9,0.1703703703703703,0.2888888888888888,0.578941254194087,-0.0189412541940869,0.3942857142857143,0.4222946772607116,40.5,9.663677130044842,0.3721973094170404,0.02914798206278027,0.1681614349775785,0.24439461883408073,0.02914798206278027,446,69.5,0.3892,0.6552188552188553,0.405,53.0
1630592,Jalen Wilson,Jalen,1610612751,BKN,25.0,54,10,44,0.185,15.9,2.0,5.1,0.396,1.0,2.8,0.355,1.3,1.8,0.719,0.3,1.8,2.1,0.9,0.7,0.4,0.0,0.3,1.6,1.4,6.4,-3.6,10.9,0,0,11.3,266,411,43,539,373,382,342,487,268,277,238,232,220,393,481,377,409,421,369,430,517,296,318,250,346,474,418,284,38,400,1,Jalen Wilson,Jalen,1610612751,BKN,25.0,54,10,44,0.185,15.9,105.4,104.5,104.5,115.9,115.4,115.4,-10.5,-10.9,-10.9,0.098,1.32,12.2,0.019,0.122,0.067,9.3,9.3,0.493,0.536,0.177,0.184,97.97,98.57,82.14,98.57,0.061,1764,110,278,2.0,5.1,0.396,266,411,533,539,373,495,498,498,440,405,405,497,493,493,379,425,470,475,271,371,233,238,450,417,265,256,526,499,499,487,324,299,382,342,487,1,24.1,0.5490196078431373,0.3529411764705882,0.5966718530150659,-0.0606718530150658,0.3257142857142858,0.2835155232804116,30.9,15.744604316546763,0.08992805755395683,0.02877697841726619,0.03597122302158273,0.14388489208633093,0.007194244604316547,278,47.7,0.255672,0.4304242424242425,0.309,37.0
1631288,Jamal Cain,Jamal,1610612753,ORL,27.0,40,22,18,0.55,12.1,1.9,3.8,0.487,0.7,1.8,0.384,1.0,1.2,0.848,0.7,1.3,2.0,0.7,0.5,0.3,0.1,0.2,1.3,0.9,5.4,1.1,9.5,0,0,9.5,362,277,348,248,440,399,413,191,337,372,144,304,330,135,315,443,428,471,462,491,466,415,385,363,393,177,453,284,38,439,1,Jamal Cain,Jamal,1610612753,ORL,27.0,40,22,18,0.55,12.1,117.0,118.0,118.0,114.7,113.5,113.5,2.3,4.5,4.5,0.085,1.53,13.1,0.055,0.109,0.08,8.6,8.6,0.579,0.624,0.159,0.164,100.89,100.94,84.12,100.94,0.081,1021,74,152,1.9,3.8,0.487,362,277,225,248,440,79,74,74,390,312,312,189,127,127,435,363,435,183,331,278,179,182,146,114,352,352,373,361,361,348,373,383,399,413,191,1,15.9,0.4736842105263158,0.3157894736842105,0.5920806128595162,0.0319193871404838,0.5771428571428572,0.5914366731756805,58.3,14.256578947368421,0.14473684210526316,0.006578947368421052,0.08552631578947369,0.10526315789473684,0.05921052631578947,152,44.1,0.275184,0.4632727272727273,0.583,52.3
1627750,Jamal Murray,Jamal,1610612743,DEN,29.0,75,48,27,0.64,35.4,8.8,18.1,0.483,3.3,7.5,0.435,4.6,5.2,0.887,0.4,4.0,4.4,7.1,2.3,0.9,0.4,0.8,1.7,4.0,25.4,5.8,42.9,18,0,42.7,60,41,220,139,7,15,16,204,7,21,38,32,40,77,416,112,170,15,62,178,218,63,267,39,16,33,17,27,38,15,1,Jamal Murray,Jamal,1610612743,DEN,29.0,75,48,27,0.64,35.4,123.0,124.4,124.4,117.4,117.7,117.7,5.6,6.8,6.8,0.298,3.13,24.2,0.013,0.109,0.063,7.7,7.6,0.573,0.622,0.269,0.278,100.56,99.84,83.2,99.84,0.142,5541,657,1360,8.8,18.1,0.483,60,41,352,139,7,15,10,10,479,473,473,107,82,82,40,52,129,529,330,395,124,118,163,118,36,35,393,432,432,41,8,7,15,16,204,1,71.8,0.4143646408839778,0.287292817679558,0.5750206086161508,0.0469793913838492,0.5714285714285714,0.6415201780110649,59.9,15.814705882352941,0.49558823529411766,0.027941176470588237,0.19558823529411765,0.12279411764705882,0.005147058823529412,1360,83.6,0.519992,0.8754074074074075,0.599,73.7
1642347,Jamal Shead,Jamal,1610612761,TOR,23.0,82,46,36,0.561,22.6,2.3,6.1,0.367,1.0,3.2,0.321,1.1,1.4,0.784,0.3,1.4,1.7,5.4,1.4,0.9,0.2,0.4,2.0,2.0,6.6,2.8,18.8,2,0,17.0,1,52,102,232,229,359,295,523,263,233,359,269,281,268,480,422,454,42,184,148,380,252,214,160,336,94,258,159,38,279,1,Jamal Shead,Jamal,1610612761,TOR,23.0,82,46,36,0.561,22.6,113.8,114.1,114.1,108.1,108.3,108.3,5.6,5.8,5.8,0.306,3.96,39.9,0.014,0.064,0.038,10.1,10.1,0.45,0.491,0.149,0.154,100.66,100.44,83.7,100.44,0.078,3878,185,504,2.3,6.1,0.367,1,52,472,232,229,180,180,180,104,108,108,105,104,104,38,23,7,515,547,557,297,299,507,504,395,396,388,398,398,372,229,181,359,295,523,1,27.6,0.5245901639344263,0.2295081967213114,0.5763127322412126,-0.0853127322412126,0.197142857142857,0.2015698894062034,19.9,16.13293650793651,0.1527777777777778,0.025793650793650792,0.0496031746031746,0.11904761904761904,0.00992063492063492,504,51.5,0.252865,0.42569865319865324,0.19899999999999998,31.2
1631123,Jamaree Bouyea,Jamaree,1610612756,PHX,26.0,46,23,23,0.5,14.0,2.3,5.1,0.458,0.5,1.7,0.295,0.5,0.8,0.686,0.4,1.4,1.8,1.8,0.7,0.6,0.3,0.4,0.8,0.9,5.7,0.5,12.8,0,0,11.7,324,268,275,303,408,344,344,285,393,388,416,428,423,441,440,429,446,264,388,302,239,249,497,365,372,215,381,284,38,394,1,Jamaree Bouyea,Jamaree,1610612756,PHX,26.0,46,23,23,0.5,14.0,105.1,106.0,106.0,104.9,104.6,104.6,0.2,1.4,1.4,0.191,2.73,22.6,0.026,0.1,0.062,8.3,8.3,0.506,0.523,0.184,0.19,96.98,96.74,80.61,96.74,0.103,1301,108,236,2.3,5.1,0.458,324,268,289,303,408,497,474,474,48,51,51,244,218,218,151,93,150,403,367,408,159,161,414,456,221,227,552,565,565,187,327,328,344,344,285,1,21.7,0.3333333333333333,0.1568627450980392,0.5599689231292395,-0.0369689231292394,0.2885714285714287,0.3623419156482983,31.8,13.423728813559322,0.3389830508474576,0.025423728813559324,0.1694915254237288,0.1271186440677966,0.012711864406779662,236,67.2,0.35145600000000005,0.5916767676767678,0.318,45.5
201935,James Harden,James,1610612739,CLE,36.0,70,40,30,0.571,34.8,7.0,16.0,0.434,3.1,8.2,0.375,6.6,7.5,0.884,0.6,4.2,4.8,8.0,3.5,1.1,0.4,1.1,2.0,4.6,23.6,1.4,42.4,20,2,42.5,105,110,172,210,14,51,33,375,15,14,166,6,11,80,350,95,150,7,8,84,205,12,219,24,23,159,19,21,16,16,2,James Harden,James,1610612739,CLE,36.0,70,40,30,0.571,34.8,116.8,118.8,118.8,115.7,117.0,117.0,1.1,1.8,1.8,0.347,2.27,26.1,0.017,0.119,0.07,11.5,11.4,0.529,0.61,0.279,0.287,99.63,98.24,81.87,98.24,0.143,4995,487,1123,7.0,16.0,0.434,105,110,395,210,14,83,56,56,432,453,453,224,205,205,18,159,95,487,286,350,428,422,340,149,31,30,445,514,514,39,37,25,51,33,375,2,72.8,0.5125,0.46875,0.6079131456564888,0.0020868543435111,0.5371428571428571,0.4922256917945056,51.9,16.266251113089936,0.47373107747105964,0.0365093499554764,0.08637577916295637,0.15316117542297417,0.003561887800534283,1123,79.8,0.48677999999999993,0.8194949494949494,0.519,66.9
1642364,Jamir Watkins,Jamir,1610612764,WAS,24.0,50,10,40,0.2,20.6,2.6,5.9,0.446,0.9,3.2,0.297,1.1,1.6,0.695,1.0,2.9,3.9,1.3,0.8,1.1,0.5,0.3,2.6,1.5,7.4,-3.3,18.0,0,0,16.7,297,411,69,526,276,313,307,330,288,238,411,260,243,433,204,215,212,341,338,100,156,341,66,221,311,464,277,284,38,287,1,Jamir Watkins,Jamir,1610612764,WAS,24.0,50,10,40,0.2,20.6,109.0,109.4,109.4,116.1,115.8,115.8,-7.1,-6.4,-6.4,0.089,1.68,15.3,0.046,0.14,0.092,9.1,9.1,0.525,0.554,0.148,0.153,103.3,103.26,86.05,103.26,0.069,2211,132,296,2.6,5.9,0.446,297,411,508,526,276,388,378,378,444,419,419,427,409,409,421,308,365,229,195,218,218,217,355,362,399,400,182,175,175,431,295,285,313,307,330,1,23.8,0.5423728813559322,0.2711864406779661,0.5842627299278154,-0.0302627299278153,0.3771428571428572,0.3846440115974754,38.0,14.97972972972973,0.09797297297297297,0.016891891891891893,0.02702702702702703,0.14189189189189189,0.060810810810810814,296,42.6,0.23600400000000002,0.3973131313131314,0.38,38.9
1641716,Jarace Walker,Jarace,1610612754,IND,22.0,76,16,60,0.211,25.7,4.0,9.6,0.419,1.8,4.7,0.374,1.8,2.4,0.749,0.6,4.5,5.1,2.5,1.8,0.8,0.3,0.4,1.6,1.7,11.6,-6.0,23.3,3,0,23.4,54,348,3,519,179,188,149,425,121,128,176,154,155,348,329,77,125,185,97,201,242,246,302,210,175,541,173,128,38,162,1,Jarace Walker,Jarace,1610612754,IND,22.0,76,16,60,0.211,25.7,106.6,106.5,106.5,116.9,117.6,117.6,-10.3,-11.1,-11.1,0.143,1.38,16.8,0.023,0.17,0.095,12.1,12.1,0.51,0.543,0.2,0.205,104.72,104.46,87.05,104.46,0.09,4257,307,733,4.0,9.6,0.419,54,348,580,519,179,470,466,466,470,472,472,488,500,500,238,406,314,428,116,204,461,461,405,396,168,168,97,104,104,275,119,91,188,149,425,1,41.6,0.4895833333333333,0.25,0.574900918442595,-0.031900918442595,0.3457142857142858,0.3791960567977691,35.9,15.582537517053206,0.23328785811732605,0.013642564802182811,0.0941336971350614,0.1364256480218281,0.017735334242837655,733,56.5,0.306795,0.5164898989898989,0.359,43.8
1642272,Jared McCain,Jared,1610612760,OKC,22.0,67,46,21,0.687,17.3,3.0,7.2,0.425,1.5,3.8,0.385,0.8,0.9,0.864,0.3,1.7,2.0,1.3,0.8,0.5,0.1,0.4,1.2,0.8,8.3,1.9,13.8,0,0,14.4,147,52,305,89,340,273,244,399,162,183,138,354,392,107,463,392,414,340,324,365,493,235,419,387,270,129,363,284,38,342,2,Jared McCain,Jared,1610612760,OKC,22.0,67,46,21,0.687,17.3,113.3,113.5,113.5,108.5,108.9,108.9,4.8,4.6,4.6,0.111,1.61,13.8,0.019,0.092,0.056,8.6,8.6,0.528,0.551,0.198,0.205,102.9,102.61,85.51,102.61,0.079,2484,204,480,3.0,7.2,0.425,147,52,262,89,340,202,210,210,112,123,123,123,124,124,324,324,417,472,419,453,176,179,348,369,172,171,219,220,220,358,212,189,273,244,399,2,30.2,0.5277777777777778,0.125,0.5509463145168112,5.368548318884781e-05,0.3685714285714287,0.4854641915451304,41.5,16.85,0.3541666666666667,0.03125,0.09375,0.14166666666666666,0.004166666666666667,480,71.3,0.392863,0.6613855218855219,0.41500000000000004,53.8
1628991,Jaren Jackson Jr.,Jaren,1610612762,UTA,26.0,48,19,29,0.396,30.3,7.1,15.0,0.476,1.8,4.9,0.357,3.4,4.2,0.803,0.9,4.8,5.7,2.0,2.2,1.1,1.4,1.1,3.7,4.0,19.4,-1.3,34.5,3,0,33.9,310,316,189,388,83,42,46,224,121,117,231,56,54,224,235,66,90,244,66,93,21,15,3,43,51,353,56,128,38,52,2,Jaren Jackson Jr.,Jaren,1610612762,UTA,26.0,48,19,29,0.396,30.3,107.6,108.7,108.7,109.7,110.8,110.8,-2.1,-2.0,-2.0,0.105,0.88,9.4,0.027,0.14,0.085,10.6,10.6,0.534,0.576,0.253,0.261,104.62,103.6,86.33,103.6,0.107,3140,342,719,7.1,15.0,0.476,310,316,379,388,83,439,399,399,144,197,197,309,304,304,355,530,541,398,193,253,349,348,314,276,58,58,103,156,156,163,92,95,42,46,224,2,58.9,0.3266666666666667,0.28,0.5760081324703767,-8.132470376787104e-06,0.4399999999999999,0.4852586099446018,45.8,12.364394993045897,0.17385257301808066,0.01808066759388039,0.08066759388038942,0.11265646731571627,0.030598052851182198,719,46.4,0.26726399999999995,0.44993939393939386,0.45799999999999996,45.4
1629020,Jarred Vanderbilt,Jarred,1610612747,LAL,27.0,65,39,26,0.6,17.3,1.7,3.7,0.471,0.4,1.5,0.293,0.5,0.9,0.589,1.2,3.3,4.5,1.3,0.9,0.8,0.3,0.4,1.6,0.8,4.4,0.1,14.3,1,0,12.9,166,118,232,174,339,415,420,242,409,402,421,432,395,510,145,172,167,348,312,194,285,280,312,386,424,244,356,201,38,373,1,Jarred Vanderbilt,Jarred,1610612747,LAL,27.0,65,39,26,0.6,17.3,114.9,113.9,113.9,113.6,113.7,113.7,1.3,0.2,0.2,0.098,1.5,20.7,0.073,0.194,0.133,13.8,13.8,0.531,0.544,0.119,0.123,100.02,100.41,83.67,100.41,0.08,2360,113,240,1.7,3.7,0.471,166,118,338,174,339,140,192,192,334,327,327,217,249,249,377,373,190,120,67,81,513,513,328,392,516,513,423,402,402,351,323,323,415,420,242,1,15.4,0.4054054054054054,0.2432432432432432,0.5830792145509283,-0.0390792145509282,0.3485714285714287,0.355323936840704,35.1,10.725,0.0,0.016666666666666666,0.008333333333333333,0.21666666666666667,0.125,240,30.5,0.16592,0.27932659932659937,0.35100000000000003,31.5
1628386,Jarrett Allen,Jarrett,1610612739,CLE,28.0,56,37,19,0.661,27.1,6.0,9.4,0.638,0.0,0.2,0.1,3.3,4.7,0.709,2.6,5.9,8.5,1.8,1.3,1.0,0.8,0.6,1.7,4.0,15.4,3.8,32.4,20,0,29.3,247,136,333,121,146,78,155,32,511,519,514,58,48,414,33,27,26,263,189,134,68,119,284,42,95,63,77,21,38,96,1,Jarrett Allen,Jarrett,1610612739,CLE,28.0,56,37,19,0.661,27.1,118.8,119.3,119.3,111.6,112.9,112.9,7.2,6.4,6.4,0.092,1.33,12.1,0.097,0.202,0.152,9.1,9.2,0.639,0.669,0.196,0.198,103.37,102.56,85.47,102.56,0.143,3248,337,528,6.0,9.4,0.638,247,136,236,121,146,42,50,50,245,283,283,79,89,89,407,421,472,76,53,49,212,224,55,50,184,200,176,225,225,37,98,166,78,155,32,1,43.5,0.0212765957446808,0.5,0.6265046495315564,0.0424953504684436,0.7057142857142857,0.6266080650235993,67.4,4.515151515151516,0.08712121212121213,0.007575757575757576,0.058712121212121215,0.2159090909090909,0.14772727272727273,528,27.2,0.18196800000000002,0.3063434343434344,0.674,49.0
1642914,Javon Small,Javon,1610612763,MEM,23.0,41,13,28,0.317,20.2,3.3,7.0,0.465,1.5,3.5,0.423,1.7,2.0,0.829,0.9,2.2,3.1,3.7,1.4,0.8,0.2,0.7,1.6,1.4,9.7,-2.6,20.7,0,0,20.0,356,384,205,437,287,248,246,263,167,213,52,178,189,172,233,301,289,93,184,200,344,84,316,246,223,436,222,284,38,218,1,Javon Small,Javon,1610612763,MEM,23.0,41,13,28,0.317,20.2,111.4,111.7,111.7,116.4,117.4,117.4,-4.9,-5.7,-5.7,0.257,2.7,28.5,0.04,0.109,0.074,10.6,10.5,0.569,0.611,0.183,0.19,104.95,104.37,86.97,104.37,0.109,1802,134,288,3.3,7.0,0.465,356,384,364,437,287,293,285,285,453,466,466,375,392,392,75,97,63,268,332,323,344,341,178,147,224,221,86,110,110,152,293,295,248,246,263,1,29.3,0.5,0.2857142857142857,0.5835146898966656,0.0274853101033344,0.54,0.5766907199115325,55.5,15.753472222222221,0.3923611111111111,0.024305555555555556,0.06944444444444445,0.1111111111111111,0.024305555555555556,288,67.3,0.41120299999999993,0.6922609427609426,0.555,62.4
1629750,Javonte Green,Javonte,1610612765,DET,32.0,82,60,22,0.732,17.6,2.3,5.0,0.447,1.1,3.0,0.381,1.3,1.5,0.84,0.8,2.0,2.8,0.7,0.5,1.2,0.3,0.2,1.3,1.2,6.9,2.6,15.4,1,0,14.7,1,4,295,65,334,359,349,327,233,255,154,230,259,149,283,325,325,475,424,60,274,395,394,287,327,101,333,201,38,337,1,Javonte Green,Javonte,1610612765,DET,32.0,82,60,22,0.732,17.6,112.2,113.0,113.0,104.2,105.4,105.4,8.0,7.6,7.6,0.052,1.24,9.8,0.042,0.112,0.077,7.9,7.9,0.56,0.607,0.143,0.148,103.7,102.74,85.62,102.74,0.095,3086,185,414,2.3,5.0,0.447,1,4,279,65,334,257,238,238,42,58,58,67,75,75,546,443,538,251,321,293,138,140,207,170,418,424,156,213,213,234,229,220,359,349,327,1,22.6,0.6,0.3,0.5899042934464203,0.0170957065535797,0.5285714285714285,0.5421390855817412,53.4,16.1256038647343,0.026570048309178744,0.00966183574879227,0.033816425120772944,0.10869565217391304,0.03864734299516908,414,37.2,0.22580400000000003,0.3801414141414142,0.534,45.7
1629637,Jaxson Hayes,Jaxson,1610612747,LAL,26.0,66,43,23,0.652,18.3,3.0,4.0,0.756,0.0,0.0,1.0,1.5,2.3,0.653,1.5,2.6,4.1,0.9,0.5,0.4,0.8,0.2,1.9,2.1,7.5,1.1,17.0,1,0,15.0,157,75,275,128,326,280,408,4,499,540,1,199,164,469,103,248,190,430,464,415,78,466,228,148,301,178,299,201,38,325,1,Jaxson Hayes,Jaxson,1610612747,LAL,26.0,66,43,23,0.652,18.3,115.6,115.5,115.5,112.6,113.1,113.1,3.0,2.4,2.4,0.071,1.9,14.1,0.083,0.139,0.111,7.4,7.4,0.761,0.758,0.124,0.129,100.71,100.49,83.74,100.49,0.109,2530,198,262,3.0,4.0,0.756,157,75,289,128,326,120,133,133,284,296,296,169,187,187,496,244,404,95,200,136,109,110,7,11,499,499,379,394,394,151,215,310,280,408,4,1,19.2,0.0,0.575,0.6488766252225322,0.1091233747774678,0.96,0.8481860223553974,91.5,2.354961832061069,0.026717557251908396,0.007633587786259542,0.0,0.18702290076335878,0.44656488549618323,262,9.4,0.071252,0.11995286195286195,0.915,51.7
1630643,Jay Huff,Jay,1610612754,IND,28.0,82,19,63,0.232,21.0,3.5,7.5,0.476,1.5,4.5,0.319,1.0,1.2,0.828,0.9,3.1,4.0,1.5,0.9,0.5,1.9,0.2,2.4,1.3,9.5,-3.1,22.7,1,0,21.2,1,316,2,506,266,222,231,222,169,136,363,286,319,176,229,190,206,312,292,373,5,385,97,272,225,458,184,201,38,199,1,Jay Huff,Jay,1610612754,IND,28.0,82,19,63,0.232,21.0,107.4,107.4,107.4,113.3,113.7,113.7,-5.9,-6.3,-6.3,0.105,1.59,14.3,0.041,0.135,0.089,9.0,8.9,0.574,0.598,0.178,0.184,103.19,102.99,85.83,102.99,0.092,3680,291,611,3.5,7.5,0.476,1,316,581,506,266,447,435,435,322,329,329,395,404,404,357,327,400,263,220,236,205,204,162,192,254,261,191,199,199,260,127,133,222,231,222,1,31.9,0.6,0.16,0.5593072841578988,0.0386927158421012,0.5028571428571427,0.6139620347424642,54.7,16.891980360065467,0.062193126022913256,0.004909983633387889,0.01309328968903437,0.1309328968903437,0.07037643207855974,611,38.8,0.23202399999999995,0.3906127946127946,0.547,46.9
1627759,Jaylen Brown,Jaylen,1610612738,BOS,29.0,71,47,24,0.662,34.4,10.4,21.7,0.477,2.0,5.7,0.347,6.0,7.5,0.795,1.1,5.8,6.9,5.1,3.6,1.0,0.4,1.3,2.7,6.3,28.7,4.5,45.2,14,3,45.5,98,44,258,118,18,3,2,220,90,79,269,13,9,240,160,29,53,50,5,119,225,4,48,6,4,52,10,38,8,9,1,Jaylen Brown,Jaylen,1610612738,BOS,29.0,71,47,24,0.662,34.4,116.8,119.5,119.5,111.4,113.0,113.0,5.4,6.5,6.5,0.251,1.41,15.2,0.032,0.155,0.095,10.8,10.8,0.522,0.573,0.351,0.358,99.58,97.73,81.44,97.73,0.152,4973,736,1543,10.4,21.7,0.477,98,44,309,118,18,84,43,43,226,292,292,112,88,88,80,399,367,335,149,206,374,372,363,296,3,5,447,541,541,25,1,1,3,2,220,1,89.5,0.2626728110599078,0.3456221198156682,0.5782896042874148,-0.0052896042874148,0.4314285714285713,0.467694563148061,44.6,13.088788075178224,0.46208684381075826,0.020090732339598186,0.237200259235256,0.15359688917692807,0.01101749837977965,1543,79.0,0.45266999999999996,0.762070707070707,0.446,60.4
1641740,Jaylen Clark,Jaylen,1610612750,MIN,24.0,68,40,28,0.588,13.1,1.5,3.4,0.434,0.5,1.5,0.327,0.6,1.0,0.657,0.8,1.0,1.8,0.6,0.3,0.7,0.1,0.2,1.3,0.7,4.0,1.1,9.2,0,0,8.6,135,110,205,191,423,450,434,372,405,405,342,393,372,468,272,493,448,485,502,267,436,440,401,419,448,179,459,284,38,465,1,Jaylen Clark,Jaylen,1610612750,MIN,24.0,68,40,28,0.588,13.1,114.6,113.0,113.0,108.9,108.9,108.9,5.6,4.1,4.1,0.064,1.87,13.4,0.056,0.069,0.062,7.1,7.1,0.507,0.534,0.126,0.133,102.78,103.47,86.22,103.47,0.054,1911,99,228,1.5,3.4,0.434,135,110,364,191,423,150,234,234,120,125,125,104,135,135,522,249,428,177,534,401,93,92,413,420,495,489,225,164,164,514,341,333,450,434,372,1,13.8,0.4411764705882353,0.2941176470588235,0.5917825190186491,-0.057782519018649,0.32,0.2931242837324102,30.9,12.657894736842104,0.03070175438596491,0.039473684210526314,0.03508771929824561,0.14473684210526316,0.08771929824561403,228,39.9,0.213066,0.35869696969696974,0.309,33.4
1642377,Jaylen Wells,Jaylen,1610612763,MEM,22.0,69,24,45,0.348,26.4,4.4,10.1,0.431,1.9,5.3,0.353,1.9,2.5,0.784,0.9,2.3,3.2,1.6,1.1,0.9,0.1,0.5,2.1,2.6,12.5,-2.6,20.7,0,0,21.2,118,252,36,412,162,161,139,380,109,97,244,143,143,272,231,290,282,291,243,174,438,193,162,102,144,430,220,284,38,198,1,Jaylen Wells,Jaylen,1610612763,MEM,22.0,69,24,45,0.348,26.4,111.6,113.4,113.4,117.1,117.8,117.8,-5.6,-4.4,-4.4,0.085,1.5,11.6,0.031,0.086,0.058,7.8,7.7,0.524,0.559,0.189,0.194,103.3,102.14,85.11,102.14,0.069,3870,301,698,4.4,10.1,0.431,118,252,541,412,162,291,214,214,473,477,477,388,365,365,434,373,484,344,448,434,126,125,361,351,207,212,181,264,264,433,123,98,161,139,380,1,41.0,0.5247524752475248,0.2475247524752475,0.5753785499712547,-0.0163785499712546,0.3914285714285714,0.4308171987196565,40.7,16.530085959885387,0.24498567335243554,0.01862464183381089,0.14469914040114612,0.09598853868194843,0.0329512893982808,698,60.8,0.339872,0.5721750841750842,0.40700000000000003,49.0
1631119,Jaylin Williams,Jaylin,1610612760,OKC,23.0,65,54,11,0.831,19.7,2.3,5.4,0.423,1.5,3.9,0.383,1.1,1.4,0.793,0.5,5.0,5.5,2.4,1.0,0.5,0.6,0.2,2.0,1.5,7.2,4.7,19.8,6,0,18.9,166,13,432,13,303,354,329,406,154,179,147,266,280,244,392,54,102,194,253,397,114,444,220,223,318,48,235,84,38,241,1,Jaylin Williams,Jaylin,1610612760,OKC,23.0,65,54,11,0.831,19.7,114.5,114.6,114.6,103.0,103.1,103.1,11.5,11.5,11.5,0.169,2.36,25.6,0.025,0.225,0.131,10.9,10.9,0.563,0.597,0.153,0.158,102.26,102.17,85.14,102.17,0.115,2715,149,352,2.3,5.4,0.423,166,13,144,13,303,151,161,161,31,37,37,34,43,43,187,142,104,414,31,86,378,378,196,194,378,384,272,261,261,118,275,255,354,329,406,1,24.1,0.7222222222222222,0.2592592592592592,0.5801415434416561,0.0168584565583438,0.5,0.5413500877108524,51.7,19.707386363636363,0.048295454545454544,0.017045454545454544,0.048295454545454544,0.08238636363636363,0.008522727272727272,352,46.1,0.275217,0.46332828282828287,0.517,49.0
1642281,Jaylon Tyson,Jaylon,1610612739,CLE,23.0,66,41,25,0.621,26.9,5.0,10.2,0.493,2.0,4.5,0.446,1.2,1.6,0.738,1.8,3.3,5.1,2.2,1.5,0.8,0.4,0.6,2.5,1.5,13.2,1.7,24.9,7,0,25.1,157,97,246,158,151,127,138,175,84,138,30,250,246,363,80,162,128,211,150,202,190,122,85,226,138,144,153,72,38,137,1,Jaylon Tyson,Jaylon,1610612739,CLE,23.0,66,41,25,0.621,26.9,115.8,117.0,117.0,111.9,113.4,113.4,3.9,3.6,3.6,0.115,1.48,15.3,0.064,0.118,0.091,10.3,10.3,0.592,0.608,0.189,0.192,102.56,101.39,84.49,101.39,0.092,3744,330,670,5.0,10.2,0.493,157,97,326,158,151,112,100,100,259,306,306,150,153,153,310,380,362,150,290,222,321,316,123,164,208,215,243,327,327,259,104,107,127,138,175,1,39.8,0.4411764705882353,0.1568627450980392,0.5586460243811076,0.0493539756188924,0.5314285714285714,0.6494170882041816,57.9,13.01641791044776,0.04776119402985075,0.008955223880597015,0.04477611940298507,0.16567164179104477,0.06119402985074627,670,36.4,0.22131199999999998,0.37257912457912457,0.579,47.6
203924,Jerami Grant,Jerami,1610612757,POR,32.0,57,27,30,0.474,29.7,5.8,12.8,0.453,2.4,6.1,0.389,4.6,5.6,0.814,1.0,2.5,3.5,2.1,2.1,0.7,0.6,1.0,2.5,3.9,18.6,-0.1,28.0,0,0,29.3,235,225,172,342,95,83,80,302,53,60,122,33,32,210,211,263,250,221,72,240,118,33,83,44,56,263,120,284,38,94,1,Jerami Grant,Jerami,1610612757,POR,32.0,57,27,30,0.474,29.7,114.1,114.9,114.9,114.4,115.2,115.2,-0.2,-0.3,-0.3,0.107,1.03,11.0,0.03,0.082,0.055,10.8,10.7,0.547,0.608,0.228,0.235,104.76,104.02,86.69,104.02,0.094,3676,331,730,5.8,12.8,0.453,235,225,395,342,95,168,151,151,375,394,394,257,265,265,342,493,510,364,476,458,364,362,269,165,96,96,96,125,125,239,102,92,83,80,302,1,55.2,0.4765624999999999,0.4374999999999999,0.6077783905202371,0.0002216094797629,0.5314285714285714,0.4860226390832908,51.3,14.14931506849315,0.1232876712328767,0.019178082191780823,0.06986301369863014,0.2452054794520548,0.01643835616438356,730,51.7,0.314336,0.5291851851851852,0.513,52.1
1642847,Jeremiah Fears,Jeremiah,1610612740,NOP,19.0,82,26,56,0.317,25.8,5.3,12.3,0.434,1.2,3.7,0.33,2.4,3.0,0.789,0.7,2.9,3.7,3.4,2.2,1.2,0.4,1.1,1.8,2.5,14.3,-3.5,26.2,3,0,25.6,1,231,7,437,177,109,88,371,211,189,333,104,103,255,301,210,230,107,70,71,231,21,249,117,111,472,141,128,38,132,1,Jeremiah Fears,Jeremiah,1610612740,NOP,19.0,82,26,56,0.317,25.8,110.8,111.8,111.8,117.6,118.2,118.2,-6.9,-6.4,-6.4,0.195,1.57,17.8,0.026,0.109,0.067,11.3,11.3,0.485,0.525,0.245,0.251,103.69,102.98,85.82,102.98,0.093,4532,437,1006,5.3,12.3,0.434,1,231,574,437,177,316,281,281,482,484,484,421,406,406,145,346,273,401,329,366,414,418,465,449,71,74,158,200,200,252,50,41,109,88,371,1,52.4,0.3008130081300812,0.2439024390243902,0.5701681191529911,-0.0451681191529911,0.2942857142857142,0.3350746940017483,31.1,11.429423459244532,0.24552683896620278,0.027833001988071572,0.09840954274353876,0.21669980119284293,0.018886679920477135,1006,58.1,0.305025,0.513510101010101,0.311,41.2
1630526,Jeremiah Robinson-Earl,Jeremiah,1610612742,DAL,25.0,22,8,14,0.364,16.4,1.7,4.5,0.37,0.5,1.9,0.244,0.8,0.8,0.944,1.6,3.0,4.7,0.7,0.5,0.4,0.0,0.5,1.2,0.8,4.6,-3.9,12.1,0,0,11.3,440,440,397,403,363,422,371,521,408,364,471,351,406,37,91,193,157,476,427,429,513,150,427,388,413,490,398,284,38,399,2,Jeremiah Robinson-Earl,Jeremiah,1610612742,DAL,25.0,22,8,14,0.364,16.4,109.4,109.3,109.3,120.1,119.5,119.5,-10.7,-10.2,-10.2,0.057,1.25,11.2,0.088,0.183,0.133,9.0,8.9,0.42,0.468,0.129,0.135,104.5,104.82,87.35,104.82,0.069,785,37,100,1.7,4.5,0.37,440,440,175,403,363,381,385,385,522,508,508,502,483,483,540,440,503,86,86,82,203,200,538,526,485,480,109,87,87,435,439,424,422,371,521,2,13.6,0.4222222222222222,0.1777777777777777,0.5693475073486911,-0.101347507348691,0.1314285714285714,0.1482446895156728,13.8,11.97,0.09,0.02,0.07,0.15,0.2,100,38.5,0.18018,0.30333333333333334,0.138,22.1
1630579,Jericho Sims,Jericho,1610612749,MIL,27.0,67,25,42,0.373,19.7,2.2,2.8,0.784,0.0,0.0,0.0,0.7,1.1,0.62,2.2,3.3,5.5,1.6,1.1,0.3,0.3,0.3,2.2,1.2,5.0,-4.1,14.4,6,1,13.1,147,243,57,399,300,367,474,3,517,548,517,386,348,495,50,164,100,299,235,486,315,368,152,306,408,499,351,84,23,364,1,Jericho Sims,Jericho,1610612749,MIL,27.0,67,25,42,0.373,19.7,110.1,110.3,110.3,119.9,120.3,120.3,-9.8,-10.1,-10.1,0.109,1.39,26.4,0.115,0.171,0.143,19.0,19.0,0.784,0.772,0.095,0.098,97.97,97.72,81.44,97.72,0.083,2682,145,185,2.2,2.8,0.784,147,243,523,399,300,352,346,346,516,517,517,478,480,480,337,404,86,45,111,63,562,563,4,6,566,565,527,542,542,325,278,363,367,474,3,1,13.0,0.0,0.3928571428571429,0.6172264824251257,0.1547735175748743,1.0,1.0,100.0,1.6864864864864866,0.016216216216216217,0.016216216216216217,0.010810810810810811,0.3837837837837838,0.3567567567567568,185,21.0,0.16212,0.2729292929292929,1.0,63.6
1641724,Jett Howard,Jett,1610612753,ORL,22.0,55,28,27,0.509,12.6,1.9,4.6,0.418,1.0,2.6,0.372,0.7,0.7,0.949,0.4,1.2,1.6,0.8,0.3,0.2,0.2,0.3,1.2,0.5,5.5,-1.3,9.5,0,0,9.6,258,216,220,298,429,395,370,426,274,293,181,379,432,36,422,459,469,448,523,528,358,285,421,483,387,349,452,284,38,436,1,Jett Howard,Jett,1610612753,ORL,22.0,55,28,27,0.509,12.6,112.1,112.6,112.6,119.0,118.1,118.1,-6.9,-5.5,-5.5,0.095,3.0,13.7,0.03,0.096,0.06,4.6,4.6,0.526,0.561,0.166,0.171,100.43,100.55,83.79,100.55,0.07,1461,105,251,1.9,4.6,0.418,258,216,352,298,429,265,252,252,503,482,482,423,389,389,391,59,418,366,393,420,36,36,353,344,319,318,398,388,388,428,332,318,395,370,426,1,18.6,0.5652173913043479,0.1521739130434782,0.5593744802698586,0.0016255197301414,0.3971428571428572,0.4906914787912382,43.5,16.48207171314741,0.1952191235059761,0.01593625498007968,0.055776892430278883,0.12749003984063745,0.01593625498007968,251,53.2,0.29845200000000005,0.5024444444444446,0.435,46.9
1628975,Jevon Carter,Jevon,1610612753,ORL,30.0,53,26,27,0.491,16.4,2.3,5.8,0.401,1.5,4.1,0.363,0.3,0.4,0.789,0.3,1.4,1.7,1.6,0.7,0.8,0.2,0.2,1.1,0.3,6.4,-1.6,13.0,0,0,13.1,276,231,220,330,364,351,311,473,164,176,208,503,511,250,495,424,463,284,377,231,372,467,451,517,344,383,377,284,38,367,2,Jevon Carter,Jevon,1610612753,ORL,30.0,53,26,27,0.491,16.4,109.4,110.0,110.0,115.9,115.6,115.6,-6.5,-5.7,-5.7,0.148,2.42,19.8,0.015,0.085,0.048,8.2,8.2,0.528,0.537,0.166,0.171,101.8,101.62,84.69,101.62,0.074,1844,123,307,2.3,5.8,0.401,276,231,352,330,364,382,361,361,438,415,415,410,391,391,230,136,217,506,458,511,154,157,350,414,320,320,307,308,308,397,308,280,351,311,473,2,21.9,0.7068965517241379,0.0689655172413793,0.5424467863949083,-0.0054467863949082,0.3285714285714287,0.4671718388039328,38.4,20.50814332247557,0.3941368078175896,0.026058631921824105,0.14006514657980457,0.04560260586319218,0.006514657980456026,307,76.7,0.41187900000000005,0.6933989898989901,0.384,53.9
202710,Jimmy Butler III,Jimmy,1610612744,GSW,36.0,38,23,15,0.605,31.1,6.3,12.2,0.519,0.8,2.2,0.376,6.5,7.6,0.864,2.3,3.2,5.6,4.9,1.6,1.4,0.2,0.8,1.2,5.5,20.0,4.9,37.4,3,0,34.6,370,268,382,171,66,66,90,116,304,325,164,7,8,108,47,176,98,54,138,31,351,62,418,11,47,43,44,128,38,47,1,Jimmy Butler III,Jimmy,1610612744,GSW,36.0,38,23,15,0.605,31.1,116.0,116.6,116.6,109.3,109.2,109.2,6.7,7.3,7.3,0.24,3.08,22.3,0.073,0.101,0.087,7.2,7.2,0.554,0.646,0.226,0.234,101.93,101.73,84.78,101.73,0.155,2505,240,462,6.3,12.2,0.519,370,268,187,171,66,107,107,107,127,133,133,83,77,77,88,55,154,119,366,243,97,96,234,72,101,98,295,293,293,20,172,200,66,90,116,1,56.3,0.180327868852459,0.6229508196721312,0.6455843925404116,0.0004156074595884,0.6399999999999999,0.4866677981817638,57.9,8.796536796536797,0.21212121212121213,0.03463203463203463,0.15151515151515152,0.19696969696969696,0.09740259740259741,462,54.2,0.35013200000000005,0.5894478114478116,0.579,58.4
1629111,Jock Landale,Jock,1610612737,ATL,30.0,68,36,32,0.529,22.1,4.1,8.1,0.515,1.1,2.8,0.383,1.2,1.9,0.635,2.7,3.0,5.7,1.7,0.9,0.5,0.5,0.5,2.2,2.0,10.6,-0.8,22.2,9,0,21.1,135,151,149,276,240,181,201,128,245,276,145,252,215,489,30,199,88,274,305,369,145,201,143,157,195,316,198,63,38,200,2,Jock Landale,Jock,1610612737,ATL,30.0,68,36,32,0.529,22.1,112.8,114.6,114.6,116.2,116.8,116.8,-3.4,-2.2,-2.2,0.11,1.92,14.7,0.111,0.136,0.123,7.7,7.7,0.582,0.595,0.177,0.181,102.88,101.83,84.86,101.83,0.098,3202,282,548,4.1,8.1,0.515,135,151,424,276,240,220,165,165,448,447,447,337,307,307,331,239,385,49,214,99,119,124,138,206,264,270,220,288,288,215,136,155,181,201,128,2,33.2,0.345679012345679,0.2345679012345679,0.575502656215344,0.0194973437846559,0.4942857142857142,0.5501259631371334,51.7,11.186131386861314,0.1478102189781022,0.0072992700729927005,0.04562043795620438,0.10583941605839416,0.15875912408759124,548,35.5,0.21122499999999997,0.3555976430976431,0.517,43.6
203954,Joel Embiid,Joel,1610612755,PHI,32.0,38,24,14,0.632,31.6,9.0,18.3,0.489,1.4,4.2,0.333,7.5,8.8,0.854,2.0,5.7,7.7,3.9,2.9,0.6,1.2,1.0,2.2,6.1,26.9,4.1,44.5,10,1,43.4,370,252,397,147,56,14,15,186,180,162,302,3,5,126,68,31,37,76,25,351,26,23,155,9,10,59,11,56,23,13,1,Joel Embiid,Joel,1610612755,PHI,32.0,38,24,14,0.632,31.6,118.7,119.1,119.1,111.5,113.2,113.2,7.2,5.8,5.8,0.209,1.38,13.6,0.063,0.169,0.118,9.9,9.9,0.527,0.605,0.336,0.343,101.61,100.69,83.91,100.69,0.163,2522,341,697,9.0,18.3,0.489,370,252,175,147,56,45,55,55,240,302,302,76,105,105,120,408,424,154,117,117,281,284,351,177,6,6,324,381,381,13,93,100,14,15,186,1,80.5,0.2295081967213114,0.4808743169398907,0.6060286281056653,-0.0010286281056652,0.5228571428571427,0.4818648527279014,50.6,12.959827833572453,0.31850789096126253,0.010043041606886656,0.30703012912482064,0.13055954088952654,0.06599713055954089,697,68.7,0.41563500000000003,0.6997222222222224,0.506,60.3
1628381,John Collins,John,1610612746,LAC,28.0,69,32,37,0.464,27.1,5.3,9.6,0.552,1.3,3.2,0.406,1.7,2.2,0.766,1.6,3.7,5.3,1.0,1.4,0.9,0.7,0.6,2.7,2.2,13.6,-0.6,24.9,3,0,24.4,118,182,93,349,147,115,152,85,198,235,82,170,172,310,97,133,115,393,182,180,90,112,46,139,130,296,154,128,38,150,1,John Collins,John,1610612746,LAC,28.0,69,32,37,0.464,27.1,112.3,113.9,113.9,113.1,115.1,115.1,-0.8,-1.2,-1.2,0.058,0.74,7.9,0.061,0.135,0.099,10.7,10.7,0.62,0.643,0.188,0.192,99.54,97.98,81.65,97.98,0.098,3823,364,659,5.3,9.6,0.552,118,182,482,349,147,252,187,187,313,391,391,277,284,284,538,538,555,157,221,184,362,357,74,76,209,216,452,528,528,213,83,109,115,152,85,1,40.1,0.3333333333333333,0.2291666666666666,0.5733549540559671,0.0696450459440328,0.6314285714285715,0.7168970106744557,66.6,11.088012139605462,0.15477996965098634,0.0030349013657056147,0.09256449165402124,0.165402124430956,0.09104704097116843,659,41.6,0.267488,0.45031649831649834,0.6659999999999999,55.8
1629723,John Konchar,John,1610612762,UTA,30.0,56,18,38,0.321,19.9,1.7,3.6,0.472,0.5,1.8,0.283,0.6,0.8,0.727,1.3,3.0,4.3,2.1,0.6,1.5,0.7,0.1,1.4,0.8,4.4,-2.6,18.6,3,2,15.6,247,325,81,433,294,423,424,237,393,381,434,417,418,382,132,206,178,225,398,30,106,488,367,404,425,433,265,128,16,313,2,John Konchar,John,1610612762,UTA,30.0,56,18,38,0.321,19.9,106.7,106.1,106.1,111.2,112.0,112.0,-4.5,-5.9,-5.9,0.136,3.37,31.8,0.059,0.14,0.098,9.4,9.4,0.543,0.568,0.09,0.092,105.46,105.42,87.85,105.42,0.09,2447,94,199,1.7,3.6,0.472,247,325,491,433,294,467,472,472,217,246,246,361,396,396,253,35,32,167,196,189,248,247,281,317,573,573,62,68,68,279,347,351,423,424,237,2,12.3,0.5,0.2222222222222222,0.581553561197267,-0.013553561197267,0.417142857142857,0.440211972893392,42.6,13.5678391959799,0.05527638190954774,0.01507537688442211,0.035175879396984924,0.10050251256281408,0.07537688442211055,199,35.4,0.20107199999999997,0.3385050505050505,0.42600000000000005,38.2
1642277,Johnny Furphy,Johnny,1610612754,IND,21.0,35,10,25,0.286,18.4,2.0,4.3,0.47,0.7,2.0,0.324,0.5,1.0,0.486,0.9,3.5,4.4,1.2,0.8,0.6,0.2,0.5,1.9,0.8,5.1,-1.7,13.6,1,0,12.9,390,411,246,454,323,383,391,247,351,346,349,442,360,548,218,151,173,370,327,330,358,194,243,396,404,384,367,201,38,374,1,Johnny Furphy,Johnny,1610612754,IND,21.0,35,10,25,0.286,18.4,111.8,110.1,110.1,114.6,114.8,114.8,-2.8,-4.6,-4.6,0.085,1.41,17.5,0.049,0.191,0.119,12.4,12.4,0.547,0.547,0.125,0.13,101.51,102.22,85.19,102.22,0.066,1372,70,149,2.0,4.3,0.47,390,411,326,454,323,272,353,353,388,375,375,318,376,376,437,394,289,213,74,113,469,472,267,383,497,495,330,256,256,455,379,386,383,391,247,1,15.3,0.4651162790697674,0.2325581395348837,0.5799501979119754,-0.0329501979119754,0.3571428571428572,0.3757065761489483,36.5,13.04026845637584,0.053691275167785234,0.013422818791946308,0.020134228187919462,0.1610738255033557,0.06040268456375839,149,36.3,0.19856100000000002,0.33427777777777784,0.365,35.0
202685,Jonas Valančiūnas,Jonas,1610612743,DEN,34.0,65,42,23,0.646,13.4,3.5,6.0,0.582,0.1,0.4,0.308,1.6,2.1,0.772,1.6,3.4,5.1,1.2,1.1,0.2,0.6,0.4,2.0,2.2,8.7,-0.7,17.8,5,0,16.7,166,87,275,134,418,226,301,64,485,506,388,187,183,299,93,152,133,366,234,514,131,211,192,142,251,307,279,96,38,288,1,Jonas Valančiūnas,Jonas,1610612743,DEN,34.0,65,42,23,0.646,13.4,113.9,114.6,114.6,116.8,116.6,116.6,-2.9,-2.0,-2.0,0.15,1.07,12.9,0.124,0.246,0.187,12.1,12.1,0.592,0.63,0.26,0.265,97.44,97.23,81.03,97.23,0.15,1761,227,390,3.5,6.0,0.582,166,87,289,134,418,176,163,163,463,440,440,322,303,303,227,486,440,34,17,14,460,462,121,101,50,55,540,558,558,30,190,233,226,301,64,1,35.4,0.0666666666666666,0.35,0.5904954952266905,0.0395045047733094,0.5942857142857143,0.6166617175715305,60.3,6.825641025641025,0.21025641025641026,0.010256410256410256,0.1717948717948718,0.13076923076923078,0.16923076923076924,390,42.1,0.26523,0.4465151515151516,0.603,52.5
1630228,Jonathan Kuminga,Jonathan,1610612737,ATL,23.0,36,22,14,0.611,23.1,4.4,9.4,0.463,1.0,2.9,0.333,2.5,3.4,0.724,1.4,4.3,5.6,2.3,1.9,0.6,0.3,0.7,1.5,2.6,12.2,2.0,23.2,1,0,22.9,384,277,397,165,221,162,156,268,279,268,302,96,82,388,123,93,93,203,92,310,272,90,334,111,156,124,176,201,38,170,2,Jonathan Kuminga,Jonathan,1610612737,ATL,23.0,36,22,14,0.611,23.1,111.5,112.0,112.0,106.5,108.0,108.0,5.0,4.1,4.1,0.148,1.24,15.3,0.056,0.182,0.118,12.3,12.3,0.515,0.557,0.226,0.233,103.7,102.73,85.61,102.73,0.111,1777,157,339,4.4,9.4,0.463,384,277,175,165,221,292,273,273,66,99,99,119,137,137,228,445,363,176,89,115,467,467,391,354,103,106,155,214,214,142,266,260,162,156,268,2,41.3,0.3085106382978723,0.3617021276595744,0.59471424130361,-0.0377142413036099,0.3857142857142859,0.3598632877683344,37.5,11.424778761061948,0.26843657817109146,0.011799410029498525,0.10324483775811209,0.17994100294985252,0.05309734513274336,339,53.9,0.3002230000000001,0.5054259259259261,0.375,44.0
203903,Jordan Clarkson,Jordan,1610612752,NYK,34.0,72,45,27,0.625,17.8,3.3,7.3,0.451,1.0,3.0,0.327,1.1,1.3,0.83,0.9,0.9,1.8,1.3,0.9,0.4,0.1,0.4,1.7,1.1,8.6,1.5,13.5,0,0,13.8,84,60,220,153,332,244,234,312,279,260,341,275,297,170,241,501,449,342,307,426,444,274,279,313,255,152,369,284,38,353,1,Jordan Clarkson,Jordan,1610612752,NYK,34.0,72,45,27,0.625,17.8,114.6,115.4,115.4,110.1,111.7,111.7,4.5,3.7,3.7,0.11,1.52,13.3,0.047,0.049,0.048,8.7,8.7,0.517,0.548,0.203,0.209,99.82,98.78,82.32,98.78,0.068,2638,237,526,3.3,7.3,0.451,84,60,352,153,332,147,137,137,167,238,238,135,147,147,328,364,431,223,562,514,184,183,383,380,159,157,434,488,488,443,177,168,244,234,312,1,32.2,0.4109589041095891,0.1780821917808219,0.5613881614141728,-0.0133881614141727,0.3600000000000001,0.4407620259147928,39.2,13.568441064638783,0.20722433460076045,0.03612167300380228,0.08935361216730038,0.12357414448669202,0.045627376425855515,526,55.5,0.3041400000000001,0.5120202020202022,0.392,45.2
1630692,Jordan Goodwin,Jordan,1610612756,PHX,27.0,70,39,31,0.557,22.5,3.3,7.9,0.413,1.6,4.3,0.371,0.6,0.8,0.696,2.0,2.9,4.9,2.2,1.0,1.5,0.2,0.4,1.9,1.0,8.7,1.3,22.0,2,0,20.8,105,118,160,240,233,247,210,447,141,153,186,422,409,431,69,215,146,219,277,23,358,214,232,355,253,166,203,159,38,207,1,Jordan Goodwin,Jordan,1610612756,PHX,27.0,70,39,31,0.557,22.5,112.8,113.4,113.4,109.4,110.1,110.1,3.4,3.3,3.3,0.136,2.22,18.9,0.08,0.134,0.105,8.5,8.5,0.514,0.525,0.167,0.173,99.85,99.3,82.75,99.3,0.098,3245,229,555,3.3,7.9,0.413,105,118,412,240,233,219,217,217,130,164,164,161,161,161,255,167,237,101,225,157,174,176,394,445,307,316,431,466,466,222,186,154,247,210,447,1,30.5,0.5443037974683543,0.1012658227848101,0.549682347620917,-0.0246823476209169,0.2942857142857142,0.403202114220452,33.8,15.807207207207208,0.17477477477477477,0.01981981981981982,0.05945945945945946,0.0918918918918919,0.10270270270270271,555,48.7,0.25567500000000004,0.43042929292929305,0.33799999999999997,38.4
1641722,Jordan Hawkins,Jordan,1610612740,NOP,24.0,51,13,38,0.255,13.6,1.8,5.0,0.366,0.9,2.6,0.348,0.5,0.5,0.852,0.4,1.3,1.7,0.8,0.7,0.3,0.2,0.2,0.6,0.6,5.1,-2.6,9.1,0,0,9.4,291,384,81,483,416,401,350,525,291,290,262,455,476,128,438,439,456,445,379,497,368,392,530,453,407,434,465,284,38,443,1,Jordan Hawkins,Jordan,1610612740,NOP,24.0,51,13,38,0.255,13.6,107.6,107.0,107.0,116.7,116.8,116.8,-9.1,-9.8,-9.8,0.086,1.24,12.2,0.026,0.089,0.058,9.9,9.9,0.457,0.48,0.175,0.182,103.6,103.84,86.53,103.84,0.055,1503,94,257,1.8,5.0,0.366,291,384,491,483,416,442,457,457,461,446,446,462,473,473,431,447,467,399,433,436,284,281,503,513,272,267,165,141,141,508,347,314,401,350,525,1,20.2,0.52,0.1,0.548739628023212,-0.0687396280232119,0.1657142857142857,0.2566853549682554,20.2,18.373540856031127,0.41245136186770426,0.03501945525291829,0.2490272373540856,0.054474708171206226,0.027237354085603113,257,83.2,0.39936,0.6723232323232323,0.20199999999999999,43.7
1641757,Jordan Miller,Jordan,1610612746,LAC,26.0,60,36,24,0.6,22.1,3.5,6.7,0.531,0.6,1.8,0.345,2.3,2.9,0.777,0.8,2.2,3.0,2.3,1.1,0.8,0.2,0.8,1.0,2.0,10.0,-0.2,18.8,1,0,17.8,214,151,258,174,243,223,265,102,355,371,272,109,112,291,251,307,295,207,249,234,379,61,458,165,216,278,260,201,38,266,1,Jordan Miller,Jordan,1610612746,LAC,26.0,60,36,24,0.6,22.1,115.4,114.3,114.3,113.4,114.7,114.7,2.0,-0.4,-0.4,0.157,2.16,20.0,0.041,0.097,0.071,9.3,9.3,0.579,0.628,0.177,0.183,98.62,98.57,82.14,98.57,0.106,2720,212,399,3.5,6.7,0.531,214,151,309,174,243,126,175,175,328,371,371,196,268,268,213,175,211,259,384,345,229,241,146,106,261,263,500,500,500,166,203,227,223,265,102,1,32.1,0.2686567164179104,0.4328358208955223,0.6139635206782843,0.0140364793217157,0.5885714285714285,0.5319653286967058,56.6,10.12280701754386,0.14285714285714285,0.02756892230576441,0.03759398496240601,0.2681704260651629,0.045112781954887216,399,47.4,0.297672,0.5011313131313132,0.5660000000000001,53.4
1629673,Jordan Poole,Jordan,1610612740,NOP,26.0,39,16,23,0.41,23.9,4.2,11.4,0.372,2.5,7.4,0.333,2.5,2.9,0.86,0.2,1.7,2.0,3.1,1.8,0.6,0.4,0.7,2.3,2.9,13.4,-3.7,21.5,0,0,22.8,368,348,275,379,207,171,109,519,51,22,302,94,111,113,515,388,425,133,107,339,220,96,127,84,134,479,209,284,38,172,1,Jordan Poole,Jordan,1610612740,NOP,26.0,39,16,23,0.41,23.9,107.8,109.4,109.4,115.4,117.3,117.3,-7.7,-7.9,-7.9,0.185,1.72,17.6,0.009,0.067,0.037,10.2,10.1,0.48,0.53,0.235,0.244,105.81,104.18,86.82,104.18,0.073,2033,165,444,4.2,11.4,0.372,368,348,289,379,207,433,379,379,419,464,464,436,436,436,158,290,282,554,537,559,311,305,475,434,84,81,54,118,118,410,255,210,171,109,519,1,45.2,0.6491228070175439,0.2543859649122806,0.5707615281630193,-0.0407615281630192,0.3085714285714287,0.3497292397500368,32.5,18.684684684684683,0.33783783783783783,0.033783783783783786,0.04504504504504504,0.15090090090090091,0.006756756756756757,444,71.1,0.37683,0.6343939393939394,0.325,48.0
1641775,Jordan Walsh,Jordan,1610612738,BOS,22.0,68,46,22,0.676,17.8,2.0,3.9,0.509,0.7,1.8,0.384,0.6,0.8,0.772,1.3,2.8,4.0,0.8,0.5,0.7,0.5,0.3,2.0,0.8,5.4,1.4,14.4,2,0,13.2,135,52,295,100,331,383,409,139,335,370,143,393,401,300,137,234,200,455,440,251,177,372,200,392,394,162,354,159,38,361,1,Jordan Walsh,Jordan,1610612738,BOS,22.0,68,46,22,0.676,17.8,118.0,117.9,117.9,112.3,112.8,112.8,5.8,5.1,5.1,0.059,1.54,14.2,0.069,0.146,0.108,9.2,9.2,0.599,0.623,0.114,0.119,95.99,95.8,79.84,95.8,0.08,2407,136,267,2.0,3.9,0.509,135,52,279,100,331,56,77,77,273,281,281,102,118,118,533,357,401,139,178,149,228,225,106,116,525,524,564,577,577,349,289,307,383,409,139,1,15.4,0.4615384615384615,0.2051282051282051,0.5759354421214045,0.0470645578785955,0.5742857142857143,0.6418034074499489,60.1,12.842696629213483,0.04868913857677903,0.0149812734082397,0.02247191011235955,0.14606741573033707,0.1198501872659176,267,34.4,0.21431199999999997,0.3607946127946128,0.601,48.1
1630631,Jose Alvarado,Jose,1610612752,NYK,28.0,69,28,41,0.406,19.9,2.7,6.5,0.416,1.5,4.2,0.352,0.5,0.7,0.761,0.4,2.1,2.5,3.4,1.1,1.0,0.1,0.4,1.9,0.9,7.4,0.3,17.6,1,0,16.9,118,216,61,382,297,309,277,439,166,165,248,434,439,320,448,316,371,108,236,139,452,259,238,372,309,226,288,201,38,282,2,Jose Alvarado,Jose,1610612752,NYK,28.0,69,28,41,0.406,19.9,112.3,112.0,112.0,109.9,110.7,110.7,2.4,1.3,1.3,0.244,3.04,30.0,0.018,0.1,0.06,9.9,9.9,0.529,0.543,0.167,0.173,99.82,99.57,82.98,99.57,0.088,2837,187,449,2.7,6.5,0.416,118,216,515,382,297,251,275,275,154,195,195,185,223,223,85,58,48,477,372,422,283,282,344,394,309,313,433,446,446,287,227,207,309,277,439,2,26.7,0.6461538461538462,0.1076923076923076,0.5501784363830426,-0.0071784363830426,0.3457142857142858,0.4614130688094205,39.2,17.875278396436524,0.26948775055679286,0.022271714922048998,0.026726057906458798,0.12249443207126949,0.0022271714922048997,449,60.2,0.326886,0.5503131313131314,0.392,47.1
1630581,Josh Giddey,Josh,1610612741,CHI,23.0,54,21,33,0.389,32.1,5.9,13.3,0.448,1.9,5.2,0.364,3.2,4.2,0.763,1.2,7.1,8.3,9.1,3.6,1.0,0.5,0.8,1.7,2.9,17.0,-3.5,41.6,28,13,39.4,266,292,135,394,50,81,69,322,99,99,202,64,55,317,143,16,32,3,6,116,156,51,293,82,75,471,22,13,2,27,1,Josh Giddey,Josh,1610612741,CHI,23.0,54,21,33,0.389,32.1,111.2,112.1,112.1,116.1,117.1,117.1,-4.9,-5.0,-5.0,0.41,2.52,32.8,0.037,0.201,0.121,13.0,13.0,0.52,0.562,0.238,0.243,105.31,104.46,87.05,104.46,0.142,3768,321,717,5.9,13.3,0.448,266,292,435,394,50,302,270,270,443,455,455,374,383,383,7,120,29,292,55,103,500,500,377,340,80,82,70,103,103,43,110,96,81,69,322,1,56.1,0.3909774436090225,0.3157894736842105,0.5840297472607581,-0.022029747260758,0.4000000000000001,0.4120235940034267,40.5,12.90934449093445,0.18549511854951187,0.023709902370990237,0.058577405857740586,0.20362622036262204,0.01394700139470014,717,52.5,0.29505000000000003,0.49671717171717183,0.405,45.1
1630182,Josh Green,Josh,1610612766,CHA,25.0,58,37,21,0.638,15.7,1.4,3.1,0.459,1.0,2.4,0.42,0.4,0.5,0.893,0.8,1.0,1.8,0.8,0.6,0.6,0.1,0.1,1.1,0.7,4.3,3.6,9.1,0,0,9.3,230,136,305,142,381,453,450,284,268,314,56,461,489,65,278,491,451,449,402,315,463,510,445,409,436,69,461,284,38,447,1,Josh Green,Josh,1610612766,CHA,25.0,58,37,21,0.638,15.7,116.8,118.5,118.5,106.8,106.0,106.0,10.0,12.5,12.5,0.069,1.34,17.2,0.048,0.06,0.054,12.8,12.7,0.619,0.644,0.104,0.107,98.57,98.23,81.86,98.23,0.059,1847,83,181,1.4,3.1,0.459,230,136,262,142,381,86,64,64,69,65,65,45,33,33,507,420,300,215,551,465,490,484,75,74,551,555,503,515,515,494,361,366,453,450,284,1,10.6,0.7741935483870968,0.1612903225806451,0.5663995965354178,0.0776004034645821,0.6342857142857143,0.7433533237278315,67.8,18.85082872928177,0.049723756906077346,0.011049723756906077,0.011049723756906077,0.09392265193370165,0.0055248618784530384,181,41.9,0.269836,0.4542693602693603,0.6779999999999999,56.6
1628404,Josh Hart,Josh,1610612752,NYK,31.0,66,44,22,0.667,30.2,4.6,9.0,0.508,1.5,3.7,0.413,1.4,1.9,0.72,1.4,6.0,7.4,4.8,1.9,1.1,0.3,0.6,2.5,2.1,12.0,3.2,30.3,13,2,28.5,157,67,295,106,86,148,172,141,152,193,66,214,210,391,118,26,46,55,84,83,310,144,79,154,159,79,98,42,16,104,1,Josh Hart,Josh,1610612752,NYK,31.0,66,44,22,0.667,30.2,116.6,118.0,118.0,111.4,112.5,112.5,5.1,5.5,5.5,0.212,2.48,29.2,0.047,0.2,0.123,11.8,11.7,0.593,0.612,0.163,0.167,100.04,98.97,82.47,98.97,0.118,4104,301,592,4.6,9.0,0.508,157,67,279,106,86,91,75,75,233,270,270,117,111,111,117,129,57,224,58,100,444,442,120,144,326,336,422,477,477,103,123,141,148,172,141,1,37.3,0.4111111111111111,0.2111111111111111,0.5720794688046307,0.0399205311953693,0.5428571428571427,0.6180452537899922,57.3,13.150337837837839,0.27364864864864863,0.02702702702702703,0.08783783783783784,0.16722972972972974,0.016891891891891893,592,59.7,0.36536399999999997,0.615090909090909,0.573,59.4
1631169,Josh Minott,Josh,1610612751,BKN,23.0,49,23,26,0.469,17.0,2.6,5.1,0.5,1.3,3.1,0.418,1.0,1.2,0.787,1.0,2.2,3.2,0.9,0.9,0.9,0.5,0.3,1.5,1.1,7.4,-0.5,16.0,1,0,15.7,305,268,232,346,349,322,343,156,195,242,60,303,310,262,205,300,279,419,306,163,165,353,345,320,306,295,323,201,38,312,2,Josh Minott,Josh,1610612751,BKN,23.0,49,23,26,0.469,17.0,111.6,111.7,111.7,111.3,111.7,111.7,0.3,-0.1,-0.1,0.083,1.07,12.6,0.055,0.128,0.091,11.8,11.7,0.627,0.653,0.162,0.169,99.18,98.94,82.45,98.94,0.104,1708,126,252,2.6,5.1,0.5,305,268,338,346,349,290,294,294,222,240,240,243,259,259,447,485,448,179,244,224,445,440,67,67,332,328,468,481,481,186,304,316,322,343,156,2,21.6,0.607843137254902,0.2352941176470588,0.5753973969811699,0.0776026030188301,0.6599999999999999,0.7433606385588257,69.3,16.535714285714285,0.09126984126984126,0.027777777777777776,0.011904761904761904,0.11507936507936507,0.07539682539682539,252,44.8,0.29254399999999997,0.4924983164983165,0.693,59.3
1629006,Josh Okogie,Josh,1610612745,HOU,27.0,78,49,29,0.628,17.4,1.6,3.8,0.425,0.8,2.1,0.385,0.5,0.9,0.594,1.0,1.5,2.6,0.9,0.5,0.8,0.2,0.3,1.4,1.1,4.5,0.9,11.4,1,0,10.8,28,37,189,151,338,427,416,397,315,338,140,426,388,509,185,411,354,432,435,206,355,337,374,322,419,189,407,201,38,407,1,Josh Okogie,Josh,1610612745,HOU,27.0,78,49,29,0.628,17.4,115.8,115.4,115.4,109.6,109.9,109.9,6.1,5.6,5.6,0.065,1.68,15.8,0.059,0.085,0.072,9.4,9.4,0.531,0.544,0.112,0.116,98.22,98.25,81.87,98.25,0.056,2733,125,294,1.6,3.8,0.425,28,37,379,151,338,113,136,136,138,150,150,92,110,110,517,303,336,166,455,336,247,252,331,391,533,530,517,513,513,506,306,288,427,416,397,1,15.8,0.5526315789473685,0.2368421052631579,0.5815624862570782,-0.0375624862570781,0.3485714285714287,0.3603679638948445,35.3,14.656462585034014,0.04081632653061224,0.023809523809523808,0.03741496598639456,0.11564625850340136,0.0782312925170068,294,39.0,0.21216000000000002,0.3571717171717172,0.353,35.5
201950,Jrue Holiday,Jrue,1610612757,POR,35.0,53,28,25,0.528,29.4,6.0,13.4,0.451,2.6,6.8,0.378,1.7,2.0,0.838,1.3,3.3,4.6,6.1,2.8,1.0,0.1,0.7,1.5,1.7,16.3,3.7,31.6,9,0,31.9,276,216,246,279,102,77,68,310,40,39,160,176,200,154,126,170,161,28,30,115,453,81,351,196,85,66,83,63,38,70,1,Jrue Holiday,Jrue,1610612757,POR,35.0,53,28,25,0.528,29.4,113.7,114.6,114.6,109.0,108.6,108.6,4.7,6.1,6.1,0.302,2.21,26.4,0.042,0.108,0.074,12.0,11.9,0.548,0.573,0.227,0.233,103.72,103.5,86.25,103.5,0.124,3361,320,709,6.0,13.4,0.451,276,216,326,279,102,187,160,160,122,117,117,126,99,99,39,170,87,249,338,316,454,454,262,298,97,102,154,162,162,82,111,97,77,68,310,1,50.0,0.5074626865671642,0.1492537313432835,0.5525557492459946,0.0204442507540053,0.4314285714285713,0.5532749941076234,48.0,16.172073342736248,0.49647390691114246,0.021156558533145273,0.08603667136812412,0.13399153737658676,0.009873060648801129,709,76.6,0.4389179999999999,0.7389191919191919,0.48,60.9
1630577,Julian Champagnie,Julian,1610612759,SAS,24.0,82,62,20,0.756,27.6,3.7,8.4,0.437,2.4,6.2,0.381,1.4,1.6,0.844,0.9,4.9,5.8,1.5,0.8,0.8,0.5,0.1,1.6,1.0,11.1,7.2,23.2,7,0,23.2,1,1,322,43,135,207,192,361,57,57,152,212,242,139,223,62,83,300,321,230,172,481,314,352,183,15,177,72,38,163,1,Julian Champagnie,Julian,1610612759,SAS,24.0,82,62,20,0.756,27.6,119.8,120.4,120.4,107.7,108.0,108.0,12.1,12.4,12.4,0.071,1.84,13.7,0.032,0.161,0.099,7.4,7.3,0.578,0.609,0.146,0.152,102.94,102.55,85.46,102.55,0.091,4838,301,689,3.7,8.4,0.437,1,1,251,43,135,29,34,34,95,102,102,30,35,35,495,257,422,333,133,183,107,104,148,161,404,403,214,227,227,264,123,101,207,192,361,1,33.7,0.7380952380952381,0.1904761904761904,0.5676428125646364,0.0413571874353635,0.5342857142857143,0.622822993462558,57.0,19.124818577648767,0.0783744557329463,0.011611030478955007,0.020319303338171262,0.07402031930333818,0.04354136429608128,689,43.3,0.263697,0.4439343434343435,0.5700000000000001,50.7
1631124,Julian Strawther,Julian,1610612743,DEN,24.0,57,38,19,0.667,15.1,2.6,5.6,0.467,1.0,2.6,0.387,1.0,1.2,0.814,0.2,1.8,2.0,1.1,0.6,0.4,0.1,0.4,1.3,1.2,7.2,0.4,12.3,0,0,12.4,235,128,333,106,390,316,324,259,265,294,129,286,313,209,526,380,418,382,393,416,459,255,400,300,316,225,390,284,38,379,1,Julian Strawther,Julian,1610612743,DEN,24.0,57,38,19,0.667,15.1,115.0,115.0,115.0,115.2,113.5,113.5,-0.3,1.5,1.5,0.101,1.69,13.7,0.014,0.112,0.065,8.1,8.1,0.558,0.59,0.187,0.193,101.11,101.86,84.89,101.86,0.082,1823,149,319,2.6,5.6,0.467,235,128,236,106,390,138,143,143,409,313,313,258,217,217,368,301,421,510,318,382,147,148,217,221,211,214,357,282,282,332,275,272,316,324,259,1,24.9,0.4642857142857143,0.2142857142857143,0.5696773841849684,0.0203226158150315,0.48,0.5528704853202552,50.9,14.830721003134796,0.14420062695924765,0.012539184952978056,0.06896551724137931,0.13166144200626959,0.012539184952978056,319,47.4,0.27965999999999996,0.4708080808080808,0.509,49.0
203944,Julius Randle,Julius,1610612750,MIN,31.0,79,47,32,0.595,33.0,7.3,15.3,0.481,1.4,4.4,0.315,5.0,6.3,0.802,1.7,5.1,6.7,5.0,2.7,1.1,0.2,0.8,2.8,4.4,21.1,2.9,37.9,15,3,36.9,25,44,149,187,40,37,44,209,183,149,379,25,20,225,87,51,61,52,31,98,339,64,40,32,31,86,42,36,8,38,1,Julius Randle,Julius,1610612750,MIN,31.0,79,47,32,0.595,33.0,116.7,117.0,117.0,112.1,113.1,113.1,4.6,4.0,4.0,0.227,1.83,19.6,0.05,0.146,0.099,10.7,10.6,0.526,0.585,0.258,0.266,102.92,102.3,85.25,102.3,0.128,5568,580,1207,7.3,15.3,0.481,25,44,424,187,40,89,96,96,265,295,295,134,142,142,100,260,221,206,176,182,357,352,354,244,53,52,217,249,249,76,16,14,37,44,209,1,67.1,0.2875816993464052,0.4117647058823529,0.6009341662176539,-0.0159341662176539,0.4657142857142855,0.4322950399946369,45.2,11.611433305716654,0.328086164043082,0.0231980115990058,0.14664457332228667,0.19138359569179786,0.045567522783761395,1207,64.1,0.3749849999999999,0.6312878787878786,0.452,54.2
1630551,Justin Champagnie,Justin,1610612764,WAS,24.0,69,13,56,0.188,20.0,3.4,6.7,0.502,0.8,2.4,0.319,1.2,1.5,0.784,2.1,3.5,5.6,1.2,0.7,0.9,0.6,0.7,1.7,1.2,8.7,-4.3,20.9,4,0,19.2,118,384,7,537,292,236,260,154,322,313,362,255,268,269,55,149,96,363,388,188,121,93,298,292,254,507,216,114,38,234,1,Justin Champagnie,Justin,1610612764,WAS,24.0,69,13,56,0.188,20.0,109.7,110.0,110.0,119.2,119.4,119.4,-9.6,-9.4,-9.4,0.087,1.87,13.2,0.098,0.171,0.133,7.1,7.1,0.56,0.589,0.161,0.165,103.77,103.51,86.26,103.51,0.106,2964,232,462,3.4,6.7,0.502,118,384,574,537,292,369,357,357,504,506,506,473,465,465,430,250,433,74,109,80,90,90,212,227,343,344,151,161,161,170,180,200,236,260,154,1,27.6,0.3582089552238806,0.2238805970149253,0.5751202644552652,0.0138797355447347,0.4771428571428571,0.531444062063212,49.9,10.545454545454545,0.049783549783549784,0.010822510822510822,0.015151515151515152,0.21645021645021645,0.15367965367965367,462,32.1,0.189069,0.3182979797979798,0.499,40.9
1642348,Justin Edwards,Justin,1610612755,PHI,22.0,64,37,27,0.578,15.3,2.2,5.0,0.447,1.0,2.8,0.372,0.5,0.6,0.846,0.4,1.1,1.5,1.3,0.6,0.8,0.2,0.3,1.4,0.5,6.0,-1.1,12.2,0,0,11.8,180,136,220,203,387,362,353,326,256,278,182,431,455,136,427,473,481,354,418,195,394,352,364,468,356,340,394,284,38,392,1,Justin Edwards,Justin,1610612755,PHI,22.0,64,37,27,0.578,15.3,112.5,111.7,111.7,115.5,115.0,115.0,-3.0,-3.4,-3.4,0.114,2.22,17.7,0.025,0.07,0.047,7.9,7.9,0.552,0.572,0.154,0.161,103.3,103.91,86.59,103.91,0.068,2115,143,320,2.2,5.0,0.447,180,136,352,203,387,234,288,288,423,389,389,326,337,337,312,166,276,410,530,524,142,144,246,299,373,368,184,130,130,446,281,271,362,353,326,1,19.8,0.5599999999999999,0.12,0.5545739561463059,0.017426043853694,0.4285714285714284,0.5432376543138764,47.4,17.134375,0.215625,0.00625,0.05,0.103125,0.028125,320,51.6,0.29515199999999997,0.4968888888888889,0.474,48.5
203994,Jusuf Nurkić,Jusuf,1610612762,UTA,31.0,41,14,27,0.341,26.4,4.4,8.7,0.503,0.6,1.7,0.352,1.5,2.8,0.549,2.6,7.8,10.4,4.8,2.5,1.3,0.5,0.7,3.3,2.8,10.9,-4.6,33.5,16,3,30.3,356,374,220,417,160,158,180,152,365,385,246,196,120,524,32,9,13,56,45,56,139,74,17,86,189,515,68,33,8,85,1,Jusuf Nurkić,Jusuf,1610612762,UTA,31.0,41,14,27,0.341,26.4,107.9,109.5,109.5,116.5,117.4,117.4,-8.6,-7.9,-7.9,0.261,1.94,27.8,0.089,0.279,0.182,14.3,14.3,0.538,0.548,0.186,0.189,106.46,105.32,87.77,105.32,0.121,2377,180,358,4.4,8.7,0.503,356,374,352,417,160,430,375,375,457,467,467,456,434,434,71,232,70,83,7,20,526,525,300,379,214,231,43,71,71,94,238,250,158,180,152,1,36.8,0.1954022988505747,0.3218390804597701,0.5922839944718188,-0.0442839944718187,0.3600000000000001,0.3380149363834253,35.1,8.656424581005586,0.05307262569832402,0.00558659217877095,0.04189944134078212,0.15083798882681565,0.12290502793296089,358,27.3,0.14960400000000001,0.2518585858585859,0.35100000000000003,30.1
1642354,KJ Simpson,KJ,1610612743,DEN,23.0,20,10,10,0.5,12.9,1.7,5.0,0.343,0.6,2.0,0.3,0.6,0.9,0.611,0.5,1.4,1.9,2.2,1.3,0.8,0.0,0.4,0.9,1.4,4.6,-0.1,11.1,0,0,10.8,449,411,440,303,426,420,356,536,366,348,403,424,385,499,410,426,438,220,207,209,524,237,480,259,416,261,415,284,38,409,2,KJ Simpson,KJ,1610612743,DEN,23.0,20,10,10,0.5,12.9,108.2,110.1,110.1,112.6,110.0,110.0,-4.4,0.0,0.0,0.246,1.72,24.6,0.034,0.112,0.072,14.3,14.3,0.404,0.426,0.21,0.216,99.96,100.24,83.54,100.24,0.065,537,34,99,1.7,5.0,0.343,449,411,129,303,426,421,354,354,288,161,161,359,253,253,81,292,121,308,322,337,522,524,544,548,144,144,428,418,418,460,443,428,420,356,536,2,22.2,0.4,0.18,0.5610675727410709,-0.1350675727410709,0.0114285714285713,0.036105341422678,2.1,13.656565656565656,0.21212121212121213,0.030303030303030304,0.06060606060606061,0.1919191919191919,0.06060606060606061,99,55.8,0.23770799999999997,0.40018181818181814,0.021,21.1
1642880,Kam Jones,Kam,1610612754,IND,24.0,37,6,31,0.162,16.7,1.8,4.6,0.402,0.6,2.0,0.293,0.1,0.2,0.5,0.4,1.2,1.6,3.2,1.0,0.5,0.0,0.3,1.1,0.3,4.4,-3.9,11.6,1,0,10.8,377,461,160,549,355,403,369,470,373,347,420,549,539,531,428,452,466,125,276,394,524,310,452,524,429,489,404,201,38,408,1,Kam Jones,Kam,1610612754,IND,24.0,37,6,31,0.162,16.7,106.6,106.0,106.0,116.6,116.0,116.0,-9.9,-10.0,-10.0,0.262,3.31,36.3,0.024,0.071,0.048,11.0,11.0,0.467,0.47,0.141,0.145,103.65,104.2,86.84,104.2,0.061,1334,68,169,1.8,4.6,0.402,377,461,412,549,355,471,473,473,458,428,428,480,479,479,70,41,17,425,526,516,385,386,493,523,437,440,162,117,117,484,383,374,403,369,470,1,15.7,0.4347826086956522,0.0434782608695652,0.5422671495509953,-0.0722671495509953,0.137142857142857,0.2449542399805892,18.0,14.088757396449704,0.16568047337278108,0.023668639053254437,0.04142011834319527,0.15976331360946747,0.005917159763313609,169,50.1,0.23546999999999998,0.39641414141414144,0.18,28.8
1626157,Karl-Anthony Towns,Karl-Anthony,1610612752,NYK,30.0,75,49,26,0.653,31.0,6.9,13.8,0.501,1.5,4.1,0.368,4.8,5.5,0.858,3.1,8.7,11.9,3.0,2.5,0.9,0.5,1.0,3.4,4.9,20.1,5.0,40.5,56,1,39.2,60,37,232,127,71,54,60,155,155,172,194,30,35,115,17,5,2,137,44,182,140,34,10,20,46,41,28,1,23,28,1,Karl-Anthony Towns,Karl-Anthony,1610612752,NYK,30.0,75,49,26,0.653,31.0,118.1,118.8,118.8,111.5,111.8,111.8,6.6,7.0,7.0,0.142,1.21,14.0,0.101,0.283,0.192,11.6,11.5,0.556,0.619,0.251,0.258,99.95,99.48,82.9,99.48,0.154,4830,517,1032,6.9,13.8,0.501,60,37,338,127,71,55,59,59,235,241,241,84,80,80,242,457,409,66,6,10,431,429,224,125,62,61,430,454,454,21,28,38,54,60,155,1,61.4,0.2971014492753622,0.3985507246376811,0.5991053905098573,0.0198946094901426,0.5628571428571427,0.5514471087729614,55.8,10.294573643410853,0.10368217054263566,0.009689922480620155,0.0687984496124031,0.2655038759689923,0.13275193798449614,1032,40.9,0.253171,0.4262138047138047,0.5579999999999999,49.2
1631255,Karlo Matković,Karlo,1610612740,NOP,25.0,62,24,38,0.387,14.7,2.3,3.8,0.604,0.6,1.5,0.422,0.5,0.7,0.732,1.2,2.5,3.7,0.8,0.5,0.4,0.9,0.2,1.7,0.6,5.7,-1.5,14.6,1,0,13.3,201,252,81,396,396,355,415,47,359,411,53,444,444,373,157,259,226,451,425,431,62,463,285,446,374,369,348,201,38,360,1,Karlo Matković,Karlo,1610612740,NOP,25.0,62,24,38,0.387,14.7,108.2,107.2,107.2,110.4,111.6,111.6,-2.1,-4.4,-4.4,0.079,1.47,14.8,0.074,0.155,0.115,10.1,10.1,0.685,0.696,0.128,0.133,102.51,102.42,85.35,102.42,0.108,1942,142,235,2.3,3.8,0.604,201,252,491,396,396,417,443,443,179,233,233,308,366,366,459,385,382,114,148,127,301,300,22,26,489,491,248,239,239,160,284,329,355,415,47,1,14.6,0.3947368421052631,0.1842105263157894,0.5708845229365583,0.1251154770634416,0.7828571428571427,0.9013693096390234,83.0,10.391489361702128,0.03404255319148936,0.02553191489361702,0.01276595744680851,0.11063829787234042,0.2765957446808511,235,27.0,0.18792,0.3163636363636364,0.8300000000000001,57.3
1642857,Kasparas Jakučionis,Kasparas,1610612748,MIA,20.0,53,28,25,0.528,17.8,1.9,4.5,0.429,1.2,2.9,0.423,1.1,1.2,0.879,0.8,1.8,2.6,2.6,0.9,0.6,0.1,0.3,1.9,1.2,6.2,1.4,14.5,0,0,14.1,276,216,246,279,330,393,377,385,207,264,49,273,309,83,263,378,350,175,284,305,437,322,239,309,351,163,349,284,38,346,1,Kasparas Jakučionis,Kasparas,1610612748,MIA,20.0,53,28,25,0.528,17.8,115.9,115.9,115.9,112.6,112.9,112.9,3.3,3.0,3.0,0.178,2.74,30.2,0.04,0.096,0.067,11.0,11.0,0.567,0.614,0.129,0.134,107.13,106.96,89.14,106.96,0.073,2109,102,238,1.9,4.5,0.429,276,216,326,279,330,110,126,126,289,287,287,164,174,174,170,91,45,270,391,364,389,389,185,136,487,488,30,32,32,409,337,324,393,377,385,1,17.5,0.6444444444444444,0.2666666666666666,0.5847437700283273,0.0292562299716726,0.5485714285714285,0.5825800857015899,56.2,17.42016806722689,0.12605042016806722,0.008403361344537815,0.029411764705882353,0.10084033613445378,0.046218487394957986,238,44.8,0.275072,0.4630841750841751,0.562,51.3
202695,Kawhi Leonard,Kawhi,1610612746,LAC,34.0,65,37,28,0.569,32.1,9.8,19.4,0.505,2.6,6.8,0.387,5.7,6.4,0.892,1.1,5.3,6.4,3.6,2.0,1.9,0.4,0.5,1.2,5.1,27.9,5.2,45.7,5,0,45.1,166,136,205,220,49,8,8,147,37,36,131,16,18,69,174,46,69,99,78,9,193,162,421,19,6,40,9,96,38,11,1,Kawhi Leonard,Kawhi,1610612746,LAC,34.0,65,37,28,0.569,32.1,119.0,120.3,120.3,110.5,112.8,112.8,8.4,7.5,7.5,0.193,1.76,13.1,0.036,0.162,0.102,7.4,7.4,0.573,0.629,0.326,0.333,99.07,97.53,81.28,97.53,0.185,4245,635,1258,9.8,19.4,0.505,166,136,364,220,49,40,35,35,186,276,276,61,76,76,149,281,436,298,132,171,106,106,164,103,8,8,474,549,549,9,10,10,8,8,147,1,79.7,0.3505154639175258,0.3298969072164949,0.5773872623915518,0.0516127376084482,0.5914285714285714,0.656928820285913,61.8,14.84101748807631,0.5127186009538951,0.008744038155802861,0.20747217806041335,0.075516693163752,0.023052464228934817,1258,76.9,0.483701,0.8143114478114478,0.618,71.6
1631099,Keegan Murray,Keegan,1610612758,SAC,25.0,23,5,18,0.217,34.5,5.5,13.0,0.42,1.3,4.9,0.277,1.7,2.1,0.776,1.4,4.3,5.7,1.7,1.2,1.0,1.6,0.7,1.8,1.7,14.0,-7.1,30.0,2,0,27.9,436,474,348,517,17,103,76,418,189,118,440,180,178,293,113,89,84,283,225,109,14,107,255,211,118,554,100,159,38,113,1,Keegan Murray,Keegan,1610612758,SAC,25.0,23,5,18,0.217,34.5,106.2,107.6,107.6,115.0,118.4,118.4,-8.8,-10.7,-10.7,0.07,1.41,9.8,0.039,0.122,0.079,7.0,7.0,0.472,0.499,0.182,0.187,102.4,100.29,83.57,100.29,0.078,1663,126,300,5.5,13.0,0.42,436,474,225,517,17,476,430,430,403,488,488,461,492,492,499,398,537,287,272,285,85,86,491,497,231,240,260,414,414,370,304,283,103,76,418,1,44.6,0.3769230769230769,0.1615384615384615,0.5607682195684365,-0.0617682195684364,0.2199999999999999,0.2798694499666353,24.4,15.343333333333334,0.31,0.01,0.18333333333333332,0.05,0.02,300,61.7,0.307883,0.5183215488215489,0.244,38.1
1642276,Kel'el Ware,Kel'el,1610612748,MIA,22.0,77,39,38,0.506,22.1,4.5,8.4,0.53,1.2,3.0,0.395,0.9,1.2,0.74,2.8,6.2,9.0,0.7,0.8,0.8,1.1,0.3,1.5,1.1,11.1,-0.9,27.7,24,0,25.7,37,118,81,302,242,154,191,103,218,254,107,316,308,361,26,25,20,470,336,224,35,295,331,327,186,319,122,16,38,131,1,Kel'el Ware,Kel'el,1610612748,MIA,22.0,77,39,38,0.506,22.1,112.2,113.1,113.1,112.9,114.1,114.1,-0.7,-1.0,-1.0,0.046,0.9,6.9,0.113,0.247,0.18,7.7,7.7,0.601,0.616,0.174,0.178,106.46,105.48,87.9,105.48,0.137,3731,344,649,4.5,8.4,0.53,37,118,491,302,242,258,231,231,305,345,345,272,279,279,556,523,565,46,16,24,118,119,96,132,275,286,44,67,67,57,91,115,154,191,103,1,33.0,0.3571428571428571,0.1428571428571428,0.5582143333625814,0.0577856666374185,0.5542857142857143,0.6774574945063816,60.4,10.480739599383668,0.08012326656394453,0.01386748844375963,0.02157164869029276,0.0662557781201849,0.29275808936825887,649,25.7,0.158312,0.26651851851851854,0.604,43.5
1629640,Keldon Johnson,Keldon,1610612759,SAS,26.0,82,62,20,0.756,23.3,5.0,9.7,0.519,1.2,3.3,0.363,1.9,2.4,0.794,1.7,3.7,5.4,1.4,0.9,0.6,0.1,0.7,2.0,1.8,13.2,3.9,22.9,5,0,22.5,1,1,322,43,219,125,146,117,213,221,210,147,158,242,88,137,110,336,317,344,433,84,214,188,139,62,182,96,38,176,1,Keldon Johnson,Keldon,1610612759,SAS,26.0,82,62,20,0.756,23.3,115.5,116.0,116.0,108.0,108.2,108.2,7.5,7.8,7.8,0.085,1.59,10.4,0.067,0.143,0.106,6.6,6.6,0.582,0.613,0.201,0.207,102.55,102.22,85.18,102.22,0.118,4070,414,797,5.0,9.7,0.519,1,1,251,43,219,123,122,122,100,107,107,72,71,71,436,332,525,145,183,155,74,74,142,142,163,165,245,257,257,101,58,77,125,146,117,1,41.0,0.3402061855670103,0.2474226804123711,0.5753731666924593,0.0376268333075406,0.5457142857142856,0.6104173389899958,57.2,10.33375156838143,0.10414052697616061,0.012547051442910916,0.01756587202007528,0.2107904642409034,0.09159347553324969,797,36.9,0.22619699999999998,0.3808030303030303,0.5720000000000001,47.6
1626162,Kelly Oubre Jr.,Kelly,1610612755,PHI,30.0,50,27,23,0.54,31.5,5.1,10.9,0.467,1.7,4.8,0.36,2.2,2.9,0.766,1.0,4.0,5.0,1.6,1.4,1.4,0.5,0.7,2.5,2.5,14.1,-1.3,26.7,5,0,26.1,297,225,275,266,58,124,122,261,126,120,222,114,115,313,193,104,134,293,180,45,168,103,74,118,115,355,130,96,38,125,1,Kelly Oubre Jr.,Kelly,1610612755,PHI,30.0,50,27,23,0.54,31.5,114.2,115.3,115.3,114.4,117.2,117.2,-0.3,-1.9,-1.9,0.073,1.16,10.6,0.031,0.121,0.077,9.2,9.1,0.546,0.58,0.179,0.184,102.05,100.39,83.66,100.39,0.083,3291,254,544,5.1,10.9,0.467,297,225,289,266,58,164,139,139,380,456,456,259,298,298,485,467,521,346,276,300,221,219,270,261,246,260,285,407,407,324,156,157,124,122,261,1,42.9,0.4403669724770642,0.2660550458715596,0.5806227297045824,-0.0006227297045824,0.4514285714285713,0.4832147072302508,46.4,13.597426470588236,0.19852941176470587,0.011029411764705883,0.04963235294117647,0.1323529411764706,0.04963235294117647,544,47.0,0.27259999999999995,0.4589225589225589,0.46399999999999997,46.1
1629026,Kenrich Williams,Kenrich,1610612760,OKC,31.0,56,41,15,0.732,15.3,2.5,5.3,0.473,0.9,2.3,0.388,0.6,0.9,0.635,1.1,2.3,3.3,1.4,0.8,0.6,0.1,0.3,1.1,1.0,6.5,0.8,13.8,1,0,13.4,247,97,382,64,386,328,338,235,296,320,128,410,377,490,183,292,262,327,359,349,481,313,453,339,340,193,362,201,38,358,1,Kenrich Williams,Kenrich,1610612760,OKC,31.0,56,41,15,0.732,15.3,113.9,112.6,112.6,110.6,109.5,109.5,3.2,3.1,3.1,0.132,1.84,18.0,0.068,0.143,0.106,9.8,9.8,0.557,0.569,0.178,0.186,99.74,100.84,84.03,100.84,0.098,1792,140,296,2.5,5.3,0.473,247,97,187,64,386,177,255,255,189,137,137,167,173,173,260,258,270,141,182,153,275,273,220,310,257,246,439,369,369,217,285,285,328,338,235,1,23.0,0.4339622641509433,0.169811320754717,0.5623773942875262,0.0066226057124737,0.4199999999999999,0.5073097729108582,45.5,14.280405405405405,0.24324324324324326,0.016891891891891893,0.11148648648648649,0.1858108108108108,0.06756756756756757,296,58.3,0.33172699999999994,0.5584629629629629,0.455,50.7
203484,Kentavious Caldwell-Pope,Kentavious,1610612763,MEM,33.0,51,20,31,0.392,21.3,2.9,7.2,0.41,1.1,3.4,0.316,1.4,1.6,0.913,0.4,2.1,2.5,2.7,1.2,0.8,0.2,0.2,1.1,1.3,8.4,-2.2,17.2,0,0,16.6,291,302,160,391,260,293,243,453,249,217,373,205,252,47,438,324,376,159,221,196,412,392,440,263,264,412,294,284,38,289,1,Kentavious Caldwell-Pope,Kentavious,1610612763,MEM,33.0,51,20,31,0.392,21.3,109.6,110.8,110.8,113.9,115.3,115.3,-4.2,-4.5,-4.5,0.181,2.28,23.1,0.017,0.094,0.054,10.1,10.1,0.485,0.533,0.173,0.177,103.48,102.31,85.26,102.31,0.083,2314,150,366,2.9,7.2,0.41,291,302,412,391,260,371,323,323,350,398,398,353,372,372,166,158,144,490,405,467,303,308,464,425,281,296,168,248,248,328,273,244,293,243,453,1,29.2,0.4722222222222222,0.2222222222222222,0.5726698399651186,-0.0396698399651185,0.3171428571428571,0.3533597547389273,33.2,17.038251366120218,0.3879781420765027,0.00546448087431694,0.22404371584699453,0.08743169398907104,0.00546448087431694,366,72.9,0.3885570000000001,0.6541363636363638,0.332,49.3
1631165,Keon Ellis,Keon,1610612739,CLE,26.0,72,31,41,0.431,20.5,2.3,5.3,0.44,1.3,3.5,0.363,0.7,1.0,0.729,0.5,1.3,1.9,1.0,0.6,1.2,0.6,0.1,1.9,1.2,6.7,-2.0,15.2,0,0,14.4,84,188,61,368,278,346,336,346,204,210,211,368,373,380,371,438,436,394,417,78,117,504,242,296,335,404,337,284,38,341,2,Keon Ellis,Keon,1610612739,CLE,26.0,72,31,41,0.431,20.5,110.2,110.6,110.6,114.8,115.4,115.4,-4.5,-4.8,-4.8,0.067,1.76,13.7,0.025,0.066,0.045,7.8,7.8,0.559,0.579,0.129,0.133,100.91,100.49,83.74,100.49,0.058,3097,169,384,2.3,5.3,0.44,84,188,515,368,278,345,331,331,395,403,403,362,380,380,512,282,419,418,541,534,128,127,214,267,488,492,370,395,395,496,250,238,346,336,346,2,21.4,0.6603773584905661,0.1886792452830188,0.5697187473936728,0.0092812526063271,0.4485714285714284,0.516151361028109,47.6,18.325520833333332,0.18489583333333334,0.028645833333333332,0.06510416666666667,0.0546875,0.018229166666666668,384,55.5,0.321345,0.5409848484848485,0.47600000000000003,50.8
201142,Kevin Durant,Kevin,1610612745,HOU,37.0,78,48,30,0.615,36.4,9.2,17.6,0.52,2.4,5.8,0.413,5.2,6.0,0.874,0.5,4.9,5.5,4.8,3.2,0.8,0.9,0.5,1.8,4.8,26.0,4.4,41.6,7,0,42.0,28,41,172,163,3,11,18,112,54,76,64,24,25,93,373,58,105,57,15,215,59,161,257,21,15,54,21,72,38,19,1,Kevin Durant,Kevin,1610612745,HOU,37.0,78,48,30,0.615,36.4,116.0,117.9,117.9,111.4,112.4,112.4,4.6,5.5,5.5,0.203,1.51,17.0,0.014,0.131,0.073,11.3,11.2,0.588,0.641,0.263,0.27,99.4,98.14,81.78,98.14,0.15,5816,716,1376,9.2,17.6,0.52,28,41,395,163,3,109,78,78,230,266,266,133,112,112,135,371,303,509,233,324,410,406,130,78,44,48,460,518,518,32,3,6,11,18,112,1,72.4,0.3295454545454545,0.3409090909090909,0.5865382382114191,0.0544617617885808,0.6257142857142857,0.6664035265340644,64.2,15.875726744186046,0.565406976744186,0.015988372093023256,0.30450581395348836,0.05232558139534884,0.00436046511627907,1376,88.8,0.569208,0.9582626262626264,0.642,80.0
1628989,Kevin Huerter,Kevin,1610612765,DET,27.0,69,40,29,0.58,22.5,3.9,8.6,0.451,1.4,4.7,0.308,0.8,1.0,0.775,0.5,3.0,3.5,2.6,1.0,0.9,0.5,0.4,1.7,1.0,10.0,1.2,21.2,1,0,20.3,118,110,189,200,234,196,183,309,171,125,388,347,357,295,391,203,249,176,250,155,169,259,293,333,212,169,211,201,38,213,2,Kevin Huerter,Kevin,1610612765,DET,27.0,69,40,29,0.58,22.5,112.8,113.1,113.1,110.8,110.8,110.8,2.0,2.3,2.3,0.161,2.47,20.3,0.021,0.125,0.074,8.2,8.2,0.535,0.552,0.184,0.19,103.09,102.94,85.78,102.94,0.093,3327,269,596,3.9,8.6,0.451,118,110,379,200,234,221,232,232,200,199,199,197,195,195,203,130,201,450,260,319,157,156,311,366,220,225,203,203,203,249,145,139,196,183,309,2,33.7,0.5465116279069768,0.1162790697674418,0.5506763701359269,0.0013236298640731,0.3714285714285714,0.4896875147602423,41.9,15.676174496644295,0.1644295302013423,0.01174496644295302,0.0436241610738255,0.12583892617449666,0.028523489932885907,596,47.8,0.26385600000000003,0.44420202020202026,0.419,43.2
201567,Kevin Love,Kevin,1610612762,UTA,37.0,37,10,27,0.27,16.6,2.1,5.4,0.397,1.4,3.8,0.373,1.0,1.2,0.841,1.5,4.3,5.8,1.8,0.8,0.4,0.2,0.0,1.5,1.1,6.7,-2.2,17.4,2,0,17.0,377,411,220,472,360,370,330,484,175,182,177,286,323,146,106,86,81,261,334,446,325,538,353,318,333,409,291,159,38,280,1,Kevin Love,Kevin,1610612762,UTA,37.0,37,10,27,0.27,16.6,115.6,115.8,115.8,121.6,122.5,122.5,-6.0,-6.7,-6.7,0.145,2.23,21.3,0.083,0.256,0.167,9.6,9.5,0.53,0.568,0.161,0.166,104.71,104.18,86.81,104.18,0.103,1334,79,199,2.1,5.4,0.397,377,411,352,472,360,121,128,128,536,548,548,399,416,416,232,165,178,94,11,37,260,256,335,317,339,343,98,119,119,190,366,351,370,330,484,1,20.7,0.7037037037037036,0.2222222222222222,0.5723181106799248,-0.0043181106799248,0.417142857142857,0.4709253593684344,43.9,19.105527638190956,0.11557788944723618,0.020100502512562814,0.035175879396984924,0.020100502512562814,0.10552763819095477,199,45.0,0.2556,0.4303030303030303,0.439,43.5
1629645,Kevin Porter Jr.,Kevin,1610612749,MIL,26.0,38,18,20,0.474,33.2,6.3,13.5,0.465,1.2,3.8,0.322,3.6,4.1,0.878,0.9,4.3,5.2,7.4,2.9,2.2,0.5,0.8,2.3,3.6,17.4,-2.8,39.9,10,2,36.6,370,325,322,342,35,69,64,264,212,186,356,51,58,85,227,87,122,11,23,3,156,50,113,52,67,444,31,56,16,40,1,Kevin Porter Jr.,Kevin,1610612749,MIL,26.0,38,18,20,0.474,33.2,110.8,111.4,111.4,115.5,116.1,116.1,-4.7,-4.7,-4.7,0.336,2.55,28.8,0.027,0.123,0.077,11.3,11.3,0.51,0.567,0.236,0.242,99.74,99.18,82.65,99.18,0.132,2612,239,514,6.3,13.5,0.465,370,325,251,342,35,315,301,301,421,432,432,366,377,377,23,113,58,395,266,301,413,413,404,322,83,84,437,468,468,66,174,174,69,64,264,1,55.4,0.2814814814814814,0.3037037037037037,0.5827255353525913,-0.0157255353525913,0.4142857142857141,0.4329888621722619,42.2,12.40272373540856,0.42996108949416345,0.027237354085603113,0.20428015564202334,0.23151750972762647,0.017509727626459144,514,78.9,0.44736299999999996,0.7531363636363636,0.42200000000000004,58.8
1626172,Kevon Looney,Kevon,1610612740,NOP,30.0,21,3,18,0.143,14.6,1.2,2.9,0.417,0.1,0.6,0.154,0.3,0.5,0.7,2.3,3.3,5.6,1.6,0.4,0.4,0.5,0.2,1.6,0.4,2.8,-3.0,14.3,0,0,12.0,444,503,348,553,398,484,470,434,490,484,504,487,491,424,48,162,92,289,478,421,170,429,305,505,503,454,357,284,38,390,1,Kevon Looney,Kevon,1610612740,NOP,30.0,21,3,18,0.143,14.6,105.4,105.3,105.3,114.2,115.7,115.7,-8.8,-10.4,-10.4,0.148,3.78,31.5,0.132,0.214,0.171,8.3,8.4,0.433,0.458,0.096,0.098,103.26,102.64,85.53,102.64,0.093,660,25,60,1.2,2.9,0.417,444,503,225,553,398,492,487,487,365,416,416,459,485,485,229,25,36,26,43,33,161,166,523,531,565,567,187,217,217,255,464,466,484,470,434,1,5.7,0.2068965517241379,0.1724137931034483,0.5734822911919077,-0.1154822911919077,0.1028571428571429,0.1012380948614433,10.2,7.933333333333334,0.13333333333333333,0.016666666666666666,0.1,0.16666666666666666,0.38333333333333336,60,33.5,0.15343,0.2582996632996633,0.102,18.0
1641718,Keyonte George,Keyonte,1610612762,UTA,22.0,54,16,38,0.296,33.1,7.4,16.3,0.456,2.5,6.7,0.371,6.2,7.0,0.892,0.4,3.3,3.7,6.1,3.1,1.1,0.3,1.1,2.2,4.7,23.6,-6.2,38.2,4,0,38.6,266,348,81,448,39,34,29,288,49,43,185,11,16,70,418,173,228,27,19,102,307,20,137,22,22,542,40,114,38,34,1,Keyonte George,Keyonte,1610612762,UTA,22.0,54,16,38,0.296,33.1,113.7,115.1,115.1,122.0,123.6,123.6,-8.3,-8.6,-8.6,0.286,2.0,21.6,0.012,0.096,0.054,10.8,10.7,0.532,0.609,0.275,0.281,104.57,103.25,86.04,103.25,0.122,3840,402,881,7.4,16.3,0.456,266,348,491,448,39,188,141,141,541,555,555,448,451,451,46,207,169,535,388,472,372,366,324,160,32,32,106,177,177,89,62,56,34,29,288,1,69.7,0.4110429447852761,0.4294478527607361,0.6015664904437003,0.0074335095562997,0.5342857142857143,0.5100065122959869,52.5,15.12372304199773,0.33598183881952326,0.021566401816118047,0.1623155505107832,0.10329171396140749,0.004540295119182747,881,67.3,0.40985699999999997,0.6899949494949494,0.525,60.7
203114,Khris Middleton,Khris,1610612742,DAL,34.0,63,18,45,0.286,22.8,3.6,8.6,0.42,1.1,3.0,0.36,1.9,2.2,0.875,0.8,2.9,3.7,2.8,1.7,0.7,0.1,0.4,2.3,1.8,10.2,-5.3,19.4,2,0,19.3,194,325,36,454,225,218,185,417,254,263,221,145,173,87,264,220,229,152,119,287,423,244,126,191,208,533,246,159,38,229,2,Khris Middleton,Khris,1610612742,DAL,34.0,63,18,45,0.286,22.8,109.9,110.0,110.0,120.2,121.1,121.1,-10.3,-11.1,-11.1,0.171,1.63,20.0,0.033,0.118,0.075,12.3,12.2,0.482,0.533,0.198,0.205,104.34,103.88,86.57,103.88,0.073,3118,227,540,3.6,8.6,0.42,194,325,541,454,225,359,356,356,523,532,532,489,498,498,181,321,206,327,293,311,466,463,469,423,171,169,117,135,135,413,190,162,218,185,417,2,36.9,0.3488372093023256,0.2558139534883721,0.5772437331879434,-0.0442437331879433,0.3171428571428571,0.3381488291880398,32.6,15.811111111111112,0.49444444444444446,0.018518518518518517,0.3611111111111111,0.05925925925925926,0.020370370370370372,540,87.8,0.467974,0.7878350168350169,0.326,55.7
1630165,Killian Hayes,Killian,1610612758,SAC,24.0,23,10,13,0.435,17.6,1.8,6.0,0.304,0.7,2.7,0.27,1.1,1.2,0.929,0.2,2.2,2.3,3.5,1.2,0.9,0.2,0.2,1.6,1.1,5.5,-0.8,15.7,0,0,14.3,436,411,409,365,335,404,301,560,324,284,447,263,317,39,543,312,384,104,219,155,392,401,322,323,382,313,329,284,38,343,1,Killian Hayes,Killian,1610612758,SAC,24.0,23,10,13,0.435,17.6,107.7,107.8,107.8,110.7,110.6,110.6,-3.0,-2.8,-2.8,0.265,2.89,31.2,0.009,0.117,0.061,10.8,10.8,0.366,0.422,0.179,0.183,100.92,100.91,84.09,100.91,0.071,855,42,138,1.8,6.0,0.304,436,411,165,365,335,435,425,425,191,181,181,329,319,319,66,74,39,552,298,414,364,374,552,551,248,262,369,363,363,419,431,394,404,301,560,1,23.2,0.45,0.1999999999999999,0.5679243727358174,-0.1459243727358174,0.0,0.0,0.0,17.355072463768117,0.4492753623188406,0.021739130434782608,0.18840579710144928,0.050724637681159424,0.007246376811594203,138,77.6,0.32747199999999993,0.5512996632996632,0.0,27.6
202691,Klay Thompson,Klay,1610612742,DAL,36.0,69,21,48,0.304,21.7,4.1,10.6,0.393,2.9,7.6,0.383,0.5,0.7,0.766,0.3,1.8,2.1,1.4,0.9,0.5,0.3,0.1,1.0,0.4,11.7,-1.9,17.8,0,0,19.7,118,292,25,444,253,182,130,494,20,19,146,428,435,311,499,368,413,332,295,396,263,473,461,503,169,401,280,284,38,221,1,Klay Thompson,Klay,1610612742,DAL,36.0,69,21,48,0.304,21.7,106.0,106.3,106.3,111.9,111.0,111.0,-5.8,-4.7,-4.7,0.096,1.52,10.7,0.011,0.074,0.043,7.0,6.9,0.532,0.541,0.214,0.223,105.77,106.06,88.39,106.06,0.077,3318,286,728,4.1,10.6,0.393,118,292,552,444,253,479,469,469,258,206,206,393,378,378,385,364,519,543,513,543,86,84,326,400,130,126,56,49,49,378,131,93,182,130,494,1,39.3,0.7169811320754716,0.0660377358490566,0.5365613655273194,0.0044386344726806,0.3400000000000001,0.5000467647216869,40.4,21.266483516483518,0.32142857142857145,0.019230769230769232,0.15521978021978022,0.04395604395604396,0.006868131868131868,728,72.1,0.390061,0.6566683501683502,0.40399999999999997,53.0
1641738,Kobe Brown,Kobe,1610612754,IND,26.0,61,17,44,0.279,15.8,2.1,4.4,0.469,0.9,2.3,0.374,0.8,1.0,0.797,1.1,1.9,3.0,1.3,0.9,0.4,0.2,0.4,1.1,0.9,5.8,-3.6,12.2,0,0,12.1,210,334,43,464,376,375,383,251,302,321,172,352,374,235,166,349,296,346,310,447,367,248,438,364,369,475,392,284,38,385,2,Kobe Brown,Kobe,1610612754,IND,26.0,61,17,44,0.279,15.8,109.1,108.4,108.4,118.8,119.0,119.0,-9.7,-10.5,-10.5,0.123,1.51,18.6,0.072,0.119,0.096,12.3,12.3,0.565,0.594,0.154,0.159,100.38,100.6,83.83,100.6,0.078,2014,127,271,2.1,4.4,0.469,210,334,533,464,376,387,411,411,501,498,498,475,486,486,288,372,248,121,285,201,465,466,190,208,375,377,402,384,384,364,301,305,375,383,251,2,19.6,0.5227272727272726,0.2272727272727272,0.575351532042634,0.0186484679573659,0.4914285714285713,0.5473029442379554,51.4,14.055350553505535,0.08856088560885608,0.014760147601476014,0.02952029520295203,0.23985239852398524,0.1033210332103321,271,43.9,0.260766,0.439,0.514,47.7
1642920,Kobe Sanders,Kobe,1610612746,LAC,24.0,68,36,32,0.529,19.9,2.6,5.6,0.466,1.2,2.9,0.408,0.8,1.0,0.826,0.4,1.8,2.3,1.6,1.2,0.7,0.1,0.3,2.1,0.9,7.3,0.5,13.8,0,0,14.0,135,151,149,276,296,314,320,262,222,272,78,336,359,184,417,363,400,292,223,251,419,354,161,359,314,219,361,284,38,347,1,Kobe Sanders,Kobe,1610612746,LAC,24.0,68,36,32,0.529,19.9,113.4,113.1,113.1,112.1,112.9,112.9,1.3,0.2,0.2,0.117,1.35,18.1,0.022,0.088,0.056,13.4,13.4,0.57,0.597,0.155,0.161,99.56,99.33,82.77,99.33,0.062,2808,179,384,2.6,5.6,0.466,135,151,424,276,296,195,227,227,268,285,285,218,246,246,305,418,269,444,438,450,509,508,176,196,370,370,450,464,464,472,240,238,314,320,262,1,24.4,0.5178571428571429,0.1785714285714285,0.5659659179070109,0.031034082092989,0.5,0.5884925053713105,53.5,16.455729166666668,0.24479166666666666,0.0234375,0.1328125,0.10416666666666667,0.028645833333333332,384,61.5,0.36715499999999995,0.6181060606060605,0.535,57.7
1642851,Kon Knueppel,Kon,1610612766,CHA,20.0,81,44,37,0.543,31.5,6.4,13.4,0.475,3.4,7.9,0.425,2.4,2.8,0.863,1.2,4.1,5.3,3.4,2.0,0.7,0.2,0.6,2.1,2.3,18.5,4.0,30.8,7,0,32.5,19,67,93,261,57,65,67,228,5,16,47,102,119,110,151,101,112,109,83,263,334,117,181,128,58,61,89,72,38,67,1,Kon Knueppel,Kon,1610612766,CHA,20.0,81,44,37,0.543,31.5,116.4,119.2,119.2,112.8,113.0,113.0,3.6,6.2,6.2,0.158,1.7,17.0,0.036,0.128,0.082,10.0,9.9,0.601,0.633,0.216,0.221,101.07,99.73,83.11,99.73,0.115,5297,515,1084,6.4,13.4,0.475,19,67,482,261,57,96,52,52,297,293,293,159,94,94,209,298,305,296,243,271,289,287,95,94,126,130,360,440,440,117,29,30,65,67,228,1,53.3,0.5895522388059702,0.208955223880597,0.5645834643057177,0.0684165356942823,0.6028571428571428,0.7128114806812746,64.7,17.40867158671587,0.25461254612546125,0.014760147601476014,0.05904059040590406,0.1070110701107011,0.013837638376383764,1084,57.7,0.36524100000000004,0.6148838383838385,0.647,63.1
1627739,Kris Dunn,Kris,1610612746,LAC,32.0,82,42,40,0.512,27.2,2.8,5.8,0.476,1.0,2.6,0.374,0.8,1.0,0.765,0.7,2.6,3.3,3.6,1.4,1.6,0.2,0.3,2.3,0.9,7.3,0.2,20.6,0,0,18.7,1,87,69,293,143,303,309,223,277,296,174,355,370,314,312,251,271,101,187,17,396,340,115,369,315,235,226,284,38,249,1,Kris Dunn,Kris,1610612746,LAC,32.0,82,42,40,0.512,27.2,114.4,114.6,114.6,112.8,114.1,114.1,1.5,0.5,0.5,0.179,2.66,32.1,0.028,0.097,0.063,12.1,12.1,0.56,0.581,0.122,0.125,98.89,98.23,81.86,98.23,0.074,4560,227,477,2.8,5.8,0.476,1,87,508,293,143,156,162,162,303,351,351,210,238,238,168,106,30,391,386,397,457,457,210,256,506,509,487,516,516,400,190,193,303,309,223,1,26.0,0.4482758620689655,0.1724137931034483,0.5689006472982735,0.0120993527017264,0.4542857142857142,0.5255232262330413,48.3,13.80083857442348,0.0859538784067086,0.010482180293501049,0.03773584905660377,0.129979035639413,0.020964360587002098,477,39.3,0.22833299999999995,0.38439898989898985,0.483,43.4
1631200,Kris Murray,Kris,1610612757,POR,25.0,57,28,29,0.491,23.4,2.3,4.8,0.467,0.6,2.1,0.279,0.7,1.0,0.684,1.6,2.0,3.6,1.4,0.8,0.9,0.4,0.3,1.6,0.8,5.8,0.8,15.3,0,0,14.0,235,216,189,329,217,358,361,257,372,332,436,376,360,442,98,328,236,324,328,166,219,316,307,383,366,195,335,284,38,348,1,Kris Murray,Kris,1610612757,POR,25.0,57,28,29,0.491,23.4,109.6,110.6,110.6,109.3,109.1,109.1,0.3,1.5,1.5,0.082,1.72,18.9,0.062,0.084,0.073,11.0,11.0,0.529,0.55,0.103,0.106,102.61,102.27,85.22,102.27,0.063,2841,129,276,2.3,4.8,0.467,235,216,379,329,217,370,327,327,126,132,132,241,214,214,448,291,238,155,461,330,384,385,342,374,553,557,238,254,254,469,300,302,358,361,257,1,18.0,0.4375,0.2083333333333333,0.5779249759352314,-0.0279249759352313,0.3657142857142859,0.392418439246996,37.6,11.601449275362318,0.010869565217391304,0.014492753623188406,0.0,0.2644927536231884,0.09420289855072464,276,34.3,0.18865,0.31759259259259265,0.376,34.7
204001,Kristaps Porziņģis,Kristaps,1610612744,GSW,30.0,32,13,19,0.406,24.0,5.4,12.1,0.446,1.7,5.0,0.338,4.2,4.9,0.842,1.3,4.0,5.2,2.5,1.3,0.6,1.2,0.4,2.9,4.3,16.7,1.4,30.7,1,0,29.6,400,384,333,381,205,105,91,332,132,112,293,39,42,142,137,114,121,183,199,342,27,218,34,34,80,160,92,201,38,93,2,Kristaps Porziņģis,Kristaps,1610612744,GSW,30.0,32,13,19,0.406,24.0,114.2,113.8,113.8,111.5,110.8,110.8,2.8,3.0,3.0,0.162,1.98,13.9,0.05,0.158,0.104,7.0,7.1,0.515,0.582,0.265,0.273,103.14,103.63,86.36,103.63,0.124,1658,173,388,5.4,12.1,0.446,400,384,236,381,205,161,195,195,236,200,200,175,175,175,201,223,413,210,140,161,89,89,390,251,40,39,198,155,155,84,247,236,105,91,332,2,52.3,0.4132231404958678,0.4049586776859504,0.597963122097785,-0.015963122097785,0.4571428571428571,0.4321987444067259,44.7,15.626288659793815,0.32216494845360827,0.020618556701030927,0.16494845360824742,0.06443298969072164,0.08247422680412371,388,63.9,0.371898,0.6260909090909091,0.44700000000000006,53.7
203937,Kyle Anderson,Kyle,1610612750,MIN,32.0,43,15,28,0.349,19.8,2.5,4.7,0.53,0.1,0.3,0.364,1.1,1.6,0.706,1.0,2.5,3.5,2.9,0.9,1.0,0.6,0.3,2.2,1.5,6.2,-1.9,18.8,0,0,16.0,342,365,205,410,298,330,364,104,491,517,203,268,251,417,207,262,246,144,296,108,127,343,135,240,352,397,259,284,38,305,3,Kyle Anderson,Kyle,1610612750,MIN,32.0,43,15,28,0.349,19.8,107.5,107.4,107.4,111.6,111.6,111.6,-4.2,-4.2,-4.2,0.204,3.23,31.7,0.047,0.121,0.084,9.8,9.8,0.54,0.573,0.131,0.135,103.83,103.85,86.54,103.85,0.095,1844,107,202,2.5,4.7,0.53,342,365,364,410,298,446,434,434,243,230,230,352,357,357,133,45,35,219,277,258,277,279,291,292,480,482,145,139,139,236,330,349,330,364,104,3,19.0,0.0638297872340425,0.3404255319148936,0.6028031210426904,-0.0298031210426904,0.4314285714285713,0.3861724855240799,41.3,6.643564356435643,0.25742574257425743,0.034653465346534656,0.04455445544554455,0.15346534653465346,0.06930693069306931,202,46.1,0.26415299999999997,0.4447020202020202,0.413,42.9
1642271,Kyle Filipowski,Kyle,1610612762,UTA,22.0,77,21,56,0.273,23.4,4.2,8.5,0.492,1.0,3.0,0.325,2.1,2.8,0.75,1.9,5.3,7.2,2.6,1.6,0.9,0.5,0.7,3.0,1.9,11.4,-3.3,26.6,13,0,25.0,37,292,7,470,218,174,188,177,282,262,347,127,121,333,76,44,47,178,133,141,154,102,28,168,179,465,132,42,38,138,1,Kyle Filipowski,Kyle,1610612762,UTA,22.0,77,21,56,0.273,23.4,113.5,113.7,113.7,120.1,120.4,120.4,-6.6,-6.6,-6.6,0.156,1.58,18.4,0.076,0.225,0.149,11.6,11.6,0.548,0.586,0.197,0.201,104.31,104.07,86.72,104.07,0.106,3906,323,657,4.2,8.5,0.492,37,292,574,470,218,194,199,199,520,519,519,414,414,414,214,334,257,109,32,55,435,438,263,239,175,184,124,123,123,169,109,112,174,188,177,1,39.1,0.3529411764705882,0.3294117647058823,0.5913948239112367,-0.0053948239112366,0.4685714285714284,0.4673446450834111,46.8,11.018264840182649,0.121765601217656,0.0182648401826484,0.0289193302891933,0.167427701674277,0.0852359208523592,657,39.3,0.23029799999999997,0.38770707070707067,0.46799999999999997,42.8
1628398,Kyle Kuzma,Kyle,1610612749,MIL,30.0,69,31,38,0.449,26.2,4.9,10.0,0.492,1.2,3.5,0.347,2.0,2.7,0.726,0.8,3.7,4.5,2.7,1.7,0.7,0.4,0.5,1.9,2.3,13.0,-4.1,23.9,4,0,23.5,118,188,81,359,166,132,143,176,215,212,264,141,128,385,255,136,164,162,116,276,202,153,223,136,141,500,166,114,38,160,1,Kyle Kuzma,Kyle,1610612749,MIL,30.0,69,31,38,0.449,26.2,110.1,110.2,110.2,116.6,116.8,116.8,-6.5,-6.6,-6.6,0.153,1.55,17.2,0.032,0.134,0.084,11.1,11.1,0.552,0.581,0.212,0.219,100.69,100.59,83.82,100.59,0.096,3769,339,689,4.9,10.0,0.492,118,188,491,359,166,348,348,348,460,448,448,409,411,411,221,355,299,343,224,257,396,396,243,257,137,136,383,386,386,232,96,101,132,143,176,1,43.8,0.35,0.27,0.5784154400876014,0.0025845599123985,0.4542857142857142,0.493880859938097,47.0,11.592162554426706,0.14223512336719885,0.02467343976777939,0.06821480406386067,0.18722786647314948,0.05079825834542816,689,46.9,0.272489,0.4587356902356902,0.47000000000000003,46.4
1642273,Kyshawn George,Kyshawn,1610612764,WAS,22.0,48,10,38,0.208,29.0,5.3,12.0,0.438,2.1,5.4,0.381,2.2,2.7,0.802,0.9,4.2,5.1,4.5,2.6,1.0,0.9,0.8,3.5,2.6,14.8,-7.4,30.7,3,0,30.2,310,411,81,521,110,117,94,356,75,89,153,117,124,228,226,96,130,64,38,121,60,57,6,99,105,559,91,128,38,87,1,Kyshawn George,Kyshawn,1610612764,WAS,22.0,48,10,38,0.208,29.0,108.0,108.3,108.3,119.3,119.7,119.7,-11.3,-11.5,-11.5,0.226,1.71,22.0,0.028,0.135,0.081,12.9,12.8,0.524,0.559,0.222,0.228,103.83,103.49,86.24,103.49,0.09,2994,253,577,5.3,12.0,0.438,310,411,491,521,110,426,415,415,505,510,510,508,503,503,102,294,158,384,216,276,495,492,358,350,115,115,144,163,163,276,158,147,117,94,356,1,47.8,0.45,0.225,0.5679982029776256,-0.0089982029776255,0.3914285714285714,0.4553612584934163,41.7,16.006932409012133,0.4020797227036395,0.02079722703639515,0.16291161178509533,0.12824956672443674,0.019064124783362217,577,73.9,0.4131010000000001,0.6954562289562292,0.41700000000000004,55.6
1630163,LaMelo Ball,LaMelo,1610612766,CHA,24.0,72,41,31,0.569,28.0,7.0,17.3,0.407,3.8,10.3,0.368,2.2,2.5,0.899,0.9,3.9,4.8,7.1,2.8,1.2,0.3,0.7,2.7,3.0,20.1,5.8,38.1,10,1,38.7,84,97,160,218,128,48,21,460,3,3,196,112,142,56,222,117,149,14,29,64,316,73,47,75,45,32,41,56,23,33,1,LaMelo Ball,LaMelo,1610612766,CHA,24.0,72,41,31,0.569,28.0,119.9,123.2,123.2,113.9,114.1,114.1,6.0,9.1,9.1,0.384,2.54,25.3,0.03,0.14,0.084,9.9,9.9,0.516,0.546,0.306,0.313,100.87,99.43,82.86,99.43,0.134,4194,506,1244,7.0,17.3,0.407,84,97,412,218,128,27,15,15,355,353,353,96,59,59,11,114,109,351,197,263,285,285,388,384,17,17,374,460,460,63,31,11,48,21,460,1,66.7,0.5953757225433526,0.1445086705202312,0.5423704339711689,0.0036295660288311,0.3542857142857143,0.4973561291372018,41.2,18.383440514469452,0.387459807073955,0.02009646302250804,0.06189710610932476,0.10289389067524116,0.017684887459807074,1244,69.4,0.37892400000000004,0.637919191919192,0.41200000000000003,52.5
1629013,Landry Shamet,Landry,1610612752,NYK,29.0,51,35,16,0.686,23.0,3.1,7.1,0.437,2.0,5.2,0.392,1.1,1.5,0.711,0.5,1.4,1.8,1.4,0.6,0.6,0.2,0.4,1.5,1.6,9.3,3.7,15.4,0,0,16.1,291,162,368,90,223,266,245,362,83,105,116,280,267,409,409,437,442,326,411,313,389,282,339,219,233,65,334,284,38,298,1,Landry Shamet,Landry,1610612752,NYK,29.0,51,35,16,0.686,23.0,115.3,115.2,115.2,107.6,107.0,107.0,7.8,8.1,8.1,0.084,2.4,14.5,0.019,0.058,0.038,6.0,6.0,0.578,0.598,0.151,0.157,99.13,99.44,82.87,99.44,0.07,2423,159,364,3.1,7.1,0.437,291,162,202,90,223,130,140,140,91,86,86,70,65,65,440,139,391,474,553,558,59,59,149,193,390,388,470,458,458,426,264,246,266,245,362,1,27.2,0.7323943661971831,0.2112676056338028,0.5711117297832452,0.0268882702167547,0.5028571428571427,0.5747052058596621,53.2,19.071428571428573,0.27472527472527475,0.02197802197802198,0.057692307692307696,0.11263736263736264,0.01098901098901099,364,63.5,0.37973,0.6392760942760943,0.532,58.6
1626204,Larry Nance Jr.,Larry,1610612739,CLE,33.0,35,25,10,0.714,12.8,1.5,3.5,0.419,0.6,1.8,0.333,0.2,0.4,0.462,0.8,1.8,2.7,1.0,0.6,0.6,0.2,0.2,1.6,0.6,3.7,-0.5,10.1,0,0,9.5,390,243,440,75,428,448,425,420,366,375,302,530,510,550,252,361,345,412,413,317,395,415,320,443,460,294,437,284,38,438,1,Larry Nance Jr.,Larry,1610612739,CLE,33.0,35,25,10,0.714,12.8,107.3,108.2,108.2,110.6,111.1,111.1,-3.2,-2.9,-2.9,0.105,1.7,18.5,0.058,0.143,0.098,10.9,10.9,0.504,0.505,0.137,0.139,102.27,101.61,84.68,101.61,0.062,955,52,124,1.5,3.5,0.419,390,243,129,75,428,450,418,418,187,217,217,333,323,323,356,299,253,169,185,186,379,381,418,491,452,464,271,310,310,476,413,399,448,425,420,1,11.5,0.5142857142857143,0.1142857142857143,0.5556707376277892,-0.0506707376277891,0.2371428571428571,0.3167752025450155,26.9,13.741935483870968,0.04032258064516129,0.016129032258064516,0.024193548387096774,0.13709677419354838,0.08870967741935484,124,35.7,0.18028500000000003,0.30351010101010106,0.269,28.6
1628374,Lauri Markkanen,Lauri,1610612762,UTA,29.0,42,17,25,0.405,34.3,9.1,19.2,0.477,2.7,7.7,0.355,5.7,6.4,0.896,2.0,4.9,6.9,2.1,1.5,1.0,0.5,1.1,1.8,5.5,26.7,-1.3,41.2,5,0,41.5,348,334,246,383,19,12,9,219,27,18,239,15,19,61,63,59,55,223,150,121,156,17,252,12,11,352,24,96,38,20,1,Lauri Markkanen,Lauri,1610612762,UTA,29.0,42,17,25,0.405,34.3,112.1,113.6,113.6,115.4,115.2,115.2,-3.3,-1.5,-1.5,0.101,1.41,8.4,0.054,0.134,0.094,5.9,5.9,0.548,0.608,0.269,0.277,105.08,104.48,87.07,104.48,0.139,3137,384,805,9.1,19.2,0.477,348,334,326,383,19,260,203,203,417,393,393,334,290,290,372,395,549,189,226,212,56,54,259,162,37,37,78,102,102,51,77,72,12,9,219,1,71.9,0.4010416666666667,0.3333333333333333,0.5839189275707274,0.0240810724292726,0.5314285714285714,0.5653695973371624,54.5,13.408695652173913,0.17515527950310558,0.02111801242236025,0.09440993788819876,0.11801242236024845,0.08198757763975155,805,48.9,0.29731199999999997,0.5005252525252525,0.545,52.3
2544,LeBron James,LeBron,1610612747,LAL,41.0,60,39,21,0.65,33.2,7.9,15.3,0.515,1.3,4.1,0.317,3.9,5.3,0.737,0.7,5.4,6.1,7.2,3.0,1.2,0.6,0.8,1.4,3.7,20.9,2.0,41.4,17,3,39.1,214,118,305,129,38,26,43,127,200,177,371,44,38,364,309,41,76,12,20,65,130,67,381,49,34,123,23,30,8,30,1,LeBron James,LeBron,1610612747,LAL,41.0,60,39,21,0.65,33.2,115.5,115.0,115.0,111.7,112.4,112.4,3.8,2.6,2.6,0.338,2.41,26.0,0.023,0.16,0.093,10.8,10.7,0.557,0.594,0.262,0.273,100.39,100.29,83.58,100.29,0.154,4160,473,919,7.9,15.3,0.515,214,118,262,129,38,124,144,144,246,264,264,152,181,181,21,137,97,434,135,214,366,365,222,211,47,40,399,413,413,23,41,50,26,43,127,1,64.7,0.2679738562091503,0.3464052287581699,0.5881413599147756,0.0058586400852244,0.4914285714285713,0.5047691311176618,49.7,11.38955386289445,0.338411316648531,0.02176278563656148,0.1719260065288357,0.16866158868335146,0.046789989118607184,919,64.6,0.38372399999999995,0.646,0.49700000000000005,57.2
1631159,Leonard Miller,Leonard,1610612741,CHI,22.0,46,18,28,0.391,15.6,3.2,5.7,0.553,0.7,2.2,0.323,0.8,1.2,0.736,1.2,2.8,3.9,0.9,0.8,0.4,0.3,0.3,1.4,0.9,7.8,-0.6,15.2,3,0,14.7,324,325,205,393,383,262,315,82,340,330,351,332,329,366,154,231,210,434,349,450,256,359,365,375,291,300,338,128,38,335,2,Leonard Miller,Leonard,1610612741,CHI,22.0,46,18,28,0.391,15.6,112.4,111.7,111.7,113.8,114.1,114.1,-1.4,-2.5,-2.5,0.077,1.11,11.1,0.073,0.158,0.118,10.0,10.0,0.615,0.633,0.176,0.183,106.68,106.87,89.05,106.87,0.104,1605,145,262,3.2,5.7,0.553,324,325,364,393,383,249,293,293,344,352,352,295,314,314,476,473,506,117,138,118,292,289,79,95,269,266,39,36,36,183,278,310,262,315,82,2,23.1,0.3859649122807018,0.2105263157894736,0.5707258140036159,0.0622741859963841,0.6028571428571428,0.6923845009922862,63.9,10.492366412213741,0.05725190839694656,0.011450381679389313,0.015267175572519083,0.20229007633587787,0.10687022900763359,262,32.9,0.20825699999999997,0.3506010101010101,0.639,49.5
1628366,Lonzo Ball,Lonzo,1610612739,CLE,28.0,35,19,16,0.543,20.8,1.5,5.0,0.301,1.1,4.2,0.272,0.4,0.6,0.667,0.7,3.3,4.0,3.9,1.5,1.3,0.3,0.2,1.3,0.5,4.6,0.9,18.3,0,0,16.7,390,316,368,262,273,444,351,561,234,161,443,469,459,452,294,174,200,77,158,54,311,443,391,480,414,186,270,284,38,286,1,Lonzo Ball,Lonzo,1610612739,CLE,28.0,35,19,16,0.543,20.8,110.5,111.0,111.0,109.8,109.7,109.7,0.7,1.3,1.3,0.236,2.62,36.6,0.032,0.148,0.089,14.0,13.9,0.415,0.432,0.13,0.134,105.04,104.87,87.39,104.87,0.077,1595,53,176,1.5,5.0,0.301,390,316,202,262,273,329,314,314,151,144,144,236,220,220,91,110,16,333,167,235,517,516,540,547,483,487,80,85,85,377,410,370,444,351,561,1,17.7,0.8400000000000001,0.12,0.5551865211878005,-0.1231865211878005,0.0285714285714286,0.0756169307490761,4.7,22.0,0.2727272727272727,0.017045454545454544,0.028409090909090908,0.056818181818181816,0.005681818181818182,176,62.6,0.270432,0.45527272727272733,0.047,25.1
1629652,Luguentz Dort,Luguentz,1610612760,OKC,27.0,69,53,16,0.768,26.8,2.9,7.6,0.385,1.9,5.4,0.344,0.6,0.8,0.759,0.8,2.7,3.6,1.2,0.8,0.9,0.4,0.2,2.6,1.5,8.3,4.3,17.5,0,0,17.6,118,19,368,36,154,294,225,502,111,92,277,398,400,324,262,236,239,358,349,162,213,414,63,241,267,56,289,284,38,269,1,Luguentz Dort,Luguentz,1610612760,OKC,27.0,69,53,16,0.768,26.8,116.2,116.2,116.2,106.7,108.2,108.2,9.4,8.0,8.0,0.059,1.57,12.4,0.03,0.094,0.063,7.8,7.8,0.508,0.524,0.139,0.142,101.28,100.54,83.79,100.54,0.049,3865,202,524,2.9,7.6,0.385,118,19,202,36,154,103,114,114,68,106,106,51,67,67,536,340,464,358,403,393,130,132,410,452,444,449,344,389,389,533,213,169,294,225,502,1,29.0,0.7105263157894738,0.1052631578947368,0.5523153069173635,-0.0283153069173635,0.2914285714285716,0.3911203557063072,33.1,20.00381679389313,0.1851145038167939,0.009541984732824428,0.06870229007633588,0.07251908396946564,0.011450381679389313,524,54.8,0.28715199999999996,0.48342087542087536,0.331,40.7
1629029,Luka Dončić,Luka,1610612747,LAL,27.0,64,43,21,0.672,35.8,10.8,22.8,0.476,4.0,10.8,0.366,7.9,10.1,0.78,0.6,7.1,7.7,8.3,4.0,1.6,0.5,0.4,2.4,7.3,33.5,2.9,57.7,34,8,57.8,180,75,305,103,5,1,1,225,2,2,201,2,1,280,330,14,36,4,1,15,143,218,96,2,1,88,2,9,4,1,1,Luka Dončić,Luka,1610612747,LAL,27.0,64,43,21,0.672,35.8,118.3,119.4,119.4,113.9,115.6,115.6,4.4,3.8,3.8,0.387,2.08,21.1,0.019,0.194,0.11,10.1,10.1,0.563,0.616,0.368,0.377,102.0,100.73,83.94,100.73,0.188,4804,693,1457,10.8,22.8,0.476,180,75,262,103,5,51,44,44,349,414,414,137,146,146,10,183,184,471,66,146,306,302,195,133,1,1,290,377,377,8,5,4,1,1,225,1,97.3,0.4736842105263158,0.4429824561403508,0.5935256806866833,0.0224743193133166,0.5542857142857143,0.5600261840052772,55.7,17.300617707618393,0.5682910089224433,0.017844886753603295,0.16129032258064516,0.07824296499656828,0.00549073438572409,1457,84.4,0.519904,0.8752592592592594,0.557,71.6
1630568,Luka Garza,Luka,1610612738,BOS,27.0,69,47,22,0.681,16.2,3.0,5.2,0.577,0.8,1.8,0.433,1.3,1.7,0.769,2.3,1.8,4.1,1.0,0.7,0.4,0.4,0.4,2.3,1.7,8.1,1.8,16.1,2,0,15.5,118,44,295,96,368,290,340,68,314,368,43,225,233,306,49,368,194,415,379,438,202,271,108,199,282,133,318,159,38,317,1,Luka Garza,Luka,1610612738,BOS,27.0,69,47,22,0.681,16.2,117.9,119.4,119.4,114.0,113.6,113.6,3.9,5.8,5.8,0.085,1.43,12.7,0.129,0.11,0.12,8.9,8.8,0.654,0.682,0.168,0.173,97.83,97.4,81.17,97.4,0.103,2265,206,357,3.0,5.2,0.577,118,44,279,96,368,62,46,46,357,317,317,149,106,106,438,389,447,29,325,108,197,195,41,36,301,310,529,555,555,188,210,252,290,340,68,1,24.4,0.3461538461538461,0.3269230769230769,0.5941415925729946,0.0878584074270054,0.7428571428571429,0.7774673108656339,75.7,11.260504201680673,0.047619047619047616,0.0028011204481792717,0.03081232492997199,0.11484593837535013,0.21288515406162464,357,26.3,0.17936600000000003,0.30196296296296304,0.757,52.9
1628379,Luke Kennard,Luke,1610612747,LAL,29.0,78,45,33,0.577,21.5,3.0,5.7,0.533,1.5,3.1,0.478,0.8,0.9,0.913,0.4,1.9,2.3,2.2,0.8,0.7,0.1,0.2,1.3,0.7,8.4,0.5,16.2,1,1,16.0,28,60,135,207,254,276,318,101,156,240,24,341,388,45,425,347,386,209,356,259,464,397,397,433,266,216,314,201,23,303,2,Luke Kennard,Luke,1610612747,LAL,29.0,78,45,33,0.577,21.5,114.8,114.2,114.2,113.6,113.7,113.7,1.3,0.5,0.5,0.139,2.9,24.9,0.019,0.086,0.053,8.6,8.5,0.665,0.689,0.131,0.137,101.49,101.7,84.75,101.7,0.089,3571,236,443,3.0,5.7,0.533,28,60,435,207,254,141,178,178,333,330,330,219,239,239,249,73,116,466,449,473,177,173,34,31,481,475,331,299,299,283,178,211,276,318,101,2,23.2,0.543859649122807,0.1578947368421052,0.5644522687737512,0.1245477312262487,0.7628571428571427,0.8994812157897242,81.8,17.37923250564334,0.30248306997742663,0.011286681715575621,0.12641083521444696,0.08577878103837472,0.01805869074492099,443,63.0,0.43406999999999996,0.7307575757575757,0.818,77.4
1628436,Luke Kornet,Luke,1610612759,SAS,30.0,68,52,16,0.765,21.0,2.6,4.0,0.643,0.0,0.0,0.0,1.4,1.7,0.825,2.7,3.4,6.1,1.9,0.4,0.5,1.0,0.3,1.8,1.8,6.5,1.7,20.5,3,0,17.3,135,24,368,38,264,321,403,30,517,548,517,213,237,189,31,155,75,256,484,401,50,354,263,182,338,138,227,128,38,272,1,Luke Kornet,Luke,1610612759,SAS,30.0,68,52,16,0.765,21.0,114.6,114.4,114.4,110.3,110.5,110.5,4.3,3.9,3.9,0.114,4.5,26.3,0.116,0.147,0.132,5.8,5.9,0.643,0.689,0.1,0.102,102.35,102.41,85.34,102.41,0.109,3051,175,272,2.6,4.0,0.643,135,24,202,38,264,146,169,169,177,177,177,139,144,144,313,14,93,44,168,85,52,55,53,30,559,561,263,240,240,153,246,304,321,403,30,1,17.1,0.0,0.425,0.6228246770398171,0.0661753229601828,0.7628571428571427,0.7053581103507287,74.0,1.6102941176470589,0.029411764705882353,0.025735294117647058,0.022058823529411766,0.13602941176470587,0.5625,272,9.5,0.065455,0.1101936026936027,0.74,42.5
1628370,Malik Monk,Malik,1610612758,SAC,28.0,62,18,44,0.29,22.0,4.5,10.2,0.438,2.0,5.1,0.395,1.5,1.7,0.879,0.2,1.6,1.9,3.0,1.5,0.6,0.4,0.5,1.6,1.5,12.5,-4.1,20.7,0,0,21.3,201,325,43,451,246,153,136,357,86,108,106,195,229,84,509,398,435,142,160,321,217,178,315,231,148,501,224,284,38,197,1,Malik Monk,Malik,1610612758,SAC,28.0,62,18,44,0.29,22.0,109.3,110.0,110.0,117.8,118.3,118.3,-8.5,-8.3,-8.3,0.208,2.03,19.4,0.01,0.071,0.041,9.5,9.5,0.536,0.568,0.234,0.24,102.69,102.11,85.1,102.11,0.094,2895,277,632,4.5,10.2,0.438,201,325,533,451,246,383,358,358,486,486,486,454,444,444,126,197,225,548,525,549,259,258,307,313,86,85,235,265,265,244,141,122,153,136,357,1,42.3,0.5,0.1666666666666666,0.5551725271015572,0.0128274728984427,0.417142857142857,0.5279446605702226,46.1,16.651898734177216,0.37658227848101267,0.03639240506329114,0.10126582278481013,0.0680379746835443,0.006329113924050633,632,70.7,0.401576,0.6760538720538721,0.461,56.9
1631204,Marcus Sasser,Marcus,1610612765,DET,25.0,38,28,10,0.737,12.0,1.8,4.7,0.39,1.2,2.8,0.415,0.4,0.5,0.833,0.2,0.8,1.0,2.0,0.8,0.5,0.1,0.2,1.1,0.4,5.2,3.1,10.5,0,0,10.6,370,216,440,59,443,405,365,495,229,281,62,472,494,160,540,508,522,239,331,361,459,405,450,510,402,84,428,284,38,413,1,Marcus Sasser,Marcus,1610612765,DET,25.0,38,28,10,0.737,12.0,115.3,116.4,116.4,104.2,103.1,103.1,11.1,13.4,13.4,0.217,2.42,25.8,0.016,0.07,0.044,10.7,10.7,0.514,0.533,0.197,0.201,101.65,101.68,84.73,101.68,0.078,961,69,177,1.8,4.7,0.39,370,216,129,59,443,132,108,108,41,36,36,37,27,27,113,134,100,497,532,538,351,358,392,427,174,185,319,304,304,362,382,368,405,365,495,1,20.5,0.5957446808510638,0.1063829787234042,0.5470074899783485,-0.0140074899783484,0.3171428571428571,0.4387023887037177,36.6,18.559322033898304,0.4067796610169492,0.011299435028248588,0.12429378531073447,0.07909604519774012,0.0,177,71.8,0.382694,0.6442659932659933,0.36600000000000005,50.5
203935,Marcus Smart,Marcus,1610612747,LAL,32.0,62,41,21,0.661,28.5,3.0,7.7,0.395,1.6,4.7,0.331,1.7,2.1,0.822,0.6,2.2,2.8,3.0,1.5,1.4,0.4,0.2,2.6,2.3,9.3,4.1,21.0,0,0,20.2,201,97,305,120,117,274,220,489,142,123,331,171,185,196,348,308,328,142,159,38,230,406,60,133,231,57,215,284,38,215,1,Marcus Smart,Marcus,1610612747,LAL,32.0,62,41,21,0.661,28.5,117.1,117.3,117.3,109.4,110.6,110.6,7.7,6.8,6.8,0.133,2.01,22.9,0.022,0.077,0.05,11.4,11.4,0.497,0.543,0.151,0.155,100.67,100.07,83.39,100.07,0.059,3691,188,476,3.0,7.7,0.395,201,97,262,120,117,78,89,89,131,180,180,71,81,81,258,205,145,445,502,496,420,421,440,395,391,392,385,423,423,492,226,194,274,220,489,1,33.0,0.6103896103896104,0.2727272727272727,0.5837397680538424,-0.0407397680538423,0.3457142857142858,0.3498016051036958,34.7,17.873949579831933,0.16596638655462184,0.008403361344537815,0.06302521008403361,0.07563025210084033,0.02100840336134454,476,49.6,0.269328,0.45341414141414144,0.34700000000000003,40.0
1631109,Mark Williams,Mark,1610612756,PHX,24.0,60,34,26,0.567,23.6,4.7,7.3,0.644,0.0,0.0,1.0,2.3,2.9,0.771,3.1,4.9,8.0,1.0,1.1,0.9,0.9,0.4,2.2,2.4,11.7,-0.7,27.1,14,0,24.3,214,168,232,221,214,143,235,28,512,545,1,111,112,302,19,61,34,413,242,153,56,220,144,126,173,310,126,38,38,153,1,Mark Williams,Mark,1610612756,PHX,24.0,60,34,26,0.567,23.6,110.7,111.3,111.3,111.8,113.3,113.3,-1.1,-2.0,-2.0,0.064,0.89,9.2,0.124,0.201,0.162,10.3,10.2,0.645,0.68,0.167,0.172,101.99,101.01,84.18,101.01,0.141,2988,282,438,4.7,7.3,0.644,214,168,338,221,214,323,305,305,251,304,304,287,301,301,524,527,543,35,56,42,313,310,51,38,308,317,292,353,353,46,136,214,143,235,28,1,32.6,0.0,0.3972602739726027,0.6101886352522118,0.0698113647477882,0.7371428571428573,0.7174501199882042,72.9,2.91324200913242,0.0776255707762557,0.00684931506849315,0.0273972602739726,0.15296803652968036,0.3767123287671233,438,14.9,0.10132000000000001,0.1705723905723906,0.7290000000000001,45.0
1628963,Marvin Bagley III,Marvin,1610612742,DAL,27.0,60,16,44,0.267,20.0,4.2,6.9,0.618,0.4,0.9,0.462,1.6,2.4,0.66,2.5,3.6,6.1,1.4,1.0,0.5,0.7,0.5,2.1,2.0,10.5,-3.7,22.4,6,0,20.7,214,348,43,476,290,170,254,42,419,471,26,189,156,464,36,141,74,325,255,405,95,178,191,160,196,477,189,84,38,208,2,Marvin Bagley III,Marvin,1610612742,DAL,27.0,60,16,44,0.267,20.0,109.9,109.9,109.9,118.4,119.0,119.0,-8.5,-9.1,-9.1,0.107,1.39,13.7,0.116,0.171,0.143,9.8,9.8,0.647,0.661,0.18,0.184,103.49,103.2,86.0,103.2,0.123,2588,254,411,4.2,6.9,0.618,214,348,533,476,290,358,365,365,496,499,499,453,460,460,343,402,420,43,110,64,276,280,48,59,245,255,167,182,182,87,156,222,170,254,42,2,30.8,0.1304347826086956,0.3478260869565217,0.5983763930074854,0.0626236069925146,0.6828571428571428,0.6935465344065198,68.7,5.472019464720194,0.05596107055961071,0.009732360097323601,0.009732360097323601,0.22141119221411193,0.2871046228710462,411,21.8,0.144098,0.2425892255892256,0.687,46.5
1641824,Matas Buzelis,Matas,1610612741,CHI,21.0,77,28,49,0.364,29.2,5.8,12.5,0.463,2.2,6.4,0.349,2.4,3.1,0.786,1.0,4.8,5.8,2.1,2.1,0.7,1.5,0.7,2.3,2.6,16.3,-4.0,30.9,4,0,30.8,37,216,19,403,106,85,83,267,67,52,258,99,101,264,193,64,80,229,75,256,17,71,117,110,87,495,86,114,38,81,1,Matas Buzelis,Matas,1610612741,CHI,21.0,77,28,49,0.364,29.2,110.6,110.6,110.6,115.5,116.9,116.9,-4.9,-6.3,-6.3,0.103,0.99,11.4,0.033,0.152,0.094,11.5,11.5,0.553,0.586,0.223,0.229,104.93,104.25,86.88,104.25,0.097,4883,446,963,5.8,12.5,0.463,37,216,559,403,106,325,325,325,422,451,451,373,403,403,361,510,493,322,156,209,427,428,238,237,112,114,88,113,113,223,47,45,85,83,267,1,51.7,0.512,0.248,0.5718401781299975,0.0141598218700024,0.4685714285714284,0.5323755163044714,49.4,14.046728971962617,0.13291796469366562,0.007268951194184839,0.01973001038421599,0.24610591900311526,0.03842159916926272,963,46.0,0.26956,0.4538047138047139,0.494,47.4
1629680,Matisse Thybulle,Matisse,1610612757,POR,29.0,30,17,13,0.567,16.0,1.9,4.5,0.433,1.2,3.1,0.398,0.7,0.8,0.84,0.6,1.4,2.0,0.9,0.9,2.0,0.5,0.1,1.4,0.8,5.8,2.9,16.2,0,0,15.0,410,334,409,221,372,391,378,376,210,244,101,371,403,149,353,426,426,427,286,4,140,518,360,396,367,87,313,284,38,329,1,Matisse Thybulle,Matisse,1610612757,POR,29.0,30,17,13,0.567,16.0,108.8,108.8,108.8,100.5,99.8,99.8,8.3,9.0,9.0,0.079,0.96,13.4,0.033,0.087,0.059,13.9,14.0,0.571,0.6,0.144,0.149,103.37,103.73,86.44,103.73,0.093,1034,58,134,1.9,4.5,0.433,410,334,165,221,372,395,398,398,18,19,19,62,60,60,457,513,427,324,444,427,515,518,173,186,411,418,175,148,148,254,399,396,391,378,376,1,15.9,0.6888888888888889,0.1777777777777777,0.5657878158229201,0.0342121841770798,0.5085714285714285,0.5990615921075261,54.5,18.03731343283582,0.08208955223880597,0.014925373134328358,0.0,0.12686567164179105,0.014925373134328358,134,44.4,0.26639999999999997,0.4484848484848485,0.545,49.7
1631108,Max Christie,Max,1610612742,DAL,23.0,77,24,53,0.312,29.1,4.2,9.4,0.441,2.3,5.8,0.404,1.6,1.8,0.899,0.2,3.0,3.2,2.0,1.2,0.6,0.4,0.5,1.3,1.5,12.3,-4.4,20.7,0,0,21.7,37,252,12,442,108,179,157,345,60,73,87,184,218,57,538,195,278,243,210,311,238,155,403,222,150,512,221,284,38,188,1,Max Christie,Max,1610612742,DAL,23.0,77,24,53,0.312,29.1,108.0,108.3,108.3,114.6,115.2,115.2,-6.5,-6.9,-6.9,0.095,1.57,14.6,0.006,0.097,0.052,9.3,9.3,0.566,0.601,0.162,0.167,103.67,103.23,86.02,103.23,0.079,4824,320,725,4.2,9.4,0.441,37,252,568,442,108,424,414,414,383,395,395,412,418,418,394,341,388,561,385,483,237,233,188,183,336,339,160,178,178,359,111,94,179,157,345,1,37.8,0.6170212765957447,0.1914893617021276,0.5669563461983209,0.034043653801679,0.5114285714285713,0.5985011279977626,54.6,17.495172413793103,0.2868965517241379,0.009655172413793104,0.07448275862068965,0.10620689655172413,0.009655172413793104,725,59.7,0.358797,0.6040353535353535,0.546,57.5
1642875,Maxime Raynaud,Maxime,1610612758,SAC,23.0,74,21,53,0.284,26.5,5.2,9.1,0.571,0.3,1.0,0.324,1.8,2.3,0.786,1.9,5.6,7.5,1.4,1.3,0.5,0.5,0.5,2.3,1.9,12.5,-6.2,25.4,18,0,23.7,70,292,12,459,157,122,167,77,436,455,348,158,165,264,72,35,41,337,202,370,147,170,118,173,146,544,146,27,38,158,1,Maxime Raynaud,Maxime,1610612758,SAC,23.0,74,21,53,0.284,26.5,109.6,110.4,110.4,119.7,121.3,121.3,-10.1,-10.9,-10.9,0.074,1.06,10.6,0.07,0.211,0.14,10.0,10.0,0.589,0.619,0.178,0.182,102.42,101.41,84.51,101.41,0.109,4145,383,671,5.2,9.1,0.571,70,292,568,459,157,373,338,338,513,535,535,485,495,495,482,487,520,129,44,71,291,295,129,126,253,268,258,325,325,150,78,106,122,167,77,1,38.4,0.1098901098901098,0.2527472527472527,0.580564919704878,0.0384350802951219,0.5628571428571427,0.6131052427419849,58.3,7.837555886736214,0.08643815201192251,0.00894187779433681,0.07153502235469449,0.09836065573770492,0.09388971684053651,671,29.0,0.17950999999999998,0.3022053872053872,0.583,44.3
1642877,Micah Peavy,Micah,1610612740,NOP,24.0,61,17,44,0.279,15.0,1.7,4.5,0.385,0.5,1.8,0.259,0.4,0.5,0.759,0.8,1.2,1.9,1.0,0.3,0.7,0.1,0.3,1.6,0.4,4.3,-1.7,10.3,0,0,9.4,210,334,43,464,393,416,374,503,406,380,452,480,493,324,284,458,433,394,511,260,418,344,319,493,435,389,430,284,38,444,1,Micah Peavy,Micah,1610612740,NOP,24.0,61,17,44,0.279,15.0,110.3,110.4,110.4,114.9,114.5,114.5,-4.6,-4.1,-4.1,0.089,3.05,16.5,0.046,0.073,0.059,5.4,5.4,0.436,0.455,0.135,0.14,102.98,103.08,85.9,103.08,0.044,1950,106,275,1.7,4.5,0.385,210,334,533,464,393,339,336,336,396,364,364,363,355,355,422,57,319,227,519,429,45,45,521,534,463,461,212,194,194,546,331,303,416,374,503,1,16.2,0.4,0.1111111111111111,0.5561047041569713,-0.1011047041569713,0.0942857142857143,0.1490521550800932,11.6,12.101818181818182,0.15636363636363637,0.025454545454545455,0.06181818181818182,0.14181818181818182,0.11636363636363636,275,45.2,0.20566,0.3462289562289563,0.11599999999999999,23.1
1630695,Micah Potter,Micah,1610612754,IND,28.0,47,11,36,0.234,19.3,3.2,6.2,0.515,1.5,3.6,0.423,1.8,2.1,0.842,1.2,3.7,5.0,1.5,1.0,0.5,0.3,0.2,1.7,1.8,9.7,-2.6,19.3,7,0,19.3,320,406,102,504,309,255,293,125,153,201,51,153,175,143,144,134,140,314,257,404,262,404,268,189,221,426,250,72,38,230,1,Micah Potter,Micah,1610612754,IND,28.0,47,11,36,0.234,19.3,109.9,108.4,108.4,114.9,114.8,114.8,-4.9,-6.4,-6.4,0.111,1.47,15.1,0.061,0.193,0.125,10.3,10.4,0.637,0.679,0.174,0.179,104.83,105.56,87.96,105.56,0.114,2001,151,293,3.2,6.2,0.515,320,406,472,504,309,356,408,408,397,381,381,377,407,407,327,386,375,158,70,96,315,329,58,39,274,280,91,63,63,121,270,290,255,293,125,1,27.2,0.5806451612903226,0.3387096774193548,0.594051774359345,0.084948225640655,0.7342857142857144,0.7677892190661089,74.8,15.679180887372013,0.06143344709897611,0.010238907849829351,0.03754266211604096,0.10580204778156997,0.06825938566552901,293,38.5,0.261415,0.44009259259259265,0.748,59.4
1629008,Michael Porter Jr.,Michael,1610612751,BKN,27.0,52,14,38,0.269,32.5,8.5,18.4,0.463,3.4,9.3,0.363,3.8,4.4,0.859,1.3,5.7,7.1,3.0,2.3,1.1,0.3,0.7,2.2,3.5,24.2,-3.9,38.8,12,0,40.3,286,374,81,473,44,19,14,266,4,5,207,48,53,114,131,32,49,134,57,106,316,75,136,59,19,492,36,47,38,23,1,Michael Porter Jr.,Michael,1610612751,BKN,27.0,52,14,38,0.269,32.5,110.2,113.0,113.0,117.8,119.6,119.6,-7.6,-6.6,-6.6,0.165,1.3,12.0,0.04,0.188,0.11,9.3,9.1,0.555,0.595,0.292,0.301,99.96,97.97,81.64,97.97,0.141,3456,444,958,8.5,18.4,0.463,286,374,491,473,44,347,239,239,485,509,509,432,412,412,193,431,476,273,78,143,231,220,230,205,23,22,429,529,529,48,48,48,19,14,266,1,70.3,0.5054347826086957,0.2391304347826087,0.5626402660151607,0.0323597339848392,0.4942857142857142,0.5929010893174116,53.4,16.423799582463467,0.29436325678496866,0.013569937369519834,0.15031315240083507,0.12839248434237996,0.038622129436325675,958,64.5,0.383775,0.6460858585858585,0.534,59.0
1628969,Mikal Bridges,Mikal,1610612752,NYK,29.0,82,53,29,0.646,32.8,5.8,11.7,0.49,1.9,5.1,0.371,1.0,1.2,0.827,1.0,2.8,3.8,3.7,1.0,1.3,0.8,0.2,2.0,1.5,14.4,3.6,29.7,1,0,27.9,1,19,189,132,41,86,100,181,103,106,183,299,321,182,213,223,221,88,256,52,84,395,222,244,107,67,103,201,38,112,1,Mikal Bridges,Mikal,1610612752,NYK,29.0,82,53,29,0.646,32.8,117.4,118.0,118.0,110.9,112.0,112.0,6.4,6.0,6.0,0.158,3.66,21.9,0.029,0.085,0.057,6.0,6.0,0.571,0.587,0.17,0.175,99.65,98.88,82.4,98.88,0.099,5530,472,963,5.8,11.7,0.49,1,19,379,132,41,72,72,72,207,252,252,86,102,102,211,28,160,371,459,440,57,56,172,234,293,302,442,484,484,211,42,45,86,100,181,1,43.7,0.4358974358974359,0.1025641025641025,0.5503819955099939,0.036618004490006,0.4714285714285713,0.6070623809073427,52.6,14.47871235721703,0.29283489096573206,0.016614745586708203,0.16199376947040497,0.09241952232606439,0.03115264797507788,963,61.2,0.35924399999999995,0.6047878787878788,0.526,56.5
201144,Mike Conley,Mike,1610612750,MIN,38.0,54,33,21,0.611,18.4,1.3,4.0,0.335,1.0,3.1,0.337,0.8,0.9,0.9,0.3,1.4,1.7,2.9,0.6,0.6,0.3,0.1,1.6,0.9,4.5,0.3,13.1,0,0,12.0,266,175,305,165,324,461,406,538,258,249,295,337,379,53,467,430,457,146,397,290,307,525,327,374,417,230,375,284,38,388,1,Mike Conley,Mike,1610612750,MIN,38.0,54,33,21,0.611,18.4,112.4,112.3,112.3,111.4,112.1,112.1,1.0,0.2,0.2,0.205,4.62,36.7,0.017,0.074,0.045,7.9,7.9,0.465,0.517,0.113,0.117,102.85,102.58,85.48,102.58,0.061,2123,72,215,1.3,4.0,0.335,266,175,262,165,324,245,264,264,228,254,254,228,245,245,130,13,14,489,516,535,141,143,499,469,532,528,221,224,224,482,376,341,461,406,538,1,14.8,0.775,0.225,0.5775894925923029,-0.0605894925923028,0.2714285714285716,0.2837894208547441,27.6,20.590697674418603,0.2837209302325581,0.027906976744186046,0.046511627906976744,0.05581395348837209,0.009302325581395349,215,64.7,0.33449900000000005,0.5631296296296298,0.276,42.0
1628970,Miles Bridges,Miles,1610612766,CHA,28.0,77,42,35,0.545,31.0,6.2,13.5,0.46,1.9,5.8,0.333,2.7,3.3,0.822,1.0,4.9,5.8,3.2,1.4,0.6,0.4,0.5,1.7,2.3,17.1,1.9,30.6,8,0,30.1,37,87,112,258,68,71,63,279,97,75,326,84,92,195,209,60,78,128,178,320,183,191,282,130,72,128,94,66,38,88,1,Miles Bridges,Miles,1610612766,CHA,28.0,77,42,35,0.545,31.0,115.6,118.3,118.3,113.8,114.8,114.8,1.8,3.5,3.5,0.154,2.3,16.3,0.03,0.155,0.092,7.1,7.1,0.531,0.57,0.221,0.225,100.27,98.66,82.22,98.66,0.114,4896,479,1042,6.2,13.5,0.46,37,87,459,258,68,119,68,68,343,376,376,203,154,154,218,154,326,353,150,220,91,91,330,308,116,120,408,494,494,126,40,37,71,63,279,1,54.2,0.4296296296296296,0.2444444444444444,0.5719717483374291,-0.0019717483374291,0.4228571428571426,0.4787284149205412,44.5,13.299424184261037,0.17562380038387715,0.016314779270633396,0.036468330134357005,0.190978886756238,0.05182341650671785,1042,48.1,0.27417,0.4615656565656566,0.445,45.3
1630540,Miles McBride,Miles,1610612752,NYK,25.0,41,25,16,0.61,26.3,4.2,9.9,0.423,2.7,6.6,0.413,0.9,1.1,0.787,0.6,1.9,2.4,2.6,0.8,0.9,0.2,0.3,1.7,1.0,12.0,5.5,21.2,0,0,21.9,356,243,368,168,163,176,144,407,28,46,65,319,331,259,344,358,377,174,337,189,344,351,280,341,161,36,213,284,38,186,1,Miles McBride,Miles,1610612752,NYK,25.0,41,25,16,0.61,26.3,119.7,119.9,119.9,109.4,110.4,110.4,10.4,9.5,9.5,0.136,3.21,18.8,0.02,0.068,0.044,5.9,5.9,0.562,0.578,0.174,0.178,99.15,98.57,82.15,98.57,0.085,2224,171,404,4.2,9.9,0.423,356,243,202,168,163,30,40,40,128,175,175,42,56,56,254,47,242,460,535,542,53,52,199,270,278,284,469,498,498,316,249,223,176,144,407,1,34.4,0.6666666666666666,0.1111111111111111,0.5499184519407526,0.0280815480592473,0.4457142857142855,0.5786735670651885,49.9,19.84158415841584,0.3910891089108911,0.0049504950495049506,0.16584158415841585,0.0594059405940594,0.0049504950495049506,404,72.7,0.42020599999999997,0.7074175084175084,0.499,60.3
1629011,Mitchell Robinson,Mitchell,1610612752,NYK,28.0,60,40,20,0.667,19.6,2.5,3.4,0.723,0.0,0.0,0.0,0.7,1.7,0.408,4.2,4.6,8.8,0.9,0.7,0.9,1.2,0.2,2.1,1.5,5.7,2.6,23.1,6,0,19.5,214,110,322,106,304,332,433,7,517,548,517,371,232,552,5,74,23,435,375,147,29,445,169,237,375,102,178,84,38,224,1,Mitchell Robinson,Mitchell,1610612752,NYK,28.0,60,40,20,0.667,19.6,118.2,117.7,117.7,109.5,109.9,109.9,8.7,7.8,7.8,0.058,1.27,15.1,0.201,0.227,0.214,11.9,11.9,0.723,0.676,0.102,0.105,98.25,98.23,81.86,98.23,0.124,2390,149,206,2.5,3.4,0.723,214,110,251,106,304,53,84,84,134,155,155,59,72,72,537,436,374,2,29,5,451,449,13,42,557,559,514,517,517,83,275,347,332,433,7,1,15.0,0.0,0.5,0.6369450514188613,0.0390549485811387,0.7257142857142858,0.6151666748503921,68.1,0.7135922330097088,0.0,0.024271844660194174,0.0,0.12135922330097088,0.7669902912621359,206,0.0,0.0,0.0,0.6809999999999999,34.0
1630541,Moses Moody,Moses,1610612744,GSW,24.0,60,30,30,0.5,25.7,4.1,9.3,0.44,2.5,6.3,0.401,1.5,1.9,0.77,0.9,2.5,3.3,1.6,1.0,1.0,0.6,0.4,2.0,1.4,12.1,1.3,22.2,0,0,22.7,214,196,172,303,180,187,162,348,46,56,93,204,211,305,244,267,264,287,281,138,132,237,194,252,157,165,195,284,38,175,1,Moses Moody,Moses,1610612744,GSW,24.0,60,30,30,0.5,25.7,110.8,111.1,111.1,109.0,108.9,108.9,1.8,2.2,2.2,0.093,1.72,13.0,0.031,0.092,0.061,7.5,7.5,0.575,0.6,0.174,0.181,102.69,102.6,85.5,102.6,0.083,3295,245,557,4.1,9.3,0.44,214,196,395,303,180,314,311,311,121,124,124,202,196,196,402,293,438,349,420,416,115,113,156,187,276,271,233,222,222,326,166,152,187,162,348,1,36.0,0.6774193548387096,0.2043010752688172,0.5676581043178303,0.0323418956821697,0.5085714285714285,0.5928417663116827,54.2,18.51346499102334,0.14721723518850988,0.01436265709156194,0.05385996409335727,0.07719928186714542,0.025134649910233394,557,50.1,0.3006,0.5060606060606061,0.542,52.4
1631243,Mouhamed Gueye,Mouhamed,1610612737,ATL,23.0,77,44,33,0.571,15.3,1.7,3.8,0.452,0.5,1.7,0.308,0.5,0.8,0.645,1.2,2.4,3.6,0.9,0.4,0.8,0.5,0.1,1.6,0.7,4.4,0.6,13.5,3,0,12.0,37,67,135,210,385,419,417,306,387,390,388,430,408,479,158,275,238,428,478,216,154,474,299,410,423,211,368,128,38,387,1,Mouhamed Gueye,Mouhamed,1610612737,ATL,23.0,77,44,33,0.571,15.3,113.3,112.5,112.5,110.8,110.1,110.1,2.5,2.3,2.3,0.076,2.09,16.5,0.071,0.151,0.111,7.9,7.9,0.521,0.539,0.12,0.126,101.9,102.61,85.51,102.61,0.075,2513,131,290,1.7,3.8,0.452,37,67,435,210,385,201,258,258,201,165,165,181,189,189,478,180,321,125,160,142,135,137,370,409,508,506,298,219,219,389,298,294,419,417,306,1,15.3,0.4473684210526316,0.2105263157894737,0.576412789902171,-0.037412789902171,0.3342857142857143,0.360865793642677,34.5,12.644827586206896,0.06896551724137931,0.017241379310344827,0.06206896551724138,0.07241379310344828,0.15862068965517243,290,34.2,0.18433800000000003,0.3103333333333334,0.34500000000000003,32.8
1630619,Moussa Cisse,Moussa,1610612742,DAL,23.0,38,11,27,0.289,13.9,1.7,3.0,0.574,0.0,0.0,0.0,1.0,2.1,0.469,2.3,3.3,5.7,0.2,0.8,0.5,1.2,0.3,1.9,1.8,4.5,-0.1,15.9,2,0,13.8,370,406,220,452,409,417,457,70,517,548,517,286,177,549,45,161,89,563,345,373,28,287,230,190,422,259,324,159,38,354,1,Moussa Cisse,Moussa,1610612742,DAL,23.0,38,11,27,0.289,13.9,110.7,111.2,111.2,110.0,110.7,110.7,0.7,0.5,0.5,0.023,0.3,4.7,0.15,0.215,0.182,15.8,15.8,0.574,0.564,0.136,0.139,104.57,104.05,86.71,104.05,0.087,1144,66,115,1.7,3.0,0.574,370,406,352,452,409,318,308,308,160,188,188,233,237,237,572,557,571,9,41,21,543,545,160,331,461,466,105,124,124,295,386,408,417,457,70,1,14.1,0.0,0.7000000000000001,0.6714621022716105,-0.1074621022716105,0.4057142857142854,0.1279100110229116,29.5,1.434782608695652,0.034782608695652174,0.017391304347826087,0.0,0.1565217391304348,0.5304347826086957,115,7.9,0.044556,0.07501010101010101,0.295,18.5
1631217,Moussa Diabaté,Moussa,1610612766,CHA,24.0,73,40,33,0.548,26.0,3.1,5.0,0.631,0.0,0.0,0.5,1.6,2.4,0.659,3.7,5.0,8.7,1.9,1.0,0.8,1.0,0.5,2.4,2.7,7.9,4.7,25.5,20,0,22.0,78,110,135,253,169,264,355,36,514,541,13,188,153,465,9,57,24,247,257,223,47,163,94,96,289,47,145,21,38,185,1,Moussa Diabaté,Moussa,1610612766,CHA,24.0,73,40,33,0.548,26.0,119.0,122.0,122.0,111.5,111.5,111.5,7.5,10.5,10.5,0.099,1.93,21.6,0.139,0.191,0.164,11.2,11.2,0.632,0.653,0.112,0.115,99.02,97.8,81.5,97.8,0.108,3843,229,363,3.1,5.0,0.631,78,110,435,253,169,39,24,24,238,228,228,73,50,50,376,235,171,21,73,38,407,404,64,66,534,535,479,537,537,159,186,247,264,355,36,1,24.3,0.0,0.48,0.6320268499480863,0.0209731500519136,0.6599999999999999,0.5550339000226661,61.8,2.6666666666666665,0.0440771349862259,0.030303030303030304,0.01652892561983471,0.24242424242424243,0.30303030303030304,363,22.6,0.14757800000000001,0.2484478114478115,0.618,43.3
1626167,Myles Turner,Myles,1610612749,MIL,30.0,71,30,41,0.423,26.9,4.0,9.1,0.44,2.1,5.4,0.383,1.8,2.5,0.74,1.1,4.3,5.3,1.5,1.2,0.7,1.6,0.5,2.6,2.2,11.9,-3.2,26.3,4,0,25.4,98,196,61,373,152,190,166,351,74,90,147,150,140,360,181,91,113,320,227,261,11,209,62,137,164,462,137,114,38,133,1,Myles Turner,Myles,1610612749,MIL,30.0,71,30,41,0.423,26.9,108.9,109.6,109.6,114.4,115.8,115.8,-5.5,-6.2,-6.2,0.079,1.24,11.3,0.039,0.152,0.096,9.1,9.1,0.553,0.584,0.181,0.185,101.37,100.47,83.72,100.47,0.086,4011,284,646,4.0,9.1,0.44,98,196,515,373,152,392,370,370,382,417,417,387,401,401,461,444,498,281,158,196,219,221,236,248,234,251,338,397,397,302,135,120,190,166,351,1,39.0,0.5934065934065935,0.2747252747252747,0.5809607214620781,0.0030392785379218,0.4628571428571426,0.4953930708320724,47.6,17.707430340557277,0.1346749226006192,0.009287925696594427,0.0804953560371517,0.10526315789473684,0.04489164086687306,646,49.3,0.287912,0.48470033670033674,0.47600000000000003,48.0
1641772,Nae'Qwan Tomlin,Nae'Qwan,1610612739,CLE,25.0,64,42,22,0.656,15.7,2.3,4.9,0.478,0.4,1.8,0.235,0.7,1.0,0.77,1.3,1.6,2.9,0.8,0.5,0.6,0.5,0.4,2.0,0.7,5.8,0.9,13.6,0,0,12.3,180,87,295,125,380,347,357,218,413,378,475,363,376,304,125,409,315,444,471,294,143,251,221,421,362,184,366,284,38,382,1,Nae'Qwan Tomlin,Nae'Qwan,1610612739,CLE,25.0,64,42,22,0.656,15.7,114.5,114.3,114.3,109.8,110.7,110.7,4.7,3.6,3.6,0.071,1.83,12.5,0.081,0.094,0.088,6.8,6.9,0.521,0.549,0.151,0.155,102.14,101.75,84.79,101.75,0.069,2120,150,314,2.3,4.9,0.478,180,87,279,125,380,154,172,172,147,193,193,125,150,150,494,262,449,96,407,241,80,80,369,377,389,394,281,292,292,439,273,275,347,357,218,1,20.1,0.3673469387755101,0.2040816326530612,0.5723635715071493,-0.0233635715071492,0.362857142857143,0.4075878320996331,38.1,9.904458598726114,0.044585987261146494,0.022292993630573247,0.0,0.17834394904458598,0.16878980891719744,314,30.5,0.167445,0.2818939393939394,0.381,33.1
1630230,Naji Marshall,Naji,1610612742,DAL,28.0,74,25,49,0.338,29.5,5.7,11.1,0.51,0.8,2.9,0.291,3.1,4.1,0.76,0.9,3.8,4.7,3.3,1.6,1.1,0.1,0.6,1.9,2.6,15.2,-2.9,27.7,2,0,26.4,70,243,19,418,101,92,116,137,305,273,426,68,61,322,232,127,156,123,134,91,487,115,227,112,96,452,121,159,38,123,1,Naji Marshall,Naji,1610612742,DAL,28.0,74,25,49,0.338,29.5,109.6,109.7,109.7,113.9,114.3,114.3,-4.3,-4.6,-4.6,0.162,2.03,18.4,0.028,0.12,0.075,9.1,9.1,0.548,0.592,0.2,0.206,104.56,104.35,86.96,104.35,0.106,4748,419,821,5.7,11.1,0.51,70,243,559,418,101,374,368,368,353,356,356,356,374,374,200,200,260,381,279,307,210,210,261,216,169,167,107,111,111,167,55,66,92,116,137,1,48.3,0.2612612612612612,0.3693693693693693,0.5993654397325259,-0.0073654397325259,0.4857142857142855,0.4607911710325852,47.6,10.790499390986602,0.1900121802679659,0.03288672350791717,0.0730816077953715,0.14372716199756394,0.024360535931790498,821,49.6,0.293632,0.49432996632996634,0.47600000000000003,48.5
1629675,Naz Reid,Naz,1610612750,MIN,26.0,77,46,31,0.597,26.1,5.2,11.3,0.456,2.1,5.8,0.362,1.2,1.6,0.732,1.2,5.0,6.2,2.2,1.6,1.0,1.0,0.5,2.5,1.5,13.6,2.2,28.7,6,0,28.1,37,52,160,183,168,123,111,289,72,71,217,254,248,373,156,53,73,214,131,133,41,165,76,225,128,116,112,84,38,110,1,Naz Reid,Naz,1610612750,MIN,26.0,77,46,31,0.597,26.1,112.7,113.0,113.0,108.7,109.9,109.9,4.0,3.2,3.2,0.124,1.35,13.9,0.042,0.187,0.113,10.3,10.3,0.549,0.565,0.212,0.22,103.47,102.77,85.65,102.77,0.112,4313,397,871,5.2,11.3,0.456,37,52,412,183,168,226,236,236,118,148,148,148,167,167,280,417,412,250,81,128,326,324,257,329,136,131,170,210,210,135,66,57,123,111,289,1,44.6,0.5132743362831858,0.1415929203539823,0.5526908764954473,0.0123091235045526,0.4085714285714283,0.5262208393842656,45.6,15.342135476463834,0.20551090700344432,0.01951779563719862,0.045924225028702644,0.09299655568312284,0.04477611940298507,871,50.3,0.284195,0.47844276094276095,0.456,46.7
1629674,Neemias Queta,Neemias,1610612738,BOS,26.0,76,52,24,0.684,25.3,4.3,6.6,0.653,0.0,0.1,0.125,1.6,2.3,0.703,3.0,5.3,8.4,1.7,1.0,0.8,1.3,0.5,2.8,2.5,10.2,6.3,28.1,17,0,24.5,54,24,258,92,183,168,274,24,516,531,509,186,161,421,20,42,31,282,272,217,22,199,37,120,206,26,117,30,38,147,1,Neemias Queta,Neemias,1610612738,BOS,26.0,76,52,24,0.684,25.3,117.5,118.8,118.8,105.5,105.6,105.6,12.0,13.2,13.2,0.091,1.68,16.2,0.118,0.194,0.157,9.6,9.7,0.654,0.674,0.145,0.149,96.71,96.15,80.13,96.15,0.13,3846,326,499,4.3,6.6,0.653,54,24,309,92,183,71,62,62,53,60,60,31,28,28,415,305,330,39,65,45,269,271,40,44,406,417,557,575,575,68,107,183,168,274,24,1,30.3,0.0151515151515151,0.3484848484848484,0.6031619569523001,0.0708380430476999,0.72,0.7208644382557878,72.0,3.444889779559118,0.05811623246492986,0.008016032064128256,0.026052104208416832,0.23246492985971945,0.2905811623246493,499,19.8,0.13345200000000002,0.2246666666666667,0.72,47.2
1629651,Nic Claxton,Nic,1610612751,BKN,27.0,69,17,52,0.246,27.8,4.8,8.4,0.571,0.0,0.3,0.158,2.0,3.3,0.616,2.4,4.5,6.9,3.7,1.4,0.7,1.1,0.7,2.3,3.5,11.7,-7.5,29.5,11,2,25.9,118,334,16,493,131,135,190,76,501,515,503,129,88,496,39,79,54,95,176,286,34,107,124,60,169,562,104,53,16,126,1,Nic Claxton,Nic,1610612751,BKN,27.0,69,17,52,0.246,27.8,105.5,107.4,107.4,118.3,120.3,120.3,-12.7,-12.9,-12.9,0.216,2.64,24.6,0.084,0.167,0.124,9.3,9.3,0.574,0.592,0.175,0.178,100.08,98.37,81.97,98.37,0.117,3932,333,583,4.8,8.4,0.571,118,334,566,493,131,491,436,436,494,516,516,522,519,519,114,108,123,90,120,97,239,235,161,214,271,287,417,508,508,110,100,144,135,190,76,1,38.9,0.0357142857142857,0.3928571428571428,0.6082143929235115,-0.0162143929235115,0.4857142857142855,0.4313631189041096,46.4,4.1406518010291595,0.08747855917667238,0.010291595197255575,0.044596912521440824,0.2281303602058319,0.2538593481989708,583,25.0,0.148,0.24915824915824916,0.46399999999999997,35.7
1630208,Nick Richards,Nick,1610612741,CHI,28.0,48,20,28,0.417,14.6,2.1,4.2,0.512,0.1,0.4,0.278,1.4,2.1,0.644,1.6,3.5,5.1,0.3,1.2,0.2,0.7,0.7,1.8,1.7,5.8,-2.8,13.7,4,0,13.0,310,302,205,374,402,369,394,134,488,508,438,216,181,481,94,150,132,541,218,517,110,76,252,201,371,445,364,114,38,370,2,Nick Richards,Nick,1610612741,CHI,28.0,48,20,28,0.417,14.6,107.3,108.9,108.9,116.9,117.2,117.2,-9.6,-8.4,-8.4,0.033,0.27,5.0,0.103,0.221,0.163,18.4,18.4,0.525,0.562,0.176,0.179,103.17,102.27,85.23,102.27,0.079,1488,103,201,2.1,4.2,0.512,310,302,364,374,402,451,397,397,466,460,460,474,445,445,569,558,570,61,37,41,559,560,357,339,268,279,195,252,252,357,335,350,369,394,134,2,21.9,0.0952380952380952,0.5,0.6281614567563232,-0.0661614567563231,0.4000000000000001,0.2652593135824146,34.6,5.208955223880597,0.04477611940298507,0.014925373134328358,0.03980099502487562,0.1791044776119403,0.3034825870646766,201,21.4,0.12026800000000001,0.2024713804713805,0.34600000000000003,27.4
1641733,Nick Smith Jr.,Nick,1610612747,LAL,22.0,30,15,15,0.5,12.5,2.3,5.4,0.435,1.1,2.9,0.395,0.4,0.5,0.733,0.1,0.7,0.8,1.0,0.7,0.3,0.1,0.2,0.9,0.6,6.2,-0.1,9.0,0,0,9.8,410,365,382,303,433,349,332,368,237,275,105,477,481,370,558,534,549,389,372,478,499,445,474,454,353,261,466,284,38,431,1,Nick Smith Jr.,Nick,1610612747,LAL,22.0,30,15,15,0.5,12.5,112.4,110.6,110.6,112.7,111.7,111.7,-0.4,-1.1,-1.1,0.127,1.48,14.2,0.009,0.054,0.032,9.6,9.6,0.54,0.552,0.212,0.222,100.06,101.35,84.45,101.35,0.067,794,70,161,2.3,5.4,0.435,410,365,187,303,433,250,332,332,294,237,237,262,281,281,276,384,403,553,556,569,266,262,288,367,138,128,420,330,330,452,379,377,349,332,368,1,23.0,0.537037037037037,0.0925925925925925,0.5431515795895698,0.0088484204104302,0.3714285714285714,0.5147119355786995,42.9,18.627329192546583,0.4658385093167702,0.043478260869565216,0.14285714285714285,0.043478260869565216,0.0,161,82.9,0.45760800000000007,0.7703838383838385,0.429,60.0
1629638,Nickeil Alexander-Walker,Nickeil,1610612737,ATL,27.0,78,43,35,0.551,33.4,7.0,15.3,0.459,3.2,8.1,0.399,3.6,3.9,0.902,0.7,2.8,3.4,3.7,2.1,1.3,0.5,0.8,2.2,3.7,20.8,3.1,33.9,2,0,34.8,28,75,112,245,29,49,42,283,9,15,98,52,68,50,320,229,253,95,73,51,137,58,139,47,36,82,59,159,38,46,1,Nickeil Alexander-Walker,Nickeil,1610612737,ATL,27.0,78,43,35,0.551,33.4,115.4,116.1,116.1,111.2,112.0,112.0,4.2,4.0,4.0,0.155,1.77,16.2,0.019,0.079,0.049,9.2,9.1,0.564,0.61,0.23,0.238,105.04,104.38,86.99,104.38,0.105,5668,548,1195,7.0,15.3,0.459,28,75,459,245,29,127,120,120,219,251,251,143,139,139,216,279,331,470,492,506,223,218,192,148,92,89,81,108,108,175,22,17,49,42,283,1,60.2,0.5294117647058824,0.2549019607843137,0.5722684441536862,0.0377315558463138,0.5371428571428571,0.6107656039501023,56.7,15.796652719665271,0.2610878661087866,0.021757322175732216,0.0887029288702929,0.16485355648535566,0.005857740585774059,1195,61.8,0.37698,0.6346464646464647,0.5670000000000001,60.1
201587,Nicolas Batum,Nicolas,1610612746,LAC,37.0,74,39,35,0.527,17.5,1.3,3.2,0.403,1.2,3.1,0.404,0.1,0.1,0.818,0.3,2.2,2.5,0.9,0.5,0.6,0.3,0.0,1.4,0.1,4.0,-0.2,10.6,0,0,10.4,70,118,112,283,336,465,447,468,208,246,88,547,551,202,483,311,368,437,444,297,268,539,380,564,450,276,426,284,38,417,1,Nicolas Batum,Nicolas,1610612746,LAC,37.0,74,39,35,0.527,17.5,113.7,113.2,113.2,113.2,113.8,113.8,0.6,-0.5,-0.5,0.069,1.73,18.7,0.018,0.119,0.071,10.8,10.8,0.597,0.603,0.092,0.096,98.98,98.96,82.47,98.96,0.058,2669,96,238,1.3,3.2,0.403,70,118,459,283,336,182,223,223,319,332,332,239,270,270,505,288,246,478,284,344,368,370,115,180,570,571,481,479,479,495,346,324,465,447,468,1,11.0,0.96875,0.03125,0.5414510461746166,0.0615489538253833,0.5171428571428571,0.689972671064742,58.6,23.785714285714285,0.07983193277310924,0.02100840336134454,0.029411764705882353,0.004201680672268907,0.004201680672268907,238,50.9,0.306927,0.5167121212121213,0.5860000000000001,55.1
203999,Nikola Jokić,Nikola,1610612743,DEN,31.0,65,43,22,0.662,34.8,9.9,17.4,0.569,1.7,4.5,0.38,6.1,7.4,0.831,3.0,9.9,12.9,10.7,3.7,1.4,0.8,0.8,2.7,6.7,27.7,8.5,62.1,55,34,57.4,166,75,295,119,13,6,19,78,125,137,156,12,12,168,24,1,1,1,3,37,73,58,52,4,8,8,1,2,1,2,1,Nikola Jokić,Nikola,1610612743,DEN,31.0,65,43,22,0.662,34.8,125.0,126.1,126.1,114.7,115.3,115.3,10.3,10.8,10.8,0.458,2.87,30.6,0.089,0.27,0.185,10.7,10.6,0.618,0.67,0.289,0.296,103.31,102.59,85.49,102.59,0.213,4854,644,1132,9.9,17.4,0.569,166,75,279,119,13,9,8,8,392,402,402,44,48,48,3,78,43,82,9,18,353,354,76,47,26,26,179,223,223,3,9,24,6,19,78,1,75.4,0.2586206896551724,0.4252873563218391,0.6003352336186591,0.0696647663813408,0.7085714285714286,0.7169625929014798,71.2,11.040636042402827,0.21643109540636044,0.02561837455830389,0.10424028268551237,0.12809187279151943,0.09452296819787986,1132,49.9,0.33433,0.5628451178451179,0.7120000000000001,63.7
1631107,Nikola Jović,Nikola,1610612748,MIA,23.0,47,24,23,0.511,17.2,2.4,6.7,0.366,1.0,3.6,0.269,1.5,2.1,0.683,0.5,2.7,3.3,2.2,1.4,0.6,0.4,0.3,1.4,1.8,7.3,-0.1,15.8,0,0,15.5,320,252,275,295,343,335,263,524,283,203,448,203,175,446,368,237,276,217,179,350,235,325,373,186,312,264,327,284,38,316,1,Nikola Jović,Nikola,1610612748,MIA,23.0,47,24,23,0.511,17.2,109.2,109.3,109.3,108.4,110.1,110.1,0.8,-0.8,-0.8,0.173,1.57,19.5,0.028,0.137,0.084,12.4,12.4,0.438,0.48,0.203,0.212,108.53,107.64,89.7,107.64,0.073,1816,115,314,2.4,6.7,0.366,320,252,289,295,343,386,384,384,111,163,163,232,274,274,177,344,224,385,209,264,471,471,518,512,157,154,15,23,23,403,320,275,335,263,524,1,30.2,0.5373134328358209,0.3134328358208955,0.5863570109437826,-0.1063570109437825,0.1657142857142857,0.1315850994203931,15.2,15.210191082802547,0.07961783439490445,0.022292993630573247,0.04777070063694268,0.1337579617834395,0.025477707006369428,314,44.5,0.21359999999999998,0.3595959595959596,0.152,25.6
202696,Nikola Vučević,Nikola,1610612738,BOS,35.0,64,35,29,0.547,28.4,6.2,12.5,0.493,1.6,4.2,0.369,1.2,1.5,0.828,2.0,6.4,8.4,3.3,1.3,0.6,0.6,0.5,2.0,1.8,15.1,-0.7,32.6,23,0,30.9,180,162,189,255,121,74,84,174,143,158,191,248,273,178,70,21,29,114,191,312,116,203,212,185,99,305,75,19,38,80,2,Nikola Vučević,Nikola,1610612738,BOS,35.0,64,35,29,0.547,28.4,113.0,113.1,113.1,114.0,114.8,114.8,-1.0,-1.7,-1.7,0.175,2.51,18.7,0.067,0.211,0.141,7.4,7.5,0.556,0.574,0.213,0.218,102.38,101.99,84.99,101.99,0.127,3874,394,799,6.2,12.5,0.493,180,162,379,255,121,211,230,230,361,378,378,284,293,293,174,123,245,143,46,68,110,111,225,284,135,138,261,276,276,79,68,75,74,84,174,2,46.6,0.336,0.12,0.5497281909681176,0.0242718090318823,0.4342857142857141,0.5660039104093713,48.7,12.569461827284105,0.18272841051314143,0.017521902377972465,0.09637046307884856,0.0951188986232791,0.08135168961201501,799,46.4,0.26633599999999996,0.4483771043771043,0.48700000000000004,46.8
1642363,Nique Clifford,Nique,1610612758,SAC,24.0,75,21,54,0.28,25.1,3.3,7.9,0.418,1.0,3.1,0.333,0.9,1.3,0.722,0.9,2.9,3.8,2.4,1.5,0.9,0.3,0.5,2.1,1.0,8.6,-2.9,18.8,0,0,18.2,60,292,11,461,187,241,209,430,262,247,302,312,298,390,239,218,223,197,142,159,261,164,183,353,256,449,257,284,38,260,1,Nique Clifford,Nique,1610612758,SAC,24.0,75,21,54,0.28,25.1,110.6,111.3,111.3,115.1,115.8,115.8,-4.4,-4.5,-4.5,0.13,1.54,19.1,0.034,0.115,0.074,12.4,12.4,0.482,0.505,0.167,0.17,101.43,100.77,83.98,100.77,0.062,3933,249,596,3.3,7.9,0.418,60,292,572,461,187,324,304,304,404,418,418,360,371,371,268,356,234,317,306,322,469,475,470,490,310,323,336,376,376,475,162,139,241,209,430,1,33.1,0.3924050632911392,0.1645569620253164,0.5628755678109542,-0.0578755678109541,0.2371428571428571,0.292814840948462,25.9,14.401006711409396,0.2785234899328859,0.025167785234899327,0.1476510067114094,0.10234899328859061,0.03355704697986577,596,61.7,0.311585,0.524553872053872,0.259,39.2
1641730,Noah Clowney,Noah,1610612751,BKN,21.0,66,17,49,0.258,27.0,3.8,9.6,0.396,2.0,5.9,0.329,2.7,3.4,0.804,0.8,3.3,4.1,1.6,1.5,0.8,0.7,0.6,2.5,2.8,12.3,-5.0,22.4,1,0,22.9,157,334,19,482,149,200,151,485,93,67,336,83,84,222,273,159,187,285,143,229,104,134,70,89,151,523,187,201,38,171,1,Noah Clowney,Noah,1610612751,BKN,21.0,66,17,49,0.258,27.0,108.0,109.7,109.7,117.1,118.3,118.3,-9.1,-8.7,-8.7,0.095,1.06,11.5,0.029,0.128,0.077,10.8,10.9,0.498,0.554,0.202,0.204,99.77,98.49,82.08,98.49,0.072,3647,250,631,3.8,9.6,0.396,157,334,559,482,149,427,369,369,472,485,485,464,453,453,395,489,489,378,245,296,375,380,437,361,161,174,436,502,502,415,161,123,200,151,485,1,43.3,0.6145833333333334,0.3541666666666667,0.5936985643465509,-0.0396985643465508,0.3771428571428572,0.3532642290223928,36.8,17.210776545166404,0.09508716323296355,0.014263074484944533,0.030110935023771792,0.10301109350237718,0.017432646592709985,631,44.5,0.24653000000000003,0.4150336700336701,0.368,39.2
1642869,Noah Penda,Noah,1610612753,ORL,21.0,59,30,29,0.508,12.8,1.4,3.4,0.404,0.5,1.6,0.323,0.6,0.8,0.688,1.1,2.0,3.2,1.2,0.7,0.5,0.3,0.2,1.2,0.7,3.8,-0.9,11.2,2,0,10.3,225,196,189,299,427,458,432,466,390,397,353,421,407,439,161,329,285,368,367,372,273,411,426,431,456,329,414,159,38,418,1,Noah Penda,Noah,1610612753,ORL,21.0,59,30,29,0.508,12.8,110.1,110.4,110.4,115.4,113.4,113.4,-5.3,-3.0,-3.0,0.124,1.67,20.8,0.081,0.159,0.118,12.5,12.5,0.478,0.506,0.14,0.145,100.68,101.42,84.51,101.42,0.076,1597,82,203,1.4,3.4,0.404,225,196,379,299,427,349,339,339,415,307,307,381,325,325,281,309,187,98,136,116,475,478,478,489,438,436,384,323,323,380,363,348,458,432,466,1,14.3,0.4705882352941177,0.2352941176470588,0.578792330383175,-0.072792330383175,0.24,0.2432077001839946,24.1,13.428571428571429,0.15763546798029557,0.03940886699507389,0.029556650246305417,0.12807881773399016,0.08374384236453201,203,48.7,0.24642200000000003,0.4148518518518519,0.24100000000000002,32.8
1642849,Nolan Traore,Nolan,1610612751,BKN,20.0,56,14,42,0.25,22.2,3.3,8.6,0.38,1.1,3.4,0.318,1.3,1.7,0.787,0.3,1.5,1.8,3.8,2.3,0.8,0.4,0.6,2.1,1.3,8.9,-5.0,18.1,1,0,18.0,247,374,57,485,238,250,186,509,244,215,368,223,236,259,504,414,447,85,60,208,198,109,163,261,246,524,273,201,38,263,1,Nolan Traore,Nolan,1610612751,BKN,20.0,56,14,42,0.25,22.2,107.6,108.2,108.2,118.0,118.8,118.8,-10.4,-10.5,-10.5,0.265,1.65,24.7,0.011,0.073,0.04,14.9,15.0,0.444,0.479,0.224,0.229,98.97,98.4,82.0,98.4,0.056,2544,182,479,3.3,8.6,0.38,247,374,523,485,238,438,417,417,489,493,493,492,487,487,65,316,120,544,520,551,532,533,512,514,109,112,483,505,505,507,236,190,250,186,509,1,38.5,0.3953488372093023,0.1976744186046511,0.562948040554078,-0.083948040554078,0.1628571428571428,0.2061083039781332,18.0,12.954070981210856,0.16075156576200417,0.020876826722338204,0.06471816283924843,0.2254697286012526,0.008350730688935281,479,51.7,0.247643,0.41690740740740745,0.18,29.8
1626181,Norman Powell,Norman,1610612748,MIA,33.0,58,29,29,0.5,29.6,7.3,15.4,0.47,2.7,7.1,0.38,4.5,5.5,0.827,0.4,3.1,3.5,2.5,1.9,1.1,0.2,0.9,2.2,3.9,21.7,0.7,31.7,1,0,33.1,230,203,189,303,99,39,41,245,33,30,155,35,36,180,446,186,248,190,86,94,326,43,147,45,28,203,81,201,38,61,1,Norman Powell,Norman,1610612748,MIA,33.0,58,29,29,0.5,29.6,113.1,114.7,114.7,113.0,114.1,114.1,0.1,0.6,0.6,0.123,1.29,11.3,0.012,0.097,0.054,8.7,8.6,0.558,0.609,0.262,0.27,106.94,105.69,88.08,105.69,0.113,3788,421,895,7.3,15.4,0.47,230,203,379,303,99,210,157,157,310,350,350,247,236,236,284,432,501,540,380,470,186,181,219,156,46,46,33,60,60,129,54,53,39,41,245,1,62.9,0.461038961038961,0.3571428571428571,0.5888056010026366,0.0201943989973634,0.5342857142857143,0.5524440878568886,54.2,14.901675977653632,0.2905027932960894,0.017877094972067038,0.10279329608938548,0.21340782122905028,0.0,895,64.7,0.394023,0.663338383838384,0.542,60.3
1628384,OG Anunoby,OG,1610612752,NYK,28.0,67,45,22,0.672,33.2,5.8,12.0,0.484,2.3,6.1,0.386,2.7,3.3,0.828,1.3,4.0,5.2,2.2,1.8,1.6,0.7,0.8,2.4,2.3,16.7,6.1,31.2,5,0,31.0,147,60,295,105,34,84,96,200,59,63,136,82,90,177,135,113,120,218,96,21,96,52,88,129,78,28,85,96,38,79,1,OG Anunoby,OG,1610612752,NYK,28.0,67,45,22,0.672,33.2,119.4,119.4,119.4,110.3,110.2,110.2,9.1,9.2,9.2,0.09,1.18,12.4,0.039,0.116,0.078,10.5,10.5,0.581,0.62,0.194,0.198,99.77,99.84,83.2,99.84,0.099,4618,389,804,5.8,12.0,0.484,147,60,279,105,34,34,47,47,172,168,168,57,58,58,416,463,461,284,300,286,338,338,143,122,191,197,435,433,433,209,74,73,84,96,200,1,49.2,0.5083333333333333,0.2749999999999999,0.5802024443140037,0.0397975556859963,0.5657142857142856,0.6176362868057346,58.6,14.058457711442786,0.15049751243781095,0.021144278606965175,0.05845771144278607,0.20149253731343283,0.03980099502487562,804,50.7,0.31434,0.5291919191919192,0.5860000000000001,55.8
1630167,Obi Toppin,Obi,1610612754,IND,28.0,24,4,20,0.167,17.7,4.2,8.3,0.503,1.5,4.4,0.352,1.8,1.9,0.913,0.5,3.9,4.4,2.3,1.2,0.5,0.0,0.3,1.2,1.7,11.6,-1.4,20.8,0,0,21.0,433,487,322,544,333,177,196,153,148,150,245,164,204,45,360,121,168,205,228,373,516,296,430,208,176,360,219,284,38,203,1,Obi Toppin,Obi,1610612754,IND,28.0,24,4,20,0.167,17.7,113.3,113.9,113.9,117.7,117.5,117.5,-4.4,-3.6,-3.6,0.193,1.96,18.3,0.03,0.206,0.12,9.3,9.3,0.595,0.636,0.241,0.249,104.31,104.11,86.75,104.11,0.143,919,100,199,4.2,8.3,0.503,433,487,251,544,333,204,185,185,483,470,470,358,342,342,150,225,262,357,49,107,240,230,117,86,78,75,125,122,122,38,339,351,177,196,153,1,35.3,0.5301204819277109,0.2289156626506023,0.5660911842691241,0.0699088157308759,0.6114285714285714,0.7177742026845843,65.4,15.442211055276381,0.1507537688442211,0.035175879396984924,0.08040201005025126,0.1306532663316583,0.08040201005025126,199,53.5,0.34026,0.5728282828282829,0.654,61.3
1630534,Ochai Agbaji,Ochai,1610612751,BKN,26.0,62,28,34,0.452,15.7,2.0,4.5,0.436,0.5,2.1,0.266,0.6,0.7,0.837,0.7,1.5,2.3,0.8,0.5,0.4,0.3,0.3,1.5,0.6,5.1,-1.0,10.4,0,0,10.0,201,216,125,357,378,388,373,364,381,337,449,415,434,155,295,410,398,463,444,442,298,293,340,455,406,334,429,284,38,428,2,Ochai Agbaji,Ochai,1610612751,BKN,26.0,62,28,34,0.452,15.7,107.2,106.4,106.4,109.5,109.0,109.0,-2.2,-2.7,-2.7,0.07,1.52,12.4,0.046,0.096,0.071,8.2,8.2,0.496,0.525,0.142,0.147,99.71,100.34,83.62,100.34,0.057,2031,122,280,2.0,4.5,0.436,201,216,449,357,378,452,468,468,133,129,129,310,317,317,500,370,458,225,392,343,155,158,442,446,424,428,440,409,409,499,310,297,388,373,364,2,17.9,0.4666666666666667,0.1555555555555555,0.563356437144449,-0.038356437144449,0.2942857142857142,0.3577276032107355,32.0,12.7,0.08928571428571429,0.007142857142857143,0.025,0.15714285714285714,0.09642857142857143,280,36.1,0.189525,0.3190656565656566,0.32,32.0
1641765,Olivier-Maxence Prosper,Olivier-Maxence,1610612763,MEM,23.0,53,16,37,0.302,18.6,3.6,6.6,0.549,1.1,2.8,0.405,1.6,2.2,0.754,1.1,2.4,3.5,1.0,0.9,0.8,0.2,0.3,1.6,1.6,10.0,-3.9,17.8,1,0,17.6,276,348,93,445,319,216,269,87,239,280,85,185,174,332,167,276,240,414,303,231,322,356,321,216,214,493,281,201,38,268,1,Olivier-Maxence Prosper,Olivier-Maxence,1610612763,MEM,23.0,53,16,37,0.302,18.6,111.2,110.7,110.7,119.7,120.4,120.4,-8.5,-9.7,-9.7,0.077,1.09,10.3,0.057,0.127,0.091,9.5,9.4,0.634,0.662,0.183,0.19,104.79,104.7,87.25,104.7,0.103,2145,192,350,3.6,6.6,0.549,276,348,482,445,319,303,324,324,511,522,522,455,471,471,471,482,527,174,248,223,254,250,63,58,229,224,93,94,94,189,221,256,216,269,87,1,29.1,0.4242424242424242,0.3333333333333333,0.5931638906705105,0.0688361093294895,0.6857142857142857,0.7142068135011151,69.7,12.117142857142857,0.08571428571428572,0.014285714285714285,0.02,0.20857142857142857,0.07714285714285714,350,39.1,0.258842,0.4357609427609428,0.6970000000000001,56.6
1630168,Onyeka Okongwu,Onyeka,1610612737,ATL,25.0,74,41,33,0.554,31.0,5.6,11.6,0.48,1.9,5.2,0.376,2.1,2.7,0.757,1.9,5.7,7.6,3.1,1.7,1.1,1.1,0.7,3.3,2.3,15.2,1.5,33.8,16,0,32.2,70,97,135,243,67,98,103,210,95,103,165,126,123,327,73,33,39,131,118,91,39,92,16,132,97,155,62,33,38,69,1,Onyeka Okongwu,Onyeka,1610612737,ATL,25.0,74,41,33,0.554,31.0,112.7,113.4,113.4,111.0,111.3,111.3,1.7,2.1,2.1,0.14,1.82,17.7,0.058,0.178,0.117,9.7,9.7,0.564,0.592,0.189,0.195,104.88,104.39,86.99,104.39,0.104,4998,413,860,5.6,11.6,0.48,70,97,435,243,67,225,215,215,209,224,224,205,201,201,246,264,275,170,98,120,272,272,191,217,204,211,90,107,107,184,59,60,98,103,210,1,46.5,0.4482758620689655,0.2327586206896552,0.5731054965266436,0.0188945034733564,0.4857142857142855,0.5481211592102528,51.1,13.31860465116279,0.07325581395348837,0.015116279069767442,0.009302325581395349,0.1313953488372093,0.07325581395348837,860,36.2,0.21430400000000002,0.36078114478114487,0.511,43.6
1631131,Oscar Tshiebwe,Oscar,1610612762,UTA,26.0,27,3,24,0.111,16.6,3.4,5.4,0.634,0.0,0.0,0.0,1.0,1.8,0.551,2.9,3.8,6.6,1.2,0.8,0.6,0.2,0.6,1.4,1.3,7.8,-2.9,19.1,3,0,17.2,420,503,258,560,356,232,331,34,517,548,517,286,217,523,25,131,66,369,352,323,378,117,357,273,292,450,252,128,38,275,1,Oscar Tshiebwe,Oscar,1610612762,UTA,26.0,27,3,24,0.111,16.6,110.7,110.9,110.9,120.6,118.9,118.9,-9.9,-8.0,-8.0,0.101,1.52,14.7,0.151,0.224,0.185,9.6,9.6,0.634,0.633,0.162,0.167,104.1,104.74,87.28,104.74,0.125,978,92,145,3.4,5.4,0.634,420,503,309,560,356,320,317,317,526,495,495,479,437,437,370,364,387,8,33,16,268,263,62,93,335,338,135,92,92,81,352,388,232,331,34,1,20.9,0.0,0.3333333333333333,0.5985136398336721,0.0344863601663278,0.6028571428571428,0.5999733909530875,60.2,3.420689655172414,0.05517241379310345,0.006896551724137931,0.034482758620689655,0.2206896551724138,0.1793103448275862,145,21.3,0.134829,0.2269848484848485,0.6020000000000001,41.4
1642345,Oso Ighodaro,Oso,1610612756,PHX,23.0,82,45,37,0.549,22.1,2.9,4.5,0.653,0.0,0.0,0.0,0.6,1.4,0.453,1.7,3.4,5.1,2.3,1.2,0.9,0.7,0.3,2.7,1.3,6.5,2.0,19.5,4,0,17.0,1,60,93,251,245,296,379,25,517,547,517,395,278,551,84,156,131,208,216,171,101,289,53,260,342,125,243,114,38,280,1,Oso Ighodaro,Oso,1610612756,PHX,23.0,82,45,37,0.549,22.1,114.3,114.8,114.8,109.8,109.7,109.7,4.6,5.1,5.1,0.139,1.83,26.4,0.071,0.158,0.113,14.4,14.4,0.653,0.636,0.12,0.124,98.58,98.44,82.03,98.44,0.09,3696,239,366,2.9,4.5,0.653,1,60,482,251,245,157,153,153,146,141,141,132,117,117,248,261,88,124,141,132,527,526,43,88,509,510,501,504,504,278,174,244,296,379,25,1,21.5,0.0,0.3111111111111111,0.5988614530607465,0.0371385469392535,0.6114285714285714,0.6087934953116028,61.0,3.6721311475409837,0.030054644808743168,0.01639344262295082,0.02459016393442623,0.3360655737704918,0.1448087431693989,366,27.6,0.17553600000000003,0.29551515151515156,0.61,45.3
1631172,Ousmane Dieng,Ousmane,1610612749,MIL,23.0,57,33,24,0.579,19.3,2.9,7.0,0.422,1.1,3.2,0.341,0.6,0.8,0.711,0.5,2.6,3.2,2.4,1.3,0.4,0.3,0.3,1.4,0.8,7.6,-3.7,15.8,5,0,15.7,235,175,258,201,310,292,248,411,241,229,286,419,417,408,378,243,286,198,193,416,282,324,375,393,298,478,328,96,38,311,2,Ousmane Dieng,Ousmane,1610612749,MIL,23.0,57,33,24,0.579,19.3,108.7,108.7,108.7,117.9,117.3,117.3,-9.2,-8.6,-8.6,0.185,1.81,21.6,0.026,0.136,0.081,11.9,11.9,0.501,0.516,0.192,0.197,99.64,99.84,83.2,99.84,0.075,2281,168,398,2.9,7.0,0.422,235,175,309,201,310,404,401,401,487,463,463,465,450,450,159,265,168,407,210,277,452,452,425,474,197,205,444,431,431,387,252,229,292,248,411,2,29.3,0.4571428571428572,0.1142857142857143,0.5500625555657076,-0.0340625555657075,0.2685714285714287,0.3720073228798853,31.0,16.3643216080402,0.4648241206030151,0.01256281407035176,0.17336683417085427,0.10804020100502512,0.010050251256281407,398,76.7,0.395772,0.6662828282828284,0.31,48.8
1629023,P.J. Washington,P.J.,1610612742,DAL,27.0,56,16,40,0.286,31.0,5.3,11.8,0.45,1.4,4.2,0.325,2.2,3.3,0.687,1.5,5.5,7.0,1.8,1.7,1.0,1.1,0.8,2.1,2.4,14.2,-4.9,29.7,8,0,28.4,247,348,69,454,69,113,99,317,186,163,346,113,94,440,103,36,50,271,125,134,37,60,163,125,113,521,102,66,38,105,1,P.J. Washington,P.J.,1610612742,DAL,27.0,56,16,40,0.286,31.0,106.7,107.0,107.0,113.3,114.4,114.4,-6.6,-7.3,-7.3,0.082,1.04,10.6,0.045,0.162,0.105,10.1,10.1,0.508,0.537,0.194,0.2,104.5,103.86,86.55,103.86,0.093,3755,296,658,5.3,11.8,0.45,247,348,508,454,69,469,456,456,323,359,359,415,426,426,449,491,522,233,131,159,307,303,411,415,189,190,110,137,137,253,126,111,113,99,317,1,46.8,0.3559322033898305,0.2796610169491525,0.5821897816080953,-0.0451897816080952,0.3285714285714287,0.3350026534061798,33.1,11.667173252279635,0.1398176291793313,0.0121580547112462,0.0547112462006079,0.13677811550151975,0.07142857142857142,658,40.4,0.216948,0.36523232323232324,0.331,34.8
1631094,Paolo Banchero,Paolo,1610612753,ORL,23.0,72,38,34,0.528,34.7,7.3,16.0,0.459,1.2,3.8,0.305,6.3,8.2,0.775,1.2,7.2,8.4,5.2,3.1,0.7,0.6,1.2,2.0,5.5,22.2,0.0,40.8,26,3,39.5,84,128,125,281,15,36,34,280,224,184,396,9,6,296,153,12,30,48,18,258,134,8,203,13,26,255,26,15,8,26,1,Paolo Banchero,Paolo,1610612753,ORL,23.0,72,38,34,0.528,34.7,112.0,114.0,114.0,112.1,114.1,114.1,-0.1,-0.2,-0.2,0.235,1.68,18.6,0.034,0.204,0.119,11.0,11.1,0.496,0.566,0.274,0.278,102.75,100.96,84.14,100.96,0.138,5265,529,1152,7.3,16.0,0.459,84,128,449,281,15,266,183,183,266,354,354,250,263,263,93,304,249,319,52,112,391,395,444,325,33,36,228,357,357,52,25,22,36,34,280,1,73.3,0.2375,0.5125,0.618802942329274,-0.052802942329274,0.4114285714285712,0.3096843490000112,37.1,10.641493055555555,0.3489583333333333,0.016493055555555556,0.1640625,0.2309027777777778,0.03125,1152,65.5,0.37073,0.6241245791245792,0.371,49.8
1627783,Pascal Siakam,Pascal,1610612754,IND,32.0,62,17,45,0.274,33.2,9.0,18.6,0.484,1.7,4.7,0.358,4.2,6.1,0.693,1.4,5.2,6.6,3.8,2.2,1.1,0.4,0.8,2.4,5.1,24.0,-3.7,39.9,10,0,39.1,201,334,36,467,36,13,11,199,129,123,228,37,24,436,112,48,67,84,67,89,204,56,101,16,20,480,29,56,38,29,1,Pascal Siakam,Pascal,1610612754,IND,32.0,62,17,45,0.274,33.2,111.6,111.5,111.5,116.3,117.2,117.2,-4.6,-5.6,-5.6,0.19,1.71,13.9,0.041,0.151,0.095,8.2,8.1,0.529,0.562,0.292,0.301,103.31,102.95,85.79,102.95,0.13,4419,559,1155,9.0,18.6,0.484,201,334,541,467,36,286,298,298,451,457,457,364,390,390,153,295,411,265,159,205,151,151,338,342,24,23,180,202,202,70,18,20,13,11,199,1,74.4,0.2526881720430107,0.3279569892473117,0.5814409865533468,-0.0194409865533466,0.4000000000000001,0.4206327688291514,40.8,11.712554112554113,0.3090909090909091,0.015584415584415584,0.16796536796536796,0.16623376623376623,0.03463203463203463,1155,61.5,0.34563000000000005,0.581868686868687,0.408,49.5
1630311,Pat Spencer,Pat,1610612744,GSW,29.0,66,30,36,0.455,18.6,2.8,6.6,0.427,0.9,2.5,0.357,0.7,0.9,0.772,0.8,1.6,2.4,3.5,1.3,0.7,0.1,0.5,1.1,0.7,7.2,-1.4,16.5,1,0,15.6,157,196,102,352,316,298,268,392,293,299,232,380,394,300,279,401,379,105,197,245,492,195,436,423,319,364,307,201,38,314,1,Pat Spencer,Pat,1610612744,GSW,29.0,66,30,36,0.455,18.6,111.7,112.1,112.1,115.2,115.6,115.6,-3.4,-3.4,-3.4,0.27,2.73,29.8,0.041,0.091,0.065,10.9,10.9,0.495,0.516,0.185,0.19,100.17,99.81,83.18,99.81,0.087,2552,186,436,2.8,6.6,0.427,157,196,472,352,316,278,269,269,406,410,410,340,338,338,60,94,52,264,422,383,381,383,445,472,219,228,412,436,436,301,228,215,298,268,392,1,28.4,0.3787878787878788,0.1363636363636363,0.5556133099433183,-0.0396133099433182,0.2685714285714287,0.3535477508094746,30.3,14.245412844036696,0.4724770642201835,0.016055045871559634,0.1353211009174312,0.13990825688073394,0.01834862385321101,436,73.8,0.380808,0.641090909090909,0.303,47.2
1630172,Patrick Williams,Patrick,1610612741,CHI,24.0,72,24,48,0.333,20.5,2.5,6.6,0.372,1.3,3.8,0.347,0.8,1.0,0.72,0.7,2.3,3.0,1.5,1.0,0.7,0.4,0.4,1.3,0.9,7.0,-4.8,14.9,0,0,14.9,84,252,25,419,281,333,266,518,193,185,267,356,355,391,319,289,309,318,251,274,236,227,398,358,323,519,343,284,38,332,1,Patrick Williams,Patrick,1610612741,CHI,24.0,72,24,48,0.333,20.5,103.9,103.8,103.8,114.3,114.8,114.8,-10.5,-11.0,-11.0,0.101,1.4,15.2,0.03,0.106,0.067,10.9,10.9,0.472,0.494,0.159,0.164,105.86,105.67,88.06,105.67,0.057,3250,178,478,2.5,6.6,0.372,84,252,552,419,281,513,503,503,374,377,377,496,497,497,373,400,368,365,346,363,377,379,490,501,353,350,51,61,61,501,242,191,333,266,518,1,26.9,0.5757575757575758,0.1515151515151515,0.559938797938427,-0.065938797938427,0.2057142857142857,0.265999787077809,23.0,16.63389121338912,0.18200836820083682,0.012552301255230125,0.043933054393305436,0.14853556485355648,0.03765690376569038,478,51.6,0.254904,0.4291313131313132,0.23,33.0
202331,Paul George,Paul,1610612755,PHI,36.0,37,22,15,0.595,30.7,6.1,13.9,0.439,2.7,6.9,0.392,2.5,3.0,0.82,0.5,4.8,5.3,3.6,1.7,1.7,0.4,0.5,2.3,2.6,17.3,2.4,33.7,2,0,33.1,377,277,382,188,75,75,58,354,32,33,115,97,103,200,362,69,116,102,115,12,186,206,129,108,69,112,66,159,38,60,1,Paul George,Paul,1610612755,PHI,36.0,37,22,15,0.595,30.7,114.6,115.0,115.0,110.2,111.4,111.4,4.4,3.6,3.6,0.175,2.08,17.6,0.017,0.147,0.081,8.5,8.4,0.536,0.57,0.229,0.236,101.03,100.33,83.61,100.33,0.117,2374,225,513,6.1,13.9,0.439,377,277,187,188,75,148,145,145,169,226,226,138,151,151,173,184,288,494,173,273,170,169,308,306,94,95,361,411,411,106,193,176,75,58,354,1,51.9,0.4964028776978417,0.2158273381294964,0.5651446324613972,0.0048553675386027,0.4228571428571426,0.5014326509528522,45.4,17.52046783625731,0.4346978557504873,0.017543859649122806,0.23586744639376217,0.09161793372319688,0.009746588693957114,513,80.5,0.45885,0.7724747474747475,0.454,61.3
1630194,Paul Reed,Paul,1610612765,DET,26.0,65,47,18,0.723,13.9,3.2,5.2,0.617,0.2,0.6,0.325,1.1,1.7,0.664,2.0,2.5,4.5,1.2,0.9,0.9,0.9,0.4,1.8,1.2,7.8,2.1,19.5,3,0,17.3,166,44,348,72,410,254,339,43,466,485,345,266,234,463,63,260,165,359,300,179,54,264,247,284,294,118,240,128,38,273,1,Paul Reed,Paul,1610612765,DET,26.0,65,47,18,0.723,13.9,112.3,112.5,112.5,104.0,104.4,104.4,8.2,8.1,8.1,0.134,1.38,15.2,0.142,0.176,0.159,11.0,11.0,0.636,0.65,0.2,0.206,102.04,101.72,84.76,101.72,0.153,1901,209,339,3.2,5.2,0.617,166,44,225,72,410,253,256,256,37,49,49,63,66,66,256,407,371,18,103,43,388,390,60,69,167,166,288,296,296,24,207,260,254,339,43,1,26.7,0.1153846153846153,0.3269230769230769,0.5922993981762601,0.0577006018237399,0.6514285714285715,0.6771746032177505,66.2,6.445427728613569,0.09144542772861357,0.011799410029498525,0.07079646017699115,0.23893805309734514,0.12094395280235988,339,33.7,0.21905000000000002,0.3687710437710438,0.662,51.5
1630202,Payton Pritchard,Payton,1610612738,BOS,28.0,79,54,25,0.684,32.3,6.4,13.8,0.464,2.7,7.1,0.377,1.5,1.7,0.89,0.9,3.1,3.9,5.2,1.4,0.7,0.1,0.5,1.5,1.6,17.0,5.4,30.7,5,0,30.5,25,13,246,93,46,64,59,265,34,27,163,194,231,71,237,189,207,49,181,242,443,158,343,220,74,38,90,96,38,83,1,Payton Pritchard,Payton,1610612738,BOS,28.0,79,54,25,0.684,32.3,117.6,120.1,120.1,111.2,112.1,112.1,6.4,8.0,8.0,0.234,3.74,24.5,0.026,0.09,0.059,6.5,6.5,0.561,0.584,0.21,0.215,97.23,95.81,79.84,95.81,0.12,5109,506,1091,6.4,13.8,0.464,25,13,326,93,46,67,38,38,214,255,255,87,70,70,94,26,124,402,426,432,73,73,205,247,142,146,548,576,576,99,31,29,64,59,265,1,51.8,0.5144927536231884,0.1231884057971014,0.5493822324432127,0.0346177675567872,0.4628571428571426,0.6004103989757364,51.8,17.91017415215399,0.4894592117323556,0.043996333638863426,0.13198900091659027,0.0925756186984418,0.00916590284142988,1091,85.0,0.49639999999999995,0.8356902356902357,0.518,67.7
1641796,Pelle Larsson,Pelle,1610612748,MIA,25.0,70,38,32,0.543,26.4,4.0,8.0,0.496,0.9,2.7,0.323,2.6,3.3,0.797,1.0,2.5,3.5,3.4,1.4,0.7,0.2,0.5,2.1,3.2,11.4,1.1,22.0,1,0,21.0,105,128,149,262,159,193,208,172,299,283,352,88,89,236,202,264,247,111,164,264,338,178,170,71,178,175,202,201,38,201,1,Pelle Larsson,Pelle,1610612748,MIA,25.0,70,38,32,0.543,26.4,115.0,115.7,115.7,112.1,113.3,113.3,2.9,2.4,2.4,0.163,2.34,23.7,0.035,0.088,0.062,10.2,10.1,0.551,0.605,0.165,0.169,106.35,105.49,87.91,105.49,0.084,4057,277,559,4.0,8.0,0.496,105,128,424,262,159,136,129,129,269,305,305,172,188,188,197,144,137,305,435,412,308,307,249,172,322,329,45,66,66,322,141,151,193,208,172,1,36.4,0.3375,0.4125,0.6108936153892754,-0.0058936153892754,0.5228571428571427,0.4656858656436106,50.0,10.980322003577818,0.06618962432915922,0.014311270125223614,0.03220035778175313,0.20214669051878353,0.05366726296958855,559,36.9,0.223245,0.37583333333333335,0.5,43.8
1631250,Pete Nance,Pete,1610612749,MIL,26.0,47,14,33,0.298,15.7,2.1,4.1,0.515,1.1,2.5,0.42,0.1,0.2,0.364,0.6,2.1,2.7,1.0,0.6,0.3,0.3,0.1,1.3,0.3,5.4,-1.7,11.4,1,0,11.3,320,374,135,447,379,371,397,123,253,302,57,555,536,558,349,319,344,390,422,482,283,469,389,527,391,385,409,201,38,398,1,Pete Nance,Pete,1610612749,MIL,26.0,47,14,33,0.298,15.7,112.5,112.2,112.2,118.2,117.4,117.4,-5.7,-5.2,-5.2,0.092,1.85,17.6,0.038,0.135,0.086,9.5,9.5,0.644,0.639,0.132,0.137,97.36,97.81,81.51,97.81,0.078,1502,100,194,2.1,4.1,0.515,320,374,435,447,379,240,267,267,492,465,465,391,386,386,409,255,286,291,222,247,257,259,52,79,476,477,543,535,535,371,339,357,371,397,123,1,14.1,0.6097560975609757,0.048780487804878,0.5430072863011226,0.0959927136988774,0.6199999999999999,0.8045187353484173,69.4,16.628865979381445,0.07216494845360824,0.005154639175257732,0.020618556701030927,0.11855670103092783,0.08247422680412371,194,38.8,0.24793199999999999,0.4173939393939394,0.6940000000000001,55.6
1631212,Peyton Watson,Peyton,1610612743,DEN,23.0,54,36,18,0.667,29.6,5.3,10.8,0.491,1.5,3.6,0.411,2.6,3.5,0.73,0.9,4.0,4.9,2.1,1.7,0.9,1.1,0.6,2.5,2.6,14.6,3.6,28.0,2,0,27.2,266,151,348,106,100,114,127,179,156,195,71,91,79,378,220,111,145,228,117,149,33,131,77,103,106,68,119,159,38,116,1,Peyton Watson,Peyton,1610612743,DEN,23.0,54,36,18,0.667,29.6,122.7,123.7,123.7,116.5,117.6,117.6,6.2,6.2,6.2,0.096,1.19,12.8,0.033,0.127,0.083,10.7,10.7,0.56,0.594,0.204,0.208,100.32,99.45,82.88,99.45,0.087,3307,285,581,5.3,10.8,0.491,266,151,225,106,100,17,13,13,456,471,471,90,95,95,386,462,445,326,251,267,359,364,208,209,152,159,406,455,455,293,133,145,114,127,179,1,45.9,0.3333333333333333,0.324074074074074,0.5897492664320834,0.0042507335679166,0.4914285714285713,0.4994218820377082,49.5,12.220309810671257,0.21858864027538727,0.01549053356282272,0.10843373493975904,0.18416523235800344,0.039586919104991396,581,53.3,0.31660199999999994,0.5329999999999999,0.495,51.4
1630173,Precious Achiuwa,Precious,1610612758,SAC,26.0,73,20,53,0.274,23.9,4.3,8.2,0.528,0.4,1.3,0.278,1.1,1.9,0.554,2.4,4.3,6.7,1.4,0.9,0.9,0.7,0.6,1.7,1.5,10.1,-3.7,24.1,12,0,21.7,78,302,12,469,209,164,199,106,425,427,437,281,208,520,40,88,60,333,301,170,102,136,287,239,210,481,164,47,38,189,1,Precious Achiuwa,Precious,1610612758,SAC,26.0,73,20,53,0.274,23.9,110.9,110.9,110.9,116.9,118.1,118.1,-6.0,-7.2,-7.2,0.082,1.55,12.2,0.098,0.18,0.139,7.9,7.9,0.551,0.558,0.172,0.177,100.9,100.39,83.66,100.39,0.102,3646,316,598,4.3,8.2,0.528,78,302,568,469,209,310,316,316,468,483,483,398,423,423,451,352,469,72,93,73,132,139,248,352,283,294,371,406,406,192,114,136,164,199,106,1,34.2,0.1585365853658537,0.2317073170731707,0.5768490269386961,-0.018849026938696,0.3885714285714288,0.4226013879439679,40.2,7.306020066889632,0.08528428093645485,0.005016722408026756,0.043478260869565216,0.17892976588628762,0.1588628762541806,598,28.0,0.15624000000000002,0.26303030303030306,0.402,33.3
1629656,Quentin Grimes,Quentin,1610612755,PHI,26.0,75,42,33,0.56,29.4,4.5,10.1,0.45,1.7,5.1,0.334,2.7,3.2,0.84,0.6,3.0,3.6,3.3,1.8,0.9,0.4,0.4,2.1,2.6,13.4,0.1,24.6,2,0,24.5,60,87,135,233,104,149,140,313,130,107,301,86,99,152,338,196,231,124,105,190,228,229,188,100,136,242,158,159,38,148,1,Quentin Grimes,Quentin,1610612755,PHI,26.0,75,42,33,0.56,29.4,111.4,112.4,112.4,110.7,112.4,112.4,0.7,-0.1,-0.1,0.159,1.83,19.8,0.02,0.096,0.058,10.8,10.8,0.534,0.585,0.183,0.189,102.65,101.43,84.53,101.43,0.092,4666,340,755,4.5,10.1,0.45,60,87,435,233,104,294,262,262,197,268,268,235,257,257,207,259,216,462,390,435,371,368,313,241,227,230,237,322,322,263,95,83,149,140,313,1,43.5,0.504950495049505,0.3168316831683168,0.5894284188298837,-0.0044284188298837,0.4657142857142855,0.4705585189165611,46.8,15.203973509933775,0.26887417218543047,0.025165562913907286,0.08344370860927153,0.19337748344370861,0.02384105960264901,755,62.9,0.367965,0.619469696969697,0.46799999999999997,54.4
1631245,Quenton Jackson,Quenton,1610612754,IND,27.0,49,10,39,0.204,18.3,3.1,6.7,0.47,0.9,2.4,0.356,2.0,2.4,0.824,0.6,1.8,2.3,2.9,1.3,0.6,0.1,0.5,1.7,2.6,9.1,-1.3,17.2,1,0,16.7,305,411,76,524,325,263,261,248,301,312,234,134,151,190,350,385,387,148,204,301,448,174,290,116,242,350,295,201,38,285,1,Quenton Jackson,Quenton,1610612754,IND,27.0,49,10,39,0.204,18.3,109.8,109.1,109.1,113.0,112.9,112.9,-3.2,-3.8,-3.8,0.227,2.26,24.1,0.03,0.092,0.061,10.7,10.6,0.534,0.589,0.2,0.207,105.0,105.34,87.78,105.34,0.096,1975,154,328,3.1,6.7,0.47,305,411,503,524,325,364,392,392,308,286,286,331,350,350,101,161,131,360,418,415,351,355,318,226,164,161,83,69,69,230,267,266,263,261,248,1,31.1,0.3582089552238806,0.3582089552238806,0.5965343500853736,-0.0075343500853736,0.4771428571428571,0.4602294432709664,47.0,12.164634146341463,0.20426829268292682,0.021341463414634148,0.08536585365853659,0.23170731707317074,0.024390243902439025,328,54.8,0.32277199999999995,0.5433872053872053,0.47000000000000003,50.7
1642366,Quinten Post,Quinten,1610612744,GSW,26.0,67,32,35,0.478,17.3,2.9,6.6,0.44,1.4,4.1,0.336,0.5,0.6,0.791,1.0,3.0,4.0,1.4,0.8,0.4,0.5,0.3,1.9,0.7,7.7,0.9,16.5,0,0,16.3,147,182,112,340,341,297,275,350,182,169,298,433,447,249,192,199,198,329,324,440,149,368,241,407,296,187,308,284,38,295,1,Quinten Post,Quinten,1610612744,GSW,26.0,67,32,35,0.478,17.3,112.7,112.4,112.4,111.2,110.2,110.2,1.5,2.3,2.3,0.116,1.68,15.4,0.057,0.165,0.111,9.2,9.2,0.546,0.56,0.183,0.188,101.13,101.7,84.75,101.7,0.089,2458,193,439,2.9,6.6,0.44,147,182,459,340,341,227,259,259,216,167,167,212,194,194,308,306,350,173,127,138,225,227,271,348,226,236,353,300,300,281,220,213,297,275,350,1,27.0,0.6212121212121212,0.0909090909090909,0.545398013589981,0.014601986410019,0.3942857142857143,0.5338459773694287,45.0,17.44874715261959,0.08428246013667426,0.01366742596810934,0.04555808656036447,0.07972665148063782,0.05922551252847381,439,43.0,0.24080000000000001,0.40538720538720546,0.45,42.8
1629628,RJ Barrett,RJ,1610612761,TOR,25.0,57,34,23,0.596,30.3,7.0,14.3,0.491,1.7,5.0,0.339,3.5,4.9,0.717,1.0,4.3,5.3,3.3,1.7,0.7,0.3,1.2,2.6,3.5,19.3,2.9,32.0,0,0,31.7,235,168,275,184,85,47,54,178,133,115,289,53,45,396,211,90,119,117,114,240,245,7,67,57,52,85,79,284,38,74,1,RJ Barrett,RJ,1610612761,TOR,25.0,57,34,23,0.596,30.3,118.0,118.4,118.4,112.4,113.5,113.5,5.6,4.9,4.9,0.157,1.91,15.4,0.033,0.141,0.088,8.1,8.1,0.55,0.585,0.254,0.26,101.59,100.88,84.07,100.88,0.112,3623,401,816,7.0,14.3,0.491,235,168,289,184,85,60,65,65,276,315,315,106,122,122,212,242,353,325,189,239,148,149,252,243,57,59,326,366,366,133,64,69,47,54,178,1,59.8,0.3496503496503496,0.3426573426573426,0.5877128354995595,-0.0027128354995595,0.4657142857142855,0.4762638576821626,47.0,11.300245098039216,0.09926470588235294,0.00980392156862745,0.02696078431372549,0.17401960784313725,0.03308823529411765,816,37.3,0.21820499999999998,0.36734848484848487,0.47000000000000003,41.9
1642853,Rasheer Fleming,Rasheer,1610612756,PHX,21.0,55,29,26,0.527,12.2,1.6,3.9,0.405,0.8,2.4,0.346,0.3,0.6,0.559,1.0,1.2,2.3,0.3,0.5,0.4,0.4,0.1,1.2,0.5,4.3,1.8,9.3,0,0,9.3,258,203,232,282,438,430,410,464,308,315,270,486,453,517,188,451,399,555,434,432,222,472,431,479,433,136,458,284,38,448,1,Rasheer Fleming,Rasheer,1610612756,PHX,21.0,55,29,26,0.527,12.2,113.1,112.7,112.7,106.0,106.6,106.6,7.1,6.1,6.1,0.033,0.55,5.8,0.08,0.099,0.089,10.5,10.5,0.509,0.517,0.159,0.164,97.02,96.98,80.81,96.98,0.056,1367,87,215,1.6,3.9,0.405,258,203,338,282,438,209,250,250,59,77,77,81,100,100,568,549,568,102,375,231,339,342,407,468,356,349,551,560,560,505,357,341,430,410,464,1,16.4,0.6153846153846154,0.1538461538461538,0.5600994313927313,-0.0430994313927313,0.2714285714285716,0.3419543157979716,30.0,15.586046511627908,0.06046511627906977,0.004651162790697674,0.04186046511627907,0.08837209302325581,0.11162790697674418,215,35.6,0.18405200000000002,0.30985185185185193,0.3,30.5
1641712,Rayan Rupert,Rayan,1610612763,MEM,22.0,64,29,35,0.453,16.8,1.9,4.9,0.393,0.7,2.1,0.324,0.7,0.8,0.778,0.8,2.2,2.9,1.1,0.9,0.9,0.1,0.4,1.9,0.6,5.2,-5.0,12.4,3,1,11.9,180,203,112,355,353,394,359,493,345,333,350,387,399,284,286,309,313,383,314,186,429,225,224,441,401,522,386,128,23,391,2,Rayan Rupert,Rayan,1610612763,MEM,22.0,64,29,35,0.453,16.8,102.3,103.5,103.5,116.7,117.0,117.0,-14.4,-13.6,-13.6,0.093,1.24,14.8,0.04,0.129,0.082,12.0,12.0,0.463,0.493,0.148,0.151,103.74,103.02,85.85,103.02,0.055,2299,123,313,1.9,4.9,0.393,180,203,459,355,353,533,507,507,462,454,454,537,528,528,403,446,384,274,239,270,453,455,501,502,401,408,153,198,198,510,308,277,394,359,493,2,20.1,0.4285714285714285,0.1632653061224489,0.5644478376522503,-0.0714478376522502,0.2028571428571428,0.247678941167879,22.1,13.543130990415335,0.23003194888178913,0.025559105431309903,0.06389776357827476,0.13099041533546327,0.04153354632587859,313,53.4,0.263262,0.4432020202020202,0.22100000000000003,33.2
1642263,Reed Sheppard,Reed,1610612745,HOU,21.0,82,52,30,0.634,26.2,5.0,11.5,0.43,2.8,7.0,0.394,0.8,1.0,0.802,0.3,2.6,2.9,3.4,1.5,1.5,0.7,0.4,2.0,0.8,13.5,3.4,27.0,2,0,26.9,1,24,172,145,165,128,104,382,25,31,111,333,353,226,465,254,316,110,150,27,112,217,198,390,131,75,127,159,38,119,1,Reed Sheppard,Reed,1610612745,HOU,21.0,82,52,30,0.634,26.2,114.1,115.9,115.9,111.5,111.6,111.6,2.6,4.3,4.3,0.183,2.25,20.1,0.012,0.092,0.053,8.9,8.9,0.55,0.564,0.21,0.214,99.57,98.73,82.28,98.73,0.102,4455,407,946,5.0,11.5,0.43,1,24,395,145,165,167,125,125,239,234,234,180,132,132,162,164,205,534,416,482,199,199,253,333,146,148,449,490,490,196,60,49,128,104,382,1,44.2,0.6086956521739131,0.0869565217391304,0.5417774698590363,0.0222225301409636,0.4057142857142854,0.5591888346906781,46.7,19.380549682875266,0.3594080338266385,0.017970401691331923,0.12790697674418605,0.05919661733615222,0.0021141649048625794,946,70.7,0.398748,0.6712929292929293,0.467,56.9
1642265,Rob Dillingham,Rob,1610612741,CHI,21.0,65,29,36,0.446,14.9,2.5,6.3,0.396,0.6,2.0,0.316,0.6,0.8,0.745,0.3,1.7,2.0,2.2,1.5,0.7,0.1,0.6,1.8,0.9,6.3,-2.2,12.9,0,0,12.8,166,203,102,361,394,327,288,488,352,343,374,399,397,353,486,390,416,215,147,248,476,146,264,377,348,413,379,284,38,378,2,Rob Dillingham,Rob,1610612741,CHI,21.0,65,29,36,0.446,14.9,105.9,105.9,105.9,112.7,113.3,113.3,-6.9,-7.4,-7.4,0.206,1.43,21.1,0.018,0.105,0.062,14.7,14.7,0.447,0.469,0.218,0.225,106.34,106.08,88.4,106.08,0.06,2149,163,412,2.5,6.3,0.396,166,203,472,361,394,482,477,477,296,303,303,422,427,427,128,390,182,483,349,407,528,528,511,525,125,122,46,47,47,490,257,221,327,288,488,2,29.6,0.3174603174603174,0.126984126984127,0.5506496394753969,-0.0816496394753969,0.1342857142857141,0.2137518596954888,16.6,12.592233009708737,0.308252427184466,0.009708737864077669,0.14320388349514562,0.21601941747572814,0.009708737864077669,412,62.7,0.29406299999999996,0.4950555555555555,0.166,33.1
1629057,Robert Williams III,Robert,1610612757,POR,28.0,59,30,29,0.508,17.1,3.0,4.2,0.708,0.2,0.4,0.391,0.6,1.0,0.596,2.4,4.6,7.0,1.0,0.8,0.6,1.5,0.2,1.3,0.7,6.7,1.2,22.1,5,0,19.1,225,196,189,299,345,280,392,9,478,507,117,416,375,508,44,73,51,392,326,322,18,411,407,414,331,170,201,96,38,238,1,Robert Williams III,Robert,1610612757,POR,28.0,59,30,29,0.508,17.1,110.1,110.6,110.6,107.4,107.2,107.2,2.6,3.4,3.4,0.089,1.22,15.5,0.133,0.25,0.192,12.7,12.8,0.726,0.722,0.129,0.133,103.03,102.86,85.72,102.86,0.163,2160,177,250,3.0,4.2,0.708,225,196,379,299,345,353,326,326,88,88,88,178,156,156,420,449,344,24,13,11,484,488,12,19,486,493,207,206,206,12,244,319,280,392,9,1,16.9,0.0952380952380952,0.238095238095238,0.5832315511870547,0.1387684488129452,0.8571428571428572,0.9467735914429194,89.3,4.084,0.012,0.016,0.04,0.148,0.48,250,13.0,0.09386,0.15801346801346802,0.893,52.6
1641842,Ronald Holland II,Ronald,1610612765,DET,20.0,78,56,22,0.718,19.9,3.0,7.0,0.432,0.6,2.5,0.253,1.5,1.9,0.805,1.1,3.0,4.0,1.2,1.2,1.2,0.3,0.6,2.3,1.9,8.2,1.7,18.2,2,0,17.2,28,7,295,73,295,279,249,377,353,301,457,193,206,220,179,205,195,362,217,74,241,135,105,175,275,142,272,159,38,277,1,Ronald Holland II,Ronald,1610612765,DET,20.0,78,56,22,0.718,19.9,108.7,110.2,110.2,104.4,104.5,104.5,4.3,5.7,5.7,0.088,0.99,12.0,0.052,0.141,0.097,12.1,12.0,0.478,0.525,0.184,0.191,102.56,101.85,84.88,101.85,0.085,3265,235,544,3.0,7.0,0.432,28,7,279,73,295,400,350,350,46,50,50,140,108,108,424,511,477,203,191,193,459,456,477,448,222,219,244,284,284,314,179,157,279,249,377,1,32.1,0.3571428571428571,0.2714285714285714,0.5817015121090343,-0.0567015121090342,0.2942857142857142,0.2967192770610891,29.5,11.128676470588236,0.0625,0.014705882352941176,0.04411764705882353,0.18933823529411764,0.07536764705882353,544,36.7,0.19267500000000004,0.324368686868687,0.295,31.0
1626220,Royce O'Neale,Royce,1610612756,PHX,33.0,78,43,35,0.551,28.4,3.4,8.0,0.421,2.7,6.7,0.408,0.3,0.5,0.711,0.8,4.0,4.8,2.7,1.3,1.1,0.4,0.1,2.3,0.7,9.8,-1.4,22.7,2,0,22.9,28,75,112,245,122,235,205,416,29,44,80,485,488,409,282,106,154,162,192,101,199,508,130,426,220,365,185,159,38,168,1,Royce O'Neale,Royce,1610612756,PHX,33.0,78,43,35,0.551,28.4,111.0,111.4,111.4,114.4,115.1,115.1,-3.4,-3.6,-3.6,0.129,2.02,21.8,0.025,0.139,0.081,10.8,10.8,0.59,0.596,0.139,0.143,101.16,100.64,83.87,100.64,0.082,4664,263,625,3.4,8.0,0.421,28,75,459,245,122,309,300,300,376,390,390,338,344,344,271,203,163,413,198,275,370,376,128,201,441,445,349,383,383,339,147,126,235,205,416,1,30.8,0.8375,0.0625,0.543226114631512,0.0527738853684879,0.4971428571428571,0.66079032978583,56.3,22.472,0.1808,0.0176,0.016,0.032,0.0144,625,55.2,0.328992,0.5538585858585859,0.563,55.8
203497,Rudy Gobert,Rudy,1610612750,MIN,33.0,76,46,30,0.605,31.3,4.4,6.5,0.682,0.0,0.1,0.0,2.1,4.0,0.526,3.9,7.5,11.5,1.7,1.4,0.8,1.6,0.5,2.6,4.0,10.9,3.1,33.0,33,0,28.9,54,52,172,171,61,156,283,14,517,537,517,125,66,528,6,10,5,276,175,227,10,172,58,40,188,83,71,11,38,99,1,Rudy Gobert,Rudy,1610612750,MIN,33.0,76,46,30,0.605,31.3,112.1,113.0,113.0,106.6,108.0,108.0,5.5,5.0,5.0,0.074,1.21,14.9,0.121,0.222,0.173,12.3,12.4,0.682,0.664,0.127,0.129,102.6,101.49,84.58,101.49,0.121,5023,335,491,4.4,6.5,0.682,54,52,395,171,61,263,235,235,67,98,98,110,119,119,483,458,381,37,35,31,468,469,24,57,494,498,241,315,315,95,99,184,156,283,14,1,33.9,0.0153846153846153,0.6153846153846154,0.6561587830389484,0.0078412169610516,0.6914285714285715,0.5113623828154996,61.9,1.8411405295315681,0.014256619144602852,0.002036659877800407,0.014256619144602852,0.26476578411405294,0.4256619144602851,491,11.2,0.07436799999999999,0.1251986531986532,0.619,37.2
1629060,Rui Hachimura,Rui,1610612747,LAL,28.0,68,47,21,0.691,28.3,4.5,8.8,0.514,1.7,3.9,0.443,0.7,1.1,0.694,0.6,2.7,3.3,0.8,0.6,0.6,0.3,0.3,1.6,0.7,11.5,1.2,18.7,1,0,19.1,135,44,305,87,125,151,179,129,127,180,33,361,349,434,339,238,269,442,400,329,270,294,306,427,177,173,261,201,38,236,1,Rui Hachimura,Rui,1610612747,LAL,28.0,68,47,21,0.691,28.3,115.6,116.4,116.4,113.3,114.4,114.4,2.3,2.0,2.0,0.041,1.36,7.8,0.023,0.094,0.06,5.8,5.8,0.611,0.62,0.149,0.152,101.66,100.83,84.03,100.83,0.073,4047,307,597,4.5,8.8,0.514,135,44,262,87,125,118,110,110,321,361,361,188,204,204,563,416,557,433,406,421,49,49,88,121,397,404,317,371,371,402,119,138,151,179,129,1,33.2,0.4431818181818181,0.125,0.5569173612641372,0.0630826387358628,0.5657142857142856,0.6950730889921668,61.7,16.001675041876048,0.3149078726968174,0.018425460636515914,0.24120603015075376,0.06867671691792294,0.03350083752093802,597,69.1,0.42841999999999997,0.7212457912457912,0.617,66.9
201566,Russell Westbrook,Russell,1610612758,SAC,37.0,64,16,48,0.25,28.9,5.6,13.1,0.427,2.0,5.9,0.338,2.0,2.9,0.694,1.3,4.2,5.4,6.7,3.3,1.3,0.2,0.7,2.3,2.2,15.2,-7.1,32.9,16,6,32.2,180,348,25,485,111,97,73,391,86,69,292,139,117,435,137,99,106,20,11,53,373,105,120,141,98,553,72,33,5,68,1,Russell Westbrook,Russell,1610612758,SAC,37.0,64,16,48,0.25,28.9,109.5,110.0,110.0,119.9,122.1,122.1,-10.4,-12.1,-12.1,0.33,2.04,27.4,0.042,0.147,0.093,13.4,13.4,0.503,0.528,0.252,0.257,103.34,102.15,85.12,102.15,0.105,3951,358,839,5.6,13.1,0.427,180,348,552,485,111,376,355,355,517,541,541,493,509,509,28,196,72,253,172,216,508,509,420,439,61,63,177,263,263,174,85,64,97,73,391,1,54.6,0.450381679389313,0.2213740458015267,0.5640190103574779,-0.0360190103574779,0.3028571428571429,0.3655009427062538,32.8,15.075089392133492,0.2932061978545888,0.014302741358760428,0.13825983313468415,0.12276519666269368,0.02264600715137068,839,61.8,0.32630400000000004,0.5493333333333335,0.32799999999999996,43.9
1642346,Ryan Dunn,Ryan,1610612756,PHX,23.0,70,40,30,0.571,19.4,2.3,5.2,0.453,0.8,2.4,0.331,0.3,0.7,0.489,1.4,2.8,4.2,1.5,0.8,0.9,0.4,0.3,1.9,0.5,5.8,0.1,16.1,2,0,14.9,105,110,172,210,308,348,341,303,311,311,330,497,438,547,117,225,181,319,338,187,196,306,243,480,365,248,319,159,38,333,1,Ryan Dunn,Ryan,1610612756,PHX,23.0,70,40,30,0.571,19.4,110.3,110.4,110.4,107.9,108.7,108.7,2.4,1.7,1.7,0.105,1.82,18.8,0.068,0.142,0.105,10.3,10.4,0.53,0.532,0.136,0.139,98.48,98.02,81.68,98.02,0.081,2748,164,362,2.3,5.2,0.453,105,110,395,210,308,340,337,337,98,121,121,187,208,208,353,263,243,140,188,158,324,328,333,431,462,462,507,527,527,344,256,248,348,341,303,1,20.9,0.4615384615384615,0.1346153846153846,0.5600464111635031,-0.028046411163503,0.3142857142857143,0.3920145946169382,34.5,12.80110497237569,0.058011049723756904,0.013812154696132596,0.019337016574585635,0.1408839779005525,0.1270718232044199,362,34.1,0.18141200000000002,0.30540740740740746,0.34500000000000003,32.5
1641750,Ryan Kalkbrenner,Ryan,1610612766,CHA,24.0,69,39,30,0.565,21.4,3.2,4.2,0.753,0.0,0.1,0.0,1.2,1.7,0.716,2.4,3.0,5.5,0.8,0.9,0.5,1.5,0.4,1.6,1.4,7.6,0.7,20.2,3,0,17.7,118,118,172,225,256,259,393,5,517,536,517,249,235,399,42,194,104,457,297,406,19,249,330,253,299,201,229,128,38,267,1,Ryan Kalkbrenner,Ryan,1610612766,CHA,24.0,69,39,30,0.565,21.4,110.6,112.3,112.3,111.4,111.2,111.2,-0.9,1.1,1.1,0.053,0.87,11.8,0.109,0.133,0.121,13.5,13.5,0.753,0.762,0.113,0.115,101.08,100.4,83.67,100.4,0.108,3099,219,291,3.2,4.2,0.753,118,118,395,225,256,328,263,263,232,219,219,279,225,225,543,532,481,52,229,101,511,510,8,9,529,534,359,404,404,158,196,293,259,393,5,1,19.2,0.0238095238095238,0.4047619047619047,0.6173613759066661,0.1446386240933339,0.9714285714285716,0.9662954287073028,96.9,2.1099656357388317,0.03436426116838488,0.020618556701030927,0.013745704467353952,0.20962199312714777,0.4329896907216495,291,14.7,0.11201399999999999,0.18857575757575756,0.9690000000000001,57.9
1642948,Ryan Nembhard,Ryan,1610612742,DAL,23.0,60,20,40,0.333,19.5,2.7,6.5,0.415,0.8,2.3,0.356,0.4,0.5,0.806,0.2,2.0,2.2,5.3,1.4,0.4,0.0,0.2,1.4,0.7,6.6,-0.4,17.1,4,0,15.8,214,302,69,419,306,310,278,441,311,322,235,465,479,218,523,332,401,47,171,426,520,415,360,413,337,287,297,114,38,308,1,Ryan Nembhard,Ryan,1610612742,DAL,23.0,60,20,40,0.333,19.5,110.8,111.2,111.2,112.9,113.1,113.1,-2.1,-1.9,-1.9,0.353,3.72,39.3,0.011,0.095,0.054,10.6,10.6,0.477,0.492,0.173,0.178,102.14,101.89,84.91,101.89,0.087,2496,162,390,2.7,6.5,0.415,214,302,508,419,306,313,309,309,306,297,297,305,299,299,16,27,8,542,399,469,341,344,480,503,279,285,280,280,280,299,260,233,310,278,441,1,26.2,0.3538461538461538,0.0769230769230769,0.5457415480897514,-0.0537415480897514,0.1999999999999999,0.3065629245047893,24.3,15.946153846153846,0.4948717948717949,0.02564102564102564,0.2743589743589744,0.08205128205128205,0.0,390,86.1,0.423612,0.7131515151515152,0.24300000000000002,47.8
1631157,Ryan Rollins,Ryan,1610612749,MIL,23.0,74,29,45,0.392,32.1,6.6,13.9,0.472,2.5,6.1,0.406,1.7,2.1,0.796,0.7,3.8,4.6,5.6,2.7,1.5,0.4,1.0,2.6,2.1,17.3,-2.4,34.2,6,0,33.8,70,203,36,392,48,61,57,238,48,61,84,173,180,238,302,125,163,35,32,28,192,31,61,152,70,418,58,84,38,54,1,Ryan Rollins,Ryan,1610612749,MIL,23.0,74,29,45,0.392,32.1,112.4,113.3,113.3,115.2,116.5,116.5,-2.8,-3.2,-3.2,0.264,2.06,24.2,0.023,0.115,0.07,11.7,11.7,0.561,0.583,0.236,0.242,100.49,99.55,82.96,99.55,0.111,4920,486,1030,6.6,13.9,0.472,70,203,541,392,48,246,221,221,408,438,438,319,333,333,69,190,128,431,305,348,440,444,201,250,82,83,397,449,449,143,38,39,61,57,238,1,55.2,0.4388489208633093,0.1510791366906475,0.5524133162919409,0.030586683708059,0.4599999999999999,0.5870046386474443,51.1,15.096116504854368,0.40194174757281553,0.015533980582524271,0.15048543689320387,0.17281553398058253,0.002912621359223301,1030,72.9,0.425007,0.7155000000000001,0.511,61.3
1630180,Saddiq Bey,Saddiq,1610612740,NOP,27.0,72,24,48,0.333,31.2,6.1,13.4,0.451,2.1,5.7,0.367,3.4,4.1,0.841,1.7,3.9,5.6,2.5,0.9,0.9,0.1,0.7,1.3,2.5,17.7,-2.6,30.3,7,0,29.9,84,252,25,419,65,76,66,311,73,77,200,55,60,148,85,121,97,184,283,143,470,79,388,121,65,431,97,72,38,90,1,Saddiq Bey,Saddiq,1610612740,NOP,27.0,72,24,48,0.333,31.2,112.7,113.3,113.3,115.9,116.8,116.8,-3.2,-3.6,-3.6,0.12,2.68,13.5,0.051,0.12,0.085,5.1,5.0,0.529,0.579,0.213,0.218,102.75,102.05,85.04,102.05,0.112,4767,436,967,6.1,13.4,0.451,84,252,552,419,65,229,220,220,437,449,449,332,341,341,300,103,425,204,283,250,43,43,343,263,134,139,229,271,271,134,52,44,76,66,311,1,54.0,0.4253731343283582,0.3059701492537313,0.5846409880060709,-0.0056409880060709,0.4485714285714284,0.4665260025096974,45.6,13.161323681489142,0.23371251292657705,0.009307135470527405,0.06514994829369183,0.19441571871768357,0.04239917269906929,967,52.2,0.302238,0.5088181818181818,0.456,48.2
1630573,Sam Hauser,Sam,1610612738,BOS,28.0,78,54,24,0.692,24.8,3.2,7.7,0.419,2.5,6.5,0.393,0.2,0.3,0.85,0.7,3.1,3.8,1.5,0.4,0.5,0.3,0.1,1.4,0.4,9.2,4.7,17.9,0,0,18.6,28,13,258,86,193,252,218,421,44,49,113,519,528,132,306,183,217,317,472,393,284,498,355,497,235,46,278,284,38,250,1,Sam Hauser,Sam,1610612738,BOS,28.0,78,54,24,0.692,24.8,118.4,119.8,119.8,110.4,111.0,111.0,8.0,8.8,8.8,0.077,3.26,15.0,0.028,0.118,0.073,4.6,4.6,0.584,0.59,0.141,0.145,98.12,97.23,81.03,97.23,0.08,3928,252,601,3.2,7.7,0.419,28,13,309,86,193,49,41,41,181,208,208,66,61,61,470,44,376,390,288,325,37,37,137,225,431,439,521,557,557,353,159,134,252,218,421,1,28.2,0.8441558441558441,0.0389610389610389,0.5384589447877524,0.0515410552122476,0.48,0.6566904335246141,55.1,22.960066555740433,0.23294509151414308,0.019966722129783693,0.07321131447587355,0.019966722129783693,0.019966722129783693,601,62.8,0.37051999999999996,0.6237710437710438,0.551,58.7
1630241,Sam Merrill,Sam,1610612739,CLE,30.0,52,37,15,0.712,26.5,4.3,9.3,0.461,3.0,7.2,0.421,1.1,1.3,0.855,0.5,2.0,2.6,2.4,0.8,0.6,0.1,0.2,2.4,1.8,12.8,4.7,20.9,1,0,22.3,286,136,382,81,158,169,161,275,16,25,55,261,294,122,363,331,355,195,335,298,432,426,90,193,142,50,217,201,38,179,1,Sam Merrill,Sam,1610612739,CLE,30.0,52,37,15,0.712,26.5,119.4,120.3,120.3,111.5,112.6,112.6,8.0,7.7,7.7,0.119,2.98,18.4,0.02,0.072,0.047,6.2,6.2,0.624,0.644,0.167,0.17,102.4,101.54,84.61,101.54,0.081,2921,223,484,4.3,9.3,0.461,286,136,187,81,158,35,36,36,237,271,271,68,74,74,301,69,256,461,521,525,68,68,71,73,315,322,259,313,313,341,194,187,169,161,275,1,34.0,0.7741935483870968,0.1397849462365591,0.5553932605476286,0.0886067394523714,0.6342857142857143,0.7799559615994077,69.3,20.9400826446281,0.25206611570247933,0.02066115702479339,0.05578512396694215,0.08057851239669421,0.010330578512396695,484,63.0,0.40572,0.6830303030303031,0.693,68.8
1630572,Sandro Mamukelashvili,Sandro,1610612761,TOR,27.0,80,44,36,0.55,21.9,4.1,7.9,0.523,1.4,3.7,0.389,1.5,2.0,0.747,1.4,3.6,4.9,1.9,0.8,0.8,0.5,0.4,1.8,1.4,11.2,2.3,23.0,3,0,22.1,21,67,102,248,247,185,214,109,173,192,124,200,201,350,124,142,142,251,323,209,151,223,251,256,182,114,179,128,38,183,1,Sandro Mamukelashvili,Sandro,1610612761,TOR,27.0,80,44,36,0.55,21.9,114.3,114.9,114.9,109.6,109.7,109.7,4.7,5.3,5.3,0.123,2.25,16.5,0.06,0.163,0.111,7.3,7.3,0.614,0.637,0.181,0.187,101.49,101.19,84.32,101.19,0.123,3686,330,631,4.1,7.9,0.523,21,67,472,248,247,158,149,149,140,143,143,124,114,114,286,163,322,160,129,141,102,102,80,83,236,241,332,342,342,86,104,123,185,214,109,1,34.4,0.4683544303797468,0.2531645569620253,0.5777380069583259,0.0592619930416741,0.6142857142857143,0.6823671611579505,64.2,13.231378763866879,0.06973058637083994,0.01901743264659271,0.014263074484944533,0.20443740095087162,0.06339144215530904,631,40.6,0.258622,0.43539057239057244,0.642,53.9
1630583,Santi Aldama,Santi,1610612763,MEM,25.0,43,19,24,0.442,27.9,5.3,11.1,0.479,1.6,4.7,0.35,1.8,2.7,0.667,1.6,5.1,6.7,2.9,1.3,0.9,0.7,0.3,1.6,2.2,14.0,-1.1,29.9,5,0,28.4,342,316,258,364,130,110,118,215,140,129,256,160,131,452,101,49,63,144,201,185,93,364,311,145,117,341,101,96,38,106,1,Santi Aldama,Santi,1610612763,MEM,25.0,43,19,24,0.442,27.9,111.8,113.6,113.6,114.6,116.0,116.0,-2.8,-2.4,-2.4,0.153,2.29,18.1,0.052,0.171,0.112,7.9,7.8,0.553,0.572,0.191,0.199,104.96,103.47,86.22,103.47,0.115,2589,228,476,5.3,11.1,0.479,342,316,309,364,130,275,206,206,386,429,429,321,313,313,223,156,267,199,112,133,139,128,241,302,200,195,85,165,165,116,188,194,110,118,215,1,41.7,0.4234234234234234,0.2432432432432432,0.5750699317299741,-0.0030699317299741,0.4285714285714284,0.4750762995318689,44.7,13.586134453781513,0.1092436974789916,0.012605042016806723,0.08403361344537816,0.10084033613445378,0.0861344537815126,476,41.2,0.235664,0.3967407407407408,0.44700000000000006,42.2
1630703,Scoot Henderson,Scoot,1610612757,POR,22.0,30,18,12,0.6,24.9,4.8,11.4,0.418,1.9,5.4,0.352,2.8,3.3,0.84,0.6,2.1,2.7,3.7,2.4,0.9,0.3,0.6,2.8,3.0,14.2,1.8,24.2,0,0,24.9,410,325,419,174,192,140,107,428,104,91,250,77,87,149,341,321,342,87,49,160,277,125,38,76,112,135,161,284,38,139,1,Scoot Henderson,Scoot,1610612757,POR,22.0,30,18,12,0.6,24.9,111.7,112.2,112.2,109.3,109.0,109.0,2.5,3.2,3.2,0.231,1.53,19.5,0.022,0.078,0.05,12.7,12.8,0.501,0.553,0.246,0.251,103.4,103.34,86.12,103.34,0.086,1611,143,342,4.8,11.4,0.418,410,325,152,174,192,276,268,268,125,128,128,184,166,166,95,360,222,438,494,497,488,491,424,364,69,72,174,171,171,304,281,258,140,107,428,1,47.0,0.4736842105263158,0.2894736842105262,0.5775280130104742,-0.0245280130104741,0.3742857142857143,0.4037153689369495,38.6,15.26608187134503,0.3216374269005848,0.029239766081871343,0.1111111111111111,0.1783625730994152,0.014619883040935672,342,68.6,0.37935800000000003,0.6386498316498317,0.386,51.2
1630567,Scottie Barnes,Scottie,1610612761,TOR,24.0,80,45,35,0.563,33.5,7.1,14.0,0.507,0.9,2.8,0.304,3.0,3.7,0.815,1.9,5.6,7.5,5.9,2.6,1.4,1.5,0.6,2.6,3.3,18.1,3.3,42.0,30,3,38.1,21,60,112,229,26,43,55,144,303,279,399,71,74,207,77,34,42,31,37,35,20,125,56,68,62,76,20,12,8,35,1,Scottie Barnes,Scottie,1610612761,TOR,24.0,80,45,35,0.563,33.5,113.8,114.6,114.6,109.6,110.0,110.0,4.2,4.6,4.6,0.255,2.26,24.5,0.055,0.166,0.11,10.9,10.8,0.537,0.577,0.226,0.233,101.54,101.0,84.17,101.0,0.139,5645,569,1123,7.1,14.0,0.507,21,60,459,229,26,179,164,164,142,162,162,147,126,126,78,162,125,182,124,144,376,377,303,274,102,105,329,354,354,50,17,25,43,55,144,1,57.8,0.1999999999999999,0.2642857142857143,0.5768696913016113,0.0001303086983887,0.4428571428571426,0.4857190094792392,46.0,10.09973285841496,0.3018699910952805,0.02315227070347284,0.1736420302760463,0.16651825467497774,0.058771148708815675,1123,60.2,0.34735399999999994,0.5847710437710437,0.46,52.2
1631101,Shaedon Sharpe,Shaedon,1610612757,POR,23.0,50,24,26,0.48,29.4,7.8,17.4,0.452,2.1,6.1,0.337,3.1,3.9,0.787,1.0,3.3,4.3,2.6,2.9,1.4,0.1,1.1,2.0,3.3,20.8,-1.0,31.6,0,0,32.9,297,252,232,338,103,27,20,307,77,62,297,67,67,263,190,166,174,169,22,39,451,14,217,69,35,334,82,284,38,65,1,Shaedon Sharpe,Shaedon,1610612757,POR,23.0,50,24,26,0.48,29.4,110.1,112.4,112.4,113.1,113.7,113.7,-3.0,-1.3,-1.3,0.151,0.9,10.7,0.032,0.104,0.068,12.0,11.9,0.511,0.546,0.293,0.3,105.24,103.89,86.58,103.89,0.108,3180,392,868,7.8,17.4,0.452,297,252,338,338,103,351,260,260,312,324,324,328,285,285,225,525,515,337,352,360,455,451,400,386,22,25,72,132,132,157,71,58,27,20,307,1,66.3,0.3505747126436782,0.2241379310344827,0.5607782922618655,-0.0147782922618654,0.3542857142857143,0.4361390109469912,38.7,13.620967741935484,0.45506912442396313,0.019585253456221197,0.1774193548387097,0.20391705069124424,0.038018433179723504,868,77.5,0.42315,0.7123737373737374,0.387,55.0
1628983,Shai Gilgeous-Alexander,Shai,1610612760,OKC,27.0,68,56,12,0.824,33.2,10.8,19.4,0.553,1.7,4.4,0.386,7.9,9.0,0.879,0.6,3.7,4.3,6.6,2.2,1.4,0.8,0.8,2.0,6.1,31.1,11.6,50.4,8,0,48.0,135,7,419,15,33,2,7,83,131,148,134,1,4,82,355,132,177,21,68,41,83,48,193,8,2,2,4,66,38,4,1,Shai Gilgeous-Alexander,Shai,1610612760,OKC,27.0,68,56,12,0.824,33.2,121.0,121.5,121.5,104.2,105.2,105.2,16.9,16.3,16.3,0.332,2.97,20.6,0.017,0.1,0.062,6.9,6.9,0.597,0.665,0.323,0.333,102.51,101.84,84.86,101.84,0.207,4796,731,1321,10.8,19.4,0.553,135,7,152,15,33,24,26,26,38,57,57,14,20,20,26,71,195,488,369,411,81,81,113,56,9,9,247,287,287,6,2,8,2,7,83,1,84.1,0.2268041237113402,0.4639175257731959,0.6042288285422731,0.0607711714577269,0.6942857142857144,0.6873860803611863,69.2,12.13777441332324,0.5579106737320212,0.022710068130204392,0.2687358062074186,0.20741862225586677,0.005299015897047691,1321,89.1,0.592515,0.9975,0.6920000000000001,84.5
1630536,Sharife Cooper,Sharife,1610612764,WAS,24.0,41,6,35,0.146,17.1,3.1,6.0,0.514,0.7,1.9,0.382,1.2,1.5,0.833,0.4,1.7,2.1,3.0,1.5,0.4,0.1,0.6,1.5,1.6,8.1,-4.5,15.2,0,0,15.0,356,461,112,552,347,268,298,130,334,365,151,246,271,160,412,394,410,135,156,439,449,121,346,215,280,514,336,284,38,328,1,Sharife Cooper,Sharife,1610612764,WAS,24.0,41,6,35,0.146,17.1,109.3,108.4,108.4,120.8,120.1,120.1,-11.5,-11.7,-11.7,0.256,2.03,27.1,0.025,0.098,0.061,13.3,13.3,0.573,0.609,0.197,0.204,103.01,103.68,86.4,103.68,0.094,1509,127,247,3.1,6.0,0.514,356,461,459,552,347,384,412,412,527,515,515,514,507,507,77,198,75,416,376,419,507,507,165,159,177,175,208,149,149,240,301,321,268,298,130,1,27.0,0.3166666666666666,0.25,0.576473000722823,0.0325269992771769,0.5342857142857143,0.5934573462707439,55.8,11.748987854251013,0.3441295546558704,0.032388663967611336,0.12955465587044535,0.27530364372469635,0.012145748987854251,247,71.0,0.43238999999999994,0.7279292929292929,0.5579999999999999,64.3
1631321,Sidy Cissoko,Sidy,1610612757,POR,22.0,75,39,36,0.52,19.1,1.8,4.5,0.398,0.8,2.6,0.298,0.8,1.2,0.659,0.8,1.4,2.2,1.5,0.9,0.7,0.3,0.4,2.4,1.7,5.1,-0.8,12.1,0,0,11.6,60,118,102,288,312,411,381,480,318,292,410,350,324,465,254,431,403,315,286,266,245,275,91,202,405,314,395,284,38,396,1,Sidy Cissoko,Sidy,1610612757,POR,22.0,75,39,36,0.52,19.1,108.6,109.2,109.2,110.7,110.9,110.9,-2.1,-1.7,-1.7,0.107,1.57,20.0,0.041,0.071,0.056,12.7,12.7,0.487,0.514,0.123,0.128,102.92,102.55,85.46,102.55,0.036,3063,133,334,1.8,4.5,0.398,60,118,472,288,312,406,388,388,194,204,204,307,294,294,348,342,212,261,529,454,486,482,461,477,501,503,218,226,226,554,294,263,411,381,480,1,19.3,0.5777777777777778,0.2666666666666666,0.5858799329744996,-0.0718799329744995,0.2628571428571429,0.2462419662632568,25.6,15.850299401197605,0.0718562874251497,0.014970059880239521,0.02694610778443114,0.1347305389221557,0.029940119760479042,334,42.0,0.21588,0.36343434343434344,0.256,31.0
1631323,Simone Fontecchio,Simone,1610612748,MIA,30.0,70,36,34,0.514,16.7,2.8,6.7,0.412,1.8,4.7,0.375,1.2,1.5,0.843,0.8,2.2,3.0,1.4,0.7,0.5,0.1,0.3,1.5,0.8,8.5,1.3,15.6,0,0,16.1,105,151,125,291,354,302,259,448,119,127,167,244,272,141,267,304,300,322,372,360,442,328,348,382,259,167,331,284,38,301,1,Simone Fontecchio,Simone,1610612748,MIA,30.0,70,36,34,0.514,16.7,113.6,113.8,113.8,109.9,110.5,110.5,3.7,3.3,3.3,0.121,2.06,15.4,0.042,0.118,0.08,7.5,7.4,0.542,0.579,0.184,0.193,105.66,105.28,87.73,105.28,0.09,2574,194,471,2.8,6.7,0.412,105,151,449,291,354,192,194,194,155,178,178,157,160,160,296,188,352,252,289,282,111,107,283,266,223,213,57,72,72,272,219,198,302,259,448,1,28.5,0.7014925373134329,0.2238805970149253,0.5701339593625668,0.0088660406374331,0.4485714285714284,0.514770533352647,47.5,18.367303609341825,0.11677282377919321,0.014861995753715499,0.025477707006369428,0.09766454352441614,0.04246284501061571,471,46.9,0.271551,0.45715656565656565,0.47500000000000003,46.6
1642883,Sion James,Sion,1610612766,CHA,23.0,82,44,38,0.537,22.5,1.7,4.5,0.371,1.0,2.9,0.352,1.0,1.2,0.837,0.6,2.9,3.5,2.0,0.8,0.6,0.2,0.3,1.8,1.2,5.4,0.8,14.4,0,0,13.6,1,67,81,268,232,421,372,520,267,274,251,286,321,157,342,214,241,237,343,299,323,289,259,295,392,194,352,284,38,355,1,Sion James,Sion,1610612766,CHA,23.0,82,44,38,0.537,22.5,112.5,113.2,113.2,110.3,110.0,110.0,2.2,3.3,3.3,0.121,2.51,25.3,0.026,0.124,0.075,10.1,10.1,0.483,0.531,0.109,0.112,99.24,99.1,82.58,99.1,0.062,3779,138,372,1.7,4.5,0.371,1,67,491,268,232,236,222,222,178,156,156,192,162,162,297,122,108,406,265,306,302,304,468,432,537,539,464,474,474,474,286,242,421,372,520,1,20.1,0.6444444444444444,0.2666666666666666,0.5869325706037005,-0.0559325706037004,0.3114285714285716,0.2992764666194837,30.7,16.870967741935484,0.09408602150537634,0.01881720430107527,0.016129032258064516,0.1586021505376344,0.02956989247311828,372,46.4,0.246384,0.4147878787878788,0.307,36.1
1642461,Spencer Jones,Spencer,1610612743,DEN,24.0,64,41,23,0.641,22.1,2.1,4.1,0.504,0.9,2.3,0.396,0.5,0.8,0.608,1.2,2.1,3.3,0.8,0.5,0.8,0.5,0.3,2.7,0.8,5.5,0.0,13.9,1,0,13.0,180,97,275,138,241,380,399,149,297,322,104,443,414,501,155,318,275,454,458,204,179,372,44,403,383,251,359,201,38,371,1,Spencer Jones,Spencer,1610612743,DEN,24.0,64,41,23,0.641,22.1,116.4,116.9,116.9,114.2,115.3,115.3,2.2,1.6,1.6,0.047,1.65,13.8,0.055,0.09,0.073,8.4,8.5,0.613,0.619,0.097,0.099,99.98,99.33,82.78,99.33,0.045,2912,132,262,2.1,4.1,0.504,180,97,289,138,241,95,103,103,366,397,397,193,211,211,555,317,415,181,427,327,166,172,85,127,563,564,425,463,463,541,295,310,380,399,149,1,15.8,0.5609756097560976,0.1951219512195122,0.5751675906771309,0.0438324093228691,0.5628571428571427,0.6310545839301469,59.0,14.416030534351146,0.04580152671755725,0.0,0.015267175572519083,0.10305343511450382,0.08015267175572519,262,31.4,0.194366,0.32721548821548824,0.59,45.9
201939,Stephen Curry,Stephen,1610612744,GSW,38.0,43,24,19,0.558,30.9,8.7,18.6,0.468,4.4,11.3,0.393,4.7,5.1,0.923,0.4,3.2,3.6,4.7,2.8,1.1,0.4,0.6,1.7,4.6,26.6,2.1,39.7,3,0,42.3,342,252,333,236,72,16,12,254,1,1,114,31,41,40,436,180,237,58,28,82,211,123,269,25,12,119,34,128,38,18,1,Stephen Curry,Stephen,1610612744,GSW,38.0,43,24,19,0.558,30.9,116.4,117.6,117.6,113.6,114.8,114.8,2.8,2.8,2.8,0.245,1.68,16.8,0.013,0.1,0.057,10.0,9.9,0.587,0.637,0.308,0.318,104.78,103.66,86.38,103.66,0.146,2873,374,799,8.7,18.6,0.468,342,252,236,236,72,97,85,85,336,380,380,176,179,179,84,307,310,531,370,446,293,286,131,84,15,12,94,152,152,35,79,75,16,12,254,1,72.0,0.6075268817204301,0.2741935483870967,0.5668586120211727,0.0701413879788273,0.6142857142857143,0.7185476442531669,65.6,19.09511889862328,0.3667083854818523,0.012515644555694618,0.12015018773466833,0.12265331664580725,0.0037546933667083854,799,71.9,0.45800300000000005,0.7710488215488217,0.6559999999999999,71.4
1642264,Stephon Castle,Stephon,1610612759,SAS,21.0,68,51,17,0.75,30.0,5.7,12.0,0.471,1.2,3.6,0.332,4.1,5.6,0.734,1.4,3.9,5.3,7.4,3.2,1.1,0.3,1.0,3.3,4.4,16.7,6.0,35.2,18,5,33.4,135,30,359,46,91,93,95,241,220,199,327,40,33,369,111,120,114,10,14,79,294,24,19,31,79,30,51,27,6,57,1,Stephon Castle,Stephon,1610612759,SAS,21.0,68,51,17,0.75,30.0,117.2,118.2,118.2,107.8,108.4,108.4,9.4,9.8,9.8,0.344,2.31,29.4,0.047,0.119,0.084,12.7,12.7,0.521,0.575,0.243,0.249,103.01,102.28,85.23,102.28,0.117,4334,385,817,5.7,12.0,0.471,135,30,216,46,91,76,69,69,96,113,113,53,54,54,20,152,55,222,287,261,489,486,368,282,75,77,209,250,250,108,76,68,93,95,241,1,56.9,0.3,0.4666666666666666,0.6129831529096454,-0.0379831529096454,0.437142857142857,0.3589689961397575,40.6,10.984088127294982,0.23255813953488372,0.014687882496940025,0.08567931456548347,0.2215422276621787,0.06119951040391677,817,52.2,0.30015,0.5053030303030303,0.406,45.6
203500,Steven Adams,Steven,1610612745,HOU,32.0,32,21,11,0.656,22.8,2.2,4.3,0.504,0.0,0.0,0.0,1.5,2.5,0.58,4.5,4.1,8.6,1.5,1.1,0.7,0.6,0.3,1.7,2.2,5.8,6.1,21.3,3,0,18.6,400,292,432,125,226,365,386,150,517,548,517,202,135,511,2,102,25,303,239,269,120,338,275,143,362,29,210,128,38,251,1,Steven Adams,Steven,1610612745,HOU,32.0,32,21,11,0.656,22.8,114.8,117.3,117.3,104.9,105.5,105.5,9.9,11.8,11.8,0.084,1.37,18.5,0.189,0.165,0.177,13.5,13.6,0.504,0.535,0.116,0.117,99.06,97.69,81.41,97.69,0.1,1495,70,139,2.2,4.3,0.504,400,292,144,125,226,144,87,87,50,59,59,46,39,39,439,411,254,3,125,28,510,511,419,418,522,527,475,544,544,206,379,391,365,386,150,1,18.8,0.0,0.5813953488372093,0.6509748725751806,-0.1159748725751805,0.3228571428571429,0.0995999676941263,23.4,2.287769784172662,0.03597122302158273,0.007194244604316547,0.014388489208633094,0.16546762589928057,0.460431654676259,139,9.4,0.05029,0.08466329966329968,0.23399999999999999,15.9
1629004,Svi Mykhailiuk,Svi,1610612762,UTA,28.0,50,14,36,0.28,23.1,3.5,7.2,0.478,2.0,4.8,0.408,0.5,0.6,0.893,0.7,1.8,2.5,1.9,0.8,0.5,0.1,0.3,1.3,0.6,9.4,-1.5,16.0,0,0,16.8,297,374,102,461,220,229,239,217,92,119,76,435,466,65,305,384,370,252,322,366,504,341,406,443,228,375,320,284,38,283,1,Svi Mykhailiuk,Svi,1610612762,UTA,28.0,50,14,36,0.28,23.1,113.2,114.9,114.9,118.0,117.9,117.9,-4.8,-3.0,-3.0,0.107,2.21,18.3,0.029,0.074,0.051,8.3,8.2,0.613,0.626,0.143,0.147,104.47,103.74,86.45,103.74,0.074,2497,173,362,3.5,7.2,0.478,297,374,472,461,220,208,150,150,490,480,480,371,327,327,344,168,264,377,514,493,160,160,83,110,414,431,112,147,147,399,247,248,229,239,217,1,25.0,0.6666666666666666,0.0833333333333333,0.5480002578560694,0.0779997421439305,0.5828571428571427,0.7446813632393019,64.8,17.820441988950275,0.281767955801105,0.0055248618784530384,0.04143646408839779,0.0856353591160221,0.024861878453038673,362,55.8,0.34930799999999995,0.5880606060606061,0.648,61.8
204456,T.J. McConnell,T.J.,1610612754,IND,34.0,56,15,41,0.268,17.2,4.3,8.0,0.538,0.3,0.9,0.32,0.4,0.5,0.862,0.4,1.8,2.2,5.1,1.1,1.0,0.2,0.4,1.1,1.1,9.4,-2.4,22.1,1,0,19.4,247,365,61,475,344,166,204,98,446,467,360,457,478,111,437,364,402,51,232,121,386,232,442,331,229,419,200,201,38,227,1,T.J. McConnell,T.J.,1610612754,IND,34.0,56,15,41,0.268,17.2,110.7,109.1,109.1,117.2,116.7,116.7,-6.5,-7.6,-7.6,0.469,4.48,35.3,0.022,0.104,0.063,7.9,7.9,0.556,0.567,0.227,0.237,102.69,103.65,86.38,103.65,0.15,2089,242,450,4.3,8.0,0.538,247,365,515,475,344,319,390,390,477,444,444,408,431,431,2,16,21,440,353,398,133,136,226,321,99,90,234,153,153,31,169,206,166,204,98,1,33.3,0.1125,0.0625,0.5388102022623382,0.0281897977376617,0.4142857142857141,0.5790335618702818,48.0,11.177777777777777,0.6311111111111111,0.024444444444444446,0.35333333333333333,0.12444444444444444,0.006666666666666667,450,94.1,0.5335469999999999,0.8982272727272725,0.48,68.9
1643007,Taelon Peter,Taelon,1610612754,IND,24.0,38,6,32,0.158,13.0,1.6,4.2,0.38,1.1,3.3,0.328,0.3,0.4,0.625,0.3,1.3,1.6,1.1,0.7,0.7,0.1,0.1,1.0,0.4,4.5,-2.6,9.6,0,0,9.8,370,461,149,550,425,432,396,510,248,223,339,508,500,492,496,442,474,387,368,271,459,485,462,490,421,435,446,284,38,432,1,Taelon Peter,Taelon,1610612754,IND,24.0,38,6,32,0.158,13.0,103.2,103.2,103.2,112.9,111.8,111.8,-9.8,-8.7,-8.7,0.113,1.48,17.3,0.019,0.096,0.057,11.7,11.6,0.509,0.518,0.159,0.164,104.62,105.12,87.6,105.12,0.057,1075,60,158,1.6,4.2,0.38,370,461,424,550,425,522,513,513,307,242,242,477,454,454,316,382,295,467,394,442,437,436,406,464,355,353,102,76,76,500,395,380,432,396,510,1,15.6,0.7857142857142856,0.0952380952380952,0.5476689988614897,-0.0296689988614896,0.2742857142857142,0.3866185218466567,31.9,21.132911392405063,0.13924050632911392,0.012658227848101266,0.02531645569620253,0.0759493670886076,0.02531645569620253,158,51.5,0.26677,0.4491077441077441,0.319,38.4
1631106,Tari Eason,Tari,1610612745,HOU,25.0,60,38,22,0.633,25.8,4.0,9.7,0.416,1.6,4.3,0.358,0.9,1.1,0.776,2.1,4.2,6.3,1.5,1.4,1.2,0.5,0.7,2.3,1.1,10.5,2.8,23.9,6,0,23.1,214,128,295,146,173,189,147,440,146,152,230,325,336,292,57,98,71,303,188,65,171,82,116,328,196,96,167,84,38,164,1,Tari Eason,Tari,1610612745,HOU,25.0,60,38,22,0.633,25.8,115.6,116.1,116.1,110.1,109.6,109.6,5.5,6.5,6.5,0.078,1.11,11.6,0.077,0.156,0.116,10.4,10.4,0.496,0.514,0.181,0.187,99.06,99.06,82.55,99.06,0.083,3179,241,580,4.0,9.7,0.416,214,128,279,146,173,117,119,119,165,140,140,111,87,87,464,473,487,108,146,123,332,330,443,476,237,239,476,476,476,327,171,146,189,147,440,1,36.3,0.443298969072165,0.1134020618556701,0.5511970272158584,-0.0371970272158583,0.2628571428571429,0.36158333338361,30.2,13.808620689655172,0.12931034482758622,0.027586206896551724,0.0706896551724138,0.12413793103448276,0.08620689655172414,580,46.8,0.240552,0.404969696969697,0.302,35.3
1627752,Taurean Prince,Taurean,1610612749,MIL,32.0,26,10,16,0.385,23.5,3.3,7.3,0.45,2.3,5.4,0.436,0.2,0.2,1.0,0.2,3.0,3.1,1.8,1.2,0.6,0.2,0.2,1.8,0.5,9.2,-2.0,16.9,2,0,18.1,425,411,368,398,215,243,233,315,58,93,37,515,537,1,548,208,290,267,222,308,336,426,247,469,236,402,302,159,38,261,1,Taurean Prince,Taurean,1610612749,MIL,32.0,26,10,16,0.385,23.5,114.0,113.7,113.7,116.5,117.5,117.5,-2.5,-3.8,-3.8,0.102,1.48,17.0,0.007,0.125,0.067,11.5,11.5,0.61,0.617,0.157,0.162,100.21,99.88,83.23,99.88,0.073,1271,86,191,3.3,7.3,0.45,425,411,202,398,215,175,201,201,455,469,469,314,351,351,366,381,304,560,262,368,425,427,91,130,366,366,411,430,430,407,359,358,243,233,315,1,24.5,0.7397260273972603,0.0273972602739726,0.535248171926842,0.0817518280731579,0.5571428571428572,0.7571592889252805,63.7,19.827225130890053,0.2513089005235602,0.015706806282722512,0.08376963350785341,0.06806282722513089,0.0,191,61.3,0.378221,0.6367356902356902,0.637,63.7
1641707,Taylor Hendricks,Taylor,1610612763,MEM,22.0,59,12,47,0.203,19.0,2.8,6.0,0.459,1.1,3.1,0.342,0.8,1.2,0.681,1.1,2.6,3.7,0.9,0.8,0.8,0.5,0.4,1.7,1.1,7.4,-4.4,16.5,2,0,15.9,225,395,32,525,314,304,300,281,252,243,280,339,316,447,171,244,225,420,319,193,153,253,288,332,307,510,306,159,38,307,2,Taylor Hendricks,Taylor,1610612763,MEM,22.0,59,12,47,0.203,19.0,108.5,108.4,108.4,118.5,119.1,119.1,-10.0,-10.7,-10.7,0.07,1.1,11.3,0.054,0.141,0.096,10.3,10.2,0.548,0.566,0.157,0.164,103.43,103.17,85.97,103.17,0.077,2404,163,355,2.8,6.0,0.459,225,395,548,525,314,409,410,410,497,503,503,483,490,490,498,478,495,188,190,200,318,309,264,326,363,351,172,188,188,375,257,254,304,300,281,2,24.2,0.5166666666666667,0.1999999999999999,0.5698525305951676,-0.0038525305951676,0.4114285714285712,0.4724736910985843,43.6,14.174647887323944,0.05352112676056338,0.014084507042253521,0.016901408450704224,0.18591549295774648,0.061971830985915494,355,39.1,0.22130599999999997,0.37256902356902355,0.436,40.4
1629611,Terance Mann,Terance,1610612751,BKN,29.0,63,15,48,0.238,24.3,2.7,5.8,0.457,0.9,2.4,0.364,1.0,1.3,0.788,1.1,2.1,3.2,3.0,1.1,0.7,0.2,0.3,2.5,1.3,7.2,-4.2,17.1,0,0,16.1,194,365,25,501,200,311,308,287,298,308,203,286,301,258,169,323,283,136,233,287,331,284,86,278,317,505,298,284,38,299,1,Terance Mann,Terance,1610612751,BKN,29.0,63,15,48,0.238,24.3,107.7,109.6,109.6,116.4,117.8,117.8,-8.7,-8.2,-8.2,0.182,2.68,28.6,0.044,0.089,0.066,10.7,10.7,0.533,0.564,0.133,0.135,99.5,98.07,81.73,98.07,0.066,3119,168,368,2.7,5.8,0.457,194,365,552,501,200,437,371,371,454,474,474,458,442,442,163,104,62,235,432,377,358,360,322,332,471,481,455,523,523,458,252,243,311,308,287,1,24.5,0.4137931034482758,0.2241379310344827,0.577833976993371,-0.013833976993371,0.4057142857142854,0.4392794229649095,41.9,13.543478260869565,0.31521739130434784,0.024456521739130436,0.09782608695652174,0.15760869565217392,0.051630434782608696,368,62.0,0.34968,0.5886868686868687,0.419,50.4
1630545,Terrence Shannon Jr.,Terrence,1610612750,MIN,25.0,43,24,19,0.558,12.5,1.8,4.0,0.45,0.7,1.8,0.408,1.3,1.6,0.8,0.2,0.9,1.1,0.9,0.6,0.3,0.0,0.3,1.2,1.2,5.6,-1.9,8.8,0,0,9.0,342,252,333,236,432,410,407,314,329,382,79,227,245,229,514,500,512,433,420,471,523,309,432,286,379,400,473,284,38,457,1,Terrence Shannon Jr.,Terrence,1610612750,MIN,25.0,43,24,19,0.558,12.5,112.8,112.0,112.0,118.7,120.5,120.5,-5.9,-8.5,-8.5,0.102,1.58,14.2,0.018,0.074,0.045,9.0,9.1,0.541,0.597,0.171,0.177,103.15,102.75,85.63,102.75,0.069,1158,77,171,1.8,4.0,0.45,342,252,236,236,432,218,276,276,500,524,524,396,448,448,367,335,402,485,517,536,206,216,287,197,288,289,197,211,211,441,368,372,410,407,314,1,18.7,0.45,0.4,0.6070379047968503,-0.0100379047968502,0.5,0.451903629249159,48.1,13.222222222222221,0.18128654970760233,0.017543859649122806,0.07017543859649122,0.22807017543859648,0.011695906432748537,171,53.1,0.317007,0.5336818181818181,0.48100000000000004,50.7
1628418,Thomas Bryant,Thomas,1610612739,CLE,28.0,60,37,23,0.617,12.2,2.3,4.5,0.506,0.8,2.2,0.359,0.9,1.1,0.803,1.0,2.4,3.4,0.6,0.5,0.3,0.4,0.2,1.3,1.1,6.2,0.7,12.8,1,0,12.4,214,136,275,162,439,361,382,146,319,328,227,322,340,223,203,272,255,499,465,478,185,435,408,325,353,204,380,201,38,380,1,Thomas Bryant,Thomas,1610612739,CLE,28.0,60,37,23,0.617,12.2,113.7,114.4,114.4,111.3,110.7,110.7,2.5,3.6,3.6,0.067,1.18,9.3,0.074,0.184,0.129,7.9,7.8,0.594,0.625,0.182,0.186,102.47,102.45,85.38,102.45,0.115,1554,135,267,2.3,4.5,0.506,214,136,289,162,439,183,170,170,220,192,192,183,149,149,515,464,542,113,83,88,131,131,119,112,233,244,252,235,235,115,290,307,361,382,146,1,21.2,0.4888888888888889,0.2444444444444444,0.5758136669940198,0.0491863330059801,0.5800000000000001,0.648859576434681,60.8,13.808988764044944,0.04119850187265917,0.02247191011235955,0.0299625468164794,0.10486891385767791,0.10112359550561797,267,36.0,0.22499999999999998,0.3787878787878788,0.608,49.3
1642275,Tidjane Salaün,Tidjane,1610612766,CHA,20.0,37,19,18,0.514,15.6,2.2,4.3,0.503,1.0,2.2,0.434,0.7,1.1,0.65,0.7,3.3,4.0,0.7,0.7,0.4,0.2,0.2,1.5,0.9,6.0,-0.1,13.1,1,0,13.0,377,316,348,292,384,368,389,151,278,324,40,370,343,471,313,165,197,469,370,419,371,388,353,357,357,265,373,201,38,372,1,Tidjane Salaün,Tidjane,1610612766,CHA,20.0,37,19,18,0.514,15.6,111.9,113.2,113.2,112.6,111.1,111.1,-0.7,2.1,2.1,0.071,1.04,11.7,0.044,0.205,0.125,11.3,11.3,0.616,0.629,0.147,0.151,98.97,99.11,82.59,99.11,0.102,1175,80,159,2.2,4.3,0.503,377,316,225,292,384,267,224,224,287,212,212,271,200,200,493,492,483,234,51,95,412,415,77,105,402,407,484,473,473,195,365,379,368,389,151,1,16.7,0.5116279069767442,0.2558139534883721,0.5816542469522652,0.0473457530477348,0.5914285714285714,0.6427385492590542,61.2,14.540880503144654,0.031446540880503145,0.0,0.006289308176100629,0.1761006289308176,0.06289308176100629,159,33.8,0.21260199999999999,0.3579158249158249,0.612,48.5
203501,Tim Hardaway Jr.,Tim,1610612743,DEN,34.0,80,52,28,0.65,26.6,4.4,9.7,0.447,2.8,6.9,0.407,2.0,2.5,0.811,0.2,2.4,2.6,1.4,0.5,0.5,0.1,0.2,1.3,1.9,13.5,2.5,20.0,0,0,21.5,21,24,205,129,155,163,145,328,23,35,81,138,149,212,525,281,351,338,430,363,444,399,408,181,133,109,232,284,38,191,1,Tim Hardaway Jr.,Tim,1610612743,DEN,34.0,80,52,28,0.65,26.6,118.8,119.4,119.4,114.6,114.9,114.9,4.2,4.5,4.5,0.07,2.51,10.7,0.008,0.082,0.047,4.3,4.2,0.591,0.624,0.177,0.184,101.62,101.24,84.37,101.24,0.085,4487,348,779,4.4,9.7,0.447,21,24,364,129,155,43,45,45,389,384,384,145,129,129,497,121,518,558,474,527,34,34,126,115,258,257,322,338,338,312,89,78,163,145,328,1,39.9,0.7113402061855671,0.2577319587628866,0.5773012506966377,0.0466987493033622,0.5771428571428572,0.640586875551919,60.3,20.314505776636715,0.24390243902439024,0.014120667522464698,0.11424903722721438,0.051347881899871634,0.010269576379974325,779,62.1,0.387504,0.6523636363636365,0.603,62.8
202699,Tobias Harris,Tobias,1610612765,DET,33.0,63,46,17,0.73,27.7,4.9,10.5,0.469,1.3,3.5,0.368,2.2,2.5,0.866,0.9,4.3,5.1,2.5,1.0,0.9,0.4,0.6,1.7,1.7,13.3,5.8,26.2,3,0,24.9,194,52,359,67,133,133,132,249,196,204,195,119,141,105,238,92,127,188,257,151,197,145,283,203,137,31,143,128,38,141,1,Tobias Harris,Tobias,1610612765,DET,33.0,63,46,17,0.73,27.7,116.2,118.6,118.6,108.1,108.6,108.6,8.1,10.0,10.0,0.12,2.49,16.7,0.03,0.145,0.088,6.7,6.6,0.531,0.574,0.181,0.186,102.2,100.9,84.08,100.9,0.112,3669,309,659,4.9,10.5,0.469,194,52,216,67,133,102,63,63,101,119,119,65,52,52,299,128,315,359,179,240,78,76,329,285,239,245,277,364,364,137,117,109,133,132,249,1,40.8,0.3333333333333333,0.238095238095238,0.5758280883569408,-0.0018280883569408,0.4342857142857141,0.4792061701197544,45.2,12.890743550834598,0.32473444613050073,0.021244309559939303,0.19575113808801214,0.09256449165402124,0.036418816388467376,659,63.9,0.366786,0.6174848484848485,0.452,53.5
1641739,Toumani Camara,Toumani,1610612757,POR,26.0,82,42,40,0.512,33.3,4.8,10.9,0.44,2.7,7.2,0.37,1.2,1.7,0.708,1.6,3.6,5.1,2.5,1.8,1.1,0.4,0.5,2.9,2.7,13.4,0.4,26.2,3,0,26.8,1,87,69,293,31,139,123,347,35,24,187,251,239,415,99,143,126,191,109,80,189,152,33,94,135,221,142,128,38,120,1,Toumani Camara,Toumani,1610612757,POR,26.0,82,42,40,0.512,33.3,112.2,114.3,114.3,112.2,113.0,113.0,0.1,1.3,1.3,0.103,1.4,15.5,0.043,0.103,0.072,11.1,11.1,0.563,0.578,0.16,0.163,103.61,102.27,85.23,102.27,0.073,5800,392,891,4.8,10.9,0.44,1,87,508,293,31,255,171,171,270,294,294,248,222,222,363,401,345,243,354,333,396,399,194,269,344,356,164,251,251,408,71,55,139,123,347,1,42.4,0.6605504587155964,0.1559633027522935,0.5600698984316024,0.0179301015683975,0.4457142857142855,0.5449139471344968,48.5,17.58473625140292,0.14702581369248036,0.01122334455667789,0.025813692480359147,0.13468013468013468,0.052749719416386086,891,48.4,0.27975199999999995,0.4709629629629629,0.485,47.8
1642848,Tre Johnson,Tre,1610612764,WAS,20.0,60,12,48,0.2,24.0,4.5,10.8,0.419,1.9,5.4,0.358,1.3,1.5,0.874,0.5,2.4,2.8,2.0,1.6,0.6,0.3,0.2,2.0,1.2,12.2,-5.6,19.7,0,0,20.7,214,395,25,526,204,150,125,424,98,95,229,234,275,94,393,283,322,231,141,354,277,445,194,285,153,536,237,284,38,209,1,Tre Johnson,Tre,1610612764,WAS,20.0,60,12,48,0.2,24.0,108.1,108.7,108.7,119.6,119.9,119.9,-11.5,-11.2,-11.2,0.122,1.31,13.6,0.018,0.093,0.055,10.3,10.3,0.508,0.535,0.22,0.225,104.77,104.38,86.98,104.38,0.068,3144,271,647,4.5,10.8,0.419,214,395,552,526,204,422,403,403,510,511,511,513,501,501,292,426,423,479,412,461,327,326,409,419,119,121,95,109,109,447,143,119,150,125,424,1,42.2,0.5,0.1388888888888888,0.5513938525278067,-0.0163938525278066,0.3228571428571429,0.4307663085835926,36.6,17.646058732612055,0.4034003091190108,0.012364760432766615,0.17156105100463678,0.06646058732612056,0.00463678516228748,647,72.5,0.387875,0.6529882154882156,0.36600000000000005,50.9
1630200,Tre Jones,Tre,1610612741,CHI,26.0,65,27,38,0.415,27.0,5.2,9.5,0.553,0.6,2.0,0.315,2.9,3.5,0.841,0.6,2.6,3.1,5.4,1.4,1.2,0.2,0.8,1.4,2.9,14.1,-2.1,28.5,5,0,25.9,166,225,81,376,150,119,154,84,356,348,377,75,80,145,345,257,287,43,172,76,398,55,356,85,116,408,116,96,38,127,1,Tre Jones,Tre,1610612741,CHI,26.0,65,27,38,0.415,27.0,111.7,111.0,111.0,114.3,114.8,114.8,-2.7,-3.8,-3.8,0.284,3.8,30.1,0.02,0.088,0.054,7.9,7.9,0.586,0.637,0.186,0.192,106.13,106.25,88.54,106.25,0.126,3883,341,617,5.2,9.5,0.553,166,225,491,376,150,283,315,315,372,374,374,317,348,348,50,24,47,459,440,468,140,142,132,82,215,217,47,46,46,80,93,131,119,154,84,1,41.3,0.2105263157894736,0.3684210526315789,0.6010812198286277,0.0359187801713722,0.6142857142857143,0.60473704261544,61.0,7.875202593192869,0.08589951377633712,0.03889789303079417,0.03727714748784441,0.36628849270664504,0.017828200972447326,617,47.7,0.30384900000000004,0.5115303030303031,0.61,56.1
1630544,Tre Mann,Tre,1610612766,CHA,25.0,53,30,23,0.566,12.6,2.1,5.7,0.36,0.9,2.9,0.323,0.4,0.5,0.852,0.4,1.4,1.7,1.6,1.0,0.5,0.1,0.2,1.3,0.5,5.5,-2.9,10.7,0,0,10.9,276,196,275,223,430,381,314,527,287,267,353,459,480,128,447,435,455,288,254,400,474,467,395,488,385,447,425,284,38,406,1,Tre Mann,Tre,1610612766,CHA,25.0,53,30,23,0.566,12.6,104.4,105.8,105.8,117.6,115.9,115.9,-13.1,-10.1,-10.1,0.223,1.59,18.9,0.028,0.114,0.068,11.8,11.9,0.442,0.462,0.231,0.237,97.36,97.44,81.2,97.44,0.062,1350,109,303,2.1,5.7,0.36,276,196,289,223,430,508,481,481,481,421,421,528,482,482,104,326,239,389,308,358,448,447,514,528,88,91,542,552,552,479,325,281,381,314,527,1,27.6,0.5087719298245613,0.087719298245614,0.5403438000475722,-0.0783438000475721,0.1142857142857143,0.2247457493579971,15.8,17.165016501650165,0.39933993399339934,0.0165016501650165,0.1254125412541254,0.11551155115511551,0.006600660066006601,303,72.0,0.33264,0.56,0.158,35.9
1630570,Trendon Watford,Trendon,1610612755,PHI,25.0,53,27,26,0.509,16.3,2.6,5.1,0.515,0.2,0.9,0.2,1.1,1.5,0.779,0.7,2.6,3.3,2.5,1.2,0.3,0.4,0.5,2.0,1.5,6.5,-2.9,15.1,1,1,13.9,276,225,232,297,366,318,347,126,471,462,488,262,274,282,308,252,273,189,220,477,194,175,199,230,339,451,339,201,23,350,1,Trendon Watford,Trendon,1610612755,PHI,25.0,53,27,26,0.509,16.3,107.6,106.5,106.5,114.8,115.6,115.6,-7.2,-9.1,-9.1,0.229,2.06,26.6,0.041,0.146,0.094,12.9,12.9,0.534,0.573,0.17,0.178,103.11,103.23,86.02,103.23,0.093,1863,138,268,2.6,5.1,0.515,276,225,338,297,366,443,465,465,394,412,412,429,461,461,98,187,85,257,175,207,496,494,317,295,295,288,201,180,180,248,286,306,318,347,126,1,23.0,0.1764705882352941,0.2941176470588235,0.5888711452360823,-0.0158711452360823,0.4314285714285713,0.4325046223814854,43.2,8.152985074626866,0.1044776119402985,0.018656716417910446,0.022388059701492536,0.2574626865671642,0.05970149253731343,268,38.0,0.21774,0.3665656565656566,0.43200000000000005,39.9
1630530,Trey Murphy III,Trey,1610612740,NOP,25.0,66,21,45,0.318,35.5,7.5,15.9,0.47,3.2,8.6,0.379,3.3,3.7,0.886,1.0,4.8,5.7,3.8,1.8,1.5,0.4,0.4,2.1,2.9,21.5,-2.6,37.8,4,0,38.0,157,292,36,436,6,29,36,244,8,9,159,59,73,78,214,68,86,86,99,25,232,267,177,79,29,427,43,114,38,36,1,Trey Murphy III,Trey,1610612740,NOP,25.0,66,21,45,0.318,35.5,112.5,113.6,113.6,116.0,117.2,117.2,-3.5,-3.6,-3.6,0.16,2.08,16.5,0.026,0.131,0.078,7.9,7.9,0.572,0.613,0.223,0.229,102.75,101.71,84.75,101.71,0.122,4964,494,1050,7.5,15.9,0.47,157,292,541,436,6,237,205,205,442,461,461,343,346,346,205,182,323,405,234,288,137,134,166,139,110,113,227,298,298,90,35,33,29,36,244,1,60.2,0.5408805031446541,0.2327044025157232,0.5687080790576303,0.0442919209423696,0.5457142857142856,0.6325827343904835,58.0,16.46952380952381,0.2733333333333333,0.01904761904761905,0.05619047619047619,0.12571428571428572,0.07047619047619047,1050,58.1,0.356153,0.5995841750841752,0.58,59.0
1641774,Tristan Vukcevic,Tristan,1610612764,WAS,23.0,49,8,41,0.163,13.7,3.1,6.5,0.479,1.0,2.9,0.347,1.8,2.3,0.784,0.7,2.3,3.0,1.1,1.3,0.5,0.7,0.3,1.7,1.7,9.0,-4.6,16.4,1,0,16.4,305,440,61,548,415,267,282,214,264,265,265,159,166,271,326,284,301,376,204,402,108,328,290,207,243,517,309,201,38,292,1,Tristan Vukcevic,Tristan,1610612764,WAS,23.0,49,8,41,0.163,13.7,105.4,103.5,103.5,119.7,118.5,118.5,-14.3,-15.1,-15.1,0.133,0.89,11.4,0.046,0.162,0.104,12.9,12.8,0.558,0.603,0.259,0.27,104.19,105.7,88.08,105.7,0.11,1476,152,317,3.1,6.5,0.479,305,440,515,548,415,493,508,508,512,491,491,534,540,540,259,529,491,231,130,160,498,493,216,181,52,47,133,58,58,144,268,273,267,282,214,1,35.2,0.4461538461538461,0.3538461538461538,0.5886106904642484,0.0143893095357515,0.5171428571428571,0.5331386997957558,52.4,15.750788643533124,0.19242902208201892,0.015772870662460567,0.12302839116719243,0.10410094637223975,0.028391167192429023,317,54.5,0.328635,0.5532575757575758,0.524,53.9
1641783,Tristan da Silva,Tristan,1610612753,ORL,25.0,77,43,34,0.558,24.7,3.6,8.1,0.45,1.6,4.2,0.374,1.1,1.2,0.884,0.8,2.9,3.7,1.6,0.9,0.9,0.3,0.3,1.5,1.0,9.9,1.3,19.5,0,0,19.2,37,75,125,234,195,215,202,316,145,164,174,274,312,79,285,209,227,290,298,175,257,323,336,334,218,164,245,284,38,233,1,Tristan da Silva,Tristan,1610612753,ORL,25.0,77,43,34,0.558,24.7,111.7,113.2,113.2,110.1,111.6,111.6,1.6,1.6,1.6,0.092,1.8,14.5,0.03,0.115,0.073,8.1,8.1,0.547,0.576,0.16,0.163,102.32,100.96,84.13,100.96,0.085,4013,279,620,3.6,8.1,0.45,37,75,449,234,195,282,226,226,164,232,232,208,213,213,404,270,392,368,304,332,146,150,268,278,349,354,265,359,359,308,139,128,215,202,316,1,32.3,0.5185185185185186,0.1481481481481481,0.5595973318089966,0.0164026681910033,0.4399999999999999,0.5398343192867056,48.0,15.37741935483871,0.17258064516129032,0.0064516129032258064,0.07419354838709677,0.10161290322580645,0.037096774193548385,620,47.2,0.271872,0.4576969696969697,0.48,46.9
1629639,Tyler Herro,Tyler,1610612748,MIA,26.0,33,14,19,0.424,31.3,7.5,15.6,0.48,2.5,6.7,0.378,3.0,3.3,0.917,0.4,4.4,4.8,4.1,1.9,0.7,0.4,0.6,1.9,2.6,20.5,-1.2,33.7,0,0,34.1,398,374,333,372,62,29,38,213,42,41,161,72,93,42,419,83,153,70,84,265,232,113,237,105,38,343,65,284,38,49,1,Tyler Herro,Tyler,1610612748,MIA,26.0,33,14,19,0.424,31.3,114.1,114.4,114.4,114.7,116.4,116.4,-0.6,-2.0,-2.0,0.199,2.13,17.9,0.013,0.129,0.071,8.4,8.4,0.561,0.602,0.248,0.256,104.25,103.33,86.11,103.33,0.122,2226,247,515,7.5,15.6,0.48,398,374,236,372,62,171,167,167,391,436,436,270,302,302,141,176,271,533,238,340,168,167,201,182,65,66,128,172,172,93,164,172,29,38,213,1,57.1,0.4294871794871795,0.2115384615384615,0.5627265953636573,0.0392734046363426,0.5142857142857142,0.6158931716508125,55.5,15.745631067961165,0.37281553398058254,0.017475728155339806,0.12427184466019417,0.062135922330097085,0.005825242718446602,515,65.7,0.395514,0.6658484848484848,0.555,61.0
1631213,Tyrese Martin,Tyrese,1610612755,PHI,27.0,46,12,34,0.261,16.9,2.4,6.0,0.394,1.2,3.6,0.321,0.4,0.6,0.679,0.7,1.8,2.5,1.7,0.9,0.5,0.1,0.2,0.7,0.5,6.3,-3.9,13.0,0,0,13.0,324,395,125,480,350,342,299,492,231,200,357,467,456,449,298,382,362,273,309,357,438,441,506,466,347,491,376,284,38,369,2,Tyrese Martin,Tyrese,1610612755,PHI,27.0,46,12,34,0.261,16.9,104.9,105.8,105.8,116.2,116.8,116.8,-11.3,-10.9,-10.9,0.163,1.95,19.2,0.04,0.112,0.074,9.9,9.8,0.489,0.501,0.178,0.186,98.52,97.87,81.56,97.87,0.077,1580,109,277,2.4,6.0,0.394,324,395,449,480,350,501,480,480,449,445,445,509,496,496,198,229,230,267,319,321,280,277,457,493,251,249,504,533,533,376,325,301,342,299,492,2,23.6,0.6,0.0999999999999999,0.5478358806086336,-0.0468358806086336,0.2257142857142857,0.3295283915188165,26.7,17.24548736462094,0.148014440433213,0.02888086642599278,0.05054151624548736,0.11191335740072202,0.021660649819494584,277,53.1,0.266031,0.4478636363636364,0.267,35.7
1630178,Tyrese Maxey,Tyrese,1610612755,PHI,25.0,70,38,32,0.543,38.0,9.9,21.4,0.462,3.1,8.6,0.367,5.3,6.0,0.892,0.3,3.8,4.1,6.6,2.4,1.9,0.8,1.0,2.2,4.1,28.3,1.6,48.6,7,0,47.4,105,128,149,262,1,5,3,270,12,10,197,21,27,68,464,129,186,22,47,10,79,24,156,38,5,150,6,72,38,5,1,Tyrese Maxey,Tyrese,1610612755,PHI,25.0,70,38,32,0.543,38.0,113.3,115.0,115.0,111.4,113.4,113.4,1.9,1.5,1.5,0.288,2.7,20.0,0.008,0.096,0.052,7.4,7.4,0.536,0.588,0.286,0.294,101.88,100.25,83.54,100.25,0.15,5570,694,1501,9.9,21.4,0.462,105,128,424,262,1,203,148,148,231,308,308,200,216,216,45,98,207,555,395,487,108,109,310,231,27,27,299,417,417,29,4,2,5,3,270,1,80.9,0.4018691588785046,0.2803738317757009,0.5719271648256602,0.0160728351743397,0.4742857142857142,0.5387374275980983,50.0,14.371085942704864,0.3844103930712858,0.02465023317788141,0.12058627581612258,0.20253164556962025,0.006662225183211193,1501,72.2,0.42453599999999997,0.7147070707070707,0.5,60.7
1630623,Tyson Etienne,Tyson,1610612751,BKN,26.0,24,5,19,0.208,15.8,2.4,6.0,0.4,1.8,4.5,0.398,1.3,1.5,0.833,0.2,0.9,1.1,1.7,0.7,0.5,0.0,0.2,2.0,1.1,7.9,-4.3,12.4,0,0,13.4,433,474,333,521,374,337,297,475,117,140,100,239,263,160,528,498,515,278,379,408,524,445,218,313,290,508,388,284,38,359,1,Tyson Etienne,Tyson,1610612751,BKN,26.0,24,5,19,0.208,15.8,106.0,105.6,105.6,117.2,117.8,117.8,-11.2,-12.2,-12.2,0.17,2.5,18.5,0.013,0.06,0.036,7.4,7.4,0.548,0.588,0.198,0.204,102.04,102.0,85.0,102.0,0.071,805,58,145,2.4,6.0,0.4,433,474,236,521,374,481,484,484,476,475,475,507,512,512,184,124,251,527,552,563,104,108,260,232,173,179,287,274,274,421,399,388,337,297,475,1,25.0,0.75,0.25,0.5732466626659126,0.0147533373340873,0.4742857142857142,0.5343493095474892,49.8,20.662068965517243,0.1724137931034483,0.020689655172413793,0.08275862068965517,0.06206896551724138,0.0,145,58.1,0.34162799999999993,0.575131313131313,0.498,53.7
1626145,Tyus Jones,Tyus,1610612743,DEN,30.0,67,37,30,0.552,14.6,1.1,3.3,0.349,0.6,2.0,0.292,0.1,0.1,0.778,0.2,1.0,1.1,2.4,0.4,0.6,0.0,0.1,0.5,0.2,3.0,-1.6,9.3,0,0,8.3,147,136,172,244,400,492,441,534,371,345,423,551,555,284,542,494,513,200,494,352,515,492,554,544,493,380,456,284,38,472,3,Tyus Jones,Tyus,1610612743,DEN,30.0,67,37,30,0.552,14.6,107.1,107.5,107.5,113.7,113.6,113.6,-6.5,-6.1,-6.1,0.222,6.36,39.2,0.011,0.065,0.036,6.2,6.2,0.44,0.448,0.103,0.107,101.27,101.09,84.24,101.09,0.065,2069,76,218,1.1,3.3,0.349,147,136,395,244,400,456,433,433,339,323,323,411,399,399,106,1,10,546,546,562,65,66,516,542,552,556,345,349,349,462,371,339,492,441,534,3,10.3,0.6060606060606061,0.0303030303030303,0.542674922027621,-0.094674922027621,0.0742857142857142,0.1704350191989829,11.3,18.678899082568808,0.22018348623853212,0.013761467889908258,0.0871559633027523,0.05963302752293578,0.0,218,56.8,0.25446399999999997,0.4283905723905724,0.113,27.1
1642845,VJ Edgecombe,VJ,1610612755,PHI,20.0,75,43,32,0.573,35.0,6.0,13.7,0.438,2.0,5.6,0.354,2.0,2.4,0.818,1.6,4.0,5.6,4.2,1.8,1.4,0.5,0.7,2.9,1.9,16.0,0.8,33.1,7,0,31.7,60,75,149,209,12,79,61,358,89,81,243,140,152,204,92,105,91,66,98,34,150,80,36,169,89,196,70,72,38,72,1,VJ Edgecombe,VJ,1610612755,PHI,20.0,75,43,32,0.573,35.0,113.7,114.8,114.8,111.9,113.9,113.9,1.8,0.9,0.9,0.172,2.3,20.2,0.044,0.111,0.077,8.8,8.8,0.51,0.54,0.196,0.201,101.83,100.44,83.7,100.44,0.092,5492,451,1030,6.0,13.7,0.438,60,75,424,209,12,185,152,152,260,339,339,204,229,229,180,153,203,238,324,297,189,191,402,404,181,188,305,399,399,261,46,39,79,61,358,1,52.2,0.4087591240875912,0.1751824817518248,0.5616156685528394,-0.0216156685528393,0.3371428571428572,0.413400652909596,36.8,14.353398058252427,0.341747572815534,0.018446601941747572,0.13203883495145632,0.14271844660194175,0.043689320388349516,1030,65.1,0.35153999999999996,0.5918181818181818,0.368,48.0
1641705,Victor Wembanyama,Victor,1610612759,SAS,22.0,64,50,14,0.781,29.2,8.6,16.9,0.512,1.9,5.5,0.349,5.8,7.0,0.827,2.0,9.5,11.5,3.1,2.4,1.0,3.1,0.5,2.4,6.3,25.0,10.7,53.4,42,1,49.7,180,32,397,30,107,17,25,135,100,87,261,14,15,181,61,3,4,132,51,113,1,169,92,7,17,3,3,4,23,3,1,Victor Wembanyama,Victor,1610612759,SAS,22.0,64,50,14,0.781,29.2,120.0,120.5,120.5,103.7,103.6,103.6,16.3,17.0,17.0,0.17,1.28,12.2,0.071,0.285,0.186,9.5,9.5,0.569,0.626,0.316,0.326,102.36,102.23,85.19,102.23,0.209,3977,553,1080,8.6,16.9,0.512,180,32,175,30,107,26,31,31,35,41,41,16,17,17,183,435,471,126,4,15,256,254,180,111,10,10,262,255,255,5,21,31,17,25,135,1,74.1,0.3254437869822486,0.4142011834319527,0.5947801388367694,0.0312198611632306,0.5828571428571427,0.58911033168878,58.5,12.339814814814815,0.2759259259259259,0.020370370370370372,0.17222222222222222,0.14074074074074075,0.1527777777777778,1080,58.2,0.36433200000000004,0.6133535353535354,0.585,59.9
1631246,Vince Williams Jr.,Vince,1610612762,UTA,25.0,40,16,24,0.4,20.5,2.6,7.3,0.353,1.4,4.4,0.311,1.0,1.3,0.78,1.0,2.9,3.9,4.2,1.8,0.7,0.4,0.3,2.0,1.3,7.5,0.2,20.0,1,0,19.2,362,348,258,384,280,320,235,530,184,144,385,304,303,279,208,215,214,67,110,247,205,346,203,268,303,239,233,201,38,235,2,Vince Williams Jr.,Vince,1610612762,UTA,25.0,40,16,24,0.4,20.5,108.8,108.7,108.7,107.7,108.4,108.4,1.0,0.3,0.3,0.281,2.37,30.1,0.044,0.123,0.084,12.7,12.7,0.447,0.478,0.19,0.196,102.61,102.34,85.28,102.34,0.085,1747,103,292,2.6,7.3,0.353,362,348,309,384,280,397,402,402,94,110,110,225,240,240,55,141,46,240,269,256,486,485,510,515,201,207,239,246,246,313,335,291,320,235,530,2,29.6,0.6027397260273973,0.1780821917808219,0.5614314327135399,-0.0834314327135399,0.1599999999999999,0.2078263334594984,17.9,17.681506849315067,0.2876712328767123,0.03767123287671233,0.05821917808219178,0.08904109589041095,0.02054794520547945,292,64.7,0.309266,0.5206498316498317,0.179,35.0
1630249,Vít Krejčí,Vít,1610612757,POR,25.0,65,32,33,0.492,21.4,3.0,6.6,0.448,2.0,5.0,0.39,0.6,0.8,0.745,0.5,1.8,2.3,1.5,0.6,0.7,0.3,0.2,2.1,0.8,8.5,-0.6,15.9,0,0,16.2,166,182,135,328,257,291,270,323,91,110,119,412,419,354,396,374,395,301,394,248,296,465,166,381,262,298,326,284,38,296,2,Vít Krejčí,Vít,1610612757,POR,25.0,65,32,33,0.492,21.4,109.4,110.0,110.0,111.4,111.1,111.1,-2.0,-1.1,-1.1,0.099,2.44,17.0,0.02,0.081,0.05,7.0,6.9,0.597,0.609,0.142,0.147,103.29,103.2,86.0,103.2,0.068,2991,192,429,3.0,6.6,0.448,166,182,435,328,257,380,363,363,234,215,215,304,283,283,375,131,307,455,483,498,83,82,114,157,422,425,185,183,183,444,221,217,291,270,323,2,24.5,0.7575757575757576,0.1212121212121212,0.5546978508888626,0.0543021491111374,0.5342857142857143,0.6658727190938176,58.7,20.433566433566433,0.20046620046620048,0.02097902097902098,0.030303030303030304,0.06993006993006994,0.009324009324009324,429,56.8,0.34591199999999994,0.5823434343434343,0.5870000000000001,58.5
1642383,Walter Clayton Jr.,Walter,1610612763,MEM,23.0,69,17,52,0.246,20.4,2.6,6.7,0.384,1.1,3.5,0.307,1.6,1.8,0.901,0.4,1.7,2.0,4.0,1.7,0.6,0.3,0.6,1.7,1.6,7.8,-4.1,17.3,1,0,16.8,118,334,16,493,284,323,262,504,246,205,393,191,226,52,455,396,417,73,124,295,297,142,273,217,293,503,293,201,38,284,2,Walter Clayton Jr.,Walter,1610612763,MEM,23.0,69,17,52,0.246,20.4,110.8,111.7,111.7,121.0,121.2,121.2,-10.2,-9.6,-9.6,0.274,2.41,30.7,0.017,0.081,0.048,12.8,12.8,0.465,0.523,0.181,0.186,103.77,103.23,86.02,103.23,0.073,3036,177,461,2.6,6.7,0.384,118,334,566,493,284,317,290,290,529,534,534,486,469,469,58,138,41,492,482,513,491,489,498,455,238,243,150,179,179,412,244,202,323,262,504,2,30.7,0.5223880597014925,0.2686567164179104,0.5803112985041579,-0.0573112985041578,0.2885714285714287,0.2946913732587262,29.1,16.46637744034707,0.3579175704989154,0.019522776572668113,0.08026030368763558,0.13665943600867678,0.004338394793926247,461,67.1,0.350933,0.5907962962962964,0.29100000000000004,44.1
1628976,Wendell Carter Jr.,Wendell,1610612753,ORL,27.0,78,43,35,0.551,29.3,4.2,8.2,0.512,0.9,2.9,0.319,2.5,3.2,0.792,2.1,5.3,7.4,2.0,1.3,0.8,0.6,0.6,3.4,2.9,11.8,1.2,26.6,12,0,24.9,28,75,112,245,105,175,200,136,290,270,365,93,96,248,56,43,44,238,198,222,119,149,9,81,167,174,133,47,38,140,1,Wendell Carter Jr.,Wendell,1610612753,ORL,27.0,78,43,35,0.551,29.3,111.7,113.5,113.5,110.3,111.3,111.3,1.4,2.2,2.2,0.095,1.54,15.3,0.07,0.177,0.124,10.0,10.0,0.568,0.617,0.156,0.158,102.92,101.62,84.68,101.62,0.096,4838,326,637,4.2,8.2,0.512,28,75,459,245,105,281,212,212,175,225,225,215,198,198,390,358,360,131,100,98,287,292,182,129,368,383,216,309,309,229,107,121,175,200,136,1,37.7,0.3536585365853659,0.3902439024390244,0.6075072052447625,0.0094927947552374,0.5571428571428572,0.5168548649625454,54.1,12.006279434850864,0.08948194662480377,0.009419152276295133,0.09576138147566719,0.152276295133438,0.14756671899529042,637,38.6,0.238162,0.400946127946128,0.541,47.1
1642954,Will Richard,Will,1610612744,GSW,23.0,69,34,35,0.493,20.0,2.3,5.0,0.468,1.0,3.1,0.335,0.7,0.8,0.852,1.0,1.5,2.5,1.3,0.8,1.2,0.1,0.2,1.9,0.9,6.4,-1.4,14.5,0,0,13.8,118,168,112,327,293,344,352,252,260,250,300,380,421,128,210,413,367,339,358,77,438,441,233,375,345,362,350,284,38,352,1,Will Richard,Will,1610612744,GSW,23.0,69,34,35,0.493,20.0,110.3,110.3,110.3,113.8,113.6,113.6,-3.5,-3.3,-3.3,0.094,1.75,18.1,0.045,0.078,0.061,10.3,10.3,0.571,0.596,0.123,0.129,102.73,102.86,85.72,102.86,0.063,2951,162,346,2.3,5.0,0.468,118,168,459,327,293,336,344,344,346,320,320,342,336,336,398,283,268,232,499,418,320,315,174,199,500,501,230,205,205,466,260,257,344,352,252,1,19.4,0.62,0.16,0.5651826289081068,0.0308173710918931,0.4971428571428571,0.5877718119175853,53.3,16.430635838150287,0.12138728323699421,0.014450867052023121,0.03468208092485549,0.08092485549132948,0.057803468208092484,346,43.6,0.259856,0.43746801346801345,0.533,48.5
1642860,Will Riley,Will,1610612764,WAS,20.0,74,16,58,0.216,22.1,3.7,8.4,0.439,1.1,3.3,0.316,1.9,2.4,0.8,0.8,2.1,2.9,2.0,1.3,0.7,0.1,0.4,1.2,1.8,10.3,-6.5,18.0,2,0,17.9,70,348,4,518,244,211,193,355,255,220,374,142,150,229,281,315,320,240,202,244,450,283,416,192,203,547,276,159,38,265,1,Will Riley,Will,1610612764,WAS,20.0,74,16,58,0.216,22.1,107.1,107.3,107.3,121.5,121.4,121.4,-14.4,-14.1,-14.1,0.131,1.55,15.7,0.033,0.097,0.064,10.1,10.0,0.502,0.548,0.196,0.205,103.19,103.18,85.98,103.18,0.08,3514,271,618,3.7,8.4,0.439,70,348,579,518,244,457,441,441,535,536,536,536,533,533,264,354,340,330,379,391,304,296,423,381,179,172,193,186,186,352,143,129,211,193,355,1,37.2,0.3928571428571428,0.2857142857142857,0.5828626311230377,-0.0348626311230376,0.3600000000000001,0.3693465940117731,36.4,14.046925566343042,0.27184466019417475,0.030744336569579287,0.11812297734627832,0.17637540453074432,0.032362459546925564,618,63.7,0.34907600000000005,0.5876700336700338,0.364,47.6
1642274,Yves Missi,Yves,1610612740,NOP,22.0,66,19,47,0.288,19.7,2.4,4.5,0.544,0.0,0.0,0.0,0.9,1.5,0.559,2.8,3.1,5.8,1.3,0.8,0.3,1.5,0.4,1.7,1.2,5.7,-0.6,19.3,5,0,16.5,157,316,32,453,302,336,380,92,517,546,517,327,253,517,27,191,79,350,329,476,15,247,277,294,373,302,248,96,38,291,1,Yves Missi,Yves,1610612740,NOP,22.0,66,19,47,0.288,19.7,111.9,112.7,112.7,113.2,114.1,114.1,-1.3,-1.3,-1.3,0.087,1.56,17.6,0.128,0.147,0.137,11.3,11.3,0.544,0.556,0.122,0.126,101.45,100.7,83.91,100.7,0.087,2719,160,294,2.4,4.5,0.544,157,316,548,453,302,269,245,245,318,346,346,291,287,287,426,351,277,31,170,75,419,414,276,357,504,508,334,379,379,298,263,288,336,380,92,1,19.3,0.0,0.3333333333333333,0.6028912409844184,-0.0468912409844183,0.382857142857143,0.3293442852195423,36.1,2.4693877551020407,0.05782312925170068,0.013605442176870748,0.01020408163265306,0.3163265306122449,0.336734693877551,294,21.6,0.12009600000000002,0.20218181818181824,0.36100000000000004,28.2
1642258,Zaccharie Risacher,Zaccharie,1610612737,ATL,21.0,67,39,28,0.582,22.4,3.6,8.0,0.455,1.4,3.9,0.368,0.9,1.3,0.644,1.1,2.8,3.8,1.1,0.9,0.9,0.5,0.4,2.2,1.1,9.6,-0.2,19.3,0,0,18.8,147,118,205,198,235,214,206,296,177,181,193,326,289,480,180,228,218,375,311,177,138,210,146,315,224,282,249,284,38,246,1,Zaccharie Risacher,Zaccharie,1610612737,ATL,21.0,67,39,28,0.582,22.4,111.8,112.8,112.8,112.2,112.6,112.6,-0.4,0.2,0.2,0.068,1.31,10.7,0.044,0.121,0.081,8.2,8.2,0.544,0.557,0.168,0.173,105.97,105.34,87.78,105.34,0.07,3289,244,536,3.6,8.0,0.455,147,118,364,198,235,273,241,241,271,272,272,265,247,247,511,428,516,239,275,274,153,154,278,355,300,312,49,70,70,427,167,163,214,206,296,1,31.2,0.4875,0.1625,0.5616888542738543,-0.0046888542738542,0.3857142857142859,0.4696924155870652,41.9,14.514925373134329,0.1623134328358209,0.005597014925373134,0.08582089552238806,0.13246268656716417,0.07462686567164178,536,46.4,0.258448,0.43509764309764315,0.419,42.7
203897,Zach LaVine,Zach,1610612758,SAC,31.0,39,9,30,0.231,31.4,6.7,14.0,0.479,2.5,6.5,0.39,3.2,3.6,0.88,0.2,2.6,2.8,2.3,1.9,0.7,0.3,0.6,2.1,2.5,19.2,-7.9,27.0,0,0,28.7,368,432,172,507,59,58,56,216,44,48,121,66,75,81,530,253,329,206,88,255,312,111,185,119,53,566,128,284,38,103,1,Zach LaVine,Zach,1610612758,SAC,31.0,39,9,30,0.231,31.4,108.3,109.3,109.3,119.9,121.9,121.9,-11.6,-12.6,-12.6,0.111,1.2,11.5,0.006,0.083,0.044,9.6,9.6,0.569,0.614,0.234,0.24,101.71,100.47,83.72,100.47,0.096,2568,262,547,6.7,14.0,0.479,368,432,395,507,59,414,386,386,519,540,540,515,516,516,323,459,488,562,472,537,263,264,177,137,85,87,311,396,396,233,149,156,58,56,216,1,54.1,0.4642857142857143,0.2571428571428572,0.572727562510888,0.041272437489112,0.5485714285714285,0.6225411492960959,57.8,16.23765996343693,0.3930530164533821,0.016453382084095063,0.1773308957952468,0.1206581352833638,0.012797074954296161,547,73.3,0.45006199999999996,0.7576801346801346,0.578,66.8
1630192,Zeke Nnaji,Zeke,1610612743,DEN,25.0,52,38,14,0.731,12.0,1.4,2.9,0.47,0.3,1.0,0.259,0.7,0.8,0.773,0.6,2.0,2.6,0.6,0.5,0.3,0.5,0.3,1.4,0.8,3.7,-2.1,9.5,2,0,8.7,286,128,397,66,442,459,466,246,453,453,452,389,397,297,332,341,348,496,438,470,174,308,376,402,465,407,451,159,38,463,1,Zeke Nnaji,Zeke,1610612743,DEN,25.0,52,38,14,0.731,12.0,107.1,107.1,107.1,114.3,113.7,113.7,-7.1,-6.6,-6.6,0.069,1.07,12.8,0.053,0.147,0.103,11.9,11.9,0.517,0.558,0.136,0.141,99.08,99.34,82.78,99.34,0.07,1285,71,151,1.4,2.9,0.47,286,128,175,66,442,458,453,453,367,328,328,428,413,413,506,484,444,192,171,165,450,453,386,353,457,456,473,462,462,429,377,385,459,466,246,1,12.1,0.3448275862068966,0.2758620689655172,0.5878908559394249,-0.0298908559394248,0.3885714285714288,0.3858807146152658,38.7,11.112582781456954,0.039735099337748346,0.006622516556291391,0.06622516556291391,0.25165562913907286,0.08609271523178808,151,37.1,0.207018,0.34851515151515156,0.387,36.8
1630533,Ziaire Williams,Ziaire,1610612751,BKN,24.0,56,13,43,0.232,22.9,3.3,7.7,0.425,1.5,4.5,0.343,2.1,2.5,0.85,0.5,1.9,2.4,1.1,1.1,1.4,0.4,0.4,2.1,2.1,10.2,-5.0,18.9,0,0,18.7,247,384,51,505,224,245,215,400,149,141,279,121,136,132,366,356,380,380,248,46,227,277,187,155,205,526,255,284,38,247,1,Ziaire Williams,Ziaire,1610612751,BKN,24.0,56,13,43,0.232,22.9,101.9,103.1,103.1,111.9,113.2,113.2,-10.0,-10.1,-10.1,0.076,1.02,9.9,0.022,0.084,0.052,9.7,9.6,0.524,0.579,0.179,0.186,101.6,100.4,83.67,100.4,0.079,2675,184,433,3.3,7.7,0.425,247,384,527,505,224,536,514,514,257,301,301,482,481,481,477,494,536,437,464,485,271,268,359,264,249,248,325,405,405,360,231,216,245,215,400,1,33.3,0.5844155844155844,0.3246753246753247,0.5907942254278588,-0.0117942254278587,0.4485714285714284,0.4460628146388742,44.8,15.824480369515012,0.11316397228637413,0.020785219399538105,0.03926096997690531,0.14087759815242495,0.023094688221709007,433,47.3,0.27386699999999997,0.46105555555555555,0.44799999999999995,45.5
1629627,Zion Williamson,Zion,1610612740,NOP,25.0,62,22,40,0.355,29.7,7.8,13.0,0.6,0.0,0.1,0.25,5.4,7.5,0.716,2.0,3.7,5.7,3.2,2.0,1.0,0.5,1.3,2.3,5.2,21.0,-1.3,35.2,6,0,33.0,201,277,69,407,96,28,77,56,513,538,458,19,10,398,62,138,87,126,79,137,136,3,128,15,33,357,52,84,38,64,1,Zion Williamson,Zion,1610612740,NOP,25.0,62,22,40,0.355,29.7,112.4,113.0,113.0,115.0,114.9,114.9,-2.5,-1.9,-1.9,0.174,1.58,14.9,0.064,0.116,0.09,9.4,9.4,0.6,0.644,0.25,0.256,103.8,103.58,86.32,103.58,0.141,3970,484,807,7.8,13.0,0.6,201,277,508,407,96,241,237,237,401,383,383,313,297,297,175,337,379,151,303,229,252,248,97,75,64,65,148,158,158,47,39,71,28,77,56,1,61.4,0.0076923076923076,0.5769230769230769,0.6353995252375675,0.0086004747624325,0.6342857142857143,0.5138873682771415,58.6,3.12639405204461,0.09169764560099132,0.022304832713754646,0.01486988847583643,0.4721189591078067,0.09665427509293681,807,38.9,0.250516,0.4217441077441078,0.5860000000000001,50.4
