PLAYER_ID,PLAYER_NAME,NICKNAME_gen,TEAM_ID,TEAM_ABBREVIATION,AGE_gen,GP_gen,W_gen,L_gen,W_PCT_gen,MIN_gen,FGM_gen,FGA_gen,FG_PCT_gen,FG3M,FG3A,FG3_PCT,FTM,FTA,FT_PCT,OREB,DREB,REB,AST,TOV,STL,BLK,BLKA,PF,PFD,PTS,PLUS_MINUS,NBA_FANTASY_PTS,DD2,TD3,WNBA_FANTASY_PTS,GP_RANK_gen,W_RANK_gen,L_RANK_gen,W_PCT_RANK_gen,MIN_RANK_gen,FGM_RANK_gen,FGA_RANK_gen,FG_PCT_RANK_gen,FG3M_RANK,FG3A_RANK,FG3_PCT_RANK,FTM_RANK,FTA_RANK,FT_PCT_RANK,OREB_RANK,DREB_RANK,REB_RANK,AST_RANK,TOV_RANK,STL_RANK,BLK_RANK,BLKA_RANK,PF_RANK,PFD_RANK,PTS_RANK,PLUS_MINUS_RANK,NBA_FANTASY_PTS_RANK,DD2_RANK,TD3_RANK,WNBA_FANTASY_PTS_RANK,TEAM_COUNT_gen,NICKNAME_adv,AGE_adv,GP_adv,W_adv,L_adv,W_PCT_adv,MIN_adv,E_OFF_RATING,OFF_RATING,sp_work_OFF_RATING,E_DEF_RATING,DEF_RATING,sp_work_DEF_RATING,E_NET_RATING,NET_RATING,sp_work_NET_RATING,AST_PCT,AST_TO,AST_RATIO,OREB_PCT,DREB_PCT,REB_PCT,TM_TOV_PCT,E_TOV_PCT,EFG_PCT,TS_PCT,USG_PCT,E_USG_PCT,E_PACE,PACE,PACE_PER40,sp_work_PACE,PIE,POSS,FGM_adv,FGA_adv,FGM_PG,FGA_PG,FG_PCT_adv,GP_RANK_adv,W_RANK_adv,L_RANK_adv,W_PCT_RANK_adv,MIN_RANK_adv,E_OFF_RATING_RANK,OFF_RATING_RANK,sp_work_OFF_RATING_RANK,E_DEF_RATING_RANK,DEF_RATING_RANK,sp_work_DEF_RATING_RANK,E_NET_RATING_RANK,NET_RATING_RANK,sp_work_NET_RATING_RANK,AST_PCT_RANK,AST_TO_RANK,AST_RATIO_RANK,OREB_PCT_RANK,DREB_PCT_RANK,REB_PCT_RANK,TM_TOV_PCT_RANK,E_TOV_PCT_RANK,EFG_PCT_RANK,TS_PCT_RANK,USG_PCT_RANK,E_USG_PCT_RANK,E_PACE_RANK,PACE_RANK,sp_work_PACE_RANK,PIE_RANK,FGM_RANK_adv,FGA_RANK_adv,FGM_PG_RANK,FGA_PG_RANK,FG_PCT_RANK_adv,TEAM_COUNT_adv
1631260,AJ Green,AJ,1610612749,MIL,26.0,78,31,47,0.397,29.1,3.4,7.9,0.424,3.0,7.1,0.419,0.7,0.8,0.855,0.4,2.4,2.7,1.9,1.0,0.5,0.1,0.2,2.3,1.0,10.4,-1.9,17.4,0,0,19.2,28,188,32,387,109,237,211,403,18,28,59,377,415,124,452,282,337,245,279,373,464,439,121,335,201,398,292,284,38,231,1,AJ,26.0,78,31,47,0.397,29.1,112.1,113.1,113.1,115.9,116.7,116.7,-3.8,-3.6,-3.6,0.09,2.03,17.6,0.013,0.08,0.046,8.7,8.6,0.612,0.627,0.135,0.139,100.08,99.28,82.73,99.28,0.058,4704,262,618,3.4,7.9,0.424,28,188,548,387,109,262,229,229,436,442,442,348,343,343,417,199,287,530,488,531,182,180,87,109,467,467,415,467,467,497,149,129,237,211,403,1
203932,Aaron Gordon,Aaron,1610612743,DEN,30.0,36,27,9,0.75,27.9,5.5,11.1,0.497,1.7,4.4,0.389,3.5,4.5,0.767,1.4,4.4,5.8,2.7,1.1,0.6,0.3,0.4,1.7,3.4,16.2,7.6,28.7,4,0,28.1,384,225,455,46,129,101,119,168,128,151,123,54,52,309,115,82,82,162,246,325,295,254,274,66,88,12,113,114,38,111,1,Aaron,30.0,36,27,9,0.75,27.9,123.4,124.7,124.7,112.0,112.0,112.0,11.4,12.7,12.7,0.13,2.53,15.9,0.052,0.148,0.102,6.3,6.3,0.574,0.62,0.213,0.219,100.54,99.99,83.33,99.99,0.117,2096,198,398,5.5,11.1,0.497,384,225,116,46,129,14,9,9,261,248,248,35,32,32,266,118,334,202,165,168,70,70,158,123,133,134,394,426,426,104,215,229,101,119,168,1
1628988,Aaron Holiday,Aaron,1610612745,HOU,29.0,57,38,19,0.667,13.7,1.8,4.4,0.417,1.2,3.0,0.394,0.6,0.7,0.854,0.2,0.8,1.0,1.1,0.7,0.5,0.1,0.1,1.3,0.8,5.5,2.3,9.3,0,0,9.8,235,128,333,106,414,402,385,434,223,259,110,402,431,127,516,518,525,387,379,398,483,491,405,393,386,115,457,284,38,430,1,Aaron,29.0,57,38,19,0.667,13.7,114.8,114.6,114.6,106.4,106.3,106.3,8.4,8.3,8.3,0.105,1.58,16.3,0.016,0.054,0.035,10.4,10.3,0.55,0.578,0.159,0.166,99.54,99.63,83.02,99.63,0.063,1618,105,252,1.8,4.4,0.417,235,128,236,106,414,143,158,158,63,71,71,60,64,64,353,338,325,498,557,564,328,325,255,272,350,342,451,445,445,468,332,316,402,385,434,1
1630174,Aaron Nesmith,Aaron,1610612754,IND,26.0,45,10,35,0.222,29.7,4.7,11.4,0.414,2.3,6.2,0.379,2.0,2.5,0.829,1.1,3.1,4.2,1.9,1.4,0.6,0.5,0.8,2.8,2.6,13.8,-4.5,23.5,0,0,24.4,331,411,112,514,97,142,110,445,61,59,157,128,146,174,177,187,185,249,173,328,152,53,43,115,121,513,172,284,38,151,1,Aaron,26.0,45,10,35,0.222,29.7,109.9,111.1,111.1,116.9,118.4,118.4,-7.0,-7.3,-7.3,0.091,1.37,12.2,0.034,0.102,0.067,9.0,8.9,0.517,0.554,0.19,0.196,104.33,103.09,85.91,103.09,0.067,2871,212,512,4.7,11.4,0.414,331,411,459,514,97,360,312,312,465,490,490,425,425,425,410,414,468,318,359,367,204,197,385,363,203,206,119,193,193,448,203,177,142,110,445,1
1630598,Aaron Wiggins,Aaron,1610612760,OKC,27.0,65,50,15,0.769,21.8,3.6,8.2,0.431,1.5,4.2,0.356,0.8,1.1,0.736,0.6,2.4,3.1,1.7,1.2,0.9,0.4,0.4,1.3,0.9,9.4,2.7,18.4,0,0,18.3,166,32,382,34,250,220,197,381,163,167,235,340,338,365,335,273,293,277,212,150,187,222,402,373,227,97,269,284,38,257,1,Aaron,27.0,65,50,15,0.769,21.8,113.0,112.8,112.8,106.9,106.7,106.7,6.1,6.2,6.2,0.11,1.35,14.3,0.028,0.101,0.066,10.7,10.7,0.521,0.538,0.194,0.198,101.29,101.47,84.56,101.47,0.082,2986,231,536,3.6,8.2,0.431,166,32,187,34,250,213,240,240,72,80,80,94,96,96,329,418,395,382,365,375,353,361,371,412,190,199,343,320,320,340,183,163,220,197,381,1
1642846,Ace Bailey,Ace,1610612762,UTA,19.0,72,19,53,0.264,27.6,5.5,12.4,0.443,1.9,5.5,0.344,0.9,1.2,0.75,1.4,2.8,4.2,1.8,1.5,0.8,0.7,0.4,2.7,1.2,13.8,-6.2,24.6,1,0,24.7,84,316,12,479,137,102,87,340,102,82,275,317,314,333,109,234,182,260,157,199,105,236,49,299,122,543,157,201,38,143,1,Ace,19.0,72,19,53,0.264,27.6,109.5,109.8,109.8,119.8,120.4,120.4,-10.3,-10.7,-10.7,0.098,1.22,11.2,0.048,0.097,0.072,9.2,9.2,0.52,0.533,0.21,0.215,104.98,104.58,87.15,104.58,0.069,4337,395,892,5.5,12.4,0.443,84,316,568,479,137,377,367,367,514,523,523,491,491,491,380,450,502,216,381,335,222,222,376,424,145,147,84,99,99,436,67,54,102,87,340,1
1641737,Adem Bona,Adem,1610612755,PHI,23.0,71,41,30,0.577,17.4,1.8,3.1,0.595,0.0,0.1,0.333,1.1,1.6,0.708,1.8,2.5,4.3,0.5,0.8,0.4,1.2,0.4,2.2,1.4,4.8,-0.1,14.7,1,0,12.8,98,97,172,206,337,400,453,59,506,534,302,264,250,416,79,261,176,522,346,424,31,265,159,247,409,268,347,201,38,376,1,Adem,23.0,71,41,30,0.577,17.4,112.6,113.1,113.1,111.6,112.9,112.9,1.0,0.3,0.3,0.034,0.57,8.9,0.099,0.138,0.119,15.6,15.7,0.6,0.638,0.108,0.111,103.15,102.35,85.29,102.35,0.069,2625,131,220,1.8,3.1,0.595,98,97,395,206,337,233,228,228,242,282,282,227,244,244,567,548,545,69,207,114,541,541,98,81,539,541,196,245,245,437,298,338,400,453,59,1
1642349,Ajay Mitchell,Ajay,1610612760,OKC,23.0,57,50,7,0.877,25.8,5.0,10.4,0.485,1.1,3.1,0.347,2.5,2.8,0.87,0.7,2.6,3.3,3.6,1.4,1.2,0.3,0.5,2.1,2.6,13.6,8.8,26.3,1,0,24.7,235,32,475,5,172,126,134,197,251,245,268,95,118,98,314,245,264,97,169,59,265,207,180,104,129,6,138,201,38,144,1,Ajay,23.0,57,50,7,0.877,25.8,118.4,118.2,118.2,102.6,102.5,102.5,15.8,15.6,15.6,0.194,2.54,21.8,0.027,0.093,0.062,8.6,8.5,0.536,0.585,0.21,0.217,102.33,102.48,85.4,102.48,0.116,3149,286,590,5.0,10.4,0.485,235,32,99,5,172,48,70,70,27,32,32,18,22,22,147,115,162,392,413,409,178,177,306,242,143,142,264,233,233,113,131,142,126,134,197,1
201143,Al Horford,Al,1610612744,GSW,39.0,45,22,23,0.489,21.5,3.1,7.2,0.426,1.6,4.6,0.361,0.5,0.6,0.846,1.0,3.9,4.9,2.6,0.9,0.7,1.1,0.2,1.1,0.5,8.3,-0.2,22.4,0,0,21.0,331,277,275,334,255,272,242,394,138,135,219,441,462,136,206,119,147,177,286,276,32,464,437,485,271,277,188,284,38,204,1,Al,39.0,45,22,23,0.489,21.5,112.7,112.7,112.7,114.0,113.5,113.5,-1.3,-0.9,-0.9,0.171,2.76,23.5,0.043,0.184,0.111,8.5,8.5,0.54,0.554,0.163,0.168,100.89,101.08,84.24,101.08,0.104,2045,138,324,3.1,7.2,0.426,331,277,289,334,255,228,249,249,358,316,316,293,276,276,182,86,139,244,82,140,173,175,289,360,330,332,372,351,351,185,286,269,272,242,394,1
1627936,Alex Caruso,Alex,1610612760,OKC,32.0,56,47,9,0.839,18.2,2.3,5.4,0.423,0.9,3.2,0.293,0.7,0.9,0.804,0.5,2.3,2.8,2.0,0.9,1.3,0.3,0.2,1.2,1.0,6.2,6.8,16.4,0,0,15.1,247,44,455,9,327,357,334,405,286,230,422,364,381,221,379,295,330,242,315,54,275,403,417,356,349,22,310,284,38,324,1,Alex,32.0,56,47,9,0.839,18.2,117.8,116.9,116.9,99.4,99.3,99.3,18.4,17.6,17.6,0.145,2.29,22.8,0.028,0.113,0.073,10.0,10.0,0.512,0.54,0.152,0.157,102.28,102.74,85.62,102.74,0.093,2183,127,300,2.3,5.4,0.423,247,44,116,9,327,64,105,105,16,18,18,12,16,16,237,155,146,388,315,331,288,293,397,407,383,385,269,212,212,245,301,283,357,334,405,1
1642259,Alex Sarr,Alex,1610612764,WAS,21.0,48,11,37,0.229,27.2,6.6,13.7,0.482,1.0,3.1,0.333,2.1,3.0,0.692,2.2,5.2,7.4,2.7,1.7,0.8,2.0,1.3,2.2,2.6,16.3,-7.3,35.9,12,0,33.0,310,406,93,510,145,60,62,206,257,241,302,122,102,437,51,47,45,160,121,204,2,6,148,106,86,557,47,47,38,62,1,Alex,21.0,48,11,37,0.229,27.2,107.5,108.0,108.0,118.9,120.4,120.4,-11.4,-12.4,-12.4,0.161,1.59,14.0,0.073,0.179,0.126,8.8,8.8,0.52,0.544,0.252,0.258,104.26,103.35,86.12,103.35,0.121,2808,316,656,6.6,13.7,0.482,310,406,482,510,145,445,421,421,502,520,520,512,513,513,202,333,410,116,97,94,191,193,375,393,59,62,127,170,170,97,114,113,60,62,206,1
1630578,Alperen Sengun,Alperen,1610612745,HOU,23.0,72,46,26,0.639,33.3,8.1,15.6,0.519,0.6,1.8,0.305,3.6,5.2,0.691,3.0,5.9,8.9,6.2,3.2,1.2,1.1,0.9,3.3,5.1,20.4,2.8,43.9,34,4,40.5,84,52,232,140,32,23,39,119,380,373,397,50,39,438,22,28,22,25,16,73,38,42,15,18,39,92,16,9,7,22,1,Alperen,23.0,72,46,26,0.639,33.3,115.5,117.1,117.1,113.7,113.7,113.7,1.9,3.4,3.4,0.282,1.96,22.8,0.089,0.177,0.133,11.6,11.6,0.537,0.569,0.259,0.266,98.68,98.02,81.69,98.02,0.142,4914,583,1123,8.1,15.6,0.519,84,52,338,140,32,122,95,95,338,325,325,201,159,159,53,227,148,85,99,83,433,433,303,312,51,53,498,526,526,42,14,25,23,39,119,1
1641708,Amen Thompson,Amen,1610612745,HOU,23.0,79,49,30,0.62,37.4,7.1,13.2,0.534,0.3,1.5,0.216,3.8,4.9,0.779,3.0,4.8,7.8,5.3,2.4,1.5,0.6,0.9,2.2,3.7,18.3,4.7,39.5,20,0,35.9,25,37,172,160,2,46,71,99,438,407,483,45,44,281,23,65,35,45,52,24,126,44,140,48,60,49,35,21,38,41,1,Amen,23.0,79,49,30,0.62,37.4,116.3,117.0,117.0,110.0,110.4,110.4,6.4,6.6,6.6,0.202,2.21,23.1,0.078,0.123,0.101,10.4,10.4,0.545,0.594,0.195,0.201,98.89,98.4,82.0,98.4,0.128,6040,557,1044,7.1,13.2,0.534,25,37,395,160,2,98,98,98,159,174,174,88,85,85,136,169,143,107,268,173,334,332,272,212,188,189,485,506,506,78,20,35,46,71,99,1
203083,Andre Drummond,Andre,1610612755,PHI,32.0,63,33,30,0.524,19.5,2.5,5.3,0.472,0.5,1.4,0.356,0.8,1.3,0.631,3.2,5.3,8.4,1.3,1.0,0.6,0.8,0.3,2.0,1.3,6.4,-1.4,21.6,17,0,19.4,194,175,172,284,305,326,335,239,391,412,235,334,290,491,15,45,27,351,278,316,80,296,213,263,343,359,207,30,38,226,1,Andre,32.0,63,33,30,0.524,19.5,109.8,110.3,110.3,112.7,113.6,113.6,-2.9,-3.2,-3.2,0.09,1.31,15.5,0.145,0.264,0.202,11.8,11.8,0.519,0.539,0.143,0.147,101.19,100.54,83.79,100.54,0.113,2577,159,337,2.5,5.3,0.472,194,175,395,284,305,365,343,343,293,319,319,323,332,332,418,427,346,15,10,7,447,446,378,410,415,427,347,390,390,128,264,262,326,335,239,1
1629614,Andrew Nembhard,Andrew,1610612754,IND,26.0,57,13,44,0.228,31.3,5.8,13.2,0.442,1.9,5.2,0.361,3.4,4.1,0.825,0.4,2.4,2.8,7.7,2.4,0.9,0.1,0.7,2.2,3.3,16.9,-6.9,32.5,13,0,31.4,235,384,43,511,60,82,72,342,108,102,218,57,58,187,413,280,324,9,53,166,430,96,141,70,76,550,76,42,38,76,1,Andrew,26.0,57,13,44,0.228,31.3,108.9,109.3,109.3,118.2,119.3,119.3,-9.2,-10.0,-10.0,0.37,3.19,30.6,0.013,0.075,0.044,9.6,9.6,0.513,0.564,0.233,0.239,102.94,102.27,85.23,102.27,0.111,3799,333,753,5.8,13.2,0.442,235,384,533,511,60,393,383,383,493,504,504,466,478,478,13,49,42,520,508,541,265,265,396,330,87,88,213,253,253,141,100,85,82,72,342,1
203952,Andrew Wiggins,Andrew,1610612748,MIA,31.0,68,35,33,0.515,30.3,5.7,12.1,0.475,2.0,4.9,0.414,1.9,2.4,0.784,1.7,3.1,4.8,2.7,1.5,1.1,1.0,0.6,2.3,1.9,15.4,0.1,30.1,2,0,29.2,135,162,135,290,82,87,92,229,81,116,63,148,157,270,83,182,148,161,148,87,40,124,122,180,93,241,99,159,38,97,1,Andrew,31.0,68,35,33,0.515,30.3,112.9,113.7,113.7,112.8,113.9,113.9,0.1,-0.1,-0.1,0.123,1.77,15.5,0.051,0.098,0.074,8.8,8.7,0.559,0.586,0.194,0.199,105.86,104.97,87.47,104.97,0.092,4517,390,821,5.7,12.1,0.475,135,162,435,290,82,216,198,198,298,336,336,246,262,262,287,277,348,205,378,318,188,189,213,240,192,196,52,82,82,257,73,66,87,92,229,1
1629014,Anfernee Simons,Anfernee,1610612741,CHI,26.0,55,31,24,0.564,24.9,5.2,11.8,0.44,2.7,6.9,0.385,1.3,1.4,0.896,0.6,1.9,2.5,2.4,1.2,0.5,0.1,0.5,1.7,1.1,14.3,1.8,21.5,0,0,23.1,258,188,258,227,191,121,98,349,36,34,137,237,282,59,354,351,375,193,214,392,422,176,278,317,109,134,208,284,38,165,2,Anfernee,26.0,55,31,24,0.564,24.9,114.7,116.9,116.9,113.4,114.0,114.0,1.3,3.0,3.0,0.151,1.97,15.3,0.021,0.075,0.047,7.7,7.7,0.552,0.576,0.227,0.234,98.64,97.42,81.18,97.42,0.096,2791,285,648,5.2,11.8,0.44,258,188,309,227,191,145,101,101,326,340,340,216,176,176,226,224,365,454,509,528,125,123,242,279,98,100,499,554,554,231,133,117,121,98,349,2
1641710,Anthony Black,Anthony,1610612753,ORL,22.0,64,36,28,0.563,29.8,5.4,12.1,0.447,1.6,4.7,0.333,2.6,3.6,0.732,0.7,3.1,3.8,3.7,2.1,1.4,0.7,0.8,2.7,2.9,15.0,-0.2,29.4,2,0,28.3,180,151,205,229,93,107,93,325,143,126,302,87,76,375,299,188,220,92,76,36,98,46,54,80,101,280,106,159,38,107,1,Anthony,22.0,64,36,28,0.563,29.8,112.4,113.3,113.3,111.7,113.1,113.1,0.6,0.2,0.2,0.185,1.79,19.1,0.024,0.101,0.062,10.7,10.6,0.512,0.549,0.219,0.226,102.06,101.05,84.21,101.05,0.09,4012,345,772,5.4,12.1,0.447,180,151,364,229,93,248,219,219,250,298,298,238,248,248,160,273,235,427,364,403,356,351,398,376,120,119,283,352,352,271,90,81,107,93,325,1
203076,Anthony Davis,Anthony,1610612764,WAS,33.0,20,10,10,0.5,31.3,8.5,16.7,0.506,0.5,1.9,0.27,3.0,4.1,0.728,3.1,8.0,11.1,2.8,2.1,1.1,1.7,0.7,2.1,4.4,20.4,-2.5,44.0,13,0,40.2,449,411,440,303,63,21,27,145,393,366,444,73,63,381,18,8,8,150,77,95,9,88,173,33,40,423,13,42,38,24,1,Anthony,33.0,20,10,10,0.5,31.3,108.7,110.0,110.0,113.0,114.6,114.6,-4.3,-4.6,-4.6,0.14,1.37,12.1,0.099,0.24,0.172,8.9,8.8,0.521,0.551,0.272,0.28,102.59,101.27,84.39,101.27,0.151,1325,169,334,8.5,16.7,0.506,449,411,129,303,63,402,364,364,309,366,366,354,375,375,245,413,473,70,22,32,195,192,367,371,34,33,242,335,335,28,250,263,21,27,145,1
1630162,Anthony Edwards,Anthony,1610612750,MIN,24.0,61,37,24,0.607,35.0,9.9,20.2,0.489,3.4,8.4,0.399,5.7,7.2,0.796,0.6,4.4,5.0,3.7,2.9,1.4,0.8,0.5,1.9,4.5,28.8,2.7,43.9,2,0,45.1,210,136,258,170,10,7,4,187,6,11,99,17,14,237,343,85,141,90,26,44,74,198,226,29,3,100,15,159,38,10,1,Anthony,24.0,61,37,24,0.607,35.0,116.5,117.8,117.8,112.8,114.3,114.3,3.7,3.5,3.5,0.174,1.3,12.4,0.017,0.12,0.069,9.6,9.5,0.572,0.617,0.309,0.316,102.77,101.5,84.58,101.5,0.145,4520,602,1231,9.9,20.2,0.489,210,136,309,170,10,94,82,82,302,358,358,158,155,155,176,430,456,493,282,355,264,261,167,128,14,13,226,314,314,36,12,12,7,4,187,1
1630264,Anthony Gill,Anthony,1610612764,WAS,33.0,55,6,49,0.109,17.3,2.5,3.9,0.628,0.3,0.9,0.354,0.6,0.8,0.739,1.1,1.8,2.9,1.3,0.7,0.6,0.4,0.4,1.6,1.1,5.8,-5.3,13.3,0,0,12.2,258,461,19,561,342,334,410,37,441,470,242,400,402,362,182,365,319,353,387,340,222,237,312,330,364,532,371,284,38,384,1,Anthony,33.0,55,6,49,0.109,17.3,107.2,107.0,107.0,121.3,121.4,121.4,-14.1,-14.4,-14.4,0.101,1.92,20.4,0.059,0.112,0.084,10.6,10.6,0.667,0.682,0.116,0.121,104.09,104.11,86.76,104.11,0.08,2064,135,215,2.5,3.9,0.628,258,461,559,561,342,454,454,454,532,537,537,532,536,536,371,239,200,162,320,254,346,345,30,35,521,521,136,121,121,350,290,341,334,410,37,1
1641709,Ausar Thompson,Ausar,1610612765,DET,23.0,73,53,20,0.726,26.0,4.2,7.9,0.525,0.1,0.3,0.25,1.5,2.6,0.571,2.1,3.7,5.7,3.1,1.5,2.0,0.9,0.6,2.7,2.1,9.9,5.4,28.8,3,0,24.7,78,19,322,69,170,180,212,108,495,513,458,198,134,514,58,139,85,130,149,4,52,139,45,150,219,37,111,128,38,145,1,Ausar,23.0,73,53,20,0.726,26.0,118.0,118.8,118.8,106.1,107.2,107.2,11.9,11.6,11.6,0.155,2.07,22.8,0.08,0.135,0.108,11.0,11.0,0.53,0.545,0.168,0.171,101.7,100.86,84.05,100.86,0.101,3955,303,577,4.2,7.9,0.525,78,19,251,69,170,57,61,61,60,89,89,32,42,42,215,186,149,99,223,147,386,388,334,388,305,319,312,368,368,202,122,147,180,212,108,1
1630559,Austin Reaves,Austin,1610612747,LAL,27.0,51,36,15,0.706,34.5,7.3,14.9,0.49,2.3,6.4,0.36,6.3,7.3,0.871,0.6,4.1,4.7,5.5,3.0,1.1,0.4,0.7,2.2,5.4,23.3,3.6,38.7,6,0,38.8,291,151,382,82,16,38,47,185,62,51,223,10,13,97,328,103,155,38,21,96,212,78,157,14,24,70,37,84,38,31,1,Austin,27.0,51,36,15,0.706,34.5,116.5,117.3,117.3,111.5,112.3,112.3,5.0,5.0,5.0,0.237,1.85,20.9,0.02,0.117,0.071,11.3,11.1,0.567,0.641,0.258,0.267,101.11,100.41,83.67,100.41,0.137,3684,373,762,7.3,14.9,0.49,291,151,187,82,16,92,88,88,241,262,262,120,120,120,90,253,186,456,297,342,409,401,186,77,54,50,356,403,403,56,80,82,38,47,185,1
1630245,Ayo Dosunmu,Ayo,1610612750,MIN,26.0,69,36,33,0.522,27.3,5.6,10.8,0.517,1.8,4.1,0.439,1.8,2.1,0.876,0.7,2.8,3.4,3.6,1.4,0.8,0.3,0.8,1.9,1.5,14.8,-1.0,26.3,2,1,25.8,118,151,135,287,140,96,124,121,118,175,35,151,182,86,318,232,254,98,176,198,306,47,236,232,104,333,139,159,23,129,2,Ayo,26.0,69,36,33,0.522,27.3,111.0,111.7,111.7,112.5,113.2,113.2,-1.5,-1.5,-1.5,0.202,2.59,21.7,0.024,0.093,0.059,8.4,8.3,0.599,0.63,0.197,0.204,103.78,103.16,85.96,103.16,0.114,4040,386,747,5.6,10.8,0.517,118,151,435,287,140,308,287,287,282,300,300,296,289,289,137,111,165,424,410,425,165,162,108,100,178,178,149,189,189,123,75,88,96,124,121,2
1628389,Bam Adebayo,Bam,1610612748,MIA,28.0,73,37,36,0.507,32.4,6.9,15.7,0.442,1.7,5.5,0.318,4.5,5.8,0.778,2.0,8.0,10.0,3.2,1.6,1.2,0.7,0.5,1.7,4.6,20.1,4.5,40.8,35,0,38.8,78,136,102,301,45,52,37,343,124,86,369,36,30,284,60,7,15,129,130,75,109,177,292,26,43,51,25,8,38,32,1,Bam,28.0,73,37,36,0.507,32.4,116.3,117.1,117.1,110.3,111.0,111.0,6.0,6.1,6.1,0.142,1.93,13.8,0.059,0.236,0.146,7.1,7.1,0.497,0.551,0.248,0.254,104.63,103.89,86.57,103.89,0.138,5127,506,1145,6.9,15.7,0.442,78,136,472,301,45,100,94,94,171,210,210,95,101,101,243,234,416,168,24,60,92,94,439,370,67,69,101,133,133,53,31,23,52,37,343,1
1631248,Baylor Scheierman,Baylor,1610612738,BOS,25.0,77,54,23,0.701,18.6,2.0,4.3,0.453,1.3,3.2,0.399,0.4,0.4,0.903,0.7,2.8,3.5,1.5,0.6,0.5,0.1,0.1,1.4,0.9,5.5,2.6,13.3,4,0,13.1,37,13,275,83,318,389,387,301,205,239,97,478,503,49,297,233,244,302,406,355,490,528,369,360,381,107,372,114,38,368,1,Baylor,25.0,77,54,23,0.701,18.6,115.4,116.3,116.3,109.5,109.0,109.0,5.9,7.3,7.3,0.108,2.52,22.8,0.038,0.138,0.089,9.0,9.0,0.599,0.616,0.117,0.121,96.92,96.77,80.64,96.77,0.085,2877,151,333,2.0,4.3,0.453,37,13,289,83,318,128,111,111,135,130,130,99,78,78,338,119,147,290,203,237,209,208,107,131,517,522,554,564,564,315,270,265,389,387,301,1
1642879,Ben Saraf,Ben,1610612751,BKN,20.0,44,10,34,0.227,20.8,2.7,6.9,0.396,0.4,2.0,0.211,1.7,2.0,0.83,0.5,1.6,2.1,3.3,2.3,0.9,0.2,1.1,1.8,1.6,7.5,-5.4,15.9,0,0,15.5,336,411,125,513,272,306,252,486,411,344,486,177,189,171,406,399,412,119,64,184,382,19,250,218,300,535,325,284,38,318,1,Ben,20.0,44,10,34,0.227,20.8,102.4,103.6,103.6,115.6,116.0,116.0,-13.3,-12.5,-12.5,0.244,1.46,24.7,0.021,0.085,0.052,16.9,16.9,0.427,0.486,0.202,0.207,100.87,100.13,83.44,100.13,0.06,1912,120,303,2.7,6.9,0.396,336,411,449,513,272,530,506,506,428,426,426,530,515,515,86,387,118,449,452,486,552,551,531,507,160,162,375,421,421,488,313,281,306,252,486,1
1641767,Ben Sheppard,Ben,1610612754,IND,24.0,65,16,49,0.246,21.4,2.6,6.0,0.434,1.3,3.6,0.362,0.6,0.8,0.765,0.7,2.3,3.0,1.8,0.6,0.6,0.1,0.4,1.8,0.7,7.1,-4.1,14.7,0,0,14.5,166,348,19,495,259,319,305,374,197,202,214,405,419,315,325,286,301,270,394,317,476,256,264,432,322,502,346,284,38,340,1,Ben,24.0,65,16,49,0.246,21.4,107.3,107.1,107.1,115.7,116.0,116.0,-8.3,-8.8,-8.8,0.112,2.78,20.2,0.028,0.106,0.065,7.3,7.3,0.543,0.561,0.131,0.136,104.26,104.23,86.86,104.23,0.066,3019,168,387,2.6,6.0,0.434,166,348,559,495,259,449,451,451,429,423,423,449,456,456,320,85,202,387,345,379,99,100,282,347,482,479,126,116,116,456,252,237,319,305,374,1
1631097,Bennedict Mathurin,Bennedict,1610612746,LAC,23.0,54,22,32,0.407,30.0,5.4,12.5,0.43,1.4,4.4,0.315,5.4,6.2,0.869,1.0,4.4,5.4,2.4,2.2,0.8,0.2,0.6,2.5,4.4,17.6,-2.7,28.6,3,0,28.9,266,277,149,380,89,108,82,384,181,147,378,18,21,100,191,81,108,196,69,214,327,131,75,30,66,440,114,128,38,100,2,Bennedict,23.0,54,22,32,0.407,30.0,111.0,111.4,111.4,114.3,115.3,115.3,-3.3,-3.9,-3.9,0.123,1.09,12.1,0.034,0.142,0.088,11.0,11.0,0.485,0.575,0.246,0.253,101.78,101.15,84.3,101.15,0.105,3408,291,677,5.4,12.5,0.43,266,277,424,380,89,307,302,302,371,401,401,335,353,353,289,479,475,316,187,238,390,387,462,280,70,71,308,345,345,178,127,104,108,82,384,2
1641731,Bilal Coulibaly,Bilal,1610612764,WAS,21.0,56,14,42,0.25,26.2,4.1,9.7,0.425,1.2,3.6,0.319,2.4,3.2,0.746,0.9,3.5,4.3,2.6,1.4,1.3,1.0,0.6,2.3,2.4,11.7,-7.4,26.3,0,0,24.4,247,374,57,485,164,186,148,398,227,196,364,105,98,352,242,148,175,173,163,48,49,147,112,127,171,558,136,284,38,149,1,Bilal,21.0,56,14,42,0.25,26.2,107.2,108.5,108.5,119.9,121.2,121.2,-12.8,-12.8,-12.8,0.137,1.79,17.1,0.03,0.128,0.077,9.6,9.6,0.485,0.531,0.193,0.197,105.64,104.43,87.03,104.43,0.082,3190,230,541,4.1,9.7,0.425,247,374,523,485,164,455,407,407,518,533,533,523,518,518,251,272,301,367,246,292,262,266,463,433,193,204,58,105,105,336,184,161,186,148,398,1
1626171,Bobby Portis,Bobby,1610612749,MIL,31.0,67,26,41,0.388,24.2,5.5,11.2,0.488,2.0,4.4,0.456,0.7,1.0,0.706,1.3,5.1,6.4,1.6,1.0,0.6,0.2,0.3,1.6,1.0,13.7,-4.0,25.1,11,0,25.2,147,231,61,395,203,104,114,190,85,145,28,366,358,417,129,52,68,297,274,309,385,307,301,340,125,494,152,53,38,135,1,Bobby,31.0,67,26,41,0.388,24.2,110.5,110.2,110.2,117.1,118.4,118.4,-6.6,-8.2,-8.2,0.103,1.59,11.1,0.055,0.198,0.129,6.9,6.9,0.578,0.587,0.225,0.233,99.18,98.78,82.32,98.78,0.122,3336,366,750,5.5,11.2,0.488,147,231,515,395,203,334,351,351,471,489,489,413,443,443,364,328,509,180,60,89,82,83,150,235,105,103,467,487,487,91,82,86,104,114,190,1
203992,Bogdan Bogdanović,Bogdan,1610612746,LAC,33.0,23,8,15,0.348,19.7,2.6,6.6,0.388,1.4,4.1,0.347,0.9,1.1,0.8,0.3,2.3,2.6,2.2,1.2,0.4,0.1,0.3,2.0,1.2,7.4,-1.3,14.4,0,0,14.8,436,440,382,412,301,323,267,499,174,170,263,323,342,229,499,290,353,213,225,418,438,321,203,301,305,351,353,284,38,334,1,Bogdan,33.0,23,8,15,0.348,19.7,108.9,109.1,109.1,112.5,113.5,113.5,-3.5,-4.4,-4.4,0.184,1.89,21.1,0.014,0.112,0.066,11.2,11.2,0.497,0.525,0.185,0.191,97.16,96.68,80.56,96.68,0.069,915,59,152,2.6,6.6,0.388,436,440,187,412,301,391,394,394,279,310,310,345,367,367,161,246,183,512,317,378,406,407,441,450,218,220,549,567,567,438,396,383,323,267,499,1
1630538,Bones Hyland,Bones,1610612750,MIN,25.0,71,42,29,0.592,16.6,3.0,6.6,0.453,1.6,4.2,0.388,0.9,1.2,0.78,0.3,1.5,1.8,2.6,1.0,0.6,0.2,0.4,1.7,1.1,8.5,1.7,16.2,0,0,16.3,98,87,189,190,358,289,273,304,139,160,127,320,328,278,477,418,445,168,273,307,329,233,286,324,260,137,311,284,38,294,1,Bones,25.0,71,42,29,0.592,16.6,113.2,113.8,113.8,108.4,108.6,108.6,4.8,5.2,5.2,0.222,2.69,24.8,0.018,0.085,0.051,9.2,9.2,0.577,0.599,0.197,0.203,103.19,102.82,85.68,102.82,0.101,2518,212,468,3.0,6.6,0.453,98,87,379,190,358,207,196,196,110,118,118,122,116,116,107,101,117,482,454,490,226,226,152,191,176,181,192,208,208,199,203,199,289,273,304,1
1641764,Brandin Podziemski,Brandin,1610612744,GSW,23.0,82,37,45,0.451,28.4,4.8,10.6,0.455,1.9,5.0,0.371,2.3,2.9,0.797,0.9,4.2,5.1,3.7,1.6,1.1,0.2,0.4,1.7,2.8,13.8,0.2,27.7,5,0,27.0,1,136,36,358,119,137,129,297,110,111,184,106,108,234,233,94,129,88,135,103,380,281,297,86,120,235,123,96,38,118,1,Brandin,23.0,82,37,45,0.451,28.4,109.8,110.3,110.3,111.1,110.4,110.4,-1.2,-0.1,-0.1,0.198,2.32,21.6,0.029,0.147,0.087,9.3,9.3,0.543,0.583,0.196,0.202,101.18,101.31,84.43,101.31,0.114,4933,394,866,4.8,10.6,0.455,1,136,541,358,119,362,345,345,213,172,172,290,261,261,142,147,170,373,169,245,236,239,279,249,183,183,348,333,333,125,68,59,137,129,297,1
1627742,Brandon Ingram,Brandon,1610612761,TOR,28.0,77,43,34,0.558,33.8,8.0,16.7,0.477,1.8,4.6,0.382,3.8,4.6,0.82,0.8,4.8,5.6,3.7,2.4,0.8,0.7,0.9,1.9,3.6,21.5,0.6,35.7,2,0,35.5,37,75,125,234,22,25,26,221,120,133,150,47,49,199,256,67,95,91,50,233,97,41,229,53,30,211,49,159,38,43,1,Brandon,28.0,77,43,34,0.558,33.8,112.8,114.6,114.6,112.1,113.7,113.7,0.8,1.0,1.0,0.169,1.52,14.9,0.024,0.144,0.083,9.8,9.8,0.529,0.573,0.264,0.27,100.38,98.87,82.39,98.87,0.121,5360,614,1288,8.0,16.7,0.477,37,75,449,234,22,217,159,159,264,326,326,231,228,228,186,368,378,423,181,265,278,274,341,297,42,45,401,485,485,96,11,9,25,26,221,1
1641706,Brandon Miller,Brandon,1610612766,CHA,23.0,65,41,24,0.631,30.3,7.0,16.1,0.435,3.1,8.2,0.383,3.1,3.4,0.892,1.1,3.8,4.9,3.3,2.5,1.0,0.7,0.5,2.8,2.7,20.2,5.7,33.6,3,0,34.9,166,97,258,148,84,50,32,366,13,13,149,69,81,67,176,126,144,112,42,118,107,197,42,95,42,34,67,128,38,45,1,Brandon,23.0,65,41,24,0.631,30.3,116.5,119.8,119.8,110.4,111.3,111.3,6.1,8.5,8.5,0.173,1.33,14.3,0.034,0.122,0.078,10.8,10.7,0.533,0.574,0.272,0.279,100.26,98.44,82.03,98.44,0.113,4049,454,1044,7.0,16.1,0.435,166,97,309,148,84,93,42,42,180,221,221,91,62,62,178,424,396,311,270,291,363,363,323,286,35,34,409,503,503,131,45,35,50,32,366,1
1630314,Brandon Williams,Brandon,1610612742,DAL,26.0,66,23,43,0.348,22.2,4.4,9.3,0.472,0.5,2.3,0.232,3.7,4.6,0.793,0.5,2.4,2.9,3.9,1.9,0.9,0.3,0.8,1.6,3.6,13.0,-2.2,24.1,1,0,22.8,157,268,51,411,239,155,158,240,382,317,477,49,50,246,406,271,317,78,89,146,276,49,324,54,140,410,162,201,38,173,1,Brandon,26.0,66,23,43,0.348,22.2,110.5,111.2,111.2,116.2,115.6,115.6,-5.7,-4.4,-4.4,0.256,2.05,22.5,0.019,0.105,0.062,11.0,11.0,0.501,0.572,0.242,0.247,105.56,105.52,87.94,105.52,0.115,3215,291,617,4.4,9.3,0.472,157,268,527,411,239,333,310,310,447,411,411,390,370,370,76,192,152,465,350,406,387,391,427,301,77,78,60,64,64,119,127,131,155,158,240,1
1641729,Brice Sensabaugh,Brice,1610612762,UTA,22.0,75,18,57,0.24,23.5,5.3,11.4,0.46,2.2,5.9,0.367,2.2,2.7,0.826,0.7,2.3,3.1,1.9,1.7,0.7,0.2,0.7,1.9,2.0,14.9,-5.1,22.4,0,0,23.8,60,325,5,499,216,118,106,277,69,70,199,115,129,186,293,287,292,250,129,253,408,106,231,156,102,527,190,284,38,157,1,Brice,22.0,75,18,57,0.24,23.5,111.3,111.4,111.4,120.8,120.8,120.8,-9.5,-9.4,-9.4,0.124,1.15,11.9,0.03,0.097,0.063,10.3,10.2,0.554,0.59,0.244,0.251,105.1,105.02,87.52,105.02,0.09,3848,394,857,5.3,11.4,0.46,60,325,577,499,216,298,303,303,528,529,529,470,466,466,282,469,480,352,382,394,317,313,233,223,74,73,77,80,80,273,68,62,118,106,277,1
201572,Brook Lopez,Brook,1610612746,LAC,38.0,75,41,34,0.547,21.8,3.1,7.2,0.428,1.5,4.2,0.36,0.7,1.0,0.757,0.6,3.0,3.6,1.3,0.8,0.6,1.2,0.3,2.1,1.3,8.5,0.6,19.2,1,0,18.4,60,97,125,256,249,269,240,390,151,159,225,360,371,328,336,198,231,347,332,317,30,371,190,280,263,210,251,201,38,252,1,Brook,38.0,75,41,34,0.547,21.8,114.1,113.9,113.9,111.8,112.7,112.7,2.3,1.2,1.2,0.087,1.59,13.3,0.03,0.135,0.085,8.4,8.3,0.533,0.552,0.171,0.176,98.08,97.8,81.5,97.8,0.076,3333,232,542,3.1,7.2,0.428,60,97,449,256,249,169,190,190,254,274,274,190,224,224,428,329,429,353,215,251,164,163,321,368,286,298,522,536,536,382,180,160,269,240,390,1
1628971,Bruce Brown,Bruce,1610612743,DEN,29.0,82,54,28,0.659,24.4,3.0,6.4,0.475,0.7,1.8,0.385,1.2,1.5,0.762,1.0,2.8,3.9,2.1,1.1,1.0,0.2,0.5,2.4,1.2,7.9,-0.9,18.5,1,0,17.2,1,13,205,124,198,277,287,227,342,374,139,253,255,319,187,223,213,222,237,112,323,173,100,298,288,328,267,201,38,276,1,Bruce,29.0,82,54,28,0.659,24.4,114.4,114.2,114.2,114.6,115.2,115.2,-0.2,-1.0,-1.0,0.121,1.91,20.6,0.043,0.109,0.077,10.8,10.8,0.53,0.562,0.142,0.147,100.37,100.24,83.53,100.24,0.069,4157,248,522,3.0,6.4,0.475,1,13,364,124,198,155,179,179,387,392,392,254,280,280,298,241,192,245,328,294,369,375,337,341,425,432,403,420,420,434,163,171,277,287,227,1
1631121,Bryce McGowens,Bryce,1610612740,NOP,23.0,42,14,28,0.333,21.0,2.7,5.6,0.481,0.9,2.2,0.409,1.8,2.3,0.779,0.3,1.8,2.1,1.5,0.4,0.6,0.2,0.5,2.1,2.0,8.1,-1.7,14.9,0,0,14.2,348,374,205,419,269,308,321,208,294,326,75,162,167,283,488,373,411,311,486,292,370,178,175,159,281,386,341,284,38,345,1,Bryce,23.0,42,14,28,0.333,21.0,114.3,115.3,115.3,118.0,118.9,118.9,-3.7,-3.6,-3.6,0.091,3.65,17.3,0.013,0.082,0.047,4.7,4.8,0.561,0.61,0.136,0.139,104.31,103.45,86.21,103.45,0.067,1896,114,237,2.7,5.6,0.481,348,374,364,419,269,159,138,138,488,496,496,347,347,347,411,29,294,526,478,520,38,38,200,152,459,463,123,166,166,453,321,326,308,321,208,1
1642267,Bub Carrington,Bub,1610612764,WAS,20.0,82,17,65,0.207,27.7,3.8,9.0,0.424,2.1,5.0,0.408,1.0,1.4,0.73,0.4,3.0,3.4,4.6,2.3,0.6,0.2,0.2,2.2,1.4,10.7,-9.1,21.9,0,0,22.5,1,334,1,523,134,198,169,404,76,109,77,299,288,379,430,207,260,61,59,299,354,385,134,255,194,571,205,284,38,177,1,Bub,20.0,82,17,65,0.207,27.7,106.8,107.3,107.3,121.8,122.6,122.6,-15.0,-15.3,-15.3,0.231,1.99,28.2,0.013,0.104,0.058,14.1,14.0,0.538,0.556,0.174,0.18,104.4,103.8,86.5,103.8,0.072,4913,314,741,3.8,9.0,0.424,1,334,582,523,134,466,440,440,538,549,549,540,542,542,96,220,68,519,351,438,521,520,299,358,277,277,115,144,144,416,116,90,198,169,404,1
1627741,Buddy Hield,Buddy,1610612737,ATL,33.0,51,25,26,0.49,16.1,2.8,6.4,0.437,1.5,4.2,0.349,0.6,0.7,0.811,0.5,1.7,2.3,1.4,0.9,0.8,0.2,0.2,1.1,0.3,7.6,-1.7,14.3,0,0,14.6,291,243,232,332,370,300,284,359,170,166,260,411,430,213,370,387,397,331,285,225,389,402,440,520,297,388,355,284,38,338,2,Buddy,33.0,51,25,26,0.49,16.1,110.2,110.2,110.2,115.7,115.0,115.0,-5.5,-4.9,-4.9,0.129,1.48,15.4,0.032,0.106,0.069,10.4,10.4,0.55,0.568,0.192,0.201,103.54,103.88,86.56,103.88,0.085,1773,143,327,2.8,6.4,0.437,291,243,338,332,370,346,352,352,430,388,388,386,381,381,269,383,351,341,344,356,333,331,251,316,196,187,166,136,136,310,281,267,300,284,359,2
203468,CJ McCollum,CJ,1610612737,ATL,34.0,76,37,39,0.487,29.8,6.9,15.2,0.455,2.5,6.7,0.375,2.4,3.1,0.772,0.8,2.5,3.3,3.9,1.8,0.8,0.5,0.6,1.9,2.2,18.7,1.2,30.6,0,0,31.0,54,136,76,335,94,53,45,298,47,42,170,101,100,298,260,264,270,80,103,197,175,133,234,138,55,171,93,284,38,77,2,CJ,34.0,76,37,39,0.487,29.8,112.6,113.6,113.6,111.7,112.0,112.0,0.9,1.5,1.5,0.194,2.17,17.5,0.025,0.077,0.051,8.1,8.0,0.538,0.566,0.247,0.254,103.69,103.12,85.93,103.12,0.105,4870,525,1154,6.9,15.2,0.455,54,136,503,335,94,232,208,208,249,249,249,230,215,215,148,174,290,412,501,488,145,146,301,328,68,68,157,192,192,173,26,21,53,45,298,2
1630595,Cade Cunningham,Cade,1610612765,DET,24.0,64,47,17,0.734,33.9,8.6,18.6,0.461,2.0,5.7,0.342,4.8,6.0,0.812,0.9,4.7,5.5,9.9,3.7,1.4,0.8,1.1,3.1,4.6,23.9,8.1,48.6,38,3,45.9,180,44,359,60,21,18,13,274,94,78,283,27,26,211,235,71,99,2,4,32,65,18,27,23,21,9,7,6,8,7,1,Cade,24.0,64,47,17,0.734,33.9,117.9,120.4,120.4,107.6,109.0,109.0,10.3,11.4,11.4,0.43,2.69,28.6,0.025,0.132,0.079,10.7,10.6,0.513,0.564,0.296,0.302,102.68,100.94,84.12,100.94,0.159,4565,548,1189,8.6,18.6,0.461,180,44,216,60,21,61,32,32,92,127,127,43,44,44,6,100,61,411,232,283,355,347,395,334,20,21,236,362,362,18,22,19,18,13,274,1
1631126,Caleb Love,Caleb,1610612757,POR,24.0,49,24,25,0.49,20.7,3.9,10.0,0.388,1.9,6.0,0.318,0.7,1.0,0.735,0.5,1.8,2.3,2.5,1.3,0.6,0.1,0.7,1.0,0.7,10.4,-2.6,17.6,0,0,18.4,305,252,246,333,275,197,142,500,105,65,366,362,360,368,377,367,387,186,204,353,486,91,471,412,199,429,287,284,38,254,1,Caleb,24.0,49,24,25,0.49,20.7,107.7,108.2,108.2,114.3,114.5,114.5,-6.6,-6.3,-6.3,0.187,1.98,17.6,0.023,0.083,0.053,8.9,8.9,0.483,0.497,0.228,0.234,103.25,102.91,85.76,102.91,0.079,2175,190,490,3.9,10.0,0.388,305,252,326,333,275,436,416,416,369,363,363,416,402,402,157,221,283,432,466,481,198,202,467,500,95,97,188,204,204,354,223,186,197,142,500,1
1628997,Caleb Martin,Caleb,1610612742,DAL,30.0,58,20,38,0.345,14.8,1.5,3.3,0.45,0.3,1.0,0.351,0.6,1.1,0.607,0.5,2.0,2.5,1.4,0.7,0.7,0.3,0.3,1.5,1.0,3.9,-3.4,11.1,0,0,10.0,230,302,81,415,395,449,440,318,428,460,254,397,352,502,394,340,373,330,374,268,309,362,349,337,452,467,416,284,38,424,1,Caleb,30.0,58,20,38,0.345,14.8,104.3,102.9,102.9,113.5,112.1,112.1,-9.1,-9.2,-9.2,0.131,2.03,23.9,0.03,0.125,0.077,11.8,11.9,0.503,0.526,0.122,0.126,103.86,105.2,87.67,105.2,0.063,1866,85,189,1.5,3.3,0.45,230,302,491,415,395,509,517,517,329,258,258,463,462,462,263,201,133,361,259,295,446,448,422,441,505,507,142,75,75,465,360,360,449,440,318,1
1642285,Cam Spencer,Cam,1610612763,MEM,26.0,72,23,49,0.319,23.8,3.7,7.7,0.473,2.0,4.5,0.449,1.8,1.9,0.94,0.6,2.0,2.5,5.6,1.3,0.7,0.2,0.2,1.4,1.3,11.1,-1.2,23.8,6,0,23.0,84,268,19,435,211,212,216,234,82,139,29,164,212,38,356,339,360,36,196,250,417,391,363,271,184,347,168,84,38,167,1,Cam,26.0,72,23,49,0.319,23.8,111.3,112.4,112.4,115.4,116.0,116.0,-4.1,-3.6,-3.6,0.332,4.3,36.6,0.022,0.082,0.051,8.5,8.4,0.604,0.649,0.166,0.174,102.3,101.59,84.66,101.59,0.12,3647,263,556,3.7,7.7,0.473,84,268,559,435,211,296,261,261,418,425,425,350,345,345,27,17,15,448,477,491,172,168,92,71,317,307,267,312,312,98,147,153,212,216,234,1
1630560,Cam Thomas,Cam,1610612749,MIL,24.0,42,12,30,0.286,21.0,4.5,11.0,0.41,1.2,4.0,0.31,3.3,4.0,0.811,0.3,1.4,1.7,2.6,1.8,0.2,0.1,0.7,1.0,3.5,13.5,-5.1,18.6,0,0,19.6,348,395,172,454,267,152,120,451,209,178,386,62,64,214,498,420,462,178,108,515,472,96,459,56,132,528,266,284,38,222,2,Cam,24.0,42,12,30,0.286,21.0,110.2,111.7,111.7,123.2,123.8,123.8,-12.9,-12.1,-12.1,0.208,1.46,15.1,0.012,0.071,0.041,10.4,10.3,0.466,0.53,0.295,0.304,97.53,96.65,80.54,96.65,0.089,1774,189,461,4.5,11.0,0.41,348,395,395,454,267,342,289,289,549,556,556,525,511,511,122,388,373,537,524,548,329,322,496,435,21,19,537,568,568,285,224,202,152,120,451,2
1641715,Cam Whitmore,Cam,1610612764,WAS,21.0,21,3,18,0.143,16.9,3.7,8.0,0.456,0.8,2.7,0.286,1.1,1.5,0.742,0.9,1.9,2.8,0.7,0.9,0.7,0.4,1.0,1.2,1.0,9.2,-7.2,16.0,0,0,15.6,444,503,348,553,351,208,203,292,323,289,428,271,269,357,221,356,332,472,315,256,224,37,425,341,239,556,322,284,38,315,1,Cam,21.0,21,3,18,0.143,16.9,105.8,104.4,104.4,123.4,124.0,124.0,-17.5,-19.6,-19.6,0.067,0.83,7.0,0.049,0.102,0.075,8.4,8.3,0.503,0.528,0.225,0.236,105.34,105.84,88.2,105.84,0.082,781,77,169,3.7,8.0,0.456,444,503,225,553,351,483,500,500,552,558,558,548,555,555,513,533,564,212,357,305,167,164,421,438,106,94,68,52,52,338,368,374,208,203,292,1
1629661,Cameron Johnson,Cameron,1610612743,DEN,30.0,54,37,17,0.685,30.5,4.2,8.8,0.48,2.0,4.7,0.43,1.7,2.1,0.839,0.8,3.0,3.8,2.4,0.9,0.7,0.4,0.5,2.3,1.6,12.2,6.4,23.0,1,0,22.8,266,136,359,91,77,172,178,211,79,121,44,169,186,153,270,197,219,192,308,238,215,178,114,214,152,25,181,201,38,174,1,Cameron,30.0,54,37,17,0.685,30.5,123.5,124.2,124.2,114.3,114.7,114.7,9.2,9.5,9.5,0.098,2.81,18.8,0.027,0.095,0.063,6.7,6.7,0.596,0.629,0.144,0.148,101.85,101.38,84.48,101.38,0.075,3484,228,475,4.2,8.8,0.48,266,136,216,91,77,13,11,11,370,373,373,56,55,55,378,82,241,394,401,400,77,78,116,102,409,420,303,329,329,392,188,196,172,178,211,1
1626166,Cameron Payne,Cameron,1610612755,PHI,31.0,22,12,10,0.545,17.0,2.5,6.8,0.376,1.5,4.4,0.33,0.9,1.0,0.864,0.1,1.9,2.0,2.6,0.5,1.1,0.3,0.4,1.4,1.0,7.4,-2.9,17.5,1,0,16.3,440,395,440,258,348,325,256,512,168,146,334,327,360,109,552,355,418,170,444,97,264,267,377,341,308,448,290,201,38,293,1,Cameron,31.0,22,12,10,0.545,17.0,105.5,105.5,105.5,113.9,113.6,113.6,-8.3,-8.1,-8.1,0.22,5.27,25.4,0.007,0.103,0.055,4.8,4.8,0.483,0.514,0.183,0.189,104.5,104.63,87.19,104.63,0.096,817,56,149,2.5,6.8,0.376,440,395,129,258,348,490,485,485,351,322,322,451,440,440,109,7,107,559,355,464,40,40,466,479,228,233,111,95,95,225,402,386,325,256,512,1
1627747,Caris LeVert,Caris,1610612765,DET,31.0,60,44,16,0.733,19.2,2.7,6.5,0.417,1.0,3.0,0.333,1.0,1.4,0.679,0.4,1.6,2.0,2.7,1.4,0.9,0.7,0.3,1.5,1.3,7.4,-0.1,16.9,0,0,16.1,214,67,368,61,311,307,276,433,268,256,302,308,282,449,445,408,428,167,183,192,103,296,337,276,310,269,301,284,38,302,1,Caris,31.0,60,44,16,0.733,19.2,107.1,108.6,108.6,106.8,107.7,107.7,0.3,0.8,0.8,0.202,1.94,23.8,0.018,0.074,0.047,12.3,12.3,0.494,0.518,0.178,0.184,102.22,101.1,84.25,101.1,0.081,2419,163,391,2.7,6.5,0.417,214,67,202,61,311,460,406,406,70,93,93,242,232,232,138,233,134,480,512,530,464,464,447,467,256,258,274,347,347,346,257,232,307,276,433,1
1641717,Cason Wallace,Cason,1610612760,OKC,22.0,77,61,16,0.792,26.6,3.3,7.6,0.432,1.3,3.7,0.351,0.7,0.9,0.809,0.8,2.3,3.1,2.6,0.9,1.9,0.4,0.5,2.0,0.8,8.6,6.9,22.2,1,0,20.2,37,3,368,26,156,246,226,378,194,187,255,367,390,215,256,294,291,172,282,7,232,165,203,388,257,20,199,201,38,216,1,Cason,22.0,77,61,16,0.792,26.6,116.0,116.2,116.2,103.1,103.8,103.8,12.9,12.4,12.4,0.127,2.74,22.5,0.031,0.079,0.056,8.2,8.2,0.518,0.538,0.141,0.145,102.21,101.76,84.8,101.76,0.076,4335,252,584,3.3,7.6,0.432,37,3,202,26,156,105,115,115,33,44,44,26,34,34,275,92,153,350,491,452,156,159,382,413,432,438,275,291,291,381,159,143,246,226,378,1
1642907,Cedric Coward,Cedric,1610612763,MEM,22.0,62,20,42,0.323,25.8,4.9,10.5,0.471,1.5,4.4,0.338,2.3,2.7,0.843,1.3,4.5,5.9,2.8,1.7,0.6,0.4,0.7,2.0,2.1,13.6,0.4,26.3,7,0,25.9,201,302,57,431,176,131,133,243,156,142,291,110,130,140,127,76,77,155,123,291,184,70,196,146,127,223,135,72,38,128,1,Cedric,22.0,62,20,42,0.323,25.8,113.4,113.8,113.8,113.6,113.5,113.5,-0.2,0.3,0.3,0.154,1.63,17.2,0.05,0.16,0.106,10.6,10.5,0.542,0.585,0.207,0.214,104.43,104.31,86.92,104.31,0.11,3478,305,648,4.9,10.5,0.471,201,302,523,431,176,198,197,197,335,311,311,255,241,241,219,322,298,209,134,152,340,340,284,245,148,150,114,112,112,145,121,117,131,133,243,1
1631096,Chet Holmgren,Chet,1610612760,OKC,24.0,69,56,13,0.812,28.9,6.3,11.3,0.557,1.3,3.5,0.362,3.3,4.1,0.792,1.9,7.0,8.9,1.7,1.6,0.6,1.9,0.8,2.3,3.8,17.1,9.8,36.3,24,0,34.0,118,7,409,19,112,68,112,80,201,206,213,63,57,247,74,18,21,278,140,304,4,65,124,46,71,5,46,16,38,50,1,Chet,24.0,69,56,13,0.812,28.9,118.0,118.4,118.4,101.6,102.3,102.3,16.4,16.1,16.1,0.082,1.07,10.2,0.067,0.221,0.149,9.5,9.5,0.614,0.653,0.214,0.219,101.63,101.09,84.25,101.09,0.154,4207,434,779,6.3,11.3,0.557,118,7,165,19,112,58,66,66,23,28,28,15,21,21,452,483,530,144,38,56,255,255,82,65,129,135,320,348,348,22,53,78,68,112,80,1
1631128,Christian Braun,Christian,1610612743,DEN,25.0,44,29,15,0.659,31.8,4.6,8.8,0.519,1.0,3.3,0.301,1.8,2.3,0.782,1.4,3.4,4.8,2.7,1.0,0.7,0.3,0.7,2.3,1.7,12.0,6.6,23.7,0,0,22.4,336,203,382,123,54,147,176,118,276,228,402,156,163,276,121,157,151,157,275,272,299,86,106,206,162,23,170,284,38,178,1,Christian,25.0,44,29,15,0.659,31.8,122.8,124.2,124.2,113.5,114.1,114.1,9.3,10.1,10.1,0.108,2.79,20.1,0.046,0.101,0.075,7.2,7.2,0.575,0.607,0.142,0.145,102.21,101.38,84.48,101.38,0.076,2952,202,389,4.6,8.8,0.519,336,203,187,123,54,16,12,12,331,349,349,55,51,51,339,83,204,228,363,310,96,97,157,168,420,437,276,328,328,386,213,235,147,176,118,1
1631132,Christian Koloko,Christian,1610612737,ATL,25.0,27,16,11,0.593,13.2,1.1,2.7,0.419,0.0,0.3,0.111,0.4,0.6,0.667,1.1,1.9,3.0,0.7,0.6,0.5,0.9,0.5,1.8,0.7,2.7,-0.5,10.8,0,0,9.1,420,348,432,189,420,490,477,423,503,510,512,476,468,452,159,359,301,478,409,367,63,167,262,433,506,293,420,284,38,454,3,Christian,25.0,27,16,11,0.593,13.2,107.0,106.9,106.9,108.6,108.2,108.2,-1.6,-1.3,-1.3,0.064,1.13,15.7,0.08,0.125,0.103,13.9,14.0,0.426,0.453,0.109,0.113,104.67,104.9,87.42,104.9,0.046,778,31,74,1.1,2.7,0.419,420,348,144,189,420,463,458,458,116,104,104,297,286,286,521,471,342,103,261,166,514,517,532,537,536,536,100,84,84,539,453,452,490,477,423,3
203991,Clint Capela,Clint,1610612745,HOU,32.0,75,47,28,0.627,12.3,1.6,3.0,0.52,0.0,0.0,0.5,0.6,1.0,0.577,2.1,2.5,4.6,0.7,0.5,0.5,0.8,0.3,1.0,0.8,3.8,2.2,13.7,1,0,11.7,60,44,205,152,434,434,456,114,515,542,13,405,356,512,54,269,162,478,426,395,67,326,469,401,458,117,365,201,38,395,1,Clint,32.0,75,47,28,0.627,12.3,112.6,113.1,113.1,104.4,105.1,105.1,8.2,8.0,8.0,0.072,1.22,14.1,0.158,0.181,0.169,11.5,11.6,0.522,0.54,0.133,0.136,99.1,98.6,82.17,98.6,0.11,1906,118,227,1.6,3.0,0.52,60,44,364,152,434,231,233,233,44,55,55,64,68,68,490,455,406,6,92,34,430,437,364,408,474,478,471,496,496,148,316,334,434,456,114,1
1629632,Coby White,Coby,1610612766,CHA,26.0,50,29,21,0.58,25.0,5.6,12.5,0.446,2.3,6.4,0.362,3.9,4.8,0.817,0.3,3.1,3.4,4.0,2.6,0.5,0.1,0.7,2.2,3.7,17.4,1.9,26.7,1,0,28.3,297,203,305,199,188,99,85,329,63,53,216,43,47,205,466,192,256,74,40,373,466,88,138,49,68,130,131,201,38,108,2,Coby,26.0,50,29,21,0.58,25.0,117.8,117.2,117.2,113.3,114.0,114.0,4.4,3.2,3.2,0.242,1.56,19.0,0.013,0.113,0.064,12.1,12.1,0.539,0.595,0.283,0.293,101.75,101.68,84.73,101.68,0.112,2652,278,623,5.6,12.5,0.446,297,203,262,199,188,65,92,92,324,344,344,136,165,165,87,348,236,522,312,389,462,459,297,203,29,28,310,302,302,138,140,127,99,85,329,2
1642262,Cody Williams,Cody,1610612762,UTA,21.0,67,16,51,0.239,24.3,3.6,7.6,0.468,0.4,2.0,0.214,1.3,1.8,0.706,0.9,2.0,3.0,2.0,1.1,0.8,0.4,0.7,1.8,1.3,8.8,-5.9,17.7,2,0,16.5,147,348,18,500,199,221,224,255,414,356,484,238,223,417,219,326,310,230,240,228,216,104,256,279,249,538,285,159,38,290,1,Cody,21.0,67,16,51,0.239,24.3,110.7,110.9,110.9,121.3,121.4,121.4,-10.7,-10.6,-10.6,0.111,1.88,17.7,0.036,0.084,0.059,9.4,9.5,0.495,0.524,0.159,0.161,105.17,105.04,87.53,105.04,0.057,3561,238,509,3.6,7.6,0.468,147,348,565,500,199,322,319,319,533,538,538,500,488,488,322,247,274,301,462,424,251,253,446,453,354,369,74,79,79,502,176,179,221,224,255,1
1630175,Cole Anthony,Cole,1610612749,MIL,26.0,35,12,23,0.343,15.0,2.8,6.6,0.424,0.6,2.1,0.306,0.5,0.7,0.615,0.5,2.0,2.5,3.5,1.9,0.6,0.3,0.3,2.1,1.3,6.7,-3.2,15.7,0,0,15.0,390,395,275,416,391,301,270,401,357,339,395,453,429,497,404,330,369,106,93,330,266,317,182,269,334,461,330,284,38,326,1,Cole,26.0,35,12,23,0.343,15.0,105.2,103.4,103.4,113.5,113.1,113.1,-8.3,-9.7,-9.7,0.354,1.86,28.3,0.029,0.126,0.078,15.2,15.2,0.472,0.483,0.244,0.256,100.96,101.99,84.99,101.99,0.082,1118,98,231,2.8,6.6,0.424,390,395,289,416,391,496,509,509,330,299,299,450,472,472,15,251,65,375,253,287,537,539,489,511,72,64,365,275,275,333,342,332,301,270,401,1
1631221,Collin Gillespie,Collin,1610612756,PHX,26.0,80,43,37,0.538,28.5,4.4,10.5,0.418,2.9,7.2,0.401,1.0,1.1,0.874,1.1,3.0,4.1,4.6,1.6,1.2,0.2,0.4,1.6,1.7,12.7,2.5,27.3,3,0,27.2,21,75,93,267,118,157,131,429,21,23,92,308,341,94,168,204,192,62,139,61,358,261,303,198,143,109,125,128,38,117,1,Collin,26.0,80,43,37,0.538,28.5,113.5,113.7,113.7,110.2,110.0,110.0,3.3,3.7,3.7,0.228,2.97,27.1,0.036,0.107,0.07,9.1,9.1,0.556,0.575,0.181,0.188,99.53,99.53,82.94,99.53,0.108,4743,352,842,4.4,10.5,0.418,21,75,482,267,118,193,202,202,168,158,158,166,148,148,99,70,77,297,340,347,220,214,223,281,235,235,453,451,451,161,88,63,157,131,429,1
1642867,Collin Murray-Boyles,Collin,1610612761,TOR,20.0,57,31,26,0.544,21.9,3.5,6.0,0.579,0.3,0.9,0.34,1.2,1.9,0.657,2.3,2.7,5.0,1.9,1.0,0.9,0.9,0.5,2.6,1.5,8.5,0.8,21.8,4,0,19.3,235,188,232,260,248,228,301,65,443,469,288,240,209,467,46,240,135,253,252,157,53,199,67,234,261,192,206,114,38,228,1,Collin,20.0,57,31,26,0.544,21.9,111.1,111.7,111.7,108.6,109.1,109.1,2.5,2.6,2.6,0.122,1.8,19.1,0.102,0.121,0.112,10.6,10.6,0.604,0.621,0.15,0.155,99.96,99.54,82.95,99.54,0.098,2574,198,342,3.5,6.0,0.579,235,188,338,260,248,304,291,291,117,131,131,182,184,184,290,271,233,64,274,134,350,353,93,120,392,391,426,450,450,221,215,258,228,301,65,1
1629012,Collin Sexton,Collin,1610612741,CHI,27.0,68,25,43,0.368,23.7,5.3,10.9,0.485,1.6,4.1,0.401,3.2,3.8,0.855,0.6,1.7,2.3,3.3,2.1,1.1,0.1,0.9,2.1,3.4,15.4,-1.7,24.8,1,0,25.2,135,243,51,402,213,111,121,195,137,171,91,65,71,123,339,393,394,120,74,87,419,45,167,62,92,390,155,201,38,136,2,Collin,27.0,68,25,43,0.368,23.7,108.5,110.5,110.5,114.0,113.6,113.6,-5.4,-3.0,-3.0,0.217,1.58,18.4,0.024,0.065,0.045,11.6,11.6,0.561,0.615,0.248,0.255,103.93,103.17,85.98,103.17,0.113,3462,360,742,5.3,10.9,0.485,135,243,527,402,213,407,335,335,359,318,318,385,328,328,112,336,259,420,544,533,434,432,206,135,66,67,139,187,187,132,84,89,111,121,195,2
1642843,Cooper Flagg,Cooper,1610612742,DAL,19.0,70,22,48,0.314,33.5,8.0,17.1,0.468,1.0,3.5,0.295,4.0,4.9,0.827,1.2,5.4,6.7,4.5,2.3,1.2,0.9,1.1,2.0,4.1,21.0,-3.8,39.8,13,0,37.5,105,277,25,440,27,24,23,253,261,211,415,42,46,179,146,38,65,63,61,65,57,12,197,37,32,485,33,42,38,37,1,Cooper,19.0,70,22,48,0.314,33.5,108.9,109.5,109.5,113.7,114.7,114.7,-4.8,-5.2,-5.2,0.212,1.96,17.4,0.035,0.151,0.093,8.9,8.8,0.498,0.548,0.264,0.271,103.64,102.96,85.8,102.96,0.128,5026,559,1194,8.0,17.1,0.468,105,277,552,440,27,394,376,376,340,370,370,370,387,387,116,226,292,306,162,215,196,196,438,382,43,42,163,201,201,74,18,18,24,23,253,1
1630557,Corey Kispert,Corey,1610612737,ATL,27.0,58,27,31,0.466,18.6,3.2,6.8,0.467,1.5,4.1,0.367,1.3,1.7,0.794,0.5,1.8,2.3,1.6,0.8,0.3,0.2,0.4,1.0,1.2,9.2,-2.6,14.8,0,0,15.4,230,225,160,347,317,260,255,260,156,174,198,220,238,242,401,372,396,296,355,489,414,272,457,297,241,432,345,284,38,321,2,Corey,27.0,58,27,31,0.466,18.6,108.7,108.9,108.9,115.6,115.9,115.9,-6.9,-7.0,-7.0,0.121,2.04,16.1,0.022,0.091,0.056,7.9,7.8,0.577,0.609,0.179,0.185,104.33,104.15,86.79,104.15,0.088,2348,184,394,3.2,6.8,0.467,230,225,412,347,317,398,396,396,427,420,420,424,420,420,295,193,332,438,423,451,135,133,151,158,250,253,120,120,120,289,231,231,260,255,260,2
1641854,Craig Porter Jr.,Craig,1610612739,CLE,26.0,64,43,21,0.672,17.9,1.8,4.0,0.45,0.5,1.5,0.355,0.4,0.6,0.6,1.3,2.1,3.4,3.2,0.9,0.9,0.6,0.3,1.1,0.8,4.5,1.6,17.0,0,0,14.6,180,75,305,103,329,406,402,319,389,410,240,474,449,506,130,314,252,127,293,169,129,338,447,391,420,151,300,284,38,339,1,Craig,26.0,64,43,21,0.672,17.9,116.0,116.2,116.2,110.7,111.6,111.6,5.3,4.6,4.6,0.225,3.47,38.0,0.07,0.115,0.092,10.9,10.9,0.514,0.524,0.119,0.121,102.52,102.01,85.01,102.01,0.092,2435,116,258,1.8,4.0,0.45,180,75,262,103,329,106,116,116,193,235,235,116,125,125,103,32,12,130,307,217,382,384,393,451,515,518,246,272,272,262,319,313,406,402,319,1
1626156,D'Angelo Russell,D'Angelo,1610612764,WAS,30.0,26,9,17,0.346,19.0,3.6,8.9,0.405,1.3,4.3,0.295,1.7,2.3,0.717,0.3,2.0,2.3,4.0,1.9,0.5,0.1,0.2,1.2,2.0,10.2,-1.6,18.7,1,0,18.8,425,432,359,414,313,217,173,463,202,154,417,179,160,397,484,327,385,74,90,407,491,426,435,167,209,378,262,201,38,244,1,D'Angelo,30.0,26,9,17,0.346,19.0,107.4,107.9,107.9,110.3,111.3,111.3,-2.9,-3.4,-3.4,0.328,2.12,25.2,0.016,0.092,0.057,11.9,11.9,0.476,0.511,0.261,0.265,104.67,104.0,86.67,104.0,0.098,1070,94,232,3.6,8.9,0.405,425,432,216,414,313,448,424,424,174,220,220,324,339,339,30,178,111,496,417,444,449,450,481,482,48,54,99,128,128,219,347,330,217,173,463,1
1631342,Daeqwon Plowden,Daeqwon,1610612758,SAC,27.0,32,9,23,0.281,26.4,3.8,8.7,0.43,1.9,5.8,0.333,1.3,1.5,0.857,1.0,2.0,3.0,1.3,0.8,0.7,0.2,0.4,2.4,1.3,10.8,-6.4,18.3,0,0,18.9,400,432,275,460,161,203,182,383,96,72,302,224,257,116,189,332,297,349,333,254,346,261,92,270,191,546,271,284,38,243,1,Daeqwon,27.0,32,9,23,0.281,26.4,111.4,111.2,111.2,121.9,122.1,122.1,-10.5,-10.9,-10.9,0.065,1.58,11.3,0.037,0.08,0.057,7.2,7.1,0.541,0.572,0.157,0.163,101.0,100.96,84.13,100.96,0.057,1771,120,279,3.8,8.7,0.43,400,432,289,460,161,295,306,306,540,542,542,498,494,494,518,339,496,294,489,445,95,88,286,300,365,361,364,358,358,503,313,298,203,182,383,1
1629655,Daniel Gafford,Daniel,1610612742,DAL,27.0,55,12,43,0.218,21.7,3.8,5.7,0.655,0.0,0.0,0.0,2.0,2.9,0.683,2.5,4.4,6.9,1.1,1.1,0.8,1.3,0.7,2.6,2.7,9.5,-3.4,24.3,10,0,21.5,258,395,51,516,251,202,312,23,517,548,517,134,110,445,35,83,57,386,231,226,24,69,59,92,226,470,160,56,38,193,1,Daniel,27.0,55,12,43,0.218,21.7,106.9,105.9,105.9,113.7,113.0,113.0,-6.8,-7.1,-7.1,0.071,0.92,11.5,0.108,0.181,0.145,12.5,12.4,0.655,0.677,0.151,0.158,103.76,104.6,87.17,104.6,0.114,2601,207,316,3.8,5.7,0.655,258,395,527,516,251,465,476,476,341,288,288,418,422,422,492,518,490,54,91,61,474,473,39,40,388,381,152,96,96,120,209,274,202,312,23,1
1642450,Daniss Jenkins,Daniss,1610612765,DET,24.0,72,54,18,0.75,20.2,3.2,7.9,0.408,1.0,2.7,0.374,1.9,2.2,0.832,0.7,1.6,2.3,3.9,1.6,0.9,0.2,0.7,1.5,2.0,9.3,2.9,19.6,3,0,18.7,84,13,348,46,288,253,213,455,266,287,171,149,170,167,311,403,390,79,136,172,353,83,347,158,232,89,238,128,38,248,1,Daniss,24.0,72,54,18,0.75,20.2,111.6,113.2,113.2,106.2,106.6,106.6,5.4,6.6,6.6,0.27,2.42,26.9,0.034,0.077,0.055,11.1,11.1,0.473,0.525,0.209,0.214,102.24,101.34,84.45,101.34,0.1,3076,232,568,3.2,7.9,0.408,84,13,225,46,288,285,225,225,62,79,79,113,86,86,59,135,78,309,506,457,396,402,487,447,147,149,273,332,332,204,180,150,253,213,455,1
1642874,Danny Wolf,Danny,1610612751,BKN,22.0,57,14,43,0.246,20.8,3.1,7.7,0.405,1.2,3.7,0.322,1.5,1.9,0.771,1.0,3.9,4.9,2.2,1.3,0.5,0.6,0.6,2.2,1.3,8.9,-4.1,20.2,2,0,19.4,235,374,51,496,271,265,217,465,219,191,355,201,205,303,193,116,143,210,200,361,133,143,141,277,245,498,230,159,38,225,1,Danny,22.0,57,14,43,0.246,20.8,102.7,102.9,102.9,112.3,111.9,111.9,-9.6,-9.0,-9.0,0.178,1.74,18.4,0.046,0.195,0.117,10.6,10.6,0.482,0.521,0.201,0.207,98.0,98.09,81.74,98.09,0.096,2420,178,440,3.1,7.7,0.405,235,374,527,496,271,525,518,518,272,244,244,472,459,459,169,287,261,230,64,121,342,349,472,460,162,163,525,520,520,228,242,212,265,217,465,1
1629636,Darius Garland,Darius,1610612746,LAC,26.0,45,26,19,0.578,29.9,6.9,14.9,0.46,2.7,6.8,0.396,2.3,2.7,0.861,0.4,2.0,2.4,6.7,2.9,1.0,0.2,0.6,1.9,2.6,18.8,1.9,32.2,7,0,32.8,331,231,333,205,92,55,48,276,31,37,103,107,127,112,431,342,381,19,24,140,387,120,240,113,54,131,78,72,38,66,2,Darius,26.0,45,26,19,0.578,29.9,117.5,117.9,117.9,113.8,115.2,115.2,3.7,2.6,2.6,0.322,2.32,26.0,0.013,0.063,0.039,11.2,11.2,0.551,0.582,0.266,0.271,102.6,101.84,84.86,101.84,0.112,2856,309,672,6.9,14.9,0.46,331,231,236,205,92,68,79,79,347,396,396,156,183,183,33,151,98,521,548,555,408,410,250,254,39,44,240,286,286,136,117,105,55,48,276,2
1630558,Davion Mitchell,Davion,1610612748,MIA,27.0,70,37,33,0.529,28.6,3.7,7.6,0.49,1.3,3.3,0.395,0.6,0.9,0.646,0.5,2.2,2.7,6.5,1.5,1.0,0.2,0.3,2.6,1.2,9.3,2.9,24.1,5,0,22.0,105,136,135,278,116,204,223,183,199,226,108,405,377,477,404,304,341,23,146,136,410,317,64,289,230,91,163,96,38,184,1,Davion,27.0,70,37,33,0.529,28.6,115.6,117.2,117.2,111.4,113.0,113.0,4.3,4.2,4.2,0.285,4.19,40.3,0.015,0.072,0.044,9.6,9.6,0.574,0.582,0.137,0.139,105.34,103.88,86.57,103.88,0.083,4338,261,533,3.7,7.6,0.49,105,136,435,278,116,115,91,91,227,290,290,142,134,134,49,18,5,505,523,540,267,269,159,253,448,471,69,134,134,330,152,165,204,223,183,1
1630549,Day'Ron Sharpe,Day'Ron,1610612751,BKN,24.0,62,17,45,0.274,18.7,3.5,5.7,0.601,0.1,0.6,0.231,1.7,2.5,0.678,2.8,3.9,6.7,2.3,1.7,1.1,0.4,0.5,2.4,2.0,8.7,-1.8,23.0,5,0,20.9,201,334,36,467,315,230,313,48,479,483,478,175,148,451,28,118,64,201,120,99,191,157,101,166,252,394,180,96,38,205,1,Day'Ron,24.0,62,17,45,0.274,18.7,106.6,107.3,107.3,112.6,111.7,111.7,-6.0,-4.3,-4.3,0.207,1.37,21.4,0.143,0.222,0.18,15.7,15.7,0.614,0.638,0.19,0.196,98.81,98.86,82.39,98.86,0.141,2384,214,356,3.5,5.7,0.601,201,334,541,467,315,474,438,438,286,236,236,400,362,362,127,412,174,17,36,23,542,543,81,80,202,209,492,486,486,45,202,253,230,313,48,1
1628368,De'Aaron Fox,De'Aaron,1610612759,SAS,28.0,72,55,17,0.764,31.0,7.1,14.5,0.486,1.8,5.5,0.332,2.6,3.4,0.76,0.6,3.2,3.8,6.2,2.3,1.2,0.3,0.8,2.3,2.6,18.6,6.3,34.5,8,0,33.3,84,12,359,39,70,45,51,194,114,85,328,89,82,321,346,181,224,25,63,62,305,67,131,101,57,27,55,66,38,59,1,De'Aaron,28.0,72,55,17,0.764,31.0,119.0,118.8,118.8,109.7,108.9,108.9,9.3,9.9,9.9,0.286,2.71,25.2,0.018,0.092,0.056,9.3,9.3,0.549,0.578,0.242,0.249,103.22,103.67,86.39,103.67,0.117,4807,509,1047,7.1,14.5,0.486,84,12,216,39,70,38,57,57,143,122,122,54,53,53,47,96,110,481,421,449,232,236,258,268,76,76,190,151,151,111,30,34,45,51,194,1
1629631,De'Andre Hunter,De'Andre,1610612758,SAC,28.0,45,24,21,0.533,26.1,4.6,11.1,0.415,1.7,5.5,0.305,2.8,3.2,0.867,0.7,3.4,4.1,2.0,1.7,0.7,0.1,0.4,2.5,3.1,13.7,-0.5,22.3,0,0,23.0,331,252,305,270,167,146,115,443,134,88,398,81,97,102,320,153,189,233,126,276,434,224,84,73,124,292,193,284,38,166,2,De'Andre,28.0,45,24,21,0.533,26.1,112.8,114.1,114.1,114.4,115.0,115.0,-1.6,-0.9,-0.9,0.11,1.2,12.4,0.023,0.127,0.074,10.3,10.3,0.49,0.545,0.218,0.223,104.24,103.39,86.16,103.39,0.077,2533,208,501,4.6,11.1,0.415,331,252,262,270,167,223,181,181,378,386,386,298,277,277,332,460,462,429,247,320,322,318,456,389,124,125,129,169,169,374,208,182,146,115,443,2
1629001,De'Anthony Melton,De'Anthony,1610612744,GSW,27.0,49,22,27,0.449,23.0,4.4,10.8,0.407,1.5,5.0,0.294,2.0,2.5,0.826,0.8,2.4,3.2,2.6,1.9,1.6,0.4,0.6,1.9,1.9,12.3,1.9,24.1,0,0,23.5,305,277,220,360,222,159,126,459,165,112,419,130,145,183,271,274,279,182,93,18,200,116,243,170,149,126,165,284,38,161,1,De'Anthony,27.0,49,22,27,0.449,23.0,114.5,114.3,114.3,111.2,110.4,110.4,3.3,3.9,3.9,0.164,1.37,15.7,0.033,0.108,0.07,11.4,11.4,0.475,0.518,0.244,0.253,101.03,101.48,84.57,101.48,0.09,2380,215,528,4.4,10.8,0.407,305,277,352,360,222,152,173,173,215,173,173,163,143,143,196,410,341,321,333,351,424,425,482,465,73,70,363,318,318,280,200,166,159,126,459,1
201942,DeMar DeRozan,DeMar,1610612758,SAC,36.0,77,20,57,0.26,31.2,6.5,13.1,0.497,0.6,1.9,0.32,4.9,5.6,0.868,0.5,2.5,2.9,4.1,1.2,1.0,0.3,0.5,1.9,4.0,18.4,-7.6,30.9,2,0,28.8,37,302,5,481,64,63,75,169,364,360,361,26,34,101,406,268,314,72,210,110,281,191,225,41,59,565,87,159,38,102,1,DeMar,36.0,77,20,57,0.26,31.2,110.3,110.6,110.6,121.1,122.3,122.3,-10.8,-11.7,-11.7,0.196,3.29,19.8,0.015,0.081,0.047,6.0,6.0,0.52,0.594,0.222,0.23,101.91,101.26,84.38,101.26,0.111,5076,499,1005,6.5,13.1,0.497,37,302,577,481,64,338,328,328,531,545,545,503,506,506,144,42,215,507,479,518,58,57,374,210,113,111,297,337,337,140,34,42,63,75,169,1
1629731,Dean Wade,Dean,1610612739,CLE,29.0,59,36,23,0.61,22.3,2.1,4.7,0.439,1.2,3.3,0.362,0.5,0.6,0.711,0.9,3.3,4.2,1.5,0.3,0.7,0.4,0.2,1.5,0.7,5.8,2.6,16.2,1,0,14.9,225,151,275,167,236,379,363,352,214,222,212,452,446,409,225,167,183,309,526,237,214,434,335,408,368,108,312,201,38,330,1,Dean,29.0,59,36,23,0.61,22.3,116.9,117.2,117.2,109.7,110.9,110.9,7.1,6.2,6.2,0.082,5.5,22.1,0.039,0.139,0.09,4.0,4.0,0.567,0.58,0.097,0.1,102.47,101.78,84.82,101.78,0.074,2784,122,278,2.1,4.7,0.439,225,151,289,167,236,81,93,93,145,205,205,80,92,92,450,6,157,282,199,230,31,32,187,260,564,563,253,290,290,395,310,299,379,363,352,1
1629028,Deandre Ayton,Deandre,1610612747,LAL,27.0,72,46,26,0.639,27.2,5.6,8.3,0.671,0.0,0.0,0.0,1.3,2.0,0.645,2.6,5.4,8.0,0.8,1.2,0.6,1.0,0.4,2.2,1.6,12.5,-0.1,26.7,22,0,24.3,84,52,232,140,142,95,194,16,517,548,517,236,202,478,34,39,33,447,230,337,48,261,151,213,147,266,129,20,38,152,1,Deandre,27.0,72,46,26,0.639,27.2,114.8,115.6,115.6,113.8,115.5,115.5,1.0,0.1,0.1,0.044,0.71,7.3,0.103,0.2,0.154,10.3,10.3,0.671,0.676,0.164,0.167,100.69,99.65,83.04,99.65,0.117,4060,403,601,5.6,8.3,0.671,84,52,338,140,142,142,131,131,348,407,407,229,250,250,559,539,559,62,57,48,316,320,29,41,324,337,382,443,443,107,61,134,95,194,16,1
203471,Dennis Schröder,Dennis,1610612739,CLE,32.0,70,29,41,0.414,24.2,3.6,9.0,0.405,1.1,3.3,0.329,2.4,2.9,0.834,0.5,2.2,2.7,4.9,1.8,0.8,0.2,0.6,1.6,2.4,10.8,-3.4,22.4,3,0,21.3,105,203,61,377,201,213,171,462,250,226,337,98,109,159,399,302,338,53,106,218,410,109,325,122,190,466,191,128,38,196,2,Dennis,32.0,70,29,41,0.414,24.2,110.5,110.8,110.8,115.4,117.0,117.0,-4.9,-6.2,-6.2,0.294,2.75,28.8,0.019,0.089,0.054,10.5,10.5,0.465,0.526,0.21,0.216,101.13,100.28,83.57,100.28,0.094,3537,255,629,3.6,9.0,0.405,105,203,515,377,201,332,320,320,416,452,452,372,400,400,41,87,60,469,434,466,336,335,500,443,141,143,351,415,415,238,153,125,213,171,462,2
1642852,Derik Queen,Derik,1610612740,NOP,21.0,81,26,55,0.321,25.0,4.4,9.2,0.473,0.3,1.1,0.261,2.7,3.4,0.795,1.7,5.4,7.1,3.7,2.3,1.0,0.9,0.8,2.7,2.7,11.7,-3.8,29.2,14,2,26.6,19,231,10,434,189,160,164,233,451,450,451,85,86,239,86,40,48,94,58,111,58,66,55,91,172,484,108,38,16,121,1,Derik,21.0,81,26,55,0.321,25.0,111.8,112.7,112.7,118.6,119.4,119.4,-6.8,-6.7,-6.7,0.208,1.57,21.9,0.065,0.207,0.136,14.0,14.0,0.489,0.546,0.214,0.217,104.07,103.32,86.1,103.32,0.109,4350,354,748,4.4,9.2,0.473,19,231,573,434,189,274,247,247,498,505,505,420,415,415,123,345,159,149,48,77,518,519,459,385,132,141,137,173,173,149,87,87,160,164,233,1
1627884,Derrick Jones Jr.,Derrick,1610612746,LAC,29.0,50,26,24,0.52,27.0,3.8,7.6,0.499,1.1,3.1,0.359,1.4,1.9,0.763,1.2,2.2,3.5,1.4,0.8,0.9,1.0,0.4,2.1,1.8,10.1,2.6,21.2,1,0,19.8,297,231,258,288,148,201,227,167,242,253,226,206,213,316,147,303,251,334,338,160,42,237,183,187,211,103,212,201,38,220,1,Derrick,29.0,50,26,24,0.52,27.0,117.2,117.9,117.9,111.8,113.8,113.8,5.4,4.0,4.0,0.068,1.73,13.2,0.047,0.082,0.065,7.7,7.6,0.571,0.6,0.144,0.15,100.33,99.15,82.62,99.15,0.072,2795,189,379,3.8,7.6,0.499,297,231,309,288,148,77,80,80,253,334,334,115,138,138,508,289,434,220,475,384,117,116,171,185,407,414,405,471,471,414,224,241,201,227,167,1
1628401,Derrick White,Derrick,1610612738,BOS,31.0,77,52,25,0.675,34.1,5.7,14.4,0.394,2.7,8.3,0.327,2.4,2.6,0.902,1.1,3.3,4.4,5.4,1.7,1.1,1.3,0.4,1.5,2.8,16.5,7.8,35.3,1,0,33.8,37,24,246,102,20,91,52,491,30,12,343,103,132,51,165,168,169,44,113,81,23,216,331,90,82,10,50,201,38,53,1,Derrick,31.0,77,52,25,0.675,34.1,117.5,119.3,119.3,107.1,108.0,108.0,10.5,11.3,11.3,0.221,3.09,23.8,0.032,0.09,0.061,7.7,7.7,0.489,0.529,0.216,0.221,97.53,96.35,80.29,96.35,0.109,5270,437,1108,5.7,14.4,0.394,37,24,326,102,20,69,49,49,81,101,101,41,46,46,108,54,136,340,429,417,123,120,458,437,128,129,538,571,571,156,50,28,91,52,491,1
1630217,Desmond Bane,Desmond,1610612753,ORL,27.0,82,45,37,0.549,33.6,7.1,14.7,0.484,2.0,5.2,0.391,3.8,4.2,0.908,1.2,2.9,4.1,4.1,2.0,1.0,0.5,1.0,3.1,2.8,20.1,1.6,33.7,1,0,33.4,1,60,93,251,24,44,50,201,80,101,118,46,56,48,152,210,188,69,81,107,182,24,25,86,44,146,64,201,38,58,1,Desmond,27.0,82,45,37,0.549,33.6,112.4,113.6,113.6,110.8,111.5,111.5,1.6,2.2,2.2,0.19,2.06,18.4,0.034,0.084,0.059,8.9,8.8,0.553,0.607,0.224,0.233,103.09,102.2,85.17,102.2,0.111,5871,583,1205,7.1,14.7,0.484,1,60,482,251,24,244,204,204,198,227,227,207,197,197,154,189,258,307,463,426,200,194,237,169,107,104,204,259,259,139,14,15,44,50,201,1
1626164,Devin Booker,Devin,1610612756,PHX,29.0,64,37,27,0.578,33.5,8.5,18.7,0.456,1.9,5.8,0.33,7.1,8.1,0.873,0.8,3.1,3.9,6.0,3.1,0.8,0.3,1.0,2.6,6.7,26.1,3.1,39.9,6,0,40.0,180,136,220,203,25,20,10,290,100,74,335,5,7,96,286,184,214,29,17,213,291,32,57,3,13,81,32,84,38,25,1,Devin,29.0,64,37,27,0.578,33.5,114.2,115.9,115.9,110.5,112.0,112.0,3.7,3.9,3.9,0.293,1.92,19.3,0.021,0.091,0.055,10.1,10.0,0.507,0.585,0.307,0.316,102.19,100.72,83.93,100.72,0.142,4516,546,1198,8.5,18.7,0.456,180,136,352,203,25,165,127,127,184,250,250,155,145,145,43,237,227,452,424,456,296,291,412,246,16,14,278,378,378,44,24,16,20,10,290,1
1642269,Devin Carter,Devin,1610612758,SAC,24.0,38,8,30,0.211,18.4,3.2,7.7,0.414,0.8,3.0,0.263,1.8,2.5,0.713,0.9,2.3,3.3,2.7,1.4,0.9,0.2,0.3,1.3,2.4,8.9,-3.0,18.8,0,0,17.9,370,440,172,519,321,258,219,444,317,256,450,161,144,405,215,285,272,166,169,166,332,287,390,123,244,453,256,284,38,264,1,Devin,24.0,38,8,30,0.211,18.4,110.5,111.0,111.0,118.1,118.3,118.3,-7.6,-7.3,-7.3,0.209,1.87,20.7,0.048,0.13,0.088,11.1,11.1,0.466,0.508,0.226,0.23,101.11,100.78,83.99,100.78,0.094,1467,121,292,3.2,7.7,0.414,370,440,395,519,321,330,313,313,491,487,487,434,424,424,119,248,189,214,237,242,393,393,497,486,100,110,354,375,375,241,312,291,258,219,444,1
1630170,Devin Vassell,Devin,1610612759,SAS,25.0,67,52,15,0.776,30.5,4.9,11.3,0.437,2.5,6.4,0.384,1.6,1.9,0.815,0.6,3.4,4.0,2.5,0.9,0.9,0.4,0.3,1.6,1.4,13.9,7.3,25.2,1,0,25.3,147,24,382,32,76,130,113,360,50,50,142,190,203,206,347,154,198,187,299,191,229,350,317,258,119,14,149,201,38,134,1,Devin,25.0,67,52,15,0.776,30.5,119.9,121.3,121.3,108.3,109.9,109.9,11.6,11.4,11.4,0.107,2.78,16.2,0.019,0.102,0.063,5.8,5.8,0.547,0.574,0.176,0.18,102.82,101.48,84.57,101.48,0.087,4321,330,755,4.9,11.3,0.437,147,24,187,32,76,28,28,28,106,149,149,33,45,45,349,84,329,468,358,399,51,50,266,290,270,276,222,317,317,297,104,83,130,113,360,1
1628415,Dillon Brooks,Dillon,1610612756,PHX,30.0,56,32,24,0.571,30.4,7.4,17.1,0.435,2.3,6.6,0.344,3.0,3.6,0.842,0.8,2.9,3.6,1.8,1.8,1.0,0.2,0.5,3.3,3.3,20.2,-0.9,29.0,0,0,30.2,247,182,258,210,80,33,22,367,65,47,276,70,77,143,280,220,234,269,110,117,407,168,18,67,41,323,110,284,38,86,1,Dillon,30.0,56,32,24,0.571,30.4,112.5,113.7,113.7,112.6,114.8,114.8,-0.1,-1.1,-1.1,0.095,1.01,8.0,0.024,0.094,0.058,7.9,7.9,0.501,0.54,0.279,0.285,102.05,100.54,83.78,100.54,0.088,3560,417,959,7.4,17.1,0.435,247,182,309,210,80,238,200,200,290,379,379,251,282,282,387,495,553,421,402,433,134,138,426,406,30,31,286,391,391,288,56,47,33,22,367,1
1631230,Dominick Barlow,Dominick,1610612755,PHI,22.0,71,40,31,0.563,23.8,3.0,5.6,0.539,0.3,1.2,0.256,1.3,1.8,0.718,1.9,2.9,4.8,1.2,0.8,0.9,0.7,0.4,2.1,1.5,7.7,0.4,19.4,2,0,17.3,98,110,160,228,212,275,322,95,444,440,454,222,216,394,75,213,152,361,346,173,89,265,171,224,295,222,247,159,38,274,1,Dominick,22.0,71,40,31,0.563,23.8,112.4,112.7,112.7,110.4,111.9,111.9,2.0,0.8,0.8,0.069,1.55,14.6,0.075,0.118,0.096,9.4,9.3,0.565,0.597,0.125,0.129,102.07,101.23,84.36,101.23,0.078,3560,215,399,3.0,5.6,0.539,98,110,412,228,212,247,246,246,183,245,245,199,233,233,504,353,390,112,292,195,246,242,189,198,498,500,282,339,339,369,200,227,275,322,95,1
1642270,Donovan Clingan,Donovan,1610612757,POR,22.0,77,41,36,0.532,27.2,4.6,8.9,0.52,1.1,3.2,0.341,1.8,2.6,0.68,4.5,7.1,11.6,2.1,1.2,0.6,1.7,0.5,2.4,2.3,12.1,0.2,34.7,37,0,31.4,37,97,102,272,144,145,175,111,243,234,284,157,133,448,3,15,3,226,215,330,8,155,103,135,158,237,54,7,38,75,1,Donovan,22.0,77,41,36,0.532,27.2,112.2,113.9,113.9,113.1,113.8,113.8,-0.9,0.1,0.1,0.112,1.71,15.7,0.149,0.254,0.199,9.2,9.2,0.582,0.604,0.163,0.166,102.92,101.86,84.89,101.86,0.139,4447,356,684,4.6,8.9,0.52,37,97,472,272,144,254,186,186,315,333,333,281,251,251,321,296,339,11,12,8,227,228,140,179,328,341,215,283,283,49,86,103,145,175,111,1
1628378,Donovan Mitchell,Donovan,1610612739,CLE,29.0,70,45,25,0.643,33.5,9.7,20.0,0.483,3.2,8.8,0.364,5.3,6.1,0.865,0.7,3.8,4.5,5.7,2.8,1.5,0.3,0.7,2.3,4.6,27.9,5.3,44.3,5,0,44.8,105,60,246,136,28,9,5,203,10,8,203,21,22,106,310,129,166,33,27,29,287,95,111,27,7,39,12,96,38,12,1,Donovan,29.0,70,45,25,0.643,33.5,119.2,119.3,119.3,112.0,112.1,112.1,7.2,7.2,7.2,0.266,2.01,18.3,0.021,0.108,0.065,9.1,9.0,0.563,0.613,0.311,0.321,103.18,103.13,85.94,103.13,0.152,5035,678,1403,9.7,20.0,0.483,105,60,326,136,28,36,51,51,263,253,253,77,79,79,63,206,265,451,336,381,216,209,193,140,12,11,194,190,190,26,7,5,9,5,203,1
1628978,Donte DiVincenzo,Donte,1610612750,MIN,29.0,82,49,33,0.598,30.4,4.1,10.2,0.406,3.0,7.9,0.379,1.0,1.3,0.743,0.8,3.3,4.1,3.8,1.4,1.3,0.4,0.2,2.4,1.5,12.2,4.1,26.4,1,0,26.5,1,37,135,182,79,183,137,461,17,17,158,307,299,356,259,171,191,83,165,56,195,437,95,233,154,58,134,201,38,122,1,Donte,29.0,82,49,33,0.598,30.4,115.5,116.3,116.3,108.5,110.0,110.0,6.9,6.2,6.2,0.164,2.65,23.9,0.026,0.1,0.064,9.0,9.0,0.552,0.567,0.164,0.168,103.13,102.07,85.06,102.07,0.084,5306,339,835,4.1,10.2,0.406,1,37,435,182,79,125,113,113,114,160,160,82,91,91,195,107,132,400,368,388,207,207,244,320,323,330,199,268,268,319,96,65,183,137,461,1
1627827,Dorian Finney-Smith,Dorian,1610612745,HOU,33.0,37,23,14,0.622,16.8,1.2,3.6,0.333,0.7,2.7,0.27,0.2,0.2,0.889,0.9,1.6,2.5,1.0,0.6,0.4,0.2,0.2,1.6,0.2,3.3,0.4,9.0,0,0,8.7,377,268,397,156,352,485,423,539,328,288,445,520,533,72,216,407,363,411,408,419,405,461,300,537,478,220,468,284,38,461,1,Dorian,33.0,37,23,14,0.622,16.8,109.4,109.4,109.4,108.2,107.6,107.6,1.2,1.8,1.8,0.078,1.64,18.6,0.054,0.087,0.071,11.3,11.3,0.436,0.452,0.104,0.108,99.03,99.32,82.76,99.32,0.034,1280,44,132,1.2,3.6,0.333,377,268,175,156,352,378,380,380,105,92,92,221,207,207,468,318,250,187,442,341,417,420,522,538,549,553,478,465,465,556,427,397,485,423,539,1
203926,Doug McDermott,Doug,1610612758,SAC,34.0,29,8,21,0.276,15.1,1.9,4.8,0.388,1.7,4.2,0.39,0.3,0.3,0.889,0.2,1.0,1.3,0.8,0.4,0.2,0.1,0.0,1.0,0.2,5.7,-3.5,8.9,0,0,10.0,415,440,305,466,389,397,362,497,136,157,119,504,524,72,510,476,493,461,473,518,431,535,472,556,376,473,471,284,38,423,1,Doug,34.0,29,8,21,0.276,15.1,105.4,104.2,104.2,115.7,115.3,115.3,-10.3,-11.1,-11.1,0.073,1.69,12.4,0.014,0.068,0.04,7.3,7.3,0.561,0.574,0.146,0.15,100.7,101.48,84.56,101.48,0.055,929,54,139,1.9,4.8,0.388,415,440,262,466,389,494,501,501,431,399,399,490,499,499,486,302,463,508,536,553,101,103,203,291,405,411,380,319,319,511,407,391,397,362,497,1
1642962,Drake Powell,Drake,1610612751,BKN,20.0,63,16,47,0.254,20.9,2.3,5.7,0.402,0.8,2.9,0.28,1.1,1.2,0.896,0.3,1.4,1.8,1.4,1.0,0.6,0.2,0.4,1.4,0.8,6.5,-7.1,12.2,0,0,12.1,194,348,32,484,270,356,317,471,309,271,435,271,314,59,467,420,450,321,280,330,340,230,366,399,341,552,393,284,38,386,1,Drake,20.0,63,16,47,0.254,20.9,99.8,100.3,100.3,115.3,116.3,116.3,-15.5,-16.1,-16.1,0.113,1.52,16.8,0.016,0.07,0.042,11.0,11.1,0.473,0.521,0.149,0.154,99.22,98.56,82.14,98.56,0.053,2704,144,358,2.3,5.7,0.402,194,348,548,484,270,545,533,533,411,434,434,541,543,543,319,369,313,499,531,545,392,392,485,459,396,397,465,501,501,518,280,250,356,317,471,1
203110,Draymond Green,Draymond,1610612744,GSW,36.0,68,31,37,0.456,27.5,3.0,7.2,0.418,1.5,4.6,0.326,0.9,1.2,0.702,0.8,4.7,5.5,5.5,2.7,0.9,0.6,0.2,2.9,1.6,8.4,-2.0,25.2,2,0,23.9,135,188,93,351,138,278,241,432,161,134,344,324,311,423,265,70,101,37,36,164,124,392,32,212,265,403,151,159,38,155,1,Draymond,36.0,68,31,37,0.456,27.5,110.0,109.4,109.4,112.5,113.6,113.6,-2.6,-4.3,-4.3,0.278,2.08,34.7,0.029,0.168,0.098,16.7,16.7,0.52,0.54,0.158,0.163,101.92,101.72,84.77,101.72,0.084,3976,205,491,3.0,7.2,0.418,135,188,482,351,138,354,382,382,283,321,321,316,359,359,56,185,24,380,118,190,550,548,372,405,361,358,296,295,295,323,211,184,278,241,432,1
1629234,Drew Eubanks,Drew,1610612758,SAC,29.0,42,10,32,0.238,13.1,2.2,3.7,0.596,0.0,0.2,0.143,0.8,1.4,0.561,0.9,2.1,3.0,0.5,0.7,0.4,0.6,0.3,1.4,1.2,5.2,-3.7,11.7,1,0,10.7,348,411,149,501,421,363,419,58,508,521,505,353,286,516,217,317,299,521,365,454,123,358,379,289,396,483,402,201,38,411,1,Drew,29.0,42,10,32,0.238,13.1,105.7,106.4,106.4,117.2,117.8,117.8,-11.4,-11.4,-11.4,0.052,0.63,8.3,0.069,0.154,0.112,13.0,13.0,0.599,0.605,0.161,0.165,102.78,102.17,85.14,102.17,0.082,1165,93,156,2.2,3.7,0.596,348,411,424,501,421,487,467,467,474,476,476,511,502,502,548,543,551,138,153,135,501,501,105,175,341,347,224,262,262,335,350,381,363,419,58,1
1630696,Dru Smith,Dru,1610612748,MIA,28.0,70,38,32,0.543,16.3,1.9,4.6,0.415,0.5,1.8,0.295,1.2,1.5,0.829,0.9,1.6,2.5,2.6,0.8,1.4,0.3,0.4,1.6,1.3,5.6,-1.2,16.9,0,0,14.7,105,128,149,262,365,392,367,441,383,367,418,241,263,175,230,405,372,178,348,33,277,214,325,275,378,345,304,284,38,336,1,Dru,28.0,70,38,32,0.543,16.3,108.7,107.1,107.1,109.6,110.3,110.3,-0.9,-3.2,-3.2,0.214,3.27,29.8,0.047,0.085,0.066,9.1,9.1,0.474,0.532,0.142,0.151,106.77,107.2,89.34,107.2,0.091,2548,135,325,1.9,4.6,0.415,105,128,424,262,365,401,449,449,141,171,171,282,331,331,115,43,51,218,453,374,217,212,484,428,419,410,38,30,30,267,290,268,392,367,441,1
1629130,Duncan Robinson,Duncan,1610612765,DET,32.0,77,58,19,0.753,27.4,4.1,9.1,0.456,2.9,7.0,0.41,1.1,1.4,0.755,0.4,2.3,2.7,2.1,0.7,0.6,0.3,0.2,2.2,1.5,12.2,7.0,20.4,0,0,21.5,37,5,333,45,139,184,168,293,22,32,72,277,276,331,449,292,343,227,371,330,287,407,150,229,155,18,228,284,38,192,1,Duncan,32.0,77,58,19,0.753,27.4,118.6,120.8,120.8,108.8,109.5,109.5,9.8,11.3,11.3,0.094,2.94,16.7,0.014,0.08,0.047,5.7,5.6,0.613,0.629,0.152,0.156,102.5,101.22,84.35,101.22,0.078,4471,318,698,4.1,9.1,0.456,37,5,236,45,139,46,29,29,119,138,138,49,47,47,399,72,316,516,490,523,48,47,84,104,385,390,249,340,340,368,113,98,184,168,293,1
203939,Dwight Powell,Dwight,1610612742,DAL,34.0,63,19,44,0.302,14.4,1.0,1.6,0.644,0.0,0.1,0.286,1.2,1.8,0.696,1.5,2.6,4.1,1.1,0.7,0.5,0.3,0.2,2.1,1.7,3.3,-0.1,11.8,3,0,10.3,194,316,43,446,403,498,545,29,504,530,428,242,220,431,102,256,193,378,390,358,245,429,172,203,475,273,400,128,38,420,1,Dwight,34.0,63,19,44,0.302,14.4,110.3,110.4,110.4,112.6,110.9,110.9,-2.3,-0.5,-0.5,0.095,1.66,26.6,0.101,0.17,0.136,16.0,15.8,0.653,0.699,0.084,0.089,103.8,104.58,87.15,104.58,0.073,1971,65,101,1.0,1.6,0.644,194,316,533,446,403,337,341,341,285,201,201,311,269,269,388,314,84,67,113,78,545,544,42,24,574,574,147,98,98,404,387,423,498,545,29,1
1642928,Dylan Cardwell,Dylan,1610612758,SAC,24.0,44,13,31,0.295,20.6,2.4,4.1,0.587,0.0,0.1,0.5,0.6,1.2,0.51,3.3,4.2,7.5,1.4,0.9,0.7,1.5,0.4,3.7,1.2,5.4,-1.5,22.3,3,0,18.8,336,384,160,449,277,339,401,62,499,533,13,409,326,530,14,97,40,328,304,272,16,221,5,308,390,369,194,128,38,245,1,Dylan,24.0,44,13,31,0.295,20.6,108.0,108.6,108.6,112.3,111.1,111.1,-4.3,-2.5,-2.5,0.095,1.59,20.5,0.148,0.202,0.174,12.9,12.9,0.592,0.591,0.108,0.11,100.05,100.31,83.59,100.31,0.089,1886,105,179,2.4,4.1,0.587,336,384,412,449,277,425,405,405,274,216,216,355,315,315,396,330,198,12,54,29,494,497,122,219,541,544,421,412,412,282,332,367,339,401,62,1
1642844,Dylan Harper,Dylan,1610612759,SAS,20.0,69,53,16,0.768,22.6,4.8,9.5,0.505,0.9,2.6,0.343,1.3,1.7,0.756,0.8,2.6,3.4,3.9,1.4,0.8,0.3,0.8,2.0,1.4,11.8,4.4,23.6,0,0,22.2,118,19,368,36,231,138,153,148,300,298,278,225,230,329,275,247,259,81,166,219,239,54,201,257,168,53,171,284,38,180,1,Dylan,20.0,69,53,16,0.768,22.6,116.3,116.9,116.9,106.8,107.4,107.4,9.5,9.5,9.5,0.246,2.69,24.9,0.033,0.106,0.07,9.3,9.2,0.551,0.574,0.211,0.218,102.03,101.49,84.57,101.49,0.113,3290,331,656,4.8,9.5,0.505,118,19,202,36,231,99,102,102,71,90,90,50,57,57,83,99,115,323,348,349,230,229,247,287,140,140,289,316,316,127,102,113,138,153,148,1
1630700,Dyson Daniels,Dyson,1610612737,ATL,23.0,76,44,32,0.579,33.2,5.3,10.2,0.517,0.3,1.5,0.188,1.0,1.6,0.615,2.4,4.4,6.8,5.9,1.8,2.0,0.4,0.6,2.2,1.7,11.9,4.0,34.3,15,2,29.6,54,67,149,201,37,112,135,120,445,401,497,301,247,498,41,80,59,32,103,6,201,148,149,200,165,60,57,36,16,92,1,Dyson,23.0,76,44,32,0.579,33.2,115.7,116.8,116.8,109.5,110.6,110.6,6.2,6.2,6.2,0.23,3.33,31.8,0.071,0.129,0.1,9.6,9.5,0.532,0.542,0.157,0.16,104.24,103.18,85.98,103.18,0.106,5403,402,777,5.3,10.2,0.517,54,67,424,201,37,114,106,106,132,184,184,89,93,93,97,39,33,127,241,179,261,260,327,398,362,372,130,185,185,171,62,80,112,135,120,1
1630604,E.J. Liddell,E.J.,1610612751,BKN,25.0,26,5,21,0.192,13.4,2.1,4.3,0.486,0.7,2.0,0.346,0.8,1.0,0.808,0.5,2.1,2.7,0.9,0.6,0.2,0.4,0.3,1.7,1.1,5.7,-1.8,11.5,1,0,11.2,425,474,305,535,417,376,390,193,343,348,270,341,360,217,363,313,346,422,412,507,220,349,271,316,377,392,406,201,38,401,1,E.J.,25.0,26,5,21,0.192,13.4,108.3,108.1,108.1,114.9,114.6,114.6,-6.6,-6.5,-6.5,0.114,1.6,14.9,0.039,0.174,0.102,9.3,9.3,0.568,0.6,0.168,0.173,99.35,99.52,82.93,99.52,0.087,724,54,111,2.1,4.3,0.486,425,474,262,535,417,415,419,419,399,368,368,417,410,410,314,325,380,286,106,169,238,232,183,184,303,309,461,453,453,294,407,413,376,390,193,1
1642856,Egor Dëmin,Egor,1610612751,BKN,20.0,52,14,38,0.269,25.2,3.4,8.6,0.399,2.4,6.2,0.385,1.0,1.3,0.831,0.4,2.8,3.2,3.3,1.7,0.8,0.3,0.3,1.8,1.2,10.3,-3.1,20.9,1,0,21.5,286,374,81,473,185,231,184,479,54,58,140,282,303,169,429,229,284,115,128,206,255,319,261,302,204,459,218,201,38,194,1,Egor,20.0,52,14,38,0.269,25.2,107.6,109.5,109.5,115.3,115.4,115.4,-7.7,-5.9,-5.9,0.199,2.01,23.5,0.015,0.116,0.063,11.7,11.7,0.537,0.561,0.182,0.185,100.08,99.16,82.63,99.16,0.081,2702,179,449,3.4,8.6,0.399,286,374,491,473,185,440,373,373,413,406,406,438,398,398,139,204,138,504,301,396,438,439,305,345,232,252,416,469,469,343,240,207,231,184,479,1
1641989,Elijah Harkless,Elijah,1610612762,UTA,26.0,26,5,21,0.192,21.0,2.1,6.2,0.335,0.8,3.4,0.239,1.9,2.5,0.766,0.4,1.7,2.0,2.9,1.0,1.2,0.2,0.4,2.0,2.7,6.8,-1.3,16.9,1,0,15.4,425,474,305,535,268,376,294,537,310,218,472,146,147,312,444,395,415,147,257,70,336,256,203,93,329,348,303,201,38,319,1,Elijah,26.0,26,5,21,0.192,21.0,113.4,113.5,113.5,115.3,116.0,116.0,-1.9,-2.5,-2.5,0.177,2.88,25.8,0.018,0.077,0.047,8.9,9.0,0.401,0.471,0.162,0.165,104.2,103.83,86.53,103.83,0.055,1177,54,161,2.1,6.2,0.335,425,474,262,535,268,197,211,211,412,427,427,301,316,316,171,75,100,484,500,521,201,206,545,521,333,348,132,143,143,509,407,377,376,294,537,1
1630679,Ethan Thompson,Ethan,1610612754,IND,27.0,32,8,24,0.25,20.4,2.3,6.1,0.378,1.2,3.6,0.328,1.2,1.5,0.787,0.5,1.6,2.2,1.8,0.8,0.6,0.3,0.4,2.2,1.4,7.0,0.0,14.2,0,0,13.9,400,440,258,485,285,352,296,511,221,197,340,256,270,259,369,400,406,265,351,303,291,234,158,251,326,250,358,284,38,351,1,Ethan,27.0,32,8,24,0.25,20.4,110.6,109.8,109.8,110.7,109.9,109.9,-0.1,-0.1,-0.1,0.122,2.28,19.3,0.025,0.078,0.051,8.4,8.4,0.474,0.515,0.154,0.16,101.11,101.84,84.87,101.84,0.051,1387,74,196,2.3,6.1,0.378,400,440,309,485,285,326,366,366,196,151,151,252,258,258,293,157,228,415,498,489,169,165,483,475,374,375,355,285,285,526,373,354,352,296,511,1
1630596,Evan Mobley,Evan,1610612739,CLE,24.0,65,40,25,0.615,31.9,7.2,13.2,0.546,1.0,3.2,0.297,2.8,4.6,0.606,2.4,6.6,9.0,3.6,1.9,0.7,1.7,0.7,2.4,3.5,18.2,3.4,39.9,27,0,36.7,166,110,246,163,52,40,70,89,284,231,413,80,51,503,43,20,19,99,91,239,7,72,89,58,61,73,30,14,38,39,1,Evan,24.0,65,40,25,0.615,31.9,116.8,117.0,117.0,111.0,111.3,111.3,5.8,5.7,5.7,0.168,1.92,17.4,0.073,0.196,0.135,9.1,9.1,0.582,0.596,0.221,0.227,102.14,101.89,84.91,101.89,0.135,4391,469,859,7.2,13.2,0.546,166,110,326,163,52,85,97,97,210,223,223,101,107,107,189,238,291,118,62,79,211,211,139,200,117,117,279,281,281,60,43,61,40,70,89,1
1630532,Franz Wagner,Franz,1610612753,ORL,24.0,34,20,14,0.588,30.0,7.2,14.9,0.481,1.4,4.1,0.345,4.8,5.8,0.823,1.3,3.9,5.2,3.3,1.7,0.9,0.3,1.0,2.1,4.5,20.6,2.4,33.9,0,0,33.0,394,302,397,191,90,41,49,207,178,173,274,28,29,193,136,115,123,116,122,145,259,22,167,28,37,113,60,284,38,63,1,Franz,24.0,34,20,14,0.588,30.0,113.7,114.2,114.2,110.0,110.6,110.6,3.7,3.6,3.6,0.175,1.95,14.7,0.041,0.128,0.084,7.6,7.6,0.529,0.588,0.256,0.264,105.4,104.86,87.38,104.86,0.134,2226,244,507,7.2,14.9,0.481,394,302,175,191,90,184,177,177,161,186,186,154,152,152,172,230,386,260,242,255,116,117,345,229,55,57,66,86,86,62,167,180,41,49,207,1
1641713,GG Jackson,GG,1610612763,MEM,21.0,55,16,39,0.291,21.4,4.6,9.3,0.496,1.2,3.5,0.332,2.0,2.7,0.742,0.9,3.4,4.3,1.5,1.5,0.6,0.8,0.6,1.4,1.9,12.5,-1.5,22.4,1,0,22.1,258,348,76,450,258,144,159,171,226,207,329,131,122,359,228,158,179,313,143,340,75,113,377,171,145,376,192,201,38,182,1,GG,21.0,55,16,39,0.291,21.4,113.4,114.0,114.0,116.8,117.5,117.5,-3.4,-3.5,-3.5,0.103,0.95,10.9,0.04,0.154,0.097,11.4,11.4,0.558,0.591,0.23,0.236,103.43,102.85,85.7,102.85,0.108,2525,255,514,4.6,9.3,0.496,258,348,503,450,258,199,182,182,464,468,468,339,340,340,362,514,513,272,151,194,421,424,215,218,93,93,173,207,207,162,153,174,144,159,171,1
1629216,Gabe Vincent,Gabe,1610612737,ATL,29.0,53,36,17,0.679,16.6,1.4,4.1,0.352,1.1,3.3,0.341,0.4,0.4,0.87,0.3,0.7,1.0,1.4,0.5,0.5,0.1,0.2,1.5,0.6,4.4,0.7,8.9,0,0,9.1,276,151,359,99,357,452,400,531,240,225,285,473,497,99,478,533,524,323,443,371,505,431,344,442,430,197,470,284,38,456,2,Gabe,29.0,53,36,17,0.679,16.6,117.7,117.3,117.3,115.8,116.0,116.0,2.0,1.3,1.3,0.109,2.81,23.2,0.02,0.041,0.03,8.2,8.2,0.488,0.511,0.119,0.123,101.84,101.94,84.95,101.94,0.033,1873,76,216,1.4,4.1,0.352,276,151,216,99,357,66,90,90,434,422,422,198,219,219,336,81,142,463,568,571,158,155,460,483,514,512,304,278,278,557,371,340,452,400,531,2
203914,Gary Harris,Gary,1610612749,MIL,31.0,48,15,33,0.313,13.8,1.0,2.2,0.442,0.6,1.4,0.412,0.2,0.2,0.889,0.3,0.9,1.3,1.1,0.4,0.6,0.2,0.1,1.1,0.1,2.7,-2.8,7.6,0,0,7.1,310,365,135,441,413,509,521,341,374,416,68,531,542,72,467,495,494,383,490,342,373,511,443,560,508,441,491,284,38,490,1,Gary,31.0,48,15,33,0.313,13.8,106.1,105.9,105.9,116.6,115.5,115.5,-10.6,-9.6,-9.6,0.105,2.68,28.8,0.025,0.072,0.048,10.7,10.7,0.577,0.593,0.082,0.086,98.34,98.9,82.42,98.9,0.048,1361,46,104,1.0,2.2,0.442,310,365,435,441,413,478,478,478,459,408,408,499,470,470,358,102,59,417,521,512,361,359,152,213,575,575,509,483,483,535,423,419,509,521,341,1
1627780,Gary Payton II,Gary,1610612744,GSW,33.0,73,33,40,0.452,15.6,3.3,5.7,0.583,0.5,1.7,0.291,0.4,0.5,0.65,1.4,2.2,3.6,1.7,0.8,0.9,0.3,0.2,1.8,0.5,7.5,-1.5,17.1,2,0,15.7,78,175,69,356,382,242,316,63,392,384,425,484,470,471,122,299,233,275,318,152,286,408,258,462,304,368,296,159,38,309,1,Gary,33.0,73,33,40,0.452,15.6,113.6,111.2,111.2,113.1,113.5,113.5,0.5,-2.3,-2.3,0.164,1.98,19.9,0.084,0.143,0.113,10.0,10.0,0.628,0.632,0.177,0.186,101.75,102.7,85.58,102.7,0.114,2420,242,415,3.3,5.7,0.583,78,175,508,356,382,190,307,307,314,309,309,240,308,308,194,221,213,91,184,131,295,297,66,96,259,247,309,215,215,122,169,219,242,316,63,1
1629018,Gary Trent Jr.,Gary,1610612749,MIL,27.0,65,24,41,0.369,21.2,2.8,7.3,0.387,1.9,5.3,0.36,0.6,0.8,0.769,0.1,0.9,1.0,1.2,0.6,0.5,0.0,0.2,1.3,0.7,8.1,-5.4,12.3,0,0,13.4,166,252,61,400,262,299,238,501,107,98,224,401,409,306,554,499,521,364,394,364,512,397,393,417,278,534,389,284,38,357,1,Gary,27.0,65,24,41,0.369,21.2,107.1,107.9,107.9,119.3,120.4,120.4,-12.2,-12.4,-12.4,0.082,1.93,12.9,0.006,0.044,0.024,6.7,6.7,0.517,0.533,0.167,0.173,100.35,99.53,82.94,99.53,0.047,2859,183,473,2.8,7.3,0.387,166,252,515,400,262,459,422,422,506,518,518,518,514,514,453,236,442,563,566,574,76,77,384,426,316,315,404,452,452,538,234,197,299,238,501,1
203507,Giannis Antetokounmpo,Giannis,1610612749,MIL,31.0,36,17,19,0.472,28.9,10.4,16.6,0.624,0.4,1.3,0.333,6.4,9.9,0.65,2.7,7.1,9.8,5.4,3.2,0.9,0.7,1.0,2.4,8.1,27.6,2.7,49.1,19,0,46.4,384,334,333,345,114,4,28,40,415,430,302,8,2,474,29,16,17,41,13,143,110,35,99,1,9,98,5,25,38,6,1,Giannis,31.0,36,17,19,0.472,28.9,118.8,119.4,119.4,114.1,114.9,114.9,4.6,4.4,4.4,0.344,1.7,18.4,0.098,0.233,0.168,10.8,10.8,0.636,0.658,0.358,0.367,100.51,99.9,83.25,99.9,0.213,2163,373,598,10.4,16.6,0.624,384,334,236,345,114,44,48,48,363,385,385,131,130,130,19,297,255,75,27,35,373,373,59,60,2,3,396,429,429,4,80,136,4,28,40,1
1629048,Goga Bitadze,Goga,1610612753,ORL,26.0,64,34,30,0.531,15.2,2.4,3.5,0.676,0.0,0.2,0.182,1.1,1.5,0.711,2.1,2.9,5.0,1.3,0.7,0.6,1.0,0.2,2.1,1.5,5.9,0.3,17.8,3,0,15.3,180,168,172,273,388,341,427,15,505,520,500,276,261,406,53,219,135,345,378,327,51,413,163,236,360,231,284,128,38,322,1,Goga,26.0,64,34,30,0.531,15.2,112.5,112.6,112.6,111.1,111.0,111.0,1.5,1.6,1.6,0.124,1.95,21.4,0.131,0.183,0.157,10.9,10.9,0.68,0.7,0.128,0.133,102.5,102.52,85.43,102.52,0.122,2069,152,225,2.4,3.5,0.676,180,168,395,273,388,235,254,254,212,207,207,213,212,212,283,228,177,27,87,46,383,382,25,22,492,490,251,230,230,92,268,335,341,427,15,1
1641711,Gradey Dick,Gradey,1610612761,TOR,22.0,76,43,33,0.566,14.0,2.1,5.1,0.419,0.7,2.4,0.301,1.0,1.2,0.875,0.6,1.4,1.9,0.7,0.6,0.6,0.1,0.3,1.3,0.9,6.0,1.6,10.8,1,0,10.7,54,75,135,224,406,372,348,422,326,307,401,285,327,87,357,432,432,477,423,324,478,327,384,380,359,149,421,201,38,410,1,Gradey,22.0,76,43,33,0.566,14.0,111.1,110.8,110.8,106.4,106.7,106.7,4.7,4.1,4.1,0.066,1.21,9.9,0.038,0.095,0.066,8.1,8.1,0.492,0.538,0.176,0.183,103.24,103.25,86.04,103.25,0.07,2308,161,384,2.1,5.1,0.419,54,75,435,224,406,306,321,321,64,82,82,128,136,136,516,456,535,289,398,373,150,152,451,411,267,265,189,176,176,425,262,238,372,348,422,1
1629684,Grant Williams,Grant,1610612766,CHA,27.0,36,25,11,0.694,19.8,2.2,5.1,0.426,1.4,3.7,0.388,1.2,1.5,0.815,1.3,2.7,3.9,1.6,0.9,0.5,0.5,0.2,1.6,1.4,7.0,5.6,16.1,0,0,15.9,384,243,432,85,299,366,346,393,172,190,126,245,263,207,134,240,209,298,313,399,156,445,327,245,324,35,317,284,38,306,1,Grant,27.0,36,25,11,0.694,19.8,116.9,119.2,119.2,107.0,106.3,106.3,9.9,12.9,12.9,0.106,1.81,19.2,0.06,0.127,0.094,10.6,10.6,0.568,0.609,0.132,0.137,100.07,99.41,82.84,99.41,0.089,1479,78,183,2.2,5.1,0.426,384,243,144,85,299,82,53,53,77,69,69,48,30,30,352,267,232,159,250,213,345,343,181,153,475,476,419,461,461,284,367,364,366,346,393,1
1628960,Grayson Allen,Grayson,1610612756,PHX,30.0,51,26,25,0.51,28.8,5.3,13.1,0.403,3.1,8.9,0.349,2.8,3.3,0.857,0.7,2.3,3.0,3.8,1.6,1.4,0.3,0.6,2.3,3.0,16.5,0.4,29.1,0,0,29.7,291,231,246,296,115,116,74,469,14,7,259,76,91,116,304,288,294,82,132,47,314,137,122,77,81,224,109,284,38,91,1,Grayson,30.0,51,26,25,0.51,28.8,113.6,113.9,113.9,113.4,113.8,113.8,0.2,0.1,0.1,0.206,2.35,19.2,0.023,0.081,0.051,8.2,8.1,0.522,0.568,0.231,0.24,99.42,99.12,82.6,99.12,0.105,3037,269,667,5.3,13.1,0.403,291,231,326,296,115,189,188,188,327,335,335,245,252,252,129,143,229,430,484,494,152,153,362,319,89,86,458,472,472,179,145,108,116,74,469,1
1627824,Guerschon Yabusele,Guerschon,1610612741,CHI,30.0,67,32,35,0.478,15.0,1.9,4.7,0.401,1.0,2.9,0.352,0.8,1.1,0.75,0.8,2.7,3.5,0.9,0.6,0.4,0.2,0.3,1.2,0.8,5.6,-2.5,12.4,4,0,12.3,147,182,112,340,392,396,366,474,259,266,247,343,345,333,250,242,245,418,401,440,330,368,419,395,380,422,387,114,38,383,2,Guerschon,30.0,67,32,35,0.478,15.0,107.6,107.4,107.4,115.5,115.3,115.3,-7.9,-7.9,-7.9,0.087,1.54,14.1,0.052,0.17,0.11,9.2,9.2,0.511,0.543,0.155,0.16,103.66,103.86,86.55,103.86,0.077,2182,125,312,1.9,4.7,0.401,147,182,459,340,392,441,437,437,424,400,400,441,435,435,429,359,405,200,114,145,224,223,399,397,371,373,161,138,138,373,306,278,396,366,474,2
1630611,Gui Santos,Gui,1610612744,GSW,23.0,68,29,39,0.426,20.5,3.4,6.8,0.5,1.1,3.3,0.351,1.3,1.8,0.725,1.1,2.8,3.9,2.3,1.5,0.9,0.3,0.5,2.1,1.8,9.2,0.5,19.6,3,0,19.0,135,203,76,371,279,234,257,156,232,224,252,231,224,386,170,227,211,202,150,164,259,201,179,193,238,217,239,128,38,239,1,Gui,23.0,68,29,39,0.426,20.5,111.7,111.7,111.7,111.8,110.7,110.7,0.0,1.0,1.0,0.168,1.56,20.6,0.052,0.138,0.094,13.2,13.2,0.585,0.609,0.181,0.188,100.39,100.89,84.08,100.89,0.097,2935,230,460,3.4,6.8,0.5,135,203,503,371,279,277,284,284,252,189,189,249,227,227,188,350,193,201,204,208,505,504,135,154,240,238,400,365,365,224,184,204,234,257,156,1
203084,Harrison Barnes,Harrison,1610612759,SAS,33.0,77,57,20,0.74,25.8,3.4,7.5,0.456,1.8,4.6,0.388,1.3,1.6,0.829,0.8,2.0,2.8,1.9,0.8,0.6,0.2,0.3,1.1,1.3,9.9,4.3,17.8,0,0,18.0,37,6,322,58,175,233,230,291,115,130,125,221,248,172,266,344,331,248,344,289,413,347,444,262,217,55,283,284,38,262,1,Harrison,33.0,77,57,20,0.74,25.8,117.2,118.4,118.4,110.0,110.6,110.6,7.2,7.8,7.8,0.097,2.43,17.6,0.03,0.071,0.051,7.3,7.3,0.577,0.608,0.144,0.146,102.45,101.69,84.74,101.69,0.075,4209,262,575,3.4,7.5,0.456,37,6,251,58,175,74,67,67,163,182,182,78,73,73,381,133,281,362,528,492,98,101,155,166,410,433,255,301,301,391,149,149,233,230,291,1
1630529,Herbert Jones,Herbert,1610612740,NOP,27.0,56,22,34,0.393,28.4,3.3,8.5,0.383,1.4,4.6,0.309,0.9,1.1,0.806,0.8,2.6,3.4,2.8,1.3,1.6,0.5,0.5,3.2,1.2,8.9,-0.9,21.9,0,0,20.6,247,277,125,390,123,249,187,505,176,131,387,321,339,218,247,258,258,154,195,18,166,196,22,307,247,323,204,284,38,212,1,Herbert,27.0,56,22,34,0.393,28.4,112.4,113.5,113.5,113.6,114.4,114.4,-1.2,-0.9,-0.9,0.13,2.12,21.1,0.029,0.09,0.059,9.9,10.0,0.467,0.491,0.153,0.155,101.88,101.08,84.24,101.08,0.053,3337,183,478,3.3,8.5,0.383,247,277,449,390,123,242,213,213,337,360,360,289,278,278,267,177,181,376,425,428,286,288,495,505,382,393,300,350,350,517,234,191,249,187,505,1
1642864,Hugo González,Hugo,1610612738,BOS,20.0,74,51,23,0.689,14.6,1.6,3.3,0.476,0.6,1.6,0.362,0.2,0.4,0.5,0.8,2.5,3.3,0.5,0.5,0.6,0.3,0.3,1.7,0.7,3.9,3.3,10.7,2,0,10.0,70,30,275,88,397,431,438,226,378,399,214,528,512,531,248,266,268,502,442,338,290,336,289,424,453,77,423,159,38,422,1,Hugo,20.0,74,51,23,0.689,14.6,117.9,118.0,118.0,106.5,106.2,106.2,11.4,11.9,11.9,0.047,1.05,11.9,0.055,0.158,0.107,11.3,11.3,0.561,0.561,0.114,0.118,97.72,97.78,81.48,97.78,0.067,2201,117,246,1.6,3.3,0.476,70,30,289,88,397,63,73,73,65,68,68,36,37,37,554,490,478,184,142,151,418,417,204,343,526,525,531,539,539,450,318,322,431,438,226,1
1630193,Immanuel Quickley,Immanuel,1610612761,TOR,26.0,70,41,29,0.586,31.9,5.7,12.9,0.443,2.5,6.8,0.374,2.4,3.0,0.821,0.5,3.5,4.0,5.9,1.5,1.3,0.1,0.6,2.0,2.7,16.4,1.7,32.9,8,0,31.7,105,97,189,193,53,88,79,339,43,40,173,99,107,197,359,147,196,30,162,50,496,125,202,98,83,143,73,66,38,73,1,Immanuel,26.0,70,41,29,0.586,31.9,114.0,115.0,115.0,111.3,112.1,112.1,2.7,2.9,2.9,0.261,4.07,27.5,0.017,0.108,0.062,6.8,6.7,0.541,0.577,0.206,0.212,100.84,100.06,83.39,100.06,0.118,4644,401,905,5.7,12.9,0.443,105,97,379,193,53,173,146,146,223,257,257,177,178,178,73,19,71,491,335,402,79,79,285,275,150,153,376,424,424,102,64,52,88,79,339,1
1630171,Isaac Okoro,Isaac,1610612741,CHI,25.0,63,26,37,0.413,26.9,3.3,7.3,0.46,1.2,3.5,0.33,1.4,1.8,0.795,1.1,1.7,2.7,1.6,0.7,0.7,0.5,0.4,2.6,1.7,9.3,-5.3,17.8,0,0,17.1,194,231,93,378,153,238,237,278,228,208,332,208,220,241,173,397,335,295,364,243,176,212,69,203,234,531,282,284,38,278,1,Isaac,25.0,63,26,37,0.413,26.9,111.2,112.1,112.1,118.3,120.6,120.6,-7.1,-8.5,-8.5,0.079,2.17,15.3,0.04,0.058,0.049,7.0,7.0,0.539,0.574,0.137,0.139,104.58,103.21,86.01,103.21,0.05,3634,211,459,3.3,7.3,0.46,194,231,482,378,153,300,272,272,495,525,525,426,447,447,462,173,364,271,554,505,87,87,293,283,453,465,104,181,181,529,206,205,238,237,278,1
1642268,Isaiah Collier,Isaiah,1610612762,UTA,21.0,59,16,43,0.271,25.7,4.3,8.7,0.495,0.5,1.7,0.27,2.6,3.5,0.722,0.4,2.2,2.5,7.2,2.5,1.1,0.3,0.9,2.3,2.6,11.7,-7.5,27.3,10,0,24.7,225,348,51,471,178,165,181,173,407,389,445,90,78,389,460,310,359,13,41,86,244,39,107,109,174,564,124,56,38,142,1,Isaiah,21.0,59,16,43,0.271,25.7,109.2,109.4,109.4,122.7,122.6,122.6,-13.4,-13.2,-13.2,0.404,2.86,35.8,0.013,0.085,0.048,12.5,12.6,0.521,0.567,0.204,0.208,104.32,104.25,86.87,104.25,0.102,3291,255,515,4.3,8.7,0.495,225,348,527,471,178,385,377,377,547,551,551,531,525,525,9,79,20,525,457,515,481,480,365,323,154,160,121,114,114,193,153,172,165,181,173,1
1628392,Isaiah Hartenstein,Isaiah,1610612760,OKC,28.0,47,39,8,0.83,24.2,3.9,6.3,0.622,0.0,0.1,0.0,1.4,2.2,0.61,3.2,6.3,9.4,3.5,1.7,1.0,0.8,0.4,2.5,2.1,9.2,7.8,29.4,11,1,25.7,320,118,468,14,202,195,290,41,517,525,517,215,171,500,16,23,18,103,112,114,82,273,78,153,237,11,105,53,23,130,1,Isaiah,28.0,47,39,8,0.83,24.2,118.0,118.8,118.8,102.7,103.2,103.2,15.3,15.6,15.6,0.189,2.02,28.2,0.13,0.243,0.188,13.9,13.9,0.622,0.631,0.153,0.157,101.3,100.69,83.91,100.69,0.143,2383,184,296,3.9,6.3,0.622,320,118,109,14,202,59,58,58,28,38,38,20,23,23,155,202,67,28,20,13,516,514,72,98,377,386,341,380,380,40,231,285,195,290,41,1
1630543,Isaiah Jackson,Isaiah,1610612746,LAC,24.0,55,20,35,0.364,16.5,2.7,4.3,0.637,0.0,0.1,0.0,1.2,1.9,0.648,2.1,3.2,5.3,0.9,1.1,0.7,0.9,0.3,2.7,1.5,6.7,-0.9,18.1,7,0,16.0,258,302,112,403,361,305,388,33,517,539,517,243,207,475,59,178,118,417,247,285,61,366,50,235,332,327,274,72,38,304,2,Isaiah,24.0,55,20,35,0.364,16.5,112.4,111.8,111.8,114.3,114.7,114.7,-1.9,-2.9,-2.9,0.083,0.9,13.2,0.12,0.19,0.155,14.8,14.8,0.637,0.653,0.152,0.159,101.95,102.07,85.06,102.07,0.104,1934,151,237,2.7,4.3,0.637,258,302,459,403,361,243,282,282,368,369,369,299,320,320,446,526,432,38,75,47,529,529,57,64,384,379,294,267,267,181,270,326,305,388,33,2
1630198,Isaiah Joe,Isaiah,1610612760,OKC,26.0,71,56,15,0.789,21.2,3.5,7.6,0.455,2.5,6.0,0.423,1.5,1.7,0.894,0.5,2.1,2.5,1.3,0.6,0.7,0.2,0.2,1.7,1.9,11.1,5.0,18.0,0,0,19.2,98,7,382,27,261,227,221,299,41,64,50,192,228,64,403,320,357,344,392,261,415,390,281,177,185,42,275,284,38,232,1,Isaiah,26.0,71,56,15,0.789,21.2,116.0,116.9,116.9,105.4,105.2,105.2,10.6,11.7,11.7,0.089,2.09,12.9,0.022,0.09,0.057,6.2,6.1,0.622,0.657,0.178,0.185,101.66,101.43,84.53,101.43,0.099,3178,247,543,3.5,7.6,0.455,98,7,187,27,261,104,104,104,52,56,56,38,40,40,423,181,441,447,428,443,66,64,73,62,255,254,316,321,321,207,164,159,227,221,299,1
1630191,Isaiah Stewart,Isaiah,1610612765,DET,25.0,58,42,16,0.724,22.7,3.8,6.9,0.55,0.7,2.1,0.333,1.7,2.3,0.756,1.7,3.3,5.0,1.1,1.2,0.3,1.6,0.4,2.9,2.1,10.0,0.7,22.2,2,0,20.6,230,87,368,71,228,199,250,86,344,335,302,172,168,330,90,160,135,373,229,489,12,245,35,149,213,200,196,159,38,211,1,Isaiah,25.0,58,42,16,0.724,22.7,112.1,112.8,112.8,110.0,111.0,111.0,2.1,1.8,1.8,0.073,0.99,11.2,0.07,0.135,0.103,11.3,11.3,0.6,0.632,0.164,0.17,101.81,101.0,84.17,101.0,0.095,2767,221,402,3.8,6.9,0.55,230,87,202,71,228,264,242,242,158,209,209,194,206,206,484,512,504,132,219,164,416,412,104,97,325,326,306,355,355,237,195,226,199,250,86,1
1627826,Ivica Zubac,Ivica,1610612754,IND,29.0,48,17,31,0.354,30.1,6.0,10.0,0.598,0.0,0.0,0.0,2.1,3.0,0.711,3.4,7.2,10.6,2.2,1.8,0.4,0.8,0.7,2.3,3.1,14.1,-1.0,31.9,24,0,29.3,310,334,160,408,88,80,141,57,517,548,517,122,106,407,12,11,10,216,102,448,69,76,108,74,114,332,80,16,38,95,2,Ivica,29.0,48,17,31,0.354,30.1,113.0,115.6,115.6,115.9,117.9,117.9,-2.9,-2.4,-2.4,0.11,1.22,14.3,0.117,0.234,0.178,11.7,11.7,0.598,0.622,0.186,0.189,99.48,97.51,81.26,97.51,0.13,2949,288,482,6.0,10.0,0.598,310,334,412,408,88,214,132,132,441,479,479,325,311,311,333,454,394,40,25,26,441,441,111,119,212,229,456,550,550,69,130,188,80,141,57,2
1629630,Ja Morant,Ja,1610612763,MEM,26.0,20,7,13,0.35,28.4,6.6,16.1,0.41,1.0,4.3,0.235,5.3,5.9,0.897,0.4,2.9,3.3,8.1,3.6,1.0,0.3,0.9,2.0,4.2,19.5,-2.5,35.8,8,0,34.4,449,452,409,409,120,59,31,452,268,155,474,23,28,58,431,222,277,5,7,121,277,40,203,36,50,423,48,66,38,48,1,Ja,26.0,20,7,13,0.35,28.4,108.1,109.5,109.5,113.2,113.9,113.9,-5.1,-4.4,-4.4,0.447,2.27,26.6,0.013,0.096,0.053,11.7,11.7,0.441,0.521,0.305,0.315,107.62,106.6,88.83,106.6,0.128,1265,132,322,6.6,16.1,0.41,449,452,165,409,120,423,374,374,317,338,338,378,369,369,4,160,83,532,389,477,439,443,515,457,18,16,26,41,41,73,295,270,59,31,452,1
1642266,Ja'Kobe Walter,Ja'Kobe,1610612761,TOR,21.0,72,41,31,0.569,20.5,2.5,5.6,0.446,1.5,3.7,0.409,1.0,1.3,0.789,0.8,1.8,2.6,1.2,0.5,1.0,0.2,0.3,2.3,1.1,7.5,0.0,15.5,0,0,15.2,84,97,160,218,282,328,323,333,150,188,74,302,303,254,276,379,352,367,441,120,369,345,131,311,302,252,332,284,38,323,1,Ja'Kobe,21.0,72,41,31,0.569,20.5,110.9,111.6,111.6,109.8,110.7,110.7,1.2,0.9,0.9,0.079,2.32,15.2,0.037,0.088,0.062,6.5,6.5,0.582,0.61,0.136,0.141,101.58,100.83,84.03,100.83,0.069,3084,180,404,2.5,5.6,0.446,84,97,412,218,282,311,296,296,148,196,196,223,230,230,460,146,369,295,439,410,72,72,141,151,456,455,327,370,370,442,238,223,328,323,333,1
1631095,Jabari Smith Jr.,Jabari,1610612745,HOU,23.0,77,48,29,0.623,35.1,5.7,12.7,0.449,2.3,6.3,0.363,2.1,2.7,0.775,1.4,5.5,6.9,1.9,1.4,0.7,0.9,0.7,2.5,2.1,15.8,3.4,30.4,14,0,30.1,37,41,189,155,9,90,81,320,64,54,209,124,126,294,120,37,58,254,186,245,55,87,82,151,91,74,96,38,38,88,1,Jabari,23.0,77,48,29,0.623,35.1,115.1,117.0,117.0,110.9,112.0,112.0,4.2,5.0,5.0,0.073,1.36,10.9,0.039,0.152,0.096,8.0,8.0,0.54,0.569,0.179,0.183,98.98,97.66,81.39,97.66,0.093,5501,438,975,5.7,12.7,0.449,37,41,379,155,9,135,99,99,205,247,247,144,121,121,487,415,512,280,157,202,143,145,290,309,247,264,482,545,545,251,49,43,90,81,320,1
1630702,Jaden Hardy,Jaden,1610612764,WAS,23.0,57,13,44,0.228,15.8,3.2,7.5,0.424,1.8,4.6,0.397,1.0,1.3,0.733,0.3,1.2,1.5,1.0,1.1,0.3,0.1,0.3,1.6,1.0,9.2,-1.5,12.6,0,0,14.3,235,384,43,511,377,257,229,401,113,132,102,306,295,370,496,447,477,391,241,487,459,296,323,336,240,366,383,284,38,344,2,Jaden,23.0,57,13,44,0.228,15.8,111.9,112.0,112.0,117.2,116.4,116.4,-5.3,-4.4,-4.4,0.095,0.94,9.9,0.017,0.078,0.047,10.6,10.7,0.545,0.566,0.239,0.246,103.12,103.45,86.2,103.45,0.066,1936,182,429,3.2,7.5,0.424,235,384,533,511,377,270,279,279,475,435,435,382,368,368,392,516,533,495,496,522,348,356,273,327,79,79,200,167,167,457,236,217,257,229,401,2
1631093,Jaden Ivey,Jaden,1610612741,CHI,24.0,37,23,14,0.622,18.1,3.1,6.9,0.445,1.4,3.6,0.373,1.0,1.3,0.809,0.6,1.8,2.5,1.8,1.1,0.6,0.4,0.5,1.4,1.1,8.5,0.7,16.1,0,0,16.2,377,268,397,156,328,270,251,334,188,198,178,284,300,216,327,370,374,258,238,306,226,170,362,326,258,198,316,284,38,297,2,Jaden,24.0,37,23,14,0.622,18.1,108.7,110.3,110.3,107.5,108.2,108.2,1.3,2.1,2.1,0.145,1.66,17.6,0.034,0.096,0.065,10.6,10.6,0.543,0.571,0.192,0.197,103.09,101.98,84.98,101.98,0.091,1422,114,256,3.1,6.9,0.445,377,268,175,156,328,399,342,342,90,105,105,220,199,199,234,314,285,312,387,386,347,350,280,304,195,201,205,277,277,266,321,315,270,251,334,2
1630183,Jaden McDaniels,Jaden,1610612750,MIN,25.0,73,44,29,0.603,31.7,5.7,11.1,0.515,1.4,3.4,0.412,2.0,2.4,0.835,1.0,3.2,4.2,2.7,1.8,1.1,1.0,0.6,3.3,2.1,14.8,1.6,28.6,0,0,27.5,78,67,189,173,55,89,117,124,179,216,67,133,153,158,184,179,180,158,101,90,42,139,13,147,103,147,115,284,38,115,1,Jaden,25.0,73,44,29,0.603,31.7,115.0,115.5,115.5,110.7,112.4,112.4,4.3,3.1,3.1,0.121,1.52,16.4,0.033,0.094,0.065,10.8,10.8,0.579,0.611,0.182,0.187,102.98,102.0,85.0,102.0,0.088,4908,417,809,5.7,11.1,0.515,78,67,379,173,55,139,135,135,195,265,265,141,170,170,294,367,324,329,404,387,367,371,145,145,230,242,211,273,273,290,56,70,89,117,124,1
1642942,Jahmai Mashack,Jahmai,1610612763,MEM,23.0,31,10,21,0.323,21.7,2.5,6.3,0.395,0.6,2.4,0.253,0.6,1.1,0.543,0.7,1.9,2.6,2.2,1.6,1.2,0.5,0.3,2.2,1.1,6.2,-6.8,16.0,2,1,14.9,407,411,305,431,252,331,291,490,359,310,456,403,335,525,295,354,349,212,137,69,181,311,154,312,350,548,321,159,23,331,1,Jahmai,23.0,31,10,21,0.323,21.7,105.7,106.2,106.2,118.7,120.7,120.7,-13.0,-14.5,-14.5,0.141,1.41,21.0,0.031,0.086,0.057,14.9,14.9,0.444,0.456,0.156,0.16,105.14,104.0,86.67,104.0,0.041,1459,77,195,2.5,6.3,0.395,407,411,262,431,252,488,470,470,499,528,528,527,538,538,244,397,185,348,447,441,533,532,513,532,369,371,76,127,127,548,368,355,331,291,490,1
1631170,Jaime Jaquez Jr.,Jaime,1610612748,MIA,25.0,75,41,34,0.547,28.3,6.2,12.2,0.507,0.8,2.4,0.317,2.2,2.9,0.769,1.3,3.7,5.0,4.7,2.0,0.7,0.3,1.0,1.8,2.2,15.4,1.9,29.3,6,0,27.7,60,97,125,256,126,72,89,143,321,309,370,115,116,308,133,135,135,60,80,275,293,36,254,144,94,127,107,84,38,114,1,Jaime,25.0,75,41,34,0.547,28.3,114.3,114.7,114.7,111.0,111.9,111.9,3.3,2.9,2.9,0.24,2.32,23.3,0.042,0.117,0.08,10.1,10.0,0.539,0.57,0.216,0.223,106.11,105.49,87.91,105.49,0.113,4666,464,915,6.2,12.2,0.507,60,97,449,256,126,160,154,154,211,243,243,165,177,177,89,150,140,255,299,280,298,298,295,307,127,124,48,65,65,130,44,51,72,89,143,1
1631222,Jake LaRavia,Jake,1610612747,LAL,24.0,82,53,29,0.646,25.1,2.9,6.4,0.459,1.0,3.0,0.321,1.4,1.9,0.763,1.4,2.6,4.0,1.8,1.1,1.3,0.5,0.3,2.4,1.5,8.2,-0.1,19.8,1,0,18.4,1,19,189,132,186,295,286,282,285,261,358,207,214,317,116,254,205,268,245,56,172,289,97,242,274,258,236,201,38,255,1,Jake,24.0,82,53,29,0.646,25.1,116.0,116.1,116.1,115.3,116.1,116.1,0.7,0.0,0.0,0.093,1.67,17.6,0.059,0.103,0.081,10.6,10.6,0.533,0.571,0.138,0.142,100.93,100.51,83.76,100.51,0.067,4314,240,523,2.9,6.4,0.459,1,19,379,132,186,108,118,118,410,430,430,234,254,254,401,309,284,164,356,272,343,346,319,303,446,450,367,393,393,454,172,170,295,286,282,1
1627751,Jakob Poeltl,Jakob,1610612761,TOR,30.0,46,26,20,0.565,25.0,4.7,6.7,0.7,0.0,0.0,0.0,1.3,2.1,0.602,2.5,4.5,7.0,2.0,1.2,0.9,0.7,0.3,3.2,2.0,10.7,1.0,25.6,7,0,22.9,324,231,322,225,190,141,258,11,517,548,517,229,178,505,38,75,52,232,213,180,100,359,23,160,193,180,144,72,38,169,1,Jakob,30.0,46,26,20,0.565,25.0,114.1,114.7,114.7,111.9,112.6,112.6,2.2,2.0,2.0,0.111,1.63,18.5,0.102,0.188,0.145,11.3,11.3,0.7,0.698,0.15,0.154,100.95,100.36,83.63,100.36,0.115,2402,217,310,4.7,6.7,0.7,324,231,251,225,190,170,156,156,256,273,273,191,202,202,326,320,252,65,76,62,415,419,16,25,393,395,366,408,408,114,197,279,141,258,11,1
1628973,Jalen Brunson,Jalen,1610612752,NYK,29.0,74,50,24,0.676,35.0,9.3,19.9,0.467,2.6,7.1,0.369,4.8,5.7,0.841,0.4,2.9,3.3,6.8,2.4,0.8,0.1,0.7,2.3,5.1,26.0,4.8,40.5,12,0,40.6,70,32,258,101,11,10,6,258,39,26,189,29,31,147,421,212,263,16,54,221,457,94,118,17,14,45,27,47,38,21,1,Jalen,29.0,74,50,24,0.676,35.0,118.6,120.2,120.2,112.8,114.1,114.1,5.7,6.1,6.1,0.307,2.87,21.7,0.012,0.083,0.047,7.5,7.5,0.533,0.58,0.296,0.304,99.46,98.25,81.87,98.25,0.135,5313,689,1475,9.3,19.9,0.467,70,32,309,101,11,47,37,37,301,347,347,103,98,98,37,76,166,538,471,519,114,114,320,259,19,20,457,512,512,59,6,3,10,6,258,1
1631105,Jalen Duren,Jalen,1610612765,DET,22.0,70,50,20,0.714,28.2,7.5,11.5,0.65,0.0,0.0,0.0,4.6,6.1,0.747,3.8,6.7,10.5,2.0,1.9,0.8,0.8,1.2,2.8,4.3,19.5,6.9,38.2,41,0,35.3,105,32,322,75,127,31,105,26,517,548,517,34,22,351,8,19,12,241,93,203,66,11,41,35,49,21,39,5,38,44,1,Jalen,22.0,70,50,20,0.714,28.2,117.5,120.0,120.0,107.0,108.2,108.2,10.6,11.8,11.8,0.104,1.06,11.0,0.132,0.23,0.182,10.3,10.3,0.65,0.688,0.231,0.234,102.45,100.81,84.0,100.81,0.177,4145,522,803,7.5,11.5,0.65,105,32,251,75,127,70,39,39,76,103,103,39,38,38,359,488,511,25,28,22,325,323,45,32,91,99,254,374,374,11,27,74,31,105,26,1
1630224,Jalen Green,Jalen,1610612756,PHX,24.0,32,17,15,0.531,25.9,6.8,16.0,0.422,2.2,7.1,0.313,2.0,2.7,0.747,0.5,3.1,3.6,2.8,2.3,1.1,0.3,1.1,1.3,2.6,17.8,1.0,28.1,0,0,29.1,400,334,382,273,171,57,34,413,68,29,381,132,125,349,379,184,234,149,64,105,316,15,392,114,64,181,118,284,38,98,1,Jalen,24.0,32,17,15,0.531,25.9,112.2,114.2,114.2,112.4,113.5,113.5,-0.2,0.7,0.7,0.181,1.26,12.7,0.017,0.122,0.067,10.1,10.1,0.491,0.516,0.309,0.315,100.93,99.56,82.96,99.56,0.106,1727,216,512,6.8,16.0,0.422,400,334,187,273,171,256,176,176,278,314,314,256,235,235,165,437,446,486,273,372,300,301,454,473,13,15,368,448,448,168,198,177,57,34,413,1
1630552,Jalen Johnson,Jalen,1610612737,ATL,24.0,72,42,30,0.583,35.2,8.3,17.1,0.489,1.7,4.7,0.352,4.2,5.3,0.788,1.4,8.9,10.3,7.9,3.4,1.2,0.4,1.2,2.1,3.7,22.5,2.6,48.3,49,13,45.7,84,87,172,195,8,22,24,189,134,122,249,38,37,256,119,4,14,8,9,62,188,9,174,51,25,106,8,3,2,8,1,Jalen,24.0,72,42,30,0.583,35.2,114.1,115.5,115.5,110.8,112.3,112.3,3.4,3.2,3.2,0.325,2.32,25.7,0.038,0.241,0.14,11.1,11.1,0.537,0.581,0.264,0.27,104.93,103.58,86.32,103.58,0.161,5468,600,1228,8.3,17.1,0.489,84,87,395,195,8,166,134,134,199,261,261,162,163,163,31,149,102,288,21,70,395,394,302,258,41,49,87,159,159,15,13,13,22,24,189,1
1629618,Jalen Pickett,Jalen,1610612743,DEN,26.0,50,34,16,0.68,16.1,2.0,4.6,0.422,1.0,2.5,0.386,0.3,0.4,0.789,0.4,1.9,2.3,2.3,0.7,0.3,0.1,0.2,0.8,0.4,5.2,0.1,11.8,0,0,11.5,297,168,368,97,369,390,368,410,275,300,135,501,508,250,456,348,393,204,376,496,466,415,493,507,397,247,401,284,38,397,1,Jalen,26.0,50,34,16,0.68,16.1,111.9,112.1,112.1,112.4,112.4,112.4,-0.5,-0.4,-0.4,0.208,3.38,29.6,0.022,0.107,0.067,8.8,8.7,0.528,0.541,0.148,0.153,98.07,97.97,81.64,97.97,0.084,1650,98,232,2.0,4.6,0.422,297,168,202,97,369,271,271,271,277,267,267,266,266,266,125,34,53,442,342,369,187,188,349,401,400,399,523,530,530,320,342,330,390,368,410,1
1630188,Jalen Smith,Jalen,1610612741,CHI,26.0,53,26,27,0.491,20.7,3.7,7.6,0.483,1.5,4.2,0.373,1.3,1.8,0.742,1.8,4.8,6.7,1.2,1.0,0.5,0.8,0.4,2.1,1.8,10.2,1.6,22.8,9,0,22.2,276,231,220,330,274,206,222,205,147,168,179,228,225,357,78,63,62,360,257,411,77,276,176,184,207,148,183,63,38,181,1,Jalen,26.0,53,26,27,0.491,20.7,116.9,116.4,116.4,112.8,113.0,113.0,4.2,3.4,3.4,0.081,1.23,11.6,0.085,0.218,0.152,9.4,9.4,0.584,0.608,0.183,0.19,103.67,103.79,86.49,103.79,0.109,2371,195,404,3.7,7.6,0.483,276,231,352,330,274,80,109,109,299,291,291,146,157,157,454,448,486,89,40,50,253,246,136,167,225,223,159,145,145,155,218,223,206,222,205,1
1630591,Jalen Suggs,Jalen,1610612753,ORL,24.0,57,34,23,0.596,27.6,4.9,11.4,0.435,2.1,6.3,0.339,1.8,2.1,0.855,0.6,3.2,3.9,5.5,2.7,1.8,0.7,0.4,2.5,2.3,13.8,3.2,31.6,4,1,30.4,235,168,275,184,136,129,108,370,71,55,290,163,188,125,334,177,216,40,35,11,99,226,73,134,123,80,84,114,23,84,1,Jalen,24.0,57,34,23,0.596,27.6,112.2,113.6,113.6,107.2,108.4,108.4,5.0,5.2,5.2,0.284,2.05,26.8,0.022,0.112,0.068,13.1,13.1,0.529,0.561,0.22,0.226,105.8,104.54,87.11,104.54,0.11,3428,282,649,4.9,11.4,0.435,235,168,289,184,136,259,207,207,83,112,112,118,115,115,51,191,79,441,316,361,502,503,346,346,118,118,55,100,100,146,136,115,129,108,370,1
1631114,Jalen Williams,Jalen,1610612760,OKC,25.0,33,25,8,0.758,28.4,6.5,13.5,0.484,0.7,2.3,0.299,3.3,3.9,0.837,0.8,3.8,4.6,5.5,1.9,1.2,0.3,0.7,2.0,3.1,17.1,6.9,33.3,1,0,30.8,398,243,468,42,124,62,65,198,339,318,409,60,69,155,256,128,159,39,87,72,299,96,216,72,73,19,69,201,38,82,1,Jalen,25.0,33,25,8,0.758,28.4,118.3,118.1,118.1,105.8,106.4,106.4,12.6,11.7,11.7,0.274,2.87,24.3,0.029,0.124,0.079,8.5,8.4,0.51,0.56,0.252,0.259,102.8,102.62,85.52,102.62,0.135,1999,216,446,6.5,13.5,0.484,398,243,109,42,124,50,71,71,57,73,73,27,41,41,57,77,127,370,263,284,171,170,403,349,60,60,223,218,218,61,198,209,62,65,198,1
1630592,Jalen Wilson,Jalen,1610612751,BKN,25.0,54,10,44,0.185,15.9,2.0,5.1,0.396,1.0,2.8,0.355,1.3,1.8,0.719,0.3,1.8,2.1,0.9,0.7,0.4,0.0,0.3,1.6,1.4,6.4,-3.6,10.9,0,0,11.3,266,411,43,539,373,382,342,487,268,277,238,232,220,393,481,377,409,421,369,430,517,296,318,250,346,474,418,284,38,400,1,Jalen,25.0,54,10,44,0.185,15.9,105.4,104.5,104.5,115.9,115.4,115.4,-10.5,-10.9,-10.9,0.098,1.32,12.2,0.019,0.122,0.067,9.3,9.3,0.493,0.536,0.177,0.184,97.97,98.57,82.14,98.57,0.061,1764,110,278,2.0,5.1,0.396,266,411,533,539,373,495,498,498,440,405,405,497,493,493,379,425,470,475,271,371,233,238,450,417,265,256,526,499,499,487,324,299,382,342,487,1
1631288,Jamal Cain,Jamal,1610612753,ORL,27.0,40,22,18,0.55,12.1,1.9,3.8,0.487,0.7,1.8,0.384,1.0,1.2,0.848,0.7,1.3,2.0,0.7,0.5,0.3,0.1,0.2,1.3,0.9,5.4,1.1,9.5,0,0,9.5,362,277,348,248,440,399,413,191,337,372,144,304,330,135,315,443,428,471,462,491,466,415,385,363,393,177,453,284,38,439,1,Jamal,27.0,40,22,18,0.55,12.1,117.0,118.0,118.0,114.7,113.5,113.5,2.3,4.5,4.5,0.085,1.53,13.1,0.055,0.109,0.08,8.6,8.6,0.579,0.624,0.159,0.164,100.89,100.94,84.12,100.94,0.081,1021,74,152,1.9,3.8,0.487,362,277,225,248,440,79,74,74,390,312,312,189,127,127,435,363,435,183,331,278,179,182,146,114,352,352,373,361,361,348,373,383,399,413,191,1
1627750,Jamal Murray,Jamal,1610612743,DEN,29.0,75,48,27,0.64,35.4,8.8,18.1,0.483,3.3,7.5,0.435,4.6,5.2,0.887,0.4,4.0,4.4,7.1,2.3,0.9,0.4,0.8,1.7,4.0,25.4,5.8,42.9,18,0,42.7,60,41,220,139,7,15,16,204,7,21,38,32,40,77,416,112,170,15,62,178,218,63,267,39,16,33,17,27,38,15,1,Jamal,29.0,75,48,27,0.64,35.4,123.0,124.4,124.4,117.4,117.7,117.7,5.6,6.8,6.8,0.298,3.13,24.2,0.013,0.109,0.063,7.7,7.6,0.573,0.622,0.269,0.278,100.56,99.84,83.2,99.84,0.142,5541,657,1360,8.8,18.1,0.483,60,41,352,139,7,15,10,10,479,473,473,107,82,82,40,52,129,529,330,395,124,118,163,118,36,35,393,432,432,41,8,7,15,16,204,1
1642347,Jamal Shead,Jamal,1610612761,TOR,23.0,82,46,36,0.561,22.6,2.3,6.1,0.367,1.0,3.2,0.321,1.1,1.4,0.784,0.3,1.4,1.7,5.4,1.4,0.9,0.2,0.4,2.0,2.0,6.6,2.8,18.8,2,0,17.0,1,52,102,232,229,359,295,523,263,233,359,269,281,268,480,422,454,42,184,148,380,252,214,160,336,94,258,159,38,279,1,Jamal,23.0,82,46,36,0.561,22.6,113.8,114.1,114.1,108.1,108.3,108.3,5.6,5.8,5.8,0.306,3.96,39.9,0.014,0.064,0.038,10.1,10.1,0.45,0.491,0.149,0.154,100.66,100.44,83.7,100.44,0.078,3878,185,504,2.3,6.1,0.367,1,52,472,232,229,180,180,180,104,108,108,105,104,104,38,23,7,515,547,557,297,299,507,504,395,396,388,398,398,372,229,181,359,295,523,1
1631123,Jamaree Bouyea,Jamaree,1610612756,PHX,26.0,46,23,23,0.5,14.0,2.3,5.1,0.458,0.5,1.7,0.295,0.5,0.8,0.686,0.4,1.4,1.8,1.8,0.7,0.6,0.3,0.4,0.8,0.9,5.7,0.5,12.8,0,0,11.7,324,268,275,303,408,344,344,285,393,388,416,428,423,441,440,429,446,264,388,302,239,249,497,365,372,215,381,284,38,394,1,Jamaree,26.0,46,23,23,0.5,14.0,105.1,106.0,106.0,104.9,104.6,104.6,0.2,1.4,1.4,0.191,2.73,22.6,0.026,0.1,0.062,8.3,8.3,0.506,0.523,0.184,0.19,96.98,96.74,80.61,96.74,0.103,1301,108,236,2.3,5.1,0.458,324,268,289,303,408,497,474,474,48,51,51,244,218,218,151,93,150,403,367,408,159,161,414,456,221,227,552,565,565,187,327,328,344,344,285,1
201935,James Harden,James,1610612739,CLE,36.0,70,40,30,0.571,34.8,7.0,16.0,0.434,3.1,8.2,0.375,6.6,7.5,0.884,0.6,4.2,4.8,8.0,3.5,1.1,0.4,1.1,2.0,4.6,23.6,1.4,42.4,20,2,42.5,105,110,172,210,14,51,33,375,15,14,166,6,11,80,350,95,150,7,8,84,205,12,219,24,23,159,19,21,16,16,2,James,36.0,70,40,30,0.571,34.8,116.8,118.8,118.8,115.7,117.0,117.0,1.1,1.8,1.8,0.347,2.27,26.1,0.017,0.119,0.07,11.5,11.4,0.529,0.61,0.279,0.287,99.63,98.24,81.87,98.24,0.143,4995,487,1123,7.0,16.0,0.434,105,110,395,210,14,83,56,56,432,453,453,224,205,205,18,159,95,487,286,350,428,422,340,149,31,30,445,514,514,39,37,25,51,33,375,2
1642364,Jamir Watkins,Jamir,1610612764,WAS,24.0,50,10,40,0.2,20.6,2.6,5.9,0.446,0.9,3.2,0.297,1.1,1.6,0.695,1.0,2.9,3.9,1.3,0.8,1.1,0.5,0.3,2.6,1.5,7.4,-3.3,18.0,0,0,16.7,297,411,69,526,276,313,307,330,288,238,411,260,243,433,204,215,212,341,338,100,156,341,66,221,311,464,277,284,38,287,1,Jamir,24.0,50,10,40,0.2,20.6,109.0,109.4,109.4,116.1,115.8,115.8,-7.1,-6.4,-6.4,0.089,1.68,15.3,0.046,0.14,0.092,9.1,9.1,0.525,0.554,0.148,0.153,103.3,103.26,86.05,103.26,0.069,2211,132,296,2.6,5.9,0.446,297,411,508,526,276,388,378,378,444,419,419,427,409,409,421,308,365,229,195,218,218,217,355,362,399,400,182,175,175,431,295,285,313,307,330,1
1641716,Jarace Walker,Jarace,1610612754,IND,22.0,76,16,60,0.211,25.7,4.0,9.6,0.419,1.8,4.7,0.374,1.8,2.4,0.749,0.6,4.5,5.1,2.5,1.8,0.8,0.3,0.4,1.6,1.7,11.6,-6.0,23.3,3,0,23.4,54,348,3,519,179,188,149,425,121,128,176,154,155,348,329,77,125,185,97,201,242,246,302,210,175,541,173,128,38,162,1,Jarace,22.0,76,16,60,0.211,25.7,106.6,106.5,106.5,116.9,117.6,117.6,-10.3,-11.1,-11.1,0.143,1.38,16.8,0.023,0.17,0.095,12.1,12.1,0.51,0.543,0.2,0.205,104.72,104.46,87.05,104.46,0.09,4257,307,733,4.0,9.6,0.419,54,348,580,519,179,470,466,466,470,472,472,488,500,500,238,406,314,428,116,204,461,461,405,396,168,168,97,104,104,275,119,91,188,149,425,1
1642272,Jared McCain,Jared,1610612760,OKC,22.0,67,46,21,0.687,17.3,3.0,7.2,0.425,1.5,3.8,0.385,0.8,0.9,0.864,0.3,1.7,2.0,1.3,0.8,0.5,0.1,0.4,1.2,0.8,8.3,1.9,13.8,0,0,14.4,147,52,305,89,340,273,244,399,162,183,138,354,392,107,463,392,414,340,324,365,493,235,419,387,270,129,363,284,38,342,2,Jared,22.0,67,46,21,0.687,17.3,113.3,113.5,113.5,108.5,108.9,108.9,4.8,4.6,4.6,0.111,1.61,13.8,0.019,0.092,0.056,8.6,8.6,0.528,0.551,0.198,0.205,102.9,102.61,85.51,102.61,0.079,2484,204,480,3.0,7.2,0.425,147,52,262,89,340,202,210,210,112,123,123,123,124,124,324,324,417,472,419,453,176,179,348,369,172,171,219,220,220,358,212,189,273,244,399,2
1628991,Jaren Jackson Jr.,Jaren,1610612762,UTA,26.0,48,19,29,0.396,30.3,7.1,15.0,0.476,1.8,4.9,0.357,3.4,4.2,0.803,0.9,4.8,5.7,2.0,2.2,1.1,1.4,1.1,3.7,4.0,19.4,-1.3,34.5,3,0,33.9,310,316,189,388,83,42,46,224,121,117,231,56,54,224,235,66,90,244,66,93,21,15,3,43,51,353,56,128,38,52,2,Jaren,26.0,48,19,29,0.396,30.3,107.6,108.7,108.7,109.7,110.8,110.8,-2.1,-2.0,-2.0,0.105,0.88,9.4,0.027,0.14,0.085,10.6,10.6,0.534,0.576,0.253,0.261,104.62,103.6,86.33,103.6,0.107,3140,342,719,7.1,15.0,0.476,310,316,379,388,83,439,399,399,144,197,197,309,304,304,355,530,541,398,193,253,349,348,314,276,58,58,103,156,156,163,92,95,42,46,224,2
1629020,Jarred Vanderbilt,Jarred,1610612747,LAL,27.0,65,39,26,0.6,17.3,1.7,3.7,0.471,0.4,1.5,0.293,0.5,0.9,0.589,1.2,3.3,4.5,1.3,0.9,0.8,0.3,0.4,1.6,0.8,4.4,0.1,14.3,1,0,12.9,166,118,232,174,339,415,420,242,409,402,421,432,395,510,145,172,167,348,312,194,285,280,312,386,424,244,356,201,38,373,1,Jarred,27.0,65,39,26,0.6,17.3,114.9,113.9,113.9,113.6,113.7,113.7,1.3,0.2,0.2,0.098,1.5,20.7,0.073,0.194,0.133,13.8,13.8,0.531,0.544,0.119,0.123,100.02,100.41,83.67,100.41,0.08,2360,113,240,1.7,3.7,0.471,166,118,338,174,339,140,192,192,334,327,327,217,249,249,377,373,190,120,67,81,513,513,328,392,516,513,423,402,402,351,323,323,415,420,242,1
1628386,Jarrett Allen,Jarrett,1610612739,CLE,28.0,56,37,19,0.661,27.1,6.0,9.4,0.638,0.0,0.2,0.1,3.3,4.7,0.709,2.6,5.9,8.5,1.8,1.3,1.0,0.8,0.6,1.7,4.0,15.4,3.8,32.4,20,0,29.3,247,136,333,121,146,78,155,32,511,519,514,58,48,414,33,27,26,263,189,134,68,119,284,42,95,63,77,21,38,96,1,Jarrett,28.0,56,37,19,0.661,27.1,118.8,119.3,119.3,111.6,112.9,112.9,7.2,6.4,6.4,0.092,1.33,12.1,0.097,0.202,0.152,9.1,9.2,0.639,0.669,0.196,0.198,103.37,102.56,85.47,102.56,0.143,3248,337,528,6.0,9.4,0.638,247,136,236,121,146,42,50,50,245,283,283,79,89,89,407,421,472,76,53,49,212,224,55,50,184,200,176,225,225,37,98,166,78,155,32,1
1642914,Javon Small,Javon,1610612763,MEM,23.0,41,13,28,0.317,20.2,3.3,7.0,0.465,1.5,3.5,0.423,1.7,2.0,0.829,0.9,2.2,3.1,3.7,1.4,0.8,0.2,0.7,1.6,1.4,9.7,-2.6,20.7,0,0,20.0,356,384,205,437,287,248,246,263,167,213,52,178,189,172,233,301,289,93,184,200,344,84,316,246,223,436,222,284,38,218,1,Javon,23.0,41,13,28,0.317,20.2,111.4,111.7,111.7,116.4,117.4,117.4,-4.9,-5.7,-5.7,0.257,2.7,28.5,0.04,0.109,0.074,10.6,10.5,0.569,0.611,0.183,0.19,104.95,104.37,86.97,104.37,0.109,1802,134,288,3.3,7.0,0.465,356,384,364,437,287,293,285,285,453,466,466,375,392,392,75,97,63,268,332,323,344,341,178,147,224,221,86,110,110,152,293,295,248,246,263,1
1629750,Javonte Green,Javonte,1610612765,DET,32.0,82,60,22,0.732,17.6,2.3,5.0,0.447,1.1,3.0,0.381,1.3,1.5,0.84,0.8,2.0,2.8,0.7,0.5,1.2,0.3,0.2,1.3,1.2,6.9,2.6,15.4,1,0,14.7,1,4,295,65,334,359,349,327,233,255,154,230,259,149,283,325,325,475,424,60,274,395,394,287,327,101,333,201,38,337,1,Javonte,32.0,82,60,22,0.732,17.6,112.2,113.0,113.0,104.2,105.4,105.4,8.0,7.6,7.6,0.052,1.24,9.8,0.042,0.112,0.077,7.9,7.9,0.56,0.607,0.143,0.148,103.7,102.74,85.62,102.74,0.095,3086,185,414,2.3,5.0,0.447,1,4,279,65,334,257,238,238,42,58,58,67,75,75,546,443,538,251,321,293,138,140,207,170,418,424,156,213,213,234,229,220,359,349,327,1
1629637,Jaxson Hayes,Jaxson,1610612747,LAL,25.0,66,43,23,0.652,18.3,3.0,4.0,0.756,0.0,0.0,1.0,1.5,2.3,0.653,1.5,2.6,4.1,0.9,0.5,0.4,0.8,0.2,1.9,2.1,7.5,1.1,17.0,1,0,15.0,157,75,275,128,326,280,408,4,499,540,1,199,164,469,103,248,190,430,464,415,78,466,228,148,301,178,299,201,38,325,1,Jaxson,25.0,66,43,23,0.652,18.3,115.6,115.5,115.5,112.6,113.1,113.1,3.0,2.4,2.4,0.071,1.9,14.1,0.083,0.139,0.111,7.4,7.4,0.761,0.758,0.124,0.129,100.71,100.49,83.74,100.49,0.109,2530,198,262,3.0,4.0,0.756,157,75,289,128,326,120,133,133,284,296,296,169,187,187,496,244,404,95,200,136,109,110,7,11,499,499,379,394,394,151,215,310,280,408,4,1
1630643,Jay Huff,Jay,1610612754,IND,28.0,82,19,63,0.232,21.0,3.5,7.5,0.476,1.5,4.5,0.319,1.0,1.2,0.828,0.9,3.1,4.0,1.5,0.9,0.5,1.9,0.2,2.4,1.3,9.5,-3.1,22.7,1,0,21.2,1,316,2,506,266,222,231,222,169,136,363,286,319,176,229,190,206,312,292,373,5,385,97,272,225,458,184,201,38,199,1,Jay,28.0,82,19,63,0.232,21.0,107.4,107.4,107.4,113.3,113.7,113.7,-5.9,-6.3,-6.3,0.105,1.59,14.3,0.041,0.135,0.089,9.0,8.9,0.574,0.598,0.178,0.184,103.19,102.99,85.83,102.99,0.092,3680,291,611,3.5,7.5,0.476,1,316,581,506,266,447,435,435,322,329,329,395,404,404,357,327,400,263,220,236,205,204,162,192,254,261,191,199,199,260,127,133,222,231,222,1
1627759,Jaylen Brown,Jaylen,1610612738,BOS,29.0,71,47,24,0.662,34.4,10.4,21.7,0.477,2.0,5.7,0.347,6.0,7.5,0.795,1.1,5.8,6.9,5.1,3.6,1.0,0.4,1.3,2.7,6.3,28.7,4.5,45.2,14,3,45.5,98,44,258,118,18,3,2,220,90,79,269,13,9,240,160,29,53,50,5,119,225,4,48,6,4,52,10,38,8,9,1,Jaylen,29.0,71,47,24,0.662,34.4,116.8,119.5,119.5,111.4,113.0,113.0,5.4,6.5,6.5,0.251,1.41,15.2,0.032,0.155,0.095,10.8,10.8,0.522,0.573,0.351,0.358,99.58,97.73,81.44,97.73,0.152,4973,736,1543,10.4,21.7,0.477,98,44,309,118,18,84,43,43,226,292,292,112,88,88,80,399,367,335,149,206,374,372,363,296,3,5,447,541,541,25,1,1,3,2,220,1
1641740,Jaylen Clark,Jaylen,1610612750,MIN,24.0,68,40,28,0.588,13.1,1.5,3.4,0.434,0.5,1.5,0.327,0.6,1.0,0.657,0.8,1.0,1.8,0.6,0.3,0.7,0.1,0.2,1.3,0.7,4.0,1.1,9.2,0,0,8.6,135,110,205,191,423,450,434,372,405,405,342,393,372,468,272,493,448,485,502,267,436,440,401,419,448,179,459,284,38,465,1,Jaylen,24.0,68,40,28,0.588,13.1,114.6,113.0,113.0,108.9,108.9,108.9,5.6,4.1,4.1,0.064,1.87,13.4,0.056,0.069,0.062,7.1,7.1,0.507,0.534,0.126,0.133,102.78,103.47,86.22,103.47,0.054,1911,99,228,1.5,3.4,0.434,135,110,364,191,423,150,234,234,120,125,125,104,135,135,522,249,428,177,534,401,93,92,413,420,495,489,225,164,164,514,341,333,450,434,372,1
1642377,Jaylen Wells,Jaylen,1610612763,MEM,22.0,69,24,45,0.348,26.4,4.4,10.1,0.431,1.9,5.3,0.353,1.9,2.5,0.784,0.9,2.3,3.2,1.6,1.1,0.9,0.1,0.5,2.1,2.6,12.5,-2.6,20.7,0,0,21.2,118,252,36,412,162,161,139,380,109,97,244,143,143,272,231,290,282,291,243,174,438,193,162,102,144,430,220,284,38,198,1,Jaylen,22.0,69,24,45,0.348,26.4,111.6,113.4,113.4,117.1,117.8,117.8,-5.6,-4.4,-4.4,0.085,1.5,11.6,0.031,0.086,0.058,7.8,7.7,0.524,0.559,0.189,0.194,103.3,102.14,85.11,102.14,0.069,3870,301,698,4.4,10.1,0.431,118,252,541,412,162,291,214,214,473,477,477,388,365,365,434,373,484,344,448,434,126,125,361,351,207,212,181,264,264,433,123,98,161,139,380,1
1631119,Jaylin Williams,Jaylin,1610612760,OKC,23.0,65,54,11,0.831,19.7,2.3,5.4,0.423,1.5,3.9,0.383,1.1,1.4,0.793,0.5,5.0,5.5,2.4,1.0,0.5,0.6,0.2,2.0,1.5,7.2,4.7,19.8,6,0,18.9,166,13,432,13,303,354,329,406,154,179,147,266,280,244,392,54,102,194,253,397,114,444,220,223,318,48,235,84,38,241,1,Jaylin,23.0,65,54,11,0.831,19.7,114.5,114.6,114.6,103.0,103.1,103.1,11.5,11.5,11.5,0.169,2.36,25.6,0.025,0.225,0.131,10.9,10.9,0.563,0.597,0.153,0.158,102.26,102.17,85.14,102.17,0.115,2715,149,352,2.3,5.4,0.423,166,13,144,13,303,151,161,161,31,37,37,34,43,43,187,142,104,414,31,86,378,378,196,194,378,384,272,261,261,118,275,255,354,329,406,1
1642281,Jaylon Tyson,Jaylon,1610612739,CLE,23.0,66,41,25,0.621,26.9,5.0,10.2,0.493,2.0,4.5,0.446,1.2,1.6,0.738,1.8,3.3,5.1,2.2,1.5,0.8,0.4,0.6,2.5,1.5,13.2,1.7,24.9,7,0,25.1,157,97,246,158,151,127,138,175,84,138,30,250,246,363,80,162,128,211,150,202,190,122,85,226,138,144,153,72,38,137,1,Jaylon,23.0,66,41,25,0.621,26.9,115.8,117.0,117.0,111.9,113.4,113.4,3.9,3.6,3.6,0.115,1.48,15.3,0.064,0.118,0.091,10.3,10.3,0.592,0.608,0.189,0.192,102.56,101.39,84.49,101.39,0.092,3744,330,670,5.0,10.2,0.493,157,97,326,158,151,112,100,100,259,306,306,150,153,153,310,380,362,150,290,222,321,316,123,164,208,215,243,327,327,259,104,107,127,138,175,1
203924,Jerami Grant,Jerami,1610612757,POR,32.0,57,27,30,0.474,29.7,5.8,12.8,0.453,2.4,6.1,0.389,4.6,5.6,0.814,1.0,2.5,3.5,2.1,2.1,0.7,0.6,1.0,2.5,3.9,18.6,-0.1,28.0,0,0,29.3,235,225,172,342,95,83,80,302,53,60,122,33,32,210,211,263,250,221,72,240,118,33,83,44,56,263,120,284,38,94,1,Jerami,32.0,57,27,30,0.474,29.7,114.1,114.9,114.9,114.4,115.2,115.2,-0.2,-0.3,-0.3,0.107,1.03,11.0,0.03,0.082,0.055,10.8,10.7,0.547,0.608,0.228,0.235,104.76,104.02,86.69,104.02,0.094,3676,331,730,5.8,12.8,0.453,235,225,395,342,95,168,151,151,375,394,394,257,265,265,342,493,510,364,476,458,364,362,269,165,96,96,96,125,125,239,102,92,83,80,302,1
1642847,Jeremiah Fears,Jeremiah,1610612740,NOP,19.0,82,26,56,0.317,25.8,5.3,12.3,0.434,1.2,3.7,0.33,2.4,3.0,0.789,0.7,2.9,3.7,3.4,2.2,1.2,0.4,1.1,1.8,2.5,14.3,-3.5,26.2,3,0,25.6,1,231,7,437,177,109,88,371,211,189,333,104,103,255,301,210,230,107,70,71,231,21,249,117,111,472,141,128,38,132,1,Jeremiah,19.0,82,26,56,0.317,25.8,110.8,111.8,111.8,117.6,118.2,118.2,-6.9,-6.4,-6.4,0.195,1.57,17.8,0.026,0.109,0.067,11.3,11.3,0.485,0.525,0.245,0.251,103.69,102.98,85.82,102.98,0.093,4532,437,1006,5.3,12.3,0.434,1,231,574,437,177,316,281,281,482,484,484,421,406,406,145,346,273,401,329,366,414,418,465,449,71,74,158,200,200,252,50,41,109,88,371,1
1630526,Jeremiah Robinson-Earl,Jeremiah,1610612742,DAL,25.0,22,8,14,0.364,16.4,1.7,4.5,0.37,0.5,1.9,0.244,0.8,0.8,0.944,1.6,3.0,4.7,0.7,0.5,0.4,0.0,0.5,1.2,0.8,4.6,-3.9,12.1,0,0,11.3,440,440,397,403,363,422,371,521,408,364,471,351,406,37,91,193,157,476,427,429,513,150,427,388,413,490,398,284,38,399,2,Jeremiah,25.0,22,8,14,0.364,16.4,109.4,109.3,109.3,120.1,119.5,119.5,-10.7,-10.2,-10.2,0.057,1.25,11.2,0.088,0.183,0.133,9.0,8.9,0.42,0.468,0.129,0.135,104.5,104.82,87.35,104.82,0.069,785,37,100,1.7,4.5,0.37,440,440,175,403,363,381,385,385,522,508,508,502,483,483,540,440,503,86,86,82,203,200,538,526,485,480,109,87,87,435,439,424,422,371,521,2
1630579,Jericho Sims,Jericho,1610612749,MIL,27.0,67,25,42,0.373,19.7,2.2,2.8,0.784,0.0,0.0,0.0,0.7,1.1,0.62,2.2,3.3,5.5,1.6,1.1,0.3,0.3,0.3,2.2,1.2,5.0,-4.1,14.4,6,1,13.1,147,243,57,399,300,367,474,3,517,548,517,386,348,495,50,164,100,299,235,486,315,368,152,306,408,499,351,84,23,364,1,Jericho,27.0,67,25,42,0.373,19.7,110.1,110.3,110.3,119.9,120.3,120.3,-9.8,-10.1,-10.1,0.109,1.39,26.4,0.115,0.171,0.143,19.0,19.0,0.784,0.772,0.095,0.098,97.97,97.72,81.44,97.72,0.083,2682,145,185,2.2,2.8,0.784,147,243,523,399,300,352,346,346,516,517,517,478,480,480,337,404,86,45,111,63,562,563,4,6,566,565,527,542,542,325,278,363,367,474,3,1
1641724,Jett Howard,Jett,1610612753,ORL,22.0,55,28,27,0.509,12.6,1.9,4.6,0.418,1.0,2.6,0.372,0.7,0.7,0.949,0.4,1.2,1.6,0.8,0.3,0.2,0.2,0.3,1.2,0.5,5.5,-1.3,9.5,0,0,9.6,258,216,220,298,429,395,370,426,274,293,181,379,432,36,422,459,469,448,523,528,358,285,421,483,387,349,452,284,38,436,1,Jett,22.0,55,28,27,0.509,12.6,112.1,112.6,112.6,119.0,118.1,118.1,-6.9,-5.5,-5.5,0.095,3.0,13.7,0.03,0.096,0.06,4.6,4.6,0.526,0.561,0.166,0.171,100.43,100.55,83.79,100.55,0.07,1461,105,251,1.9,4.6,0.418,258,216,352,298,429,265,252,252,503,482,482,423,389,389,391,59,418,366,393,420,36,36,353,344,319,318,398,388,388,428,332,318,395,370,426,1
1628975,Jevon Carter,Jevon,1610612753,ORL,30.0,53,26,27,0.491,16.4,2.3,5.8,0.401,1.5,4.1,0.363,0.3,0.4,0.789,0.3,1.4,1.7,1.6,0.7,0.8,0.2,0.2,1.1,0.3,6.4,-1.6,13.0,0,0,13.1,276,231,220,330,364,351,311,473,164,176,208,503,511,250,495,424,463,284,377,231,372,467,451,517,344,383,377,284,38,367,2,Jevon,30.0,53,26,27,0.491,16.4,109.4,110.0,110.0,115.9,115.6,115.6,-6.5,-5.7,-5.7,0.148,2.42,19.8,0.015,0.085,0.048,8.2,8.2,0.528,0.537,0.166,0.171,101.8,101.62,84.69,101.62,0.074,1844,123,307,2.3,5.8,0.401,276,231,352,330,364,382,361,361,438,415,415,410,391,391,230,136,217,506,458,511,154,157,350,414,320,320,307,308,308,397,308,280,351,311,473,2
202710,Jimmy Butler III,Jimmy,1610612744,GSW,36.0,38,23,15,0.605,31.1,6.3,12.2,0.519,0.8,2.2,0.376,6.5,7.6,0.864,2.3,3.2,5.6,4.9,1.6,1.4,0.2,0.8,1.2,5.5,20.0,4.9,37.4,3,0,34.6,370,268,382,171,66,66,90,116,304,325,164,7,8,108,47,176,98,54,138,31,351,62,418,11,47,43,44,128,38,47,1,Jimmy,36.0,38,23,15,0.605,31.1,116.0,116.6,116.6,109.3,109.2,109.2,6.7,7.3,7.3,0.24,3.08,22.3,0.073,0.101,0.087,7.2,7.2,0.554,0.646,0.226,0.234,101.93,101.73,84.78,101.73,0.155,2505,240,462,6.3,12.2,0.519,370,268,187,171,66,107,107,107,127,133,133,83,77,77,88,55,154,119,366,243,97,96,234,72,101,98,295,293,293,20,172,200,66,90,116,1
1629111,Jock Landale,Jock,1610612737,ATL,30.0,68,36,32,0.529,22.1,4.1,8.1,0.515,1.1,2.8,0.383,1.2,1.9,0.635,2.7,3.0,5.7,1.7,0.9,0.5,0.5,0.5,2.2,2.0,10.6,-0.8,22.2,9,0,21.1,135,151,149,276,240,181,201,128,245,276,145,252,215,489,30,199,88,274,305,369,145,201,143,157,195,316,198,63,38,200,2,Jock,30.0,68,36,32,0.529,22.1,112.8,114.6,114.6,116.2,116.8,116.8,-3.4,-2.2,-2.2,0.11,1.92,14.7,0.111,0.136,0.123,7.7,7.7,0.582,0.595,0.177,0.181,102.88,101.83,84.86,101.83,0.098,3202,282,548,4.1,8.1,0.515,135,151,424,276,240,220,165,165,448,447,447,337,307,307,331,239,385,49,214,99,119,124,138,206,264,270,220,288,288,215,136,155,181,201,128,2
203954,Joel Embiid,Joel,1610612755,PHI,32.0,38,24,14,0.632,31.6,9.0,18.3,0.489,1.4,4.2,0.333,7.5,8.8,0.854,2.0,5.7,7.7,3.9,2.9,0.6,1.2,1.0,2.2,6.1,26.9,4.1,44.5,10,1,43.4,370,252,397,147,56,14,15,186,180,162,302,3,5,126,68,31,37,76,25,351,26,23,155,9,10,59,11,56,23,13,1,Joel,32.0,38,24,14,0.632,31.6,118.7,119.1,119.1,111.5,113.2,113.2,7.2,5.8,5.8,0.209,1.38,13.6,0.063,0.169,0.118,9.9,9.9,0.527,0.605,0.336,0.343,101.61,100.69,83.91,100.69,0.163,2522,341,697,9.0,18.3,0.489,370,252,175,147,56,45,55,55,240,302,302,76,105,105,120,408,424,154,117,117,281,284,351,177,6,6,324,381,381,13,93,100,14,15,186,1
1628381,John Collins,John,1610612746,LAC,28.0,69,32,37,0.464,27.1,5.3,9.6,0.552,1.3,3.2,0.406,1.7,2.2,0.766,1.6,3.7,5.3,1.0,1.4,0.9,0.7,0.6,2.7,2.2,13.6,-0.6,24.9,3,0,24.4,118,182,93,349,147,115,152,85,198,235,82,170,172,310,97,133,115,393,182,180,90,112,46,139,130,296,154,128,38,150,1,John,28.0,69,32,37,0.464,27.1,112.3,113.9,113.9,113.1,115.1,115.1,-0.8,-1.2,-1.2,0.058,0.74,7.9,0.061,0.135,0.099,10.7,10.7,0.62,0.643,0.188,0.192,99.54,97.98,81.65,97.98,0.098,3823,364,659,5.3,9.6,0.552,118,182,482,349,147,252,187,187,313,391,391,277,284,284,538,538,555,157,221,184,362,357,74,76,209,216,452,528,528,213,83,109,115,152,85,1
1629723,John Konchar,John,1610612762,UTA,30.0,56,18,38,0.321,19.9,1.7,3.6,0.472,0.5,1.8,0.283,0.6,0.8,0.727,1.3,3.0,4.3,2.1,0.6,1.5,0.7,0.1,1.4,0.8,4.4,-2.6,18.6,3,2,15.6,247,325,81,433,294,423,424,237,393,381,434,417,418,382,132,206,178,225,398,30,106,488,367,404,425,433,265,128,16,313,2,John,30.0,56,18,38,0.321,19.9,106.7,106.1,106.1,111.2,112.0,112.0,-4.5,-5.9,-5.9,0.136,3.37,31.8,0.059,0.14,0.098,9.4,9.4,0.543,0.568,0.09,0.092,105.46,105.42,87.85,105.42,0.09,2447,94,199,1.7,3.6,0.472,247,325,491,433,294,467,472,472,217,246,246,361,396,396,253,35,32,167,196,189,248,247,281,317,573,573,62,68,68,279,347,351,423,424,237,2
1642277,Johnny Furphy,Johnny,1610612754,IND,21.0,35,10,25,0.286,18.4,2.0,4.3,0.47,0.7,2.0,0.324,0.5,1.0,0.486,0.9,3.5,4.4,1.2,0.8,0.6,0.2,0.5,1.9,0.8,5.1,-1.7,13.6,1,0,12.9,390,411,246,454,323,383,391,247,351,346,349,442,360,548,218,151,173,370,327,330,358,194,243,396,404,384,367,201,38,374,1,Johnny,21.0,35,10,25,0.286,18.4,111.8,110.1,110.1,114.6,114.8,114.8,-2.8,-4.6,-4.6,0.085,1.41,17.5,0.049,0.191,0.119,12.4,12.4,0.547,0.547,0.125,0.13,101.51,102.22,85.19,102.22,0.066,1372,70,149,2.0,4.3,0.47,390,411,326,454,323,272,353,353,388,375,375,318,376,376,437,394,289,213,74,113,469,472,267,383,497,495,330,256,256,455,379,386,383,391,247,1
202685,Jonas Valančiūnas,Jonas,1610612743,DEN,34.0,65,42,23,0.646,13.4,3.5,6.0,0.582,0.1,0.4,0.308,1.6,2.1,0.772,1.6,3.4,5.1,1.2,1.1,0.2,0.6,0.4,2.0,2.2,8.7,-0.7,17.8,5,0,16.7,166,87,275,134,418,226,301,64,485,506,388,187,183,299,93,152,133,366,234,514,131,211,192,142,251,307,279,96,38,288,1,Jonas,34.0,65,42,23,0.646,13.4,113.9,114.6,114.6,116.8,116.6,116.6,-2.9,-2.0,-2.0,0.15,1.07,12.9,0.124,0.246,0.187,12.1,12.1,0.592,0.63,0.26,0.265,97.44,97.23,81.03,97.23,0.15,1761,227,390,3.5,6.0,0.582,166,87,289,134,418,176,163,163,463,440,440,322,303,303,227,486,440,34,17,14,460,462,121,101,50,55,540,558,558,30,190,233,226,301,64,1
1630228,Jonathan Kuminga,Jonathan,1610612737,ATL,23.0,36,22,14,0.611,23.1,4.4,9.4,0.463,1.0,2.9,0.333,2.5,3.4,0.724,1.4,4.3,5.6,2.3,1.9,0.6,0.3,0.7,1.5,2.6,12.2,2.0,23.2,1,0,22.9,384,277,397,165,221,162,156,268,279,268,302,96,82,388,123,93,93,203,92,310,272,90,334,111,156,124,176,201,38,170,2,Jonathan,23.0,36,22,14,0.611,23.1,111.5,112.0,112.0,106.5,108.0,108.0,5.0,4.1,4.1,0.148,1.24,15.3,0.056,0.182,0.118,12.3,12.3,0.515,0.557,0.226,0.233,103.7,102.73,85.61,102.73,0.111,1777,157,339,4.4,9.4,0.463,384,277,175,165,221,292,273,273,66,99,99,119,137,137,228,445,363,176,89,115,467,467,391,354,103,106,155,214,214,142,266,260,162,156,268,2
203903,Jordan Clarkson,Jordan,1610612752,NYK,33.0,72,45,27,0.625,17.8,3.3,7.3,0.451,1.0,3.0,0.327,1.1,1.3,0.83,0.9,0.9,1.8,1.3,0.9,0.4,0.1,0.4,1.7,1.1,8.6,1.5,13.5,0,0,13.8,84,60,220,153,332,244,234,312,279,260,341,275,297,170,241,501,449,342,307,426,444,274,279,313,255,152,369,284,38,353,1,Jordan,33.0,72,45,27,0.625,17.8,114.6,115.4,115.4,110.1,111.7,111.7,4.5,3.7,3.7,0.11,1.52,13.3,0.047,0.049,0.048,8.7,8.7,0.517,0.548,0.203,0.209,99.82,98.78,82.32,98.78,0.068,2638,237,526,3.3,7.3,0.451,84,60,352,153,332,147,137,137,167,238,238,135,147,147,328,364,431,223,562,514,184,183,383,380,159,157,434,488,488,443,177,168,244,234,312,1
1630692,Jordan Goodwin,Jordan,1610612756,PHX,27.0,70,39,31,0.557,22.5,3.3,7.9,0.413,1.6,4.3,0.371,0.6,0.8,0.696,2.0,2.9,4.9,2.2,1.0,1.5,0.2,0.4,1.9,1.0,8.7,1.3,22.0,2,0,20.8,105,118,160,240,233,247,210,447,141,153,186,422,409,431,69,215,146,219,277,23,358,214,232,355,253,166,203,159,38,207,1,Jordan,27.0,70,39,31,0.557,22.5,112.8,113.4,113.4,109.4,110.1,110.1,3.4,3.3,3.3,0.136,2.22,18.9,0.08,0.134,0.105,8.5,8.5,0.514,0.525,0.167,0.173,99.85,99.3,82.75,99.3,0.098,3245,229,555,3.3,7.9,0.413,105,118,412,240,233,219,217,217,130,164,164,161,161,161,255,167,237,101,225,157,174,176,394,445,307,316,431,466,466,222,186,154,247,210,447,1
1641722,Jordan Hawkins,Jordan,1610612740,NOP,24.0,51,13,38,0.255,13.6,1.8,5.0,0.366,0.9,2.6,0.348,0.5,0.5,0.852,0.4,1.3,1.7,0.8,0.7,0.3,0.2,0.2,0.6,0.6,5.1,-2.6,9.1,0,0,9.4,291,384,81,483,416,401,350,525,291,290,262,455,476,128,438,439,456,445,379,497,368,392,530,453,407,434,465,284,38,443,1,Jordan,24.0,51,13,38,0.255,13.6,107.6,107.0,107.0,116.7,116.8,116.8,-9.1,-9.8,-9.8,0.086,1.24,12.2,0.026,0.089,0.058,9.9,9.9,0.457,0.48,0.175,0.182,103.6,103.84,86.53,103.84,0.055,1503,94,257,1.8,5.0,0.366,291,384,491,483,416,442,457,457,461,446,446,462,473,473,431,447,467,399,433,436,284,281,503,513,272,267,165,141,141,508,347,314,401,350,525,1
1641757,Jordan Miller,Jordan,1610612746,LAC,26.0,60,36,24,0.6,22.1,3.5,6.7,0.531,0.6,1.8,0.345,2.3,2.9,0.777,0.8,2.2,3.0,2.3,1.1,0.8,0.2,0.8,1.0,2.0,10.0,-0.2,18.8,1,0,17.8,214,151,258,174,243,223,265,102,355,371,272,109,112,291,251,307,295,207,249,234,379,61,458,165,216,278,260,201,38,266,1,Jordan,26.0,60,36,24,0.6,22.1,115.4,114.3,114.3,113.4,114.7,114.7,2.0,-0.4,-0.4,0.157,2.16,20.0,0.041,0.097,0.071,9.3,9.3,0.579,0.628,0.177,0.183,98.62,98.57,82.14,98.57,0.106,2720,212,399,3.5,6.7,0.531,214,151,309,174,243,126,175,175,328,371,371,196,268,268,213,175,211,259,384,345,229,241,146,106,261,263,500,500,500,166,203,227,223,265,102,1
1629673,Jordan Poole,Jordan,1610612740,NOP,26.0,39,16,23,0.41,23.9,4.2,11.4,0.372,2.5,7.4,0.333,2.5,2.9,0.86,0.2,1.7,2.0,3.1,1.8,0.6,0.4,0.7,2.3,2.9,13.4,-3.7,21.5,0,0,22.8,368,348,275,379,207,171,109,519,51,22,302,94,111,113,515,388,425,133,107,339,220,96,127,84,134,479,209,284,38,172,1,Jordan,26.0,39,16,23,0.41,23.9,107.8,109.4,109.4,115.4,117.3,117.3,-7.7,-7.9,-7.9,0.185,1.72,17.6,0.009,0.067,0.037,10.2,10.1,0.48,0.53,0.235,0.244,105.81,104.18,86.82,104.18,0.073,2033,165,444,4.2,11.4,0.372,368,348,289,379,207,433,379,379,419,464,464,436,436,436,158,290,282,554,537,559,311,305,475,434,84,81,54,118,118,410,255,210,171,109,519,1
1641775,Jordan Walsh,Jordan,1610612738,BOS,22.0,68,46,22,0.676,17.8,2.0,3.9,0.509,0.7,1.8,0.384,0.6,0.8,0.772,1.3,2.8,4.0,0.8,0.5,0.7,0.5,0.3,2.0,0.8,5.4,1.4,14.4,2,0,13.2,135,52,295,100,331,383,409,139,335,370,143,393,401,300,137,234,200,455,440,251,177,372,200,392,394,162,354,159,38,361,1,Jordan,22.0,68,46,22,0.676,17.8,118.0,117.9,117.9,112.3,112.8,112.8,5.8,5.1,5.1,0.059,1.54,14.2,0.069,0.146,0.108,9.2,9.2,0.599,0.623,0.114,0.119,95.99,95.8,79.84,95.8,0.08,2407,136,267,2.0,3.9,0.509,135,52,279,100,331,56,77,77,273,281,281,102,118,118,533,357,401,139,178,149,228,225,106,116,525,524,564,577,577,349,289,307,383,409,139,1
1630631,Jose Alvarado,Jose,1610612752,NYK,28.0,69,28,41,0.406,19.9,2.7,6.5,0.416,1.5,4.2,0.352,0.5,0.7,0.761,0.4,2.1,2.5,3.4,1.1,1.0,0.1,0.4,1.9,0.9,7.4,0.3,17.6,1,0,16.9,118,216,61,382,297,309,277,439,166,165,248,434,439,320,448,316,371,108,236,139,452,259,238,372,309,226,288,201,38,282,2,Jose,28.0,69,28,41,0.406,19.9,112.3,112.0,112.0,109.9,110.7,110.7,2.4,1.3,1.3,0.244,3.04,30.0,0.018,0.1,0.06,9.9,9.9,0.529,0.543,0.167,0.173,99.82,99.57,82.98,99.57,0.088,2837,187,449,2.7,6.5,0.416,118,216,515,382,297,251,275,275,154,195,195,185,223,223,85,58,48,477,372,422,283,282,344,394,309,313,433,446,446,287,227,207,309,277,439,2
1630581,Josh Giddey,Josh,1610612741,CHI,23.0,54,21,33,0.389,32.1,5.9,13.3,0.448,1.9,5.2,0.364,3.2,4.2,0.763,1.2,7.1,8.3,9.1,3.6,1.0,0.5,0.8,1.7,2.9,17.0,-3.5,41.6,28,13,39.4,266,292,135,394,50,81,69,322,99,99,202,64,55,317,143,16,32,3,6,116,156,51,293,82,75,471,22,13,2,27,1,Josh,23.0,54,21,33,0.389,32.1,111.2,112.1,112.1,116.1,117.1,117.1,-4.9,-5.0,-5.0,0.41,2.52,32.8,0.037,0.201,0.121,13.0,13.0,0.52,0.562,0.238,0.243,105.31,104.46,87.05,104.46,0.142,3768,321,717,5.9,13.3,0.448,266,292,435,394,50,302,270,270,443,455,455,374,383,383,7,120,29,292,55,103,500,500,377,340,80,82,70,103,103,43,110,96,81,69,322,1
1630182,Josh Green,Josh,1610612766,CHA,25.0,58,37,21,0.638,15.7,1.4,3.1,0.459,1.0,2.4,0.42,0.4,0.5,0.893,0.8,1.0,1.8,0.8,0.6,0.6,0.1,0.1,1.1,0.7,4.3,3.6,9.1,0,0,9.3,230,136,305,142,381,453,450,284,268,314,56,461,489,65,278,491,451,449,402,315,463,510,445,409,436,69,461,284,38,447,1,Josh,25.0,58,37,21,0.638,15.7,116.8,118.5,118.5,106.8,106.0,106.0,10.0,12.5,12.5,0.069,1.34,17.2,0.048,0.06,0.054,12.8,12.7,0.619,0.644,0.104,0.107,98.57,98.23,81.86,98.23,0.059,1847,83,181,1.4,3.1,0.459,230,136,262,142,381,86,64,64,69,65,65,45,33,33,507,420,300,215,551,465,490,484,75,74,551,555,503,515,515,494,361,366,453,450,284,1
1628404,Josh Hart,Josh,1610612752,NYK,31.0,66,44,22,0.667,30.2,4.6,9.0,0.508,1.5,3.7,0.413,1.4,1.9,0.72,1.4,6.0,7.4,4.8,1.9,1.1,0.3,0.6,2.5,2.1,12.0,3.2,30.3,13,2,28.5,157,67,295,106,86,148,172,141,152,193,66,214,210,391,118,26,46,55,84,83,310,144,79,154,159,79,98,42,16,104,1,Josh,31.0,66,44,22,0.667,30.2,116.6,118.0,118.0,111.4,112.5,112.5,5.1,5.5,5.5,0.212,2.48,29.2,0.047,0.2,0.123,11.8,11.7,0.593,0.612,0.163,0.167,100.04,98.97,82.47,98.97,0.118,4104,301,592,4.6,9.0,0.508,157,67,279,106,86,91,75,75,233,270,270,117,111,111,117,129,57,224,58,100,444,442,120,144,326,336,422,477,477,103,123,141,148,172,141,1
1631169,Josh Minott,Josh,1610612751,BKN,23.0,49,23,26,0.469,17.0,2.6,5.1,0.5,1.3,3.1,0.418,1.0,1.2,0.787,1.0,2.2,3.2,0.9,0.9,0.9,0.5,0.3,1.5,1.1,7.4,-0.5,16.0,1,0,15.7,305,268,232,346,349,322,343,156,195,242,60,303,310,262,205,300,279,419,306,163,165,353,345,320,306,295,323,201,38,312,2,Josh,23.0,49,23,26,0.469,17.0,111.6,111.7,111.7,111.3,111.7,111.7,0.3,-0.1,-0.1,0.083,1.07,12.6,0.055,0.128,0.091,11.8,11.7,0.627,0.653,0.162,0.169,99.18,98.94,82.45,98.94,0.104,1708,126,252,2.6,5.1,0.5,305,268,338,346,349,290,294,294,222,240,240,243,259,259,447,485,448,179,244,224,445,440,67,67,332,328,468,481,481,186,304,316,322,343,156,2
1629006,Josh Okogie,Josh,1610612745,HOU,27.0,78,49,29,0.628,17.4,1.6,3.8,0.425,0.8,2.1,0.385,0.5,0.9,0.594,1.0,1.5,2.6,0.9,0.5,0.8,0.2,0.3,1.4,1.1,4.5,0.9,11.4,1,0,10.8,28,37,189,151,338,427,416,397,315,338,140,426,388,509,185,411,354,432,435,206,355,337,374,322,419,189,407,201,38,407,1,Josh,27.0,78,49,29,0.628,17.4,115.8,115.4,115.4,109.6,109.9,109.9,6.1,5.6,5.6,0.065,1.68,15.8,0.059,0.085,0.072,9.4,9.4,0.531,0.544,0.112,0.116,98.22,98.25,81.87,98.25,0.056,2733,125,294,1.6,3.8,0.425,28,37,379,151,338,113,136,136,138,150,150,92,110,110,517,303,336,166,455,336,247,252,331,391,533,530,517,513,513,506,306,288,427,416,397,1
201950,Jrue Holiday,Jrue,1610612757,POR,35.0,53,28,25,0.528,29.4,6.0,13.4,0.451,2.6,6.8,0.378,1.7,2.0,0.838,1.3,3.3,4.6,6.1,2.8,1.0,0.1,0.7,1.5,1.7,16.3,3.7,31.6,9,0,31.9,276,216,246,279,102,77,68,310,40,39,160,176,200,154,126,170,161,28,30,115,453,81,351,196,85,66,83,63,38,70,1,Jrue,35.0,53,28,25,0.528,29.4,113.7,114.6,114.6,109.0,108.6,108.6,4.7,6.1,6.1,0.302,2.21,26.4,0.042,0.108,0.074,12.0,11.9,0.548,0.573,0.227,0.233,103.72,103.5,86.25,103.5,0.124,3361,320,709,6.0,13.4,0.451,276,216,326,279,102,187,160,160,122,117,117,126,99,99,39,170,87,249,338,316,454,454,262,298,97,102,154,162,162,82,111,97,77,68,310,1
1630577,Julian Champagnie,Julian,1610612759,SAS,24.0,82,62,20,0.756,27.6,3.7,8.4,0.437,2.4,6.2,0.381,1.4,1.6,0.844,0.9,4.9,5.8,1.5,0.8,0.8,0.5,0.1,1.6,1.0,11.1,7.2,23.2,7,0,23.2,1,1,322,43,135,207,192,361,57,57,152,212,242,139,223,62,83,300,321,230,172,481,314,352,183,15,177,72,38,163,1,Julian,24.0,82,62,20,0.756,27.6,119.8,120.4,120.4,107.7,108.0,108.0,12.1,12.4,12.4,0.071,1.84,13.7,0.032,0.161,0.099,7.4,7.3,0.578,0.609,0.146,0.152,102.94,102.55,85.46,102.55,0.091,4838,301,689,3.7,8.4,0.437,1,1,251,43,135,29,34,34,95,102,102,30,35,35,495,257,422,333,133,183,107,104,148,161,404,403,214,227,227,264,123,101,207,192,361,1
1631124,Julian Strawther,Julian,1610612743,DEN,24.0,57,38,19,0.667,15.1,2.6,5.6,0.467,1.0,2.6,0.387,1.0,1.2,0.814,0.2,1.8,2.0,1.1,0.6,0.4,0.1,0.4,1.3,1.2,7.2,0.4,12.3,0,0,12.4,235,128,333,106,390,316,324,259,265,294,129,286,313,209,526,380,418,382,393,416,459,255,400,300,316,225,390,284,38,379,1,Julian,24.0,57,38,19,0.667,15.1,115.0,115.0,115.0,115.2,113.5,113.5,-0.3,1.5,1.5,0.101,1.69,13.7,0.014,0.112,0.065,8.1,8.1,0.558,0.59,0.187,0.193,101.11,101.86,84.89,101.86,0.082,1823,149,319,2.6,5.6,0.467,235,128,236,106,390,138,143,143,409,313,313,258,217,217,368,301,421,510,318,382,147,148,217,221,211,214,357,282,282,332,275,272,316,324,259,1
203944,Julius Randle,Julius,1610612750,MIN,31.0,79,47,32,0.595,33.0,7.3,15.3,0.481,1.4,4.4,0.315,5.0,6.3,0.802,1.7,5.1,6.7,5.0,2.7,1.1,0.2,0.8,2.8,4.4,21.1,2.9,37.9,15,3,36.9,25,44,149,187,40,37,44,209,183,149,379,25,20,225,87,51,61,52,31,98,339,64,40,32,31,86,42,36,8,38,1,Julius,31.0,79,47,32,0.595,33.0,116.7,117.0,117.0,112.1,113.1,113.1,4.6,4.0,4.0,0.227,1.83,19.6,0.05,0.146,0.099,10.7,10.6,0.526,0.585,0.258,0.266,102.92,102.3,85.25,102.3,0.128,5568,580,1207,7.3,15.3,0.481,25,44,424,187,40,89,96,96,265,295,295,134,142,142,100,260,221,206,176,182,357,352,354,244,53,52,217,249,249,76,16,14,37,44,209,1
1630551,Justin Champagnie,Justin,1610612764,WAS,24.0,69,13,56,0.188,20.0,3.4,6.7,0.502,0.8,2.4,0.319,1.2,1.5,0.784,2.1,3.5,5.6,1.2,0.7,0.9,0.6,0.7,1.7,1.2,8.7,-4.3,20.9,4,0,19.2,118,384,7,537,292,236,260,154,322,313,362,255,268,269,55,149,96,363,388,188,121,93,298,292,254,507,216,114,38,234,1,Justin,24.0,69,13,56,0.188,20.0,109.7,110.0,110.0,119.2,119.4,119.4,-9.6,-9.4,-9.4,0.087,1.87,13.2,0.098,0.171,0.133,7.1,7.1,0.56,0.589,0.161,0.165,103.77,103.51,86.26,103.51,0.106,2964,232,462,3.4,6.7,0.502,118,384,574,537,292,369,357,357,504,506,506,473,465,465,430,250,433,74,109,80,90,90,212,227,343,344,151,161,161,170,180,200,236,260,154,1
1642348,Justin Edwards,Justin,1610612755,PHI,22.0,64,37,27,0.578,15.3,2.2,5.0,0.447,1.0,2.8,0.372,0.5,0.6,0.846,0.4,1.1,1.5,1.3,0.6,0.8,0.2,0.3,1.4,0.5,6.0,-1.1,12.2,0,0,11.8,180,136,220,203,387,362,353,326,256,278,182,431,455,136,427,473,481,354,418,195,394,352,364,468,356,340,394,284,38,392,1,Justin,22.0,64,37,27,0.578,15.3,112.5,111.7,111.7,115.5,115.0,115.0,-3.0,-3.4,-3.4,0.114,2.22,17.7,0.025,0.07,0.047,7.9,7.9,0.552,0.572,0.154,0.161,103.3,103.91,86.59,103.91,0.068,2115,143,320,2.2,5.0,0.447,180,136,352,203,387,234,288,288,423,389,389,326,337,337,312,166,276,410,530,524,142,144,246,299,373,368,184,130,130,446,281,271,362,353,326,1
203994,Jusuf Nurkić,Jusuf,1610612762,UTA,31.0,41,14,27,0.341,26.4,4.4,8.7,0.503,0.6,1.7,0.352,1.5,2.8,0.549,2.6,7.8,10.4,4.8,2.5,1.3,0.5,0.7,3.3,2.8,10.9,-4.6,33.5,16,3,30.3,356,374,220,417,160,158,180,152,365,385,246,196,120,524,32,9,13,56,45,56,139,74,17,86,189,515,68,33,8,85,1,Jusuf,31.0,41,14,27,0.341,26.4,107.9,109.5,109.5,116.5,117.4,117.4,-8.6,-7.9,-7.9,0.261,1.94,27.8,0.089,0.279,0.182,14.3,14.3,0.538,0.548,0.186,0.189,106.46,105.32,87.77,105.32,0.121,2377,180,358,4.4,8.7,0.503,356,374,352,417,160,430,375,375,457,467,467,456,434,434,71,232,70,83,7,20,526,525,300,379,214,231,43,71,71,94,238,250,158,180,152,1
1642354,KJ Simpson,KJ,1610612743,DEN,23.0,20,10,10,0.5,12.9,1.7,5.0,0.343,0.6,2.0,0.3,0.6,0.9,0.611,0.5,1.4,1.9,2.2,1.3,0.8,0.0,0.4,0.9,1.4,4.6,-0.1,11.1,0,0,10.8,449,411,440,303,426,420,356,536,366,348,403,424,385,499,410,426,438,220,207,209,524,237,480,259,416,261,415,284,38,409,2,KJ,23.0,20,10,10,0.5,12.9,108.2,110.1,110.1,112.6,110.0,110.0,-4.4,0.0,0.0,0.246,1.72,24.6,0.034,0.112,0.072,14.3,14.3,0.404,0.426,0.21,0.216,99.96,100.24,83.54,100.24,0.065,537,34,99,1.7,5.0,0.343,449,411,129,303,426,421,354,354,288,161,161,359,253,253,81,292,121,308,322,337,522,524,544,548,144,144,428,418,418,460,443,428,420,356,536,2
1642880,Kam Jones,Kam,1610612754,IND,24.0,37,6,31,0.162,16.7,1.8,4.6,0.402,0.6,2.0,0.293,0.1,0.2,0.5,0.4,1.2,1.6,3.2,1.0,0.5,0.0,0.3,1.1,0.3,4.4,-3.9,11.6,1,0,10.8,377,461,160,549,355,403,369,470,373,347,420,549,539,531,428,452,466,125,276,394,524,310,452,524,429,489,404,201,38,408,1,Kam,24.0,37,6,31,0.162,16.7,106.6,106.0,106.0,116.6,116.0,116.0,-9.9,-10.0,-10.0,0.262,3.31,36.3,0.024,0.071,0.048,11.0,11.0,0.467,0.47,0.141,0.145,103.65,104.2,86.84,104.2,0.061,1334,68,169,1.8,4.6,0.402,377,461,412,549,355,471,473,473,458,428,428,480,479,479,70,41,17,425,526,516,385,386,493,523,437,440,162,117,117,484,383,374,403,369,470,1
1626157,Karl-Anthony Towns,Karl-Anthony,1610612752,NYK,30.0,75,49,26,0.653,31.0,6.9,13.8,0.501,1.5,4.1,0.368,4.8,5.5,0.858,3.1,8.7,11.9,3.0,2.5,0.9,0.5,1.0,3.4,4.9,20.1,5.0,40.5,56,1,39.2,60,37,232,127,71,54,60,155,155,172,194,30,35,115,17,5,2,137,44,182,140,34,10,20,46,41,28,1,23,28,1,Karl-Anthony,30.0,75,49,26,0.653,31.0,118.1,118.8,118.8,111.5,111.8,111.8,6.6,7.0,7.0,0.142,1.21,14.0,0.101,0.283,0.192,11.6,11.5,0.556,0.619,0.251,0.258,99.95,99.48,82.9,99.48,0.154,4830,517,1032,6.9,13.8,0.501,60,37,338,127,71,55,59,59,235,241,241,84,80,80,242,457,409,66,6,10,431,429,224,125,62,61,430,454,454,21,28,38,54,60,155,1
1631255,Karlo Matković,Karlo,1610612740,NOP,25.0,62,24,38,0.387,14.7,2.3,3.8,0.604,0.6,1.5,0.422,0.5,0.7,0.732,1.2,2.5,3.7,0.8,0.5,0.4,0.9,0.2,1.7,0.6,5.7,-1.5,14.6,1,0,13.3,201,252,81,396,396,355,415,47,359,411,53,444,444,373,157,259,226,451,425,431,62,463,285,446,374,369,348,201,38,360,1,Karlo,25.0,62,24,38,0.387,14.7,108.2,107.2,107.2,110.4,111.6,111.6,-2.1,-4.4,-4.4,0.079,1.47,14.8,0.074,0.155,0.115,10.1,10.1,0.685,0.696,0.128,0.133,102.51,102.42,85.35,102.42,0.108,1942,142,235,2.3,3.8,0.604,201,252,491,396,396,417,443,443,179,233,233,308,366,366,459,385,382,114,148,127,301,300,22,26,489,491,248,239,239,160,284,329,355,415,47,1
1642857,Kasparas Jakučionis,Kasparas,1610612748,MIA,19.0,53,28,25,0.528,17.8,1.9,4.5,0.429,1.2,2.9,0.423,1.1,1.2,0.879,0.8,1.8,2.6,2.6,0.9,0.6,0.1,0.3,1.9,1.2,6.2,1.4,14.5,0,0,14.1,276,216,246,279,330,393,377,385,207,264,49,273,309,83,263,378,350,175,284,305,437,322,239,309,351,163,349,284,38,346,1,Kasparas,19.0,53,28,25,0.528,17.8,115.9,115.9,115.9,112.6,112.9,112.9,3.3,3.0,3.0,0.178,2.74,30.2,0.04,0.096,0.067,11.0,11.0,0.567,0.614,0.129,0.134,107.13,106.96,89.14,106.96,0.073,2109,102,238,1.9,4.5,0.429,276,216,326,279,330,110,126,126,289,287,287,164,174,174,170,91,45,270,391,364,389,389,185,136,487,488,30,32,32,409,337,324,393,377,385,1
202695,Kawhi Leonard,Kawhi,1610612746,LAC,34.0,65,37,28,0.569,32.1,9.8,19.4,0.505,2.6,6.8,0.387,5.7,6.4,0.892,1.1,5.3,6.4,3.6,2.0,1.9,0.4,0.5,1.2,5.1,27.9,5.2,45.7,5,0,45.1,166,136,205,220,49,8,8,147,37,36,131,16,18,69,174,46,69,99,78,9,193,162,421,19,6,40,9,96,38,11,1,Kawhi,34.0,65,37,28,0.569,32.1,119.0,120.3,120.3,110.5,112.8,112.8,8.4,7.5,7.5,0.193,1.76,13.1,0.036,0.162,0.102,7.4,7.4,0.573,0.629,0.326,0.333,99.07,97.53,81.28,97.53,0.185,4245,635,1258,9.8,19.4,0.505,166,136,364,220,49,40,35,35,186,276,276,61,76,76,149,281,436,298,132,171,106,106,164,103,8,8,474,549,549,9,10,10,8,8,147,1
1631099,Keegan Murray,Keegan,1610612758,SAC,25.0,23,5,18,0.217,34.5,5.5,13.0,0.42,1.3,4.9,0.277,1.7,2.1,0.776,1.4,4.3,5.7,1.7,1.2,1.0,1.6,0.7,1.8,1.7,14.0,-7.1,30.0,2,0,27.9,436,474,348,517,17,103,76,418,189,118,440,180,178,293,113,89,84,283,225,109,14,107,255,211,118,554,100,159,38,113,1,Keegan,25.0,23,5,18,0.217,34.5,106.2,107.6,107.6,115.0,118.4,118.4,-8.8,-10.7,-10.7,0.07,1.41,9.8,0.039,0.122,0.079,7.0,7.0,0.472,0.499,0.182,0.187,102.4,100.29,83.57,100.29,0.078,1663,126,300,5.5,13.0,0.42,436,474,225,517,17,476,430,430,403,488,488,461,492,492,499,398,537,287,272,285,85,86,491,497,231,240,260,414,414,370,304,283,103,76,418,1
1642276,Kel'el Ware,Kel'el,1610612748,MIA,22.0,77,39,38,0.506,22.1,4.5,8.4,0.53,1.2,3.0,0.395,0.9,1.2,0.74,2.8,6.2,9.0,0.7,0.8,0.8,1.1,0.3,1.5,1.1,11.1,-0.9,27.7,24,0,25.7,37,118,81,302,242,154,191,103,218,254,107,316,308,361,26,25,20,470,336,224,35,295,331,327,186,319,122,16,38,131,1,Kel'el,22.0,77,39,38,0.506,22.1,112.2,113.1,113.1,112.9,114.1,114.1,-0.7,-1.0,-1.0,0.046,0.9,6.9,0.113,0.247,0.18,7.7,7.7,0.601,0.616,0.174,0.178,106.46,105.48,87.9,105.48,0.137,3731,344,649,4.5,8.4,0.53,37,118,491,302,242,258,231,231,305,345,345,272,279,279,556,523,565,46,16,24,118,119,96,132,275,286,44,67,67,57,91,115,154,191,103,1
1629640,Keldon Johnson,Keldon,1610612759,SAS,26.0,82,62,20,0.756,23.3,5.0,9.7,0.519,1.2,3.3,0.363,1.9,2.4,0.794,1.7,3.7,5.4,1.4,0.9,0.6,0.1,0.7,2.0,1.8,13.2,3.9,22.9,5,0,22.5,1,1,322,43,219,125,146,117,213,221,210,147,158,242,88,137,110,336,317,344,433,84,214,188,139,62,182,96,38,176,1,Keldon,26.0,82,62,20,0.756,23.3,115.5,116.0,116.0,108.0,108.2,108.2,7.5,7.8,7.8,0.085,1.59,10.4,0.067,0.143,0.106,6.6,6.6,0.582,0.613,0.201,0.207,102.55,102.22,85.18,102.22,0.118,4070,414,797,5.0,9.7,0.519,1,1,251,43,219,123,122,122,100,107,107,72,71,71,436,332,525,145,183,155,74,74,142,142,163,165,245,257,257,101,58,77,125,146,117,1
1626162,Kelly Oubre Jr.,Kelly,1610612755,PHI,30.0,50,27,23,0.54,31.5,5.1,10.9,0.467,1.7,4.8,0.36,2.2,2.9,0.766,1.0,4.0,5.0,1.6,1.4,1.4,0.5,0.7,2.5,2.5,14.1,-1.3,26.7,5,0,26.1,297,225,275,266,58,124,122,261,126,120,222,114,115,313,193,104,134,293,180,45,168,103,74,118,115,355,130,96,38,125,1,Kelly,30.0,50,27,23,0.54,31.5,114.2,115.3,115.3,114.4,117.2,117.2,-0.3,-1.9,-1.9,0.073,1.16,10.6,0.031,0.121,0.077,9.2,9.1,0.546,0.58,0.179,0.184,102.05,100.39,83.66,100.39,0.083,3291,254,544,5.1,10.9,0.467,297,225,289,266,58,164,139,139,380,456,456,259,298,298,485,467,521,346,276,300,221,219,270,261,246,260,285,407,407,324,156,157,124,122,261,1
1629026,Kenrich Williams,Kenrich,1610612760,OKC,31.0,56,41,15,0.732,15.3,2.5,5.3,0.473,0.9,2.3,0.388,0.6,0.9,0.635,1.1,2.3,3.3,1.4,0.8,0.6,0.1,0.3,1.1,1.0,6.5,0.8,13.8,1,0,13.4,247,97,382,64,386,328,338,235,296,320,128,410,377,490,183,292,262,327,359,349,481,313,453,339,340,193,362,201,38,358,1,Kenrich,31.0,56,41,15,0.732,15.3,113.9,112.6,112.6,110.6,109.5,109.5,3.2,3.1,3.1,0.132,1.84,18.0,0.068,0.143,0.106,9.8,9.8,0.557,0.569,0.178,0.186,99.74,100.84,84.03,100.84,0.098,1792,140,296,2.5,5.3,0.473,247,97,187,64,386,177,255,255,189,137,137,167,173,173,260,258,270,141,182,153,275,273,220,310,257,246,439,369,369,217,285,285,328,338,235,1
203484,Kentavious Caldwell-Pope,Kentavious,1610612763,MEM,33.0,51,20,31,0.392,21.3,2.9,7.2,0.41,1.1,3.4,0.316,1.4,1.6,0.913,0.4,2.1,2.5,2.7,1.2,0.8,0.2,0.2,1.1,1.3,8.4,-2.2,17.2,0,0,16.6,291,302,160,391,260,293,243,453,249,217,373,205,252,47,438,324,376,159,221,196,412,392,440,263,264,412,294,284,38,289,1,Kentavious,33.0,51,20,31,0.392,21.3,109.6,110.8,110.8,113.9,115.3,115.3,-4.2,-4.5,-4.5,0.181,2.28,23.1,0.017,0.094,0.054,10.1,10.1,0.485,0.533,0.173,0.177,103.48,102.31,85.26,102.31,0.083,2314,150,366,2.9,7.2,0.41,291,302,412,391,260,371,323,323,350,398,398,353,372,372,166,158,144,490,405,467,303,308,464,425,281,296,168,248,248,328,273,244,293,243,453,1
1631165,Keon Ellis,Keon,1610612739,CLE,26.0,72,31,41,0.431,20.5,2.3,5.3,0.44,1.3,3.5,0.363,0.7,1.0,0.729,0.5,1.3,1.9,1.0,0.6,1.2,0.6,0.1,1.9,1.2,6.7,-2.0,15.2,0,0,14.4,84,188,61,368,278,346,336,346,204,210,211,368,373,380,371,438,436,394,417,78,117,504,242,296,335,404,337,284,38,341,2,Keon,26.0,72,31,41,0.431,20.5,110.2,110.6,110.6,114.8,115.4,115.4,-4.5,-4.8,-4.8,0.067,1.76,13.7,0.025,0.066,0.045,7.8,7.8,0.559,0.579,0.129,0.133,100.91,100.49,83.74,100.49,0.058,3097,169,384,2.3,5.3,0.44,84,188,515,368,278,345,331,331,395,403,403,362,380,380,512,282,419,418,541,534,128,127,214,267,488,492,370,395,395,496,250,238,346,336,346,2
201142,Kevin Durant,Kevin,1610612745,HOU,37.0,78,48,30,0.615,36.4,9.2,17.6,0.52,2.4,5.8,0.413,5.2,6.0,0.874,0.5,4.9,5.5,4.8,3.2,0.8,0.9,0.5,1.8,4.8,26.0,4.4,41.6,7,0,42.0,28,41,172,163,3,11,18,112,54,76,64,24,25,93,373,58,105,57,15,215,59,161,257,21,15,54,21,72,38,19,1,Kevin,37.0,78,48,30,0.615,36.4,116.0,117.9,117.9,111.4,112.4,112.4,4.6,5.5,5.5,0.203,1.51,17.0,0.014,0.131,0.073,11.3,11.2,0.588,0.641,0.263,0.27,99.4,98.14,81.78,98.14,0.15,5816,716,1376,9.2,17.6,0.52,28,41,395,163,3,109,78,78,230,266,266,133,112,112,135,371,303,509,233,324,410,406,130,78,44,48,460,518,518,32,3,6,11,18,112,1
1628989,Kevin Huerter,Kevin,1610612765,DET,27.0,69,40,29,0.58,22.5,3.9,8.6,0.451,1.4,4.7,0.308,0.8,1.0,0.775,0.5,3.0,3.5,2.6,1.0,0.9,0.5,0.4,1.7,1.0,10.0,1.2,21.2,1,0,20.3,118,110,189,200,234,196,183,309,171,125,388,347,357,295,391,203,249,176,250,155,169,259,293,333,212,169,211,201,38,213,2,Kevin,27.0,69,40,29,0.58,22.5,112.8,113.1,113.1,110.8,110.8,110.8,2.0,2.3,2.3,0.161,2.47,20.3,0.021,0.125,0.074,8.2,8.2,0.535,0.552,0.184,0.19,103.09,102.94,85.78,102.94,0.093,3327,269,596,3.9,8.6,0.451,118,110,379,200,234,221,232,232,200,199,199,197,195,195,203,130,201,450,260,319,157,156,311,366,220,225,203,203,203,249,145,139,196,183,309,2
201567,Kevin Love,Kevin,1610612762,UTA,37.0,37,10,27,0.27,16.6,2.1,5.4,0.397,1.4,3.8,0.373,1.0,1.2,0.841,1.5,4.3,5.8,1.8,0.8,0.4,0.2,0.0,1.5,1.1,6.7,-2.2,17.4,2,0,17.0,377,411,220,472,360,370,330,484,175,182,177,286,323,146,106,86,81,261,334,446,325,538,353,318,333,409,291,159,38,280,1,Kevin,37.0,37,10,27,0.27,16.6,115.6,115.8,115.8,121.6,122.5,122.5,-6.0,-6.7,-6.7,0.145,2.23,21.3,0.083,0.256,0.167,9.6,9.5,0.53,0.568,0.161,0.166,104.71,104.18,86.81,104.18,0.103,1334,79,199,2.1,5.4,0.397,377,411,352,472,360,121,128,128,536,548,548,399,416,416,232,165,178,94,11,37,260,256,335,317,339,343,98,119,119,190,366,351,370,330,484,1
1629645,Kevin Porter Jr.,Kevin,1610612749,MIL,26.0,38,18,20,0.474,33.2,6.3,13.5,0.465,1.2,3.8,0.322,3.6,4.1,0.878,0.9,4.3,5.2,7.4,2.9,2.2,0.5,0.8,2.3,3.6,17.4,-2.8,39.9,10,2,36.6,370,325,322,342,35,69,64,264,212,186,356,51,58,85,227,87,122,11,23,3,156,50,113,52,67,444,31,56,16,40,1,Kevin,26.0,38,18,20,0.474,33.2,110.8,111.4,111.4,115.5,116.1,116.1,-4.7,-4.7,-4.7,0.336,2.55,28.8,0.027,0.123,0.077,11.3,11.3,0.51,0.567,0.236,0.242,99.74,99.18,82.65,99.18,0.132,2612,239,514,6.3,13.5,0.465,370,325,251,342,35,315,301,301,421,432,432,366,377,377,23,113,58,395,266,301,413,413,404,322,83,84,437,468,468,66,174,174,69,64,264,1
1626172,Kevon Looney,Kevon,1610612740,NOP,30.0,21,3,18,0.143,14.6,1.2,2.9,0.417,0.1,0.6,0.154,0.3,0.5,0.7,2.3,3.3,5.6,1.6,0.4,0.4,0.5,0.2,1.6,0.4,2.8,-3.0,14.3,0,0,12.0,444,503,348,553,398,484,470,434,490,484,504,487,491,424,48,162,92,289,478,421,170,429,305,505,503,454,357,284,38,390,1,Kevon,30.0,21,3,18,0.143,14.6,105.4,105.3,105.3,114.2,115.7,115.7,-8.8,-10.4,-10.4,0.148,3.78,31.5,0.132,0.214,0.171,8.3,8.4,0.433,0.458,0.096,0.098,103.26,102.64,85.53,102.64,0.093,660,25,60,1.2,2.9,0.417,444,503,225,553,398,492,487,487,365,416,416,459,485,485,229,25,36,26,43,33,161,166,523,531,565,567,187,217,217,255,464,466,484,470,434,1
1641718,Keyonte George,Keyonte,1610612762,UTA,22.0,54,16,38,0.296,33.1,7.4,16.3,0.456,2.5,6.7,0.371,6.2,7.0,0.892,0.4,3.3,3.7,6.1,3.1,1.1,0.3,1.1,2.2,4.7,23.6,-6.2,38.2,4,0,38.6,266,348,81,448,39,34,29,288,49,43,185,11,16,70,418,173,228,27,19,102,307,20,137,22,22,542,40,114,38,34,1,Keyonte,22.0,54,16,38,0.296,33.1,113.7,115.1,115.1,122.0,123.6,123.6,-8.3,-8.6,-8.6,0.286,2.0,21.6,0.012,0.096,0.054,10.8,10.7,0.532,0.609,0.275,0.281,104.57,103.25,86.04,103.25,0.122,3840,402,881,7.4,16.3,0.456,266,348,491,448,39,188,141,141,541,555,555,448,451,451,46,207,169,535,388,472,372,366,324,160,32,32,106,177,177,89,62,56,34,29,288,1
203114,Khris Middleton,Khris,1610612742,DAL,34.0,63,18,45,0.286,22.8,3.6,8.6,0.42,1.1,3.0,0.36,1.9,2.2,0.875,0.8,2.9,3.7,2.8,1.7,0.7,0.1,0.4,2.3,1.8,10.2,-5.3,19.4,2,0,19.3,194,325,36,454,225,218,185,417,254,263,221,145,173,87,264,220,229,152,119,287,423,244,126,191,208,533,246,159,38,229,2,Khris,34.0,63,18,45,0.286,22.8,109.9,110.0,110.0,120.2,121.1,121.1,-10.3,-11.1,-11.1,0.171,1.63,20.0,0.033,0.118,0.075,12.3,12.2,0.482,0.533,0.198,0.205,104.34,103.88,86.57,103.88,0.073,3118,227,540,3.6,8.6,0.42,194,325,541,454,225,359,356,356,523,532,532,489,498,498,181,321,206,327,293,311,466,463,469,423,171,169,117,135,135,413,190,162,218,185,417,2
1630165,Killian Hayes,Killian,1610612758,SAC,24.0,23,10,13,0.435,17.6,1.8,6.0,0.304,0.7,2.7,0.27,1.1,1.2,0.929,0.2,2.2,2.3,3.5,1.2,0.9,0.2,0.2,1.6,1.1,5.5,-0.8,15.7,0,0,14.3,436,411,409,365,335,404,301,560,324,284,447,263,317,39,543,312,384,104,219,155,392,401,322,323,382,313,329,284,38,343,1,Killian,24.0,23,10,13,0.435,17.6,107.7,107.8,107.8,110.7,110.6,110.6,-3.0,-2.8,-2.8,0.265,2.89,31.2,0.009,0.117,0.061,10.8,10.8,0.366,0.422,0.179,0.183,100.92,100.91,84.09,100.91,0.071,855,42,138,1.8,6.0,0.304,436,411,165,365,335,435,425,425,191,181,181,329,319,319,66,74,39,552,298,414,364,374,552,551,248,262,369,363,363,419,431,394,404,301,560,1
202691,Klay Thompson,Klay,1610612742,DAL,36.0,69,21,48,0.304,21.7,4.1,10.6,0.393,2.9,7.6,0.383,0.5,0.7,0.766,0.3,1.8,2.1,1.4,0.9,0.5,0.3,0.1,1.0,0.4,11.7,-1.9,17.8,0,0,19.7,118,292,25,444,253,182,130,494,20,19,146,428,435,311,499,368,413,332,295,396,263,473,461,503,169,401,280,284,38,221,1,Klay,36.0,69,21,48,0.304,21.7,106.0,106.3,106.3,111.9,111.0,111.0,-5.8,-4.7,-4.7,0.096,1.52,10.7,0.011,0.074,0.043,7.0,6.9,0.532,0.541,0.214,0.223,105.77,106.06,88.39,106.06,0.077,3318,286,728,4.1,10.6,0.393,118,292,552,444,253,479,469,469,258,206,206,393,378,378,385,364,519,543,513,543,86,84,326,400,130,126,56,49,49,378,131,93,182,130,494,1
1641738,Kobe Brown,Kobe,1610612754,IND,26.0,61,17,44,0.279,15.8,2.1,4.4,0.469,0.9,2.3,0.374,0.8,1.0,0.797,1.1,1.9,3.0,1.3,0.9,0.4,0.2,0.4,1.1,0.9,5.8,-3.6,12.2,0,0,12.1,210,334,43,464,376,375,383,251,302,321,172,352,374,235,166,349,296,346,310,447,367,248,438,364,369,475,392,284,38,385,2,Kobe,26.0,61,17,44,0.279,15.8,109.1,108.4,108.4,118.8,119.0,119.0,-9.7,-10.5,-10.5,0.123,1.51,18.6,0.072,0.119,0.096,12.3,12.3,0.565,0.594,0.154,0.159,100.38,100.6,83.83,100.6,0.078,2014,127,271,2.1,4.4,0.469,210,334,533,464,376,387,411,411,501,498,498,475,486,486,288,372,248,121,285,201,465,466,190,208,375,377,402,384,384,364,301,305,375,383,251,2
1642920,Kobe Sanders,Kobe,1610612746,LAC,23.0,68,36,32,0.529,19.9,2.6,5.6,0.466,1.2,2.9,0.408,0.8,1.0,0.826,0.4,1.8,2.3,1.6,1.2,0.7,0.1,0.3,2.1,0.9,7.3,0.5,13.8,0,0,14.0,135,151,149,276,296,314,320,262,222,272,78,336,359,184,417,363,400,292,223,251,419,354,161,359,314,219,361,284,38,347,1,Kobe,23.0,68,36,32,0.529,19.9,113.4,113.1,113.1,112.1,112.9,112.9,1.3,0.2,0.2,0.117,1.35,18.1,0.022,0.088,0.056,13.4,13.4,0.57,0.597,0.155,0.161,99.56,99.33,82.77,99.33,0.062,2808,179,384,2.6,5.6,0.466,135,151,424,276,296,195,227,227,268,285,285,218,246,246,305,418,269,444,438,450,509,508,176,196,370,370,450,464,464,472,240,238,314,320,262,1
1642851,Kon Knueppel,Kon,1610612766,CHA,20.0,81,44,37,0.543,31.5,6.4,13.4,0.475,3.4,7.9,0.425,2.4,2.8,0.863,1.2,4.1,5.3,3.4,2.0,0.7,0.2,0.6,2.1,2.3,18.5,4.0,30.8,7,0,32.5,19,67,93,261,57,65,67,228,5,16,47,102,119,110,151,101,112,109,83,263,334,117,181,128,58,61,89,72,38,67,1,Kon,20.0,81,44,37,0.543,31.5,116.4,119.2,119.2,112.8,113.0,113.0,3.6,6.2,6.2,0.158,1.7,17.0,0.036,0.128,0.082,10.0,9.9,0.601,0.633,0.216,0.221,101.07,99.73,83.11,99.73,0.115,5297,515,1084,6.4,13.4,0.475,19,67,482,261,57,96,52,52,297,293,293,159,94,94,209,298,305,296,243,271,289,287,95,94,126,130,360,440,440,117,29,30,65,67,228,1
1627739,Kris Dunn,Kris,1610612746,LAC,32.0,82,42,40,0.512,27.2,2.8,5.8,0.476,1.0,2.6,0.374,0.8,1.0,0.765,0.7,2.6,3.3,3.6,1.4,1.6,0.2,0.3,2.3,0.9,7.3,0.2,20.6,0,0,18.7,1,87,69,293,143,303,309,223,277,296,174,355,370,314,312,251,271,101,187,17,396,340,115,369,315,235,226,284,38,249,1,Kris,32.0,82,42,40,0.512,27.2,114.4,114.6,114.6,112.8,114.1,114.1,1.5,0.5,0.5,0.179,2.66,32.1,0.028,0.097,0.063,12.1,12.1,0.56,0.581,0.122,0.125,98.89,98.23,81.86,98.23,0.074,4560,227,477,2.8,5.8,0.476,1,87,508,293,143,156,162,162,303,351,351,210,238,238,168,106,30,391,386,397,457,457,210,256,506,509,487,516,516,400,190,193,303,309,223,1
1631200,Kris Murray,Kris,1610612757,POR,25.0,57,28,29,0.491,23.4,2.3,4.8,0.467,0.6,2.1,0.279,0.7,1.0,0.684,1.6,2.0,3.6,1.4,0.8,0.9,0.4,0.3,1.6,0.8,5.8,0.8,15.3,0,0,14.0,235,216,189,329,217,358,361,257,372,332,436,376,360,442,98,328,236,324,328,166,219,316,307,383,366,195,335,284,38,348,1,Kris,25.0,57,28,29,0.491,23.4,109.6,110.6,110.6,109.3,109.1,109.1,0.3,1.5,1.5,0.082,1.72,18.9,0.062,0.084,0.073,11.0,11.0,0.529,0.55,0.103,0.106,102.61,102.27,85.22,102.27,0.063,2841,129,276,2.3,4.8,0.467,235,216,379,329,217,370,327,327,126,132,132,241,214,214,448,291,238,155,461,330,384,385,342,374,553,557,238,254,254,469,300,302,358,361,257,1
204001,Kristaps Porziņģis,Kristaps,1610612744,GSW,30.0,32,13,19,0.406,24.0,5.4,12.1,0.446,1.7,5.0,0.338,4.2,4.9,0.842,1.3,4.0,5.2,2.5,1.3,0.6,1.2,0.4,2.9,4.3,16.7,1.4,30.7,1,0,29.6,400,384,333,381,205,105,91,332,132,112,293,39,42,142,137,114,121,183,199,342,27,218,34,34,80,160,92,201,38,93,2,Kristaps,30.0,32,13,19,0.406,24.0,114.2,113.8,113.8,111.5,110.8,110.8,2.8,3.0,3.0,0.162,1.98,13.9,0.05,0.158,0.104,7.0,7.1,0.515,0.582,0.265,0.273,103.14,103.63,86.36,103.63,0.124,1658,173,388,5.4,12.1,0.446,400,384,236,381,205,161,195,195,236,200,200,175,175,175,201,223,413,210,140,161,89,89,390,251,40,39,198,155,155,84,247,236,105,91,332,2
203937,Kyle Anderson,Kyle,1610612750,MIN,32.0,43,15,28,0.349,19.8,2.5,4.7,0.53,0.1,0.3,0.364,1.1,1.6,0.706,1.0,2.5,3.5,2.9,0.9,1.0,0.6,0.3,2.2,1.5,6.2,-1.9,18.8,0,0,16.0,342,365,205,410,298,330,364,104,491,517,203,268,251,417,207,262,246,144,296,108,127,343,135,240,352,397,259,284,38,305,3,Kyle,32.0,43,15,28,0.349,19.8,107.5,107.4,107.4,111.6,111.6,111.6,-4.2,-4.2,-4.2,0.204,3.23,31.7,0.047,0.121,0.084,9.8,9.8,0.54,0.573,0.131,0.135,103.83,103.85,86.54,103.85,0.095,1844,107,202,2.5,4.7,0.53,342,365,364,410,298,446,434,434,243,230,230,352,357,357,133,45,35,219,277,258,277,279,291,292,480,482,145,139,139,236,330,349,330,364,104,3
1642271,Kyle Filipowski,Kyle,1610612762,UTA,22.0,77,21,56,0.273,23.4,4.2,8.5,0.492,1.0,3.0,0.325,2.1,2.8,0.75,1.9,5.3,7.2,2.6,1.6,0.9,0.5,0.7,3.0,1.9,11.4,-3.3,26.6,13,0,25.0,37,292,7,470,218,174,188,177,282,262,347,127,121,333,76,44,47,178,133,141,154,102,28,168,179,465,132,42,38,138,1,Kyle,22.0,77,21,56,0.273,23.4,113.5,113.7,113.7,120.1,120.4,120.4,-6.6,-6.6,-6.6,0.156,1.58,18.4,0.076,0.225,0.149,11.6,11.6,0.548,0.586,0.197,0.201,104.31,104.07,86.72,104.07,0.106,3906,323,657,4.2,8.5,0.492,37,292,574,470,218,194,199,199,520,519,519,414,414,414,214,334,257,109,32,55,435,438,263,239,175,184,124,123,123,169,109,112,174,188,177,1
1628398,Kyle Kuzma,Kyle,1610612749,MIL,30.0,69,31,38,0.449,26.2,4.9,10.0,0.492,1.2,3.5,0.347,2.0,2.7,0.726,0.8,3.7,4.5,2.7,1.7,0.7,0.4,0.5,1.9,2.3,13.0,-4.1,23.9,4,0,23.5,118,188,81,359,166,132,143,176,215,212,264,141,128,385,255,136,164,162,116,276,202,153,223,136,141,500,166,114,38,160,1,Kyle,30.0,69,31,38,0.449,26.2,110.1,110.2,110.2,116.6,116.8,116.8,-6.5,-6.6,-6.6,0.153,1.55,17.2,0.032,0.134,0.084,11.1,11.1,0.552,0.581,0.212,0.219,100.69,100.59,83.82,100.59,0.096,3769,339,689,4.9,10.0,0.492,118,188,491,359,166,348,348,348,460,448,448,409,411,411,221,355,299,343,224,257,396,396,243,257,137,136,383,386,386,232,96,101,132,143,176,1
1642273,Kyshawn George,Kyshawn,1610612764,WAS,22.0,48,10,38,0.208,29.0,5.3,12.0,0.438,2.1,5.4,0.381,2.2,2.7,0.802,0.9,4.2,5.1,4.5,2.6,1.0,0.9,0.8,3.5,2.6,14.8,-7.4,30.7,3,0,30.2,310,411,81,521,110,117,94,356,75,89,153,117,124,228,226,96,130,64,38,121,60,57,6,99,105,559,91,128,38,87,1,Kyshawn,22.0,48,10,38,0.208,29.0,108.0,108.3,108.3,119.3,119.7,119.7,-11.3,-11.5,-11.5,0.226,1.71,22.0,0.028,0.135,0.081,12.9,12.8,0.524,0.559,0.222,0.228,103.83,103.49,86.24,103.49,0.09,2994,253,577,5.3,12.0,0.438,310,411,491,521,110,426,415,415,505,510,510,508,503,503,102,294,158,384,216,276,495,492,358,350,115,115,144,163,163,276,158,147,117,94,356,1
1630163,LaMelo Ball,LaMelo,1610612766,CHA,24.0,72,41,31,0.569,28.0,7.0,17.3,0.407,3.8,10.3,0.368,2.2,2.5,0.899,0.9,3.9,4.8,7.1,2.8,1.2,0.3,0.7,2.7,3.0,20.1,5.8,38.1,10,1,38.7,84,97,160,218,128,48,21,460,3,3,196,112,142,56,222,117,149,14,29,64,316,73,47,75,45,32,41,56,23,33,1,LaMelo,24.0,72,41,31,0.569,28.0,119.9,123.2,123.2,113.9,114.1,114.1,6.0,9.1,9.1,0.384,2.54,25.3,0.03,0.14,0.084,9.9,9.9,0.516,0.546,0.306,0.313,100.87,99.43,82.86,99.43,0.134,4194,506,1244,7.0,17.3,0.407,84,97,412,218,128,27,15,15,355,353,353,96,59,59,11,114,109,351,197,263,285,285,388,384,17,17,374,460,460,63,31,11,48,21,460,1
1629013,Landry Shamet,Landry,1610612752,NYK,29.0,51,35,16,0.686,23.0,3.1,7.1,0.437,2.0,5.2,0.392,1.1,1.5,0.711,0.5,1.4,1.8,1.4,0.6,0.6,0.2,0.4,1.5,1.6,9.3,3.7,15.4,0,0,16.1,291,162,368,90,223,266,245,362,83,105,116,280,267,409,409,437,442,326,411,313,389,282,339,219,233,65,334,284,38,298,1,Landry,29.0,51,35,16,0.686,23.0,115.3,115.2,115.2,107.6,107.0,107.0,7.8,8.1,8.1,0.084,2.4,14.5,0.019,0.058,0.038,6.0,6.0,0.578,0.598,0.151,0.157,99.13,99.44,82.87,99.44,0.07,2423,159,364,3.1,7.1,0.437,291,162,202,90,223,130,140,140,91,86,86,70,65,65,440,139,391,474,553,558,59,59,149,193,390,388,470,458,458,426,264,246,266,245,362,1
1626204,Larry Nance Jr.,Larry,1610612739,CLE,33.0,35,25,10,0.714,12.8,1.5,3.5,0.419,0.6,1.8,0.333,0.2,0.4,0.462,0.8,1.8,2.7,1.0,0.6,0.6,0.2,0.2,1.6,0.6,3.7,-0.5,10.1,0,0,9.5,390,243,440,75,428,448,425,420,366,375,302,530,510,550,252,361,345,412,413,317,395,415,320,443,460,294,437,284,38,438,1,Larry,33.0,35,25,10,0.714,12.8,107.3,108.2,108.2,110.6,111.1,111.1,-3.2,-2.9,-2.9,0.105,1.7,18.5,0.058,0.143,0.098,10.9,10.9,0.504,0.505,0.137,0.139,102.27,101.61,84.68,101.61,0.062,955,52,124,1.5,3.5,0.419,390,243,129,75,428,450,418,418,187,217,217,333,323,323,356,299,253,169,185,186,379,381,418,491,452,464,271,310,310,476,413,399,448,425,420,1
1628374,Lauri Markkanen,Lauri,1610612762,UTA,29.0,42,17,25,0.405,34.3,9.1,19.2,0.477,2.7,7.7,0.355,5.7,6.4,0.896,2.0,4.9,6.9,2.1,1.5,1.0,0.5,1.1,1.8,5.5,26.7,-1.3,41.2,5,0,41.5,348,334,246,383,19,12,9,219,27,18,239,15,19,61,63,59,55,223,150,121,156,17,252,12,11,352,24,96,38,20,1,Lauri,29.0,42,17,25,0.405,34.3,112.1,113.6,113.6,115.4,115.2,115.2,-3.3,-1.5,-1.5,0.101,1.41,8.4,0.054,0.134,0.094,5.9,5.9,0.548,0.608,0.269,0.277,105.08,104.48,87.07,104.48,0.139,3137,384,805,9.1,19.2,0.477,348,334,326,383,19,260,203,203,417,393,393,334,290,290,372,395,549,189,226,212,56,54,259,162,37,37,78,102,102,51,77,72,12,9,219,1
2544,LeBron James,LeBron,1610612747,LAL,41.0,60,39,21,0.65,33.2,7.9,15.3,0.515,1.3,4.1,0.317,3.9,5.3,0.737,0.7,5.4,6.1,7.2,3.0,1.2,0.6,0.8,1.4,3.7,20.9,2.0,41.4,17,3,39.1,214,118,305,129,38,26,43,127,200,177,371,44,38,364,309,41,76,12,20,65,130,67,381,49,34,123,23,30,8,30,1,LeBron,41.0,60,39,21,0.65,33.2,115.5,115.0,115.0,111.7,112.4,112.4,3.8,2.6,2.6,0.338,2.41,26.0,0.023,0.16,0.093,10.8,10.7,0.557,0.594,0.262,0.273,100.39,100.29,83.58,100.29,0.154,4160,473,919,7.9,15.3,0.515,214,118,262,129,38,124,144,144,246,264,264,152,181,181,21,137,97,434,135,214,366,365,222,211,47,40,399,413,413,23,41,50,26,43,127,1
1631159,Leonard Miller,Leonard,1610612741,CHI,22.0,46,18,28,0.391,15.6,3.2,5.7,0.553,0.7,2.2,0.323,0.8,1.2,0.736,1.2,2.8,3.9,0.9,0.8,0.4,0.3,0.3,1.4,0.9,7.8,-0.6,15.2,3,0,14.7,324,325,205,393,383,262,315,82,340,330,351,332,329,366,154,231,210,434,349,450,256,359,365,375,291,300,338,128,38,335,2,Leonard,22.0,46,18,28,0.391,15.6,112.4,111.7,111.7,113.8,114.1,114.1,-1.4,-2.5,-2.5,0.077,1.11,11.1,0.073,0.158,0.118,10.0,10.0,0.615,0.633,0.176,0.183,106.68,106.87,89.05,106.87,0.104,1605,145,262,3.2,5.7,0.553,324,325,364,393,383,249,293,293,344,352,352,295,314,314,476,473,506,117,138,118,292,289,79,95,269,266,39,36,36,183,278,310,262,315,82,2
1628366,Lonzo Ball,Lonzo,1610612739,CLE,28.0,35,19,16,0.543,20.8,1.5,5.0,0.301,1.1,4.2,0.272,0.4,0.6,0.667,0.7,3.3,4.0,3.9,1.5,1.3,0.3,0.2,1.3,0.5,4.6,0.9,18.3,0,0,16.7,390,316,368,262,273,444,351,561,234,161,443,469,459,452,294,174,200,77,158,54,311,443,391,480,414,186,270,284,38,286,1,Lonzo,28.0,35,19,16,0.543,20.8,110.5,111.0,111.0,109.8,109.7,109.7,0.7,1.3,1.3,0.236,2.62,36.6,0.032,0.148,0.089,14.0,13.9,0.415,0.432,0.13,0.134,105.04,104.87,87.39,104.87,0.077,1595,53,176,1.5,5.0,0.301,390,316,202,262,273,329,314,314,151,144,144,236,220,220,91,110,16,333,167,235,517,516,540,547,483,487,80,85,85,377,410,370,444,351,561,1
1629652,Luguentz Dort,Luguentz,1610612760,OKC,27.0,69,53,16,0.768,26.8,2.9,7.6,0.385,1.9,5.4,0.344,0.6,0.8,0.759,0.8,2.7,3.6,1.2,0.8,0.9,0.4,0.2,2.6,1.5,8.3,4.3,17.5,0,0,17.6,118,19,368,36,154,294,225,502,111,92,277,398,400,324,262,236,239,358,349,162,213,414,63,241,267,56,289,284,38,269,1,Luguentz,27.0,69,53,16,0.768,26.8,116.2,116.2,116.2,106.7,108.2,108.2,9.4,8.0,8.0,0.059,1.57,12.4,0.03,0.094,0.063,7.8,7.8,0.508,0.524,0.139,0.142,101.28,100.54,83.79,100.54,0.049,3865,202,524,2.9,7.6,0.385,118,19,202,36,154,103,114,114,68,106,106,51,67,67,536,340,464,358,403,393,130,132,410,452,444,449,344,389,389,533,213,169,294,225,502,1
1629029,Luka Dončić,Luka,1610612747,LAL,27.0,64,43,21,0.672,35.8,10.8,22.8,0.476,4.0,10.8,0.366,7.9,10.1,0.78,0.6,7.1,7.7,8.3,4.0,1.6,0.5,0.4,2.4,7.3,33.5,2.9,57.7,34,8,57.8,180,75,305,103,5,1,1,225,2,2,201,2,1,280,330,14,36,4,1,15,143,218,96,2,1,88,2,9,4,1,1,Luka,27.0,64,43,21,0.672,35.8,118.3,119.4,119.4,113.9,115.6,115.6,4.4,3.8,3.8,0.387,2.08,21.1,0.019,0.194,0.11,10.1,10.1,0.563,0.616,0.368,0.377,102.0,100.73,83.94,100.73,0.188,4804,693,1457,10.8,22.8,0.476,180,75,262,103,5,51,44,44,349,414,414,137,146,146,10,183,184,471,66,146,306,302,195,133,1,1,290,377,377,8,5,4,1,1,225,1
1630568,Luka Garza,Luka,1610612738,BOS,27.0,69,47,22,0.681,16.2,3.0,5.2,0.577,0.8,1.8,0.433,1.3,1.7,0.769,2.3,1.8,4.1,1.0,0.7,0.4,0.4,0.4,2.3,1.7,8.1,1.8,16.1,2,0,15.5,118,44,295,96,368,290,340,68,314,368,43,225,233,306,49,368,194,415,379,438,202,271,108,199,282,133,318,159,38,317,1,Luka,27.0,69,47,22,0.681,16.2,117.9,119.4,119.4,114.0,113.6,113.6,3.9,5.8,5.8,0.085,1.43,12.7,0.129,0.11,0.12,8.9,8.8,0.654,0.682,0.168,0.173,97.83,97.4,81.17,97.4,0.103,2265,206,357,3.0,5.2,0.577,118,44,279,96,368,62,46,46,357,317,317,149,106,106,438,389,447,29,325,108,197,195,41,36,301,310,529,555,555,188,210,252,290,340,68,1
1628379,Luke Kennard,Luke,1610612747,LAL,29.0,78,45,33,0.577,21.5,3.0,5.7,0.533,1.5,3.1,0.478,0.8,0.9,0.913,0.4,1.9,2.3,2.2,0.8,0.7,0.1,0.2,1.3,0.7,8.4,0.5,16.2,1,1,16.0,28,60,135,207,254,276,318,101,156,240,24,341,388,45,425,347,386,209,356,259,464,397,397,433,266,216,314,201,23,303,2,Luke,29.0,78,45,33,0.577,21.5,114.8,114.2,114.2,113.6,113.7,113.7,1.3,0.5,0.5,0.139,2.9,24.9,0.019,0.086,0.053,8.6,8.5,0.665,0.689,0.131,0.137,101.49,101.7,84.75,101.7,0.089,3571,236,443,3.0,5.7,0.533,28,60,435,207,254,141,178,178,333,330,330,219,239,239,249,73,116,466,449,473,177,173,34,31,481,475,331,299,299,283,178,211,276,318,101,2
1628436,Luke Kornet,Luke,1610612759,SAS,30.0,68,52,16,0.765,21.0,2.6,4.0,0.643,0.0,0.0,0.0,1.4,1.7,0.825,2.7,3.4,6.1,1.9,0.4,0.5,1.0,0.3,1.8,1.8,6.5,1.7,20.5,3,0,17.3,135,24,368,38,264,321,403,30,517,548,517,213,237,189,31,155,75,256,484,401,50,354,263,182,338,138,227,128,38,272,1,Luke,30.0,68,52,16,0.765,21.0,114.6,114.4,114.4,110.3,110.5,110.5,4.3,3.9,3.9,0.114,4.5,26.3,0.116,0.147,0.132,5.8,5.9,0.643,0.689,0.1,0.102,102.35,102.41,85.34,102.41,0.109,3051,175,272,2.6,4.0,0.643,135,24,202,38,264,146,169,169,177,177,177,139,144,144,313,14,93,44,168,85,52,55,53,30,559,561,263,240,240,153,246,304,321,403,30,1
1628370,Malik Monk,Malik,1610612758,SAC,28.0,62,18,44,0.29,22.0,4.5,10.2,0.438,2.0,5.1,0.395,1.5,1.7,0.879,0.2,1.6,1.9,3.0,1.5,0.6,0.4,0.5,1.6,1.5,12.5,-4.1,20.7,0,0,21.3,201,325,43,451,246,153,136,357,86,108,106,195,229,84,509,398,435,142,160,321,217,178,315,231,148,501,224,284,38,197,1,Malik,28.0,62,18,44,0.29,22.0,109.3,110.0,110.0,117.8,118.3,118.3,-8.5,-8.3,-8.3,0.208,2.03,19.4,0.01,0.071,0.041,9.5,9.5,0.536,0.568,0.234,0.24,102.69,102.11,85.1,102.11,0.094,2895,277,632,4.5,10.2,0.438,201,325,533,451,246,383,358,358,486,486,486,454,444,444,126,197,225,548,525,549,259,258,307,313,86,85,235,265,265,244,141,122,153,136,357,1
1631204,Marcus Sasser,Marcus,1610612765,DET,25.0,38,28,10,0.737,12.0,1.8,4.7,0.39,1.2,2.8,0.415,0.4,0.5,0.833,0.2,0.8,1.0,2.0,0.8,0.5,0.1,0.2,1.1,0.4,5.2,3.1,10.5,0,0,10.6,370,216,440,59,443,405,365,495,229,281,62,472,494,160,540,508,522,239,331,361,459,405,450,510,402,84,428,284,38,413,1,Marcus,25.0,38,28,10,0.737,12.0,115.3,116.4,116.4,104.2,103.1,103.1,11.1,13.4,13.4,0.217,2.42,25.8,0.016,0.07,0.044,10.7,10.7,0.514,0.533,0.197,0.201,101.65,101.68,84.73,101.68,0.078,961,69,177,1.8,4.7,0.39,370,216,129,59,443,132,108,108,41,36,36,37,27,27,113,134,100,497,532,538,351,358,392,427,174,185,319,304,304,362,382,368,405,365,495,1
203935,Marcus Smart,Marcus,1610612747,LAL,32.0,62,41,21,0.661,28.5,3.0,7.7,0.395,1.6,4.7,0.331,1.7,2.1,0.822,0.6,2.2,2.8,3.0,1.5,1.4,0.4,0.2,2.6,2.3,9.3,4.1,21.0,0,0,20.2,201,97,305,120,117,274,220,489,142,123,331,171,185,196,348,308,328,142,159,38,230,406,60,133,231,57,215,284,38,215,1,Marcus,32.0,62,41,21,0.661,28.5,117.1,117.3,117.3,109.4,110.6,110.6,7.7,6.8,6.8,0.133,2.01,22.9,0.022,0.077,0.05,11.4,11.4,0.497,0.543,0.151,0.155,100.67,100.07,83.39,100.07,0.059,3691,188,476,3.0,7.7,0.395,201,97,262,120,117,78,89,89,131,180,180,71,81,81,258,205,145,445,502,496,420,421,440,395,391,392,385,423,423,492,226,194,274,220,489,1
1631109,Mark Williams,Mark,1610612756,PHX,24.0,60,34,26,0.567,23.6,4.7,7.3,0.644,0.0,0.0,1.0,2.3,2.9,0.771,3.1,4.9,8.0,1.0,1.1,0.9,0.9,0.4,2.2,2.4,11.7,-0.7,27.1,14,0,24.3,214,168,232,221,214,143,235,28,512,545,1,111,112,302,19,61,34,413,242,153,56,220,144,126,173,310,126,38,38,153,1,Mark,24.0,60,34,26,0.567,23.6,110.7,111.3,111.3,111.8,113.3,113.3,-1.1,-2.0,-2.0,0.064,0.89,9.2,0.124,0.201,0.162,10.3,10.2,0.645,0.68,0.167,0.172,101.99,101.01,84.18,101.01,0.141,2988,282,438,4.7,7.3,0.644,214,168,338,221,214,323,305,305,251,304,304,287,301,301,524,527,543,35,56,42,313,310,51,38,308,317,292,353,353,46,136,214,143,235,28,1
1628963,Marvin Bagley III,Marvin,1610612742,DAL,27.0,60,16,44,0.267,20.0,4.2,6.9,0.618,0.4,0.9,0.462,1.6,2.4,0.66,2.5,3.6,6.1,1.4,1.0,0.5,0.7,0.5,2.1,2.0,10.5,-3.7,22.4,6,0,20.7,214,348,43,476,290,170,254,42,419,471,26,189,156,464,36,141,74,325,255,405,95,178,191,160,196,477,189,84,38,208,2,Marvin,27.0,60,16,44,0.267,20.0,109.9,109.9,109.9,118.4,119.0,119.0,-8.5,-9.1,-9.1,0.107,1.39,13.7,0.116,0.171,0.143,9.8,9.8,0.647,0.661,0.18,0.184,103.49,103.2,86.0,103.2,0.123,2588,254,411,4.2,6.9,0.618,214,348,533,476,290,358,365,365,496,499,499,453,460,460,343,402,420,43,110,64,276,280,48,59,245,255,167,182,182,87,156,222,170,254,42,2
1641824,Matas Buzelis,Matas,1610612741,CHI,21.0,77,28,49,0.364,29.2,5.8,12.5,0.463,2.2,6.4,0.349,2.4,3.1,0.786,1.0,4.8,5.8,2.1,2.1,0.7,1.5,0.7,2.3,2.6,16.3,-4.0,30.9,4,0,30.8,37,216,19,403,106,85,83,267,67,52,258,99,101,264,193,64,80,229,75,256,17,71,117,110,87,495,86,114,38,81,1,Matas,21.0,77,28,49,0.364,29.2,110.6,110.6,110.6,115.5,116.9,116.9,-4.9,-6.3,-6.3,0.103,0.99,11.4,0.033,0.152,0.094,11.5,11.5,0.553,0.586,0.223,0.229,104.93,104.25,86.88,104.25,0.097,4883,446,963,5.8,12.5,0.463,37,216,559,403,106,325,325,325,422,451,451,373,403,403,361,510,493,322,156,209,427,428,238,237,112,114,88,113,113,223,47,45,85,83,267,1
1629680,Matisse Thybulle,Matisse,1610612757,POR,29.0,30,17,13,0.567,16.0,1.9,4.5,0.433,1.2,3.1,0.398,0.7,0.8,0.84,0.6,1.4,2.0,0.9,0.9,2.0,0.5,0.1,1.4,0.8,5.8,2.9,16.2,0,0,15.0,410,334,409,221,372,391,378,376,210,244,101,371,403,149,353,426,426,427,286,4,140,518,360,396,367,87,313,284,38,329,1,Matisse,29.0,30,17,13,0.567,16.0,108.8,108.8,108.8,100.5,99.8,99.8,8.3,9.0,9.0,0.079,0.96,13.4,0.033,0.087,0.059,13.9,14.0,0.571,0.6,0.144,0.149,103.37,103.73,86.44,103.73,0.093,1034,58,134,1.9,4.5,0.433,410,334,165,221,372,395,398,398,18,19,19,62,60,60,457,513,427,324,444,427,515,518,173,186,411,418,175,148,148,254,399,396,391,378,376,1
1631108,Max Christie,Max,1610612742,DAL,23.0,77,24,53,0.312,29.1,4.2,9.4,0.441,2.3,5.8,0.404,1.6,1.8,0.899,0.2,3.0,3.2,2.0,1.2,0.6,0.4,0.5,1.3,1.5,12.3,-4.4,20.7,0,0,21.7,37,252,12,442,108,179,157,345,60,73,87,184,218,57,538,195,278,243,210,311,238,155,403,222,150,512,221,284,38,188,1,Max,23.0,77,24,53,0.312,29.1,108.0,108.3,108.3,114.6,115.2,115.2,-6.5,-6.9,-6.9,0.095,1.57,14.6,0.006,0.097,0.052,9.3,9.3,0.566,0.601,0.162,0.167,103.67,103.23,86.02,103.23,0.079,4824,320,725,4.2,9.4,0.441,37,252,568,442,108,424,414,414,383,395,395,412,418,418,394,341,388,561,385,483,237,233,188,183,336,339,160,178,178,359,111,94,179,157,345,1
1642875,Maxime Raynaud,Maxime,1610612758,SAC,23.0,74,21,53,0.284,26.5,5.2,9.1,0.571,0.3,1.0,0.324,1.8,2.3,0.786,1.9,5.6,7.5,1.4,1.3,0.5,0.5,0.5,2.3,1.9,12.5,-6.2,25.4,18,0,23.7,70,292,12,459,157,122,167,77,436,455,348,158,165,264,72,35,41,337,202,370,147,170,118,173,146,544,146,27,38,158,1,Maxime,23.0,74,21,53,0.284,26.5,109.6,110.4,110.4,119.7,121.3,121.3,-10.1,-10.9,-10.9,0.074,1.06,10.6,0.07,0.211,0.14,10.0,10.0,0.589,0.619,0.178,0.182,102.42,101.41,84.51,101.41,0.109,4145,383,671,5.2,9.1,0.571,70,292,568,459,157,373,338,338,513,535,535,485,495,495,482,487,520,129,44,71,291,295,129,126,253,268,258,325,325,150,78,106,122,167,77,1
1642877,Micah Peavy,Micah,1610612740,NOP,24.0,61,17,44,0.279,15.0,1.7,4.5,0.385,0.5,1.8,0.259,0.4,0.5,0.759,0.8,1.2,1.9,1.0,0.3,0.7,0.1,0.3,1.6,0.4,4.3,-1.7,10.3,0,0,9.4,210,334,43,464,393,416,374,503,406,380,452,480,493,324,284,458,433,394,511,260,418,344,319,493,435,389,430,284,38,444,1,Micah,24.0,61,17,44,0.279,15.0,110.3,110.4,110.4,114.9,114.5,114.5,-4.6,-4.1,-4.1,0.089,3.05,16.5,0.046,0.073,0.059,5.4,5.4,0.436,0.455,0.135,0.14,102.98,103.08,85.9,103.08,0.044,1950,106,275,1.7,4.5,0.385,210,334,533,464,393,339,336,336,396,364,364,363,355,355,422,57,319,227,519,429,45,45,521,534,463,461,212,194,194,546,331,303,416,374,503,1
1630695,Micah Potter,Micah,1610612754,IND,28.0,47,11,36,0.234,19.3,3.2,6.2,0.515,1.5,3.6,0.423,1.8,2.1,0.842,1.2,3.7,5.0,1.5,1.0,0.5,0.3,0.2,1.7,1.8,9.7,-2.6,19.3,7,0,19.3,320,406,102,504,309,255,293,125,153,201,51,153,175,143,144,134,140,314,257,404,262,404,268,189,221,426,250,72,38,230,1,Micah,28.0,47,11,36,0.234,19.3,109.9,108.4,108.4,114.9,114.8,114.8,-4.9,-6.4,-6.4,0.111,1.47,15.1,0.061,0.193,0.125,10.3,10.4,0.637,0.679,0.174,0.179,104.83,105.56,87.96,105.56,0.114,2001,151,293,3.2,6.2,0.515,320,406,472,504,309,356,408,408,397,381,381,377,407,407,327,386,375,158,70,96,315,329,58,39,274,280,91,63,63,121,270,290,255,293,125,1
1629008,Michael Porter Jr.,Michael,1610612751,BKN,27.0,52,14,38,0.269,32.5,8.5,18.4,0.463,3.4,9.3,0.363,3.8,4.4,0.859,1.3,5.7,7.1,3.0,2.3,1.1,0.3,0.7,2.2,3.5,24.2,-3.9,38.8,12,0,40.3,286,374,81,473,44,19,14,266,4,5,207,48,53,114,131,32,49,134,57,106,316,75,136,59,19,492,36,47,38,23,1,Michael,27.0,52,14,38,0.269,32.5,110.2,113.0,113.0,117.8,119.6,119.6,-7.6,-6.6,-6.6,0.165,1.3,12.0,0.04,0.188,0.11,9.3,9.1,0.555,0.595,0.292,0.301,99.96,97.97,81.64,97.97,0.141,3456,444,958,8.5,18.4,0.463,286,374,491,473,44,347,239,239,485,509,509,432,412,412,193,431,476,273,78,143,231,220,230,205,23,22,429,529,529,48,48,48,19,14,266,1
1628969,Mikal Bridges,Mikal,1610612752,NYK,29.0,82,53,29,0.646,32.8,5.8,11.7,0.49,1.9,5.1,0.371,1.0,1.2,0.827,1.0,2.8,3.8,3.7,1.0,1.3,0.8,0.2,2.0,1.5,14.4,3.6,29.7,1,0,27.9,1,19,189,132,41,86,100,181,103,106,183,299,321,182,213,223,221,88,256,52,84,395,222,244,107,67,103,201,38,112,1,Mikal,29.0,82,53,29,0.646,32.8,117.4,118.0,118.0,110.9,112.0,112.0,6.4,6.0,6.0,0.158,3.66,21.9,0.029,0.085,0.057,6.0,6.0,0.571,0.587,0.17,0.175,99.65,98.88,82.4,98.88,0.099,5530,472,963,5.8,11.7,0.49,1,19,379,132,41,72,72,72,207,252,252,86,102,102,211,28,160,371,459,440,57,56,172,234,293,302,442,484,484,211,42,45,86,100,181,1
201144,Mike Conley,Mike,1610612750,MIN,38.0,54,33,21,0.611,18.4,1.3,4.0,0.335,1.0,3.1,0.337,0.8,0.9,0.9,0.3,1.4,1.7,2.9,0.6,0.6,0.3,0.1,1.6,0.9,4.5,0.3,13.1,0,0,12.0,266,175,305,165,324,461,406,538,258,249,295,337,379,53,467,430,457,146,397,290,307,525,327,374,417,230,375,284,38,388,1,Mike,38.0,54,33,21,0.611,18.4,112.4,112.3,112.3,111.4,112.1,112.1,1.0,0.2,0.2,0.205,4.62,36.7,0.017,0.074,0.045,7.9,7.9,0.465,0.517,0.113,0.117,102.85,102.58,85.48,102.58,0.061,2123,72,215,1.3,4.0,0.335,266,175,262,165,324,245,264,264,228,254,254,228,245,245,130,13,14,489,516,535,141,143,499,469,532,528,221,224,224,482,376,341,461,406,538,1
1628970,Miles Bridges,Miles,1610612766,CHA,28.0,77,42,35,0.545,31.0,6.2,13.5,0.46,1.9,5.8,0.333,2.7,3.3,0.822,1.0,4.9,5.8,3.2,1.4,0.6,0.4,0.5,1.7,2.3,17.1,1.9,30.6,8,0,30.1,37,87,112,258,68,71,63,279,97,75,326,84,92,195,209,60,78,128,178,320,183,191,282,130,72,128,94,66,38,88,1,Miles,28.0,77,42,35,0.545,31.0,115.6,118.3,118.3,113.8,114.8,114.8,1.8,3.5,3.5,0.154,2.3,16.3,0.03,0.155,0.092,7.1,7.1,0.531,0.57,0.221,0.225,100.27,98.66,82.22,98.66,0.114,4896,479,1042,6.2,13.5,0.46,37,87,459,258,68,119,68,68,343,376,376,203,154,154,218,154,326,353,150,220,91,91,330,308,116,120,408,494,494,126,40,37,71,63,279,1
1630540,Miles McBride,Miles,1610612752,NYK,25.0,41,25,16,0.61,26.3,4.2,9.9,0.423,2.7,6.6,0.413,0.9,1.1,0.787,0.6,1.9,2.4,2.6,0.8,0.9,0.2,0.3,1.7,1.0,12.0,5.5,21.2,0,0,21.9,356,243,368,168,163,176,144,407,28,46,65,319,331,259,344,358,377,174,337,189,344,351,280,341,161,36,213,284,38,186,1,Miles,25.0,41,25,16,0.61,26.3,119.7,119.9,119.9,109.4,110.4,110.4,10.4,9.5,9.5,0.136,3.21,18.8,0.02,0.068,0.044,5.9,5.9,0.562,0.578,0.174,0.178,99.15,98.57,82.15,98.57,0.085,2224,171,404,4.2,9.9,0.423,356,243,202,168,163,30,40,40,128,175,175,42,56,56,254,47,242,460,535,542,53,52,199,270,278,284,469,498,498,316,249,223,176,144,407,1
1629011,Mitchell Robinson,Mitchell,1610612752,NYK,28.0,60,40,20,0.667,19.6,2.5,3.4,0.723,0.0,0.0,0.0,0.7,1.7,0.408,4.2,4.6,8.8,0.9,0.7,0.9,1.2,0.2,2.1,1.5,5.7,2.6,23.1,6,0,19.5,214,110,322,106,304,332,433,7,517,548,517,371,232,552,5,74,23,435,375,147,29,445,169,237,375,102,178,84,38,224,1,Mitchell,28.0,60,40,20,0.667,19.6,118.2,117.7,117.7,109.5,109.9,109.9,8.7,7.8,7.8,0.058,1.27,15.1,0.201,0.227,0.214,11.9,11.9,0.723,0.676,0.102,0.105,98.25,98.23,81.86,98.23,0.124,2390,149,206,2.5,3.4,0.723,214,110,251,106,304,53,84,84,134,155,155,59,72,72,537,436,374,2,29,5,451,449,13,42,557,559,514,517,517,83,275,347,332,433,7,1
1630541,Moses Moody,Moses,1610612744,GSW,23.0,60,30,30,0.5,25.7,4.1,9.3,0.44,2.5,6.3,0.401,1.5,1.9,0.77,0.9,2.5,3.3,1.6,1.0,1.0,0.6,0.4,2.0,1.4,12.1,1.3,22.2,0,0,22.7,214,196,172,303,180,187,162,348,46,56,93,204,211,305,244,267,264,287,281,138,132,237,194,252,157,165,195,284,38,175,1,Moses,23.0,60,30,30,0.5,25.7,110.8,111.1,111.1,109.0,108.9,108.9,1.8,2.2,2.2,0.093,1.72,13.0,0.031,0.092,0.061,7.5,7.5,0.575,0.6,0.174,0.181,102.69,102.6,85.5,102.6,0.083,3295,245,557,4.1,9.3,0.44,214,196,395,303,180,314,311,311,121,124,124,202,196,196,402,293,438,349,420,416,115,113,156,187,276,271,233,222,222,326,166,152,187,162,348,1
1631243,Mouhamed Gueye,Mouhamed,1610612737,ATL,23.0,77,44,33,0.571,15.3,1.7,3.8,0.452,0.5,1.7,0.308,0.5,0.8,0.645,1.2,2.4,3.6,0.9,0.4,0.8,0.5,0.1,1.6,0.7,4.4,0.6,13.5,3,0,12.0,37,67,135,210,385,419,417,306,387,390,388,430,408,479,158,275,238,428,478,216,154,474,299,410,423,211,368,128,38,387,1,Mouhamed,23.0,77,44,33,0.571,15.3,113.3,112.5,112.5,110.8,110.1,110.1,2.5,2.3,2.3,0.076,2.09,16.5,0.071,0.151,0.111,7.9,7.9,0.521,0.539,0.12,0.126,101.9,102.61,85.51,102.61,0.075,2513,131,290,1.7,3.8,0.452,37,67,435,210,385,201,258,258,201,165,165,181,189,189,478,180,321,125,160,142,135,137,370,409,508,506,298,219,219,389,298,294,419,417,306,1
1630619,Moussa Cisse,Moussa,1610612742,DAL,23.0,38,11,27,0.289,13.9,1.7,3.0,0.574,0.0,0.0,0.0,1.0,2.1,0.469,2.3,3.3,5.7,0.2,0.8,0.5,1.2,0.3,1.9,1.8,4.5,-0.1,15.9,2,0,13.8,370,406,220,452,409,417,457,70,517,548,517,286,177,549,45,161,89,563,345,373,28,287,230,190,422,259,324,159,38,354,1,Moussa,23.0,38,11,27,0.289,13.9,110.7,111.2,111.2,110.0,110.7,110.7,0.7,0.5,0.5,0.023,0.3,4.7,0.15,0.215,0.182,15.8,15.8,0.574,0.564,0.136,0.139,104.57,104.05,86.71,104.05,0.087,1144,66,115,1.7,3.0,0.574,370,406,352,452,409,318,308,308,160,188,188,233,237,237,572,557,571,9,41,21,543,545,160,331,461,466,105,124,124,295,386,408,417,457,70,1
1631217,Moussa Diabaté,Moussa,1610612766,CHA,24.0,73,40,33,0.548,26.0,3.1,5.0,0.631,0.0,0.0,0.5,1.6,2.4,0.659,3.7,5.0,8.7,1.9,1.0,0.8,1.0,0.5,2.4,2.7,7.9,4.7,25.5,20,0,22.0,78,110,135,253,169,264,355,36,514,541,13,188,153,465,9,57,24,247,257,223,47,163,94,96,289,47,145,21,38,185,1,Moussa,24.0,73,40,33,0.548,26.0,119.0,122.0,122.0,111.5,111.5,111.5,7.5,10.5,10.5,0.099,1.93,21.6,0.139,0.191,0.164,11.2,11.2,0.632,0.653,0.112,0.115,99.02,97.8,81.5,97.8,0.108,3843,229,363,3.1,5.0,0.631,78,110,435,253,169,39,24,24,238,228,228,73,50,50,376,235,171,21,73,38,407,404,64,66,534,535,479,537,537,159,186,247,264,355,36,1
1626167,Myles Turner,Myles,1610612749,MIL,30.0,71,30,41,0.423,26.9,4.0,9.1,0.44,2.1,5.4,0.383,1.8,2.5,0.74,1.1,4.3,5.3,1.5,1.2,0.7,1.6,0.5,2.6,2.2,11.9,-3.2,26.3,4,0,25.4,98,196,61,373,152,190,166,351,74,90,147,150,140,360,181,91,113,320,227,261,11,209,62,137,164,462,137,114,38,133,1,Myles,30.0,71,30,41,0.423,26.9,108.9,109.6,109.6,114.4,115.8,115.8,-5.5,-6.2,-6.2,0.079,1.24,11.3,0.039,0.152,0.096,9.1,9.1,0.553,0.584,0.181,0.185,101.37,100.47,83.72,100.47,0.086,4011,284,646,4.0,9.1,0.44,98,196,515,373,152,392,370,370,382,417,417,387,401,401,461,444,498,281,158,196,219,221,236,248,234,251,338,397,397,302,135,120,190,166,351,1
1641772,Nae'Qwan Tomlin,Nae'Qwan,1610612739,CLE,25.0,64,42,22,0.656,15.7,2.3,4.9,0.478,0.4,1.8,0.235,0.7,1.0,0.77,1.3,1.6,2.9,0.8,0.5,0.6,0.5,0.4,2.0,0.7,5.8,0.9,13.6,0,0,12.3,180,87,295,125,380,347,357,218,413,378,475,363,376,304,125,409,315,444,471,294,143,251,221,421,362,184,366,284,38,382,1,Nae'Qwan,25.0,64,42,22,0.656,15.7,114.5,114.3,114.3,109.8,110.7,110.7,4.7,3.6,3.6,0.071,1.83,12.5,0.081,0.094,0.088,6.8,6.9,0.521,0.549,0.151,0.155,102.14,101.75,84.79,101.75,0.069,2120,150,314,2.3,4.9,0.478,180,87,279,125,380,154,172,172,147,193,193,125,150,150,494,262,449,96,407,241,80,80,369,377,389,394,281,292,292,439,273,275,347,357,218,1
1630230,Naji Marshall,Naji,1610612742,DAL,28.0,74,25,49,0.338,29.5,5.7,11.1,0.51,0.8,2.9,0.291,3.1,4.1,0.76,0.9,3.8,4.7,3.3,1.6,1.1,0.1,0.6,1.9,2.6,15.2,-2.9,27.7,2,0,26.4,70,243,19,418,101,92,116,137,305,273,426,68,61,322,232,127,156,123,134,91,487,115,227,112,96,452,121,159,38,123,1,Naji,28.0,74,25,49,0.338,29.5,109.6,109.7,109.7,113.9,114.3,114.3,-4.3,-4.6,-4.6,0.162,2.03,18.4,0.028,0.12,0.075,9.1,9.1,0.548,0.592,0.2,0.206,104.56,104.35,86.96,104.35,0.106,4748,419,821,5.7,11.1,0.51,70,243,559,418,101,374,368,368,353,356,356,356,374,374,200,200,260,381,279,307,210,210,261,216,169,167,107,111,111,167,55,66,92,116,137,1
1629675,Naz Reid,Naz,1610612750,MIN,26.0,77,46,31,0.597,26.1,5.2,11.3,0.456,2.1,5.8,0.362,1.2,1.6,0.732,1.2,5.0,6.2,2.2,1.6,1.0,1.0,0.5,2.5,1.5,13.6,2.2,28.7,6,0,28.1,37,52,160,183,168,123,111,289,72,71,217,254,248,373,156,53,73,214,131,133,41,165,76,225,128,116,112,84,38,110,1,Naz,26.0,77,46,31,0.597,26.1,112.7,113.0,113.0,108.7,109.9,109.9,4.0,3.2,3.2,0.124,1.35,13.9,0.042,0.187,0.113,10.3,10.3,0.549,0.565,0.212,0.22,103.47,102.77,85.65,102.77,0.112,4313,397,871,5.2,11.3,0.456,37,52,412,183,168,226,236,236,118,148,148,148,167,167,280,417,412,250,81,128,326,324,257,329,136,131,170,210,210,135,66,57,123,111,289,1
1629674,Neemias Queta,Neemias,1610612738,BOS,26.0,76,52,24,0.684,25.3,4.3,6.6,0.653,0.0,0.1,0.125,1.6,2.3,0.703,3.0,5.3,8.4,1.7,1.0,0.8,1.3,0.5,2.8,2.5,10.2,6.3,28.1,17,0,24.5,54,24,258,92,183,168,274,24,516,531,509,186,161,421,20,42,31,282,272,217,22,199,37,120,206,26,117,30,38,147,1,Neemias,26.0,76,52,24,0.684,25.3,117.5,118.8,118.8,105.5,105.6,105.6,12.0,13.2,13.2,0.091,1.68,16.2,0.118,0.194,0.157,9.6,9.7,0.654,0.674,0.145,0.149,96.71,96.15,80.13,96.15,0.13,3846,326,499,4.3,6.6,0.653,54,24,309,92,183,71,62,62,53,60,60,31,28,28,415,305,330,39,65,45,269,271,40,44,406,417,557,575,575,68,107,183,168,274,24,1
1629651,Nic Claxton,Nic,1610612751,BKN,27.0,69,17,52,0.246,27.8,4.8,8.4,0.571,0.0,0.3,0.158,2.0,3.3,0.616,2.4,4.5,6.9,3.7,1.4,0.7,1.1,0.7,2.3,3.5,11.7,-7.5,29.5,11,2,25.9,118,334,16,493,131,135,190,76,501,515,503,129,88,496,39,79,54,95,176,286,34,107,124,60,169,562,104,53,16,126,1,Nic,27.0,69,17,52,0.246,27.8,105.5,107.4,107.4,118.3,120.3,120.3,-12.7,-12.9,-12.9,0.216,2.64,24.6,0.084,0.167,0.124,9.3,9.3,0.574,0.592,0.175,0.178,100.08,98.37,81.97,98.37,0.117,3932,333,583,4.8,8.4,0.571,118,334,566,493,131,491,436,436,494,516,516,522,519,519,114,108,123,90,120,97,239,235,161,214,271,287,417,508,508,110,100,144,135,190,76,1
1630208,Nick Richards,Nick,1610612741,CHI,28.0,48,20,28,0.417,14.6,2.1,4.2,0.512,0.1,0.4,0.278,1.4,2.1,0.644,1.6,3.5,5.1,0.3,1.2,0.2,0.7,0.7,1.8,1.7,5.8,-2.8,13.7,4,0,13.0,310,302,205,374,402,369,394,134,488,508,438,216,181,481,94,150,132,541,218,517,110,76,252,201,371,445,364,114,38,370,2,Nick,28.0,48,20,28,0.417,14.6,107.3,108.9,108.9,116.9,117.2,117.2,-9.6,-8.4,-8.4,0.033,0.27,5.0,0.103,0.221,0.163,18.4,18.4,0.525,0.562,0.176,0.179,103.17,102.27,85.23,102.27,0.079,1488,103,201,2.1,4.2,0.512,310,302,364,374,402,451,397,397,466,460,460,474,445,445,569,558,570,61,37,41,559,560,357,339,268,279,195,252,252,357,335,350,369,394,134,2
1641733,Nick Smith Jr.,Nick,1610612747,LAL,22.0,30,15,15,0.5,12.5,2.3,5.4,0.435,1.1,2.9,0.395,0.4,0.5,0.733,0.1,0.7,0.8,1.0,0.7,0.3,0.1,0.2,0.9,0.6,6.2,-0.1,9.0,0,0,9.8,410,365,382,303,433,349,332,368,237,275,105,477,481,370,558,534,549,389,372,478,499,445,474,454,353,261,466,284,38,431,1,Nick,22.0,30,15,15,0.5,12.5,112.4,110.6,110.6,112.7,111.7,111.7,-0.4,-1.1,-1.1,0.127,1.48,14.2,0.009,0.054,0.032,9.6,9.6,0.54,0.552,0.212,0.222,100.06,101.35,84.45,101.35,0.067,794,70,161,2.3,5.4,0.435,410,365,187,303,433,250,332,332,294,237,237,262,281,281,276,384,403,553,556,569,266,262,288,367,138,128,420,330,330,452,379,377,349,332,368,1
1629638,Nickeil Alexander-Walker,Nickeil,1610612737,ATL,27.0,78,43,35,0.551,33.4,7.0,15.3,0.459,3.2,8.1,0.399,3.6,3.9,0.902,0.7,2.8,3.4,3.7,2.1,1.3,0.5,0.8,2.2,3.7,20.8,3.1,33.9,2,0,34.8,28,75,112,245,29,49,42,283,9,15,98,52,68,50,320,229,253,95,73,51,137,58,139,47,36,82,59,159,38,46,1,Nickeil,27.0,78,43,35,0.551,33.4,115.4,116.1,116.1,111.2,112.0,112.0,4.2,4.0,4.0,0.155,1.77,16.2,0.019,0.079,0.049,9.2,9.1,0.564,0.61,0.23,0.238,105.04,104.38,86.99,104.38,0.105,5668,548,1195,7.0,15.3,0.459,28,75,459,245,29,127,120,120,219,251,251,143,139,139,216,279,331,470,492,506,223,218,192,148,92,89,81,108,108,175,22,17,49,42,283,1
201587,Nicolas Batum,Nicolas,1610612746,LAC,37.0,74,39,35,0.527,17.5,1.3,3.2,0.403,1.2,3.1,0.404,0.1,0.1,0.818,0.3,2.2,2.5,0.9,0.5,0.6,0.3,0.0,1.4,0.1,4.0,-0.2,10.6,0,0,10.4,70,118,112,283,336,465,447,468,208,246,88,547,551,202,483,311,368,437,444,297,268,539,380,564,450,276,426,284,38,417,1,Nicolas,37.0,74,39,35,0.527,17.5,113.7,113.2,113.2,113.2,113.8,113.8,0.6,-0.5,-0.5,0.069,1.73,18.7,0.018,0.119,0.071,10.8,10.8,0.597,0.603,0.092,0.096,98.98,98.96,82.47,98.96,0.058,2669,96,238,1.3,3.2,0.403,70,118,459,283,336,182,223,223,319,332,332,239,270,270,505,288,246,478,284,344,368,370,115,180,570,571,481,479,479,495,346,324,465,447,468,1
203999,Nikola Jokić,Nikola,1610612743,DEN,31.0,65,43,22,0.662,34.8,9.9,17.4,0.569,1.7,4.5,0.38,6.1,7.4,0.831,3.0,9.9,12.9,10.7,3.7,1.4,0.8,0.8,2.7,6.7,27.7,8.5,62.1,55,34,57.4,166,75,295,119,13,6,19,78,125,137,156,12,12,168,24,1,1,1,3,37,73,58,52,4,8,8,1,2,1,2,1,Nikola,31.0,65,43,22,0.662,34.8,125.0,126.1,126.1,114.7,115.3,115.3,10.3,10.8,10.8,0.458,2.87,30.6,0.089,0.27,0.185,10.7,10.6,0.618,0.67,0.289,0.296,103.31,102.59,85.49,102.59,0.213,4854,644,1132,9.9,17.4,0.569,166,75,279,119,13,9,8,8,392,402,402,44,48,48,3,78,43,82,9,18,353,354,76,47,26,26,179,223,223,3,9,24,6,19,78,1
1631107,Nikola Jović,Nikola,1610612748,MIA,22.0,47,24,23,0.511,17.2,2.4,6.7,0.366,1.0,3.6,0.269,1.5,2.1,0.683,0.5,2.7,3.3,2.2,1.4,0.6,0.4,0.3,1.4,1.8,7.3,-0.1,15.8,0,0,15.5,320,252,275,295,343,335,263,524,283,203,448,203,175,446,368,237,276,217,179,350,235,325,373,186,312,264,327,284,38,316,1,Nikola,22.0,47,24,23,0.511,17.2,109.2,109.3,109.3,108.4,110.1,110.1,0.8,-0.8,-0.8,0.173,1.57,19.5,0.028,0.137,0.084,12.4,12.4,0.438,0.48,0.203,0.212,108.53,107.64,89.7,107.64,0.073,1816,115,314,2.4,6.7,0.366,320,252,289,295,343,386,384,384,111,163,163,232,274,274,177,344,224,385,209,264,471,471,518,512,157,154,15,23,23,403,320,275,335,263,524,1
202696,Nikola Vučević,Nikola,1610612738,BOS,35.0,64,35,29,0.547,28.4,6.2,12.5,0.493,1.6,4.2,0.369,1.2,1.5,0.828,2.0,6.4,8.4,3.3,1.3,0.6,0.6,0.5,2.0,1.8,15.1,-0.7,32.6,23,0,30.9,180,162,189,255,121,74,84,174,143,158,191,248,273,178,70,21,29,114,191,312,116,203,212,185,99,305,75,19,38,80,2,Nikola,35.0,64,35,29,0.547,28.4,113.0,113.1,113.1,114.0,114.8,114.8,-1.0,-1.7,-1.7,0.175,2.51,18.7,0.067,0.211,0.141,7.4,7.5,0.556,0.574,0.213,0.218,102.38,101.99,84.99,101.99,0.127,3874,394,799,6.2,12.5,0.493,180,162,379,255,121,211,230,230,361,378,378,284,293,293,174,123,245,143,46,68,110,111,225,284,135,138,261,276,276,79,68,75,74,84,174,2
1642363,Nique Clifford,Nique,1610612758,SAC,24.0,75,21,54,0.28,25.1,3.3,7.9,0.418,1.0,3.1,0.333,0.9,1.3,0.722,0.9,2.9,3.8,2.4,1.5,0.9,0.3,0.5,2.1,1.0,8.6,-2.9,18.8,0,0,18.2,60,292,11,461,187,241,209,430,262,247,302,312,298,390,239,218,223,197,142,159,261,164,183,353,256,449,257,284,38,260,1,Nique,24.0,75,21,54,0.28,25.1,110.6,111.3,111.3,115.1,115.8,115.8,-4.4,-4.5,-4.5,0.13,1.54,19.1,0.034,0.115,0.074,12.4,12.4,0.482,0.505,0.167,0.17,101.43,100.77,83.98,100.77,0.062,3933,249,596,3.3,7.9,0.418,60,292,572,461,187,324,304,304,404,418,418,360,371,371,268,356,234,317,306,322,469,475,470,490,310,323,336,376,376,475,162,139,241,209,430,1
1641730,Noah Clowney,Noah,1610612751,BKN,21.0,66,17,49,0.258,27.0,3.8,9.6,0.396,2.0,5.9,0.329,2.7,3.4,0.804,0.8,3.3,4.1,1.6,1.5,0.8,0.7,0.6,2.5,2.8,12.3,-5.0,22.4,1,0,22.9,157,334,19,482,149,200,151,485,93,67,336,83,84,222,273,159,187,285,143,229,104,134,70,89,151,523,187,201,38,171,1,Noah,21.0,66,17,49,0.258,27.0,108.0,109.7,109.7,117.1,118.3,118.3,-9.1,-8.7,-8.7,0.095,1.06,11.5,0.029,0.128,0.077,10.8,10.9,0.498,0.554,0.202,0.204,99.77,98.49,82.08,98.49,0.072,3647,250,631,3.8,9.6,0.396,157,334,559,482,149,427,369,369,472,485,485,464,453,453,395,489,489,378,245,296,375,380,437,361,161,174,436,502,502,415,161,123,200,151,485,1
1642869,Noah Penda,Noah,1610612753,ORL,21.0,59,30,29,0.508,12.8,1.4,3.4,0.404,0.5,1.6,0.323,0.6,0.8,0.688,1.1,2.0,3.2,1.2,0.7,0.5,0.3,0.2,1.2,0.7,3.8,-0.9,11.2,2,0,10.3,225,196,189,299,427,458,432,466,390,397,353,421,407,439,161,329,285,368,367,372,273,411,426,431,456,329,414,159,38,418,1,Noah,21.0,59,30,29,0.508,12.8,110.1,110.4,110.4,115.4,113.4,113.4,-5.3,-3.0,-3.0,0.124,1.67,20.8,0.081,0.159,0.118,12.5,12.5,0.478,0.506,0.14,0.145,100.68,101.42,84.51,101.42,0.076,1597,82,203,1.4,3.4,0.404,225,196,379,299,427,349,339,339,415,307,307,381,325,325,281,309,187,98,136,116,475,478,478,489,438,436,384,323,323,380,363,348,458,432,466,1
1642849,Nolan Traore,Nolan,1610612751,BKN,19.0,56,14,42,0.25,22.2,3.3,8.6,0.38,1.1,3.4,0.318,1.3,1.7,0.787,0.3,1.5,1.8,3.8,2.3,0.8,0.4,0.6,2.1,1.3,8.9,-5.0,18.1,1,0,18.0,247,374,57,485,238,250,186,509,244,215,368,223,236,259,504,414,447,85,60,208,198,109,163,261,246,524,273,201,38,263,1,Nolan,19.0,56,14,42,0.25,22.2,107.6,108.2,108.2,118.0,118.8,118.8,-10.4,-10.5,-10.5,0.265,1.65,24.7,0.011,0.073,0.04,14.9,15.0,0.444,0.479,0.224,0.229,98.97,98.4,82.0,98.4,0.056,2544,182,479,3.3,8.6,0.38,247,374,523,485,238,438,417,417,489,493,493,492,487,487,65,316,120,544,520,551,532,533,512,514,109,112,483,505,505,507,236,190,250,186,509,1
1626181,Norman Powell,Norman,1610612748,MIA,32.0,58,29,29,0.5,29.6,7.3,15.4,0.47,2.7,7.1,0.38,4.5,5.5,0.827,0.4,3.1,3.5,2.5,1.9,1.1,0.2,0.9,2.2,3.9,21.7,0.7,31.7,1,0,33.1,230,203,189,303,99,39,41,245,33,30,155,35,36,180,446,186,248,190,86,94,326,43,147,45,28,203,81,201,38,61,1,Norman,32.0,58,29,29,0.5,29.6,113.1,114.7,114.7,113.0,114.1,114.1,0.1,0.6,0.6,0.123,1.29,11.3,0.012,0.097,0.054,8.7,8.6,0.558,0.609,0.262,0.27,106.94,105.69,88.08,105.69,0.113,3788,421,895,7.3,15.4,0.47,230,203,379,303,99,210,157,157,310,350,350,247,236,236,284,432,501,540,380,470,186,181,219,156,46,46,33,60,60,129,54,53,39,41,245,1
1628384,OG Anunoby,OG,1610612752,NYK,28.0,67,45,22,0.672,33.2,5.8,12.0,0.484,2.3,6.1,0.386,2.7,3.3,0.828,1.3,4.0,5.2,2.2,1.8,1.6,0.7,0.8,2.4,2.3,16.7,6.1,31.2,5,0,31.0,147,60,295,105,34,84,96,200,59,63,136,82,90,177,135,113,120,218,96,21,96,52,88,129,78,28,85,96,38,79,1,OG,28.0,67,45,22,0.672,33.2,119.4,119.4,119.4,110.3,110.2,110.2,9.1,9.2,9.2,0.09,1.18,12.4,0.039,0.116,0.078,10.5,10.5,0.581,0.62,0.194,0.198,99.77,99.84,83.2,99.84,0.099,4618,389,804,5.8,12.0,0.484,147,60,279,105,34,34,47,47,172,168,168,57,58,58,416,463,461,284,300,286,338,338,143,122,191,197,435,433,433,209,74,73,84,96,200,1
1630167,Obi Toppin,Obi,1610612754,IND,28.0,24,4,20,0.167,17.7,4.2,8.3,0.503,1.5,4.4,0.352,1.8,1.9,0.913,0.5,3.9,4.4,2.3,1.2,0.5,0.0,0.3,1.2,1.7,11.6,-1.4,20.8,0,0,21.0,433,487,322,544,333,177,196,153,148,150,245,164,204,45,360,121,168,205,228,373,516,296,430,208,176,360,219,284,38,203,1,Obi,28.0,24,4,20,0.167,17.7,113.3,113.9,113.9,117.7,117.5,117.5,-4.4,-3.6,-3.6,0.193,1.96,18.3,0.03,0.206,0.12,9.3,9.3,0.595,0.636,0.241,0.249,104.31,104.11,86.75,104.11,0.143,919,100,199,4.2,8.3,0.503,433,487,251,544,333,204,185,185,483,470,470,358,342,342,150,225,262,357,49,107,240,230,117,86,78,75,125,122,122,38,339,351,177,196,153,1
1630534,Ochai Agbaji,Ochai,1610612751,BKN,26.0,62,28,34,0.452,15.7,2.0,4.5,0.436,0.5,2.1,0.266,0.6,0.7,0.837,0.7,1.5,2.3,0.8,0.5,0.4,0.3,0.3,1.5,0.6,5.1,-1.0,10.4,0,0,10.0,201,216,125,357,378,388,373,364,381,337,449,415,434,155,295,410,398,463,444,442,298,293,340,455,406,334,429,284,38,428,2,Ochai,26.0,62,28,34,0.452,15.7,107.2,106.4,106.4,109.5,109.0,109.0,-2.2,-2.7,-2.7,0.07,1.52,12.4,0.046,0.096,0.071,8.2,8.2,0.496,0.525,0.142,0.147,99.71,100.34,83.62,100.34,0.057,2031,122,280,2.0,4.5,0.436,201,216,449,357,378,452,468,468,133,129,129,310,317,317,500,370,458,225,392,343,155,158,442,446,424,428,440,409,409,499,310,297,388,373,364,2
1641765,Olivier-Maxence Prosper,Olivier-Maxence,1610612763,MEM,23.0,53,16,37,0.302,18.6,3.6,6.6,0.549,1.1,2.8,0.405,1.6,2.2,0.754,1.1,2.4,3.5,1.0,0.9,0.8,0.2,0.3,1.6,1.6,10.0,-3.9,17.8,1,0,17.6,276,348,93,445,319,216,269,87,239,280,85,185,174,332,167,276,240,414,303,231,322,356,321,216,214,493,281,201,38,268,1,Olivier-Maxence,23.0,53,16,37,0.302,18.6,111.2,110.7,110.7,119.7,120.4,120.4,-8.5,-9.7,-9.7,0.077,1.09,10.3,0.057,0.127,0.091,9.5,9.4,0.634,0.662,0.183,0.19,104.79,104.7,87.25,104.7,0.103,2145,192,350,3.6,6.6,0.549,276,348,482,445,319,303,324,324,511,522,522,455,471,471,471,482,527,174,248,223,254,250,63,58,229,224,93,94,94,189,221,256,216,269,87,1
1630168,Onyeka Okongwu,Onyeka,1610612737,ATL,25.0,74,41,33,0.554,31.0,5.6,11.6,0.48,1.9,5.2,0.376,2.1,2.7,0.757,1.9,5.7,7.6,3.1,1.7,1.1,1.1,0.7,3.3,2.3,15.2,1.5,33.8,16,0,32.2,70,97,135,243,67,98,103,210,95,103,165,126,123,327,73,33,39,131,118,91,39,92,16,132,97,155,62,33,38,69,1,Onyeka,25.0,74,41,33,0.554,31.0,112.7,113.4,113.4,111.0,111.3,111.3,1.7,2.1,2.1,0.14,1.82,17.7,0.058,0.178,0.117,9.7,9.7,0.564,0.592,0.189,0.195,104.88,104.39,86.99,104.39,0.104,4998,413,860,5.6,11.6,0.48,70,97,435,243,67,225,215,215,209,224,224,205,201,201,246,264,275,170,98,120,272,272,191,217,204,211,90,107,107,184,59,60,98,103,210,1
1631131,Oscar Tshiebwe,Oscar,1610612762,UTA,26.0,27,3,24,0.111,16.6,3.4,5.4,0.634,0.0,0.0,0.0,1.0,1.8,0.551,2.9,3.8,6.6,1.2,0.8,0.6,0.2,0.6,1.4,1.3,7.8,-2.9,19.1,3,0,17.2,420,503,258,560,356,232,331,34,517,548,517,286,217,523,25,131,66,369,352,323,378,117,357,273,292,450,252,128,38,275,1,Oscar,26.0,27,3,24,0.111,16.6,110.7,110.9,110.9,120.6,118.9,118.9,-9.9,-8.0,-8.0,0.101,1.52,14.7,0.151,0.224,0.185,9.6,9.6,0.634,0.633,0.162,0.167,104.1,104.74,87.28,104.74,0.125,978,92,145,3.4,5.4,0.634,420,503,309,560,356,320,317,317,526,495,495,479,437,437,370,364,387,8,33,16,268,263,62,93,335,338,135,92,92,81,352,388,232,331,34,1
1642345,Oso Ighodaro,Oso,1610612756,PHX,23.0,82,45,37,0.549,22.1,2.9,4.5,0.653,0.0,0.0,0.0,0.6,1.4,0.453,1.7,3.4,5.1,2.3,1.2,0.9,0.7,0.3,2.7,1.3,6.5,2.0,19.5,4,0,17.0,1,60,93,251,245,296,379,25,517,547,517,395,278,551,84,156,131,208,216,171,101,289,53,260,342,125,243,114,38,280,1,Oso,23.0,82,45,37,0.549,22.1,114.3,114.8,114.8,109.8,109.7,109.7,4.6,5.1,5.1,0.139,1.83,26.4,0.071,0.158,0.113,14.4,14.4,0.653,0.636,0.12,0.124,98.58,98.44,82.03,98.44,0.09,3696,239,366,2.9,4.5,0.653,1,60,482,251,245,157,153,153,146,141,141,132,117,117,248,261,88,124,141,132,527,526,43,88,509,510,501,504,504,278,174,244,296,379,25,1
1631172,Ousmane Dieng,Ousmane,1610612749,MIL,23.0,57,33,24,0.579,19.3,2.9,7.0,0.422,1.1,3.2,0.341,0.6,0.8,0.711,0.5,2.6,3.2,2.4,1.3,0.4,0.3,0.3,1.4,0.8,7.6,-3.7,15.8,5,0,15.7,235,175,258,201,310,292,248,411,241,229,286,419,417,408,378,243,286,198,193,416,282,324,375,393,298,478,328,96,38,311,2,Ousmane,23.0,57,33,24,0.579,19.3,108.7,108.7,108.7,117.9,117.3,117.3,-9.2,-8.6,-8.6,0.185,1.81,21.6,0.026,0.136,0.081,11.9,11.9,0.501,0.516,0.192,0.197,99.64,99.84,83.2,99.84,0.075,2281,168,398,2.9,7.0,0.422,235,175,309,201,310,404,401,401,487,463,463,465,450,450,159,265,168,407,210,277,452,452,425,474,197,205,444,431,431,387,252,229,292,248,411,2
1629023,P.J. Washington,P.J.,1610612742,DAL,27.0,56,16,40,0.286,31.0,5.3,11.8,0.45,1.4,4.2,0.325,2.2,3.3,0.687,1.5,5.5,7.0,1.8,1.7,1.0,1.1,0.8,2.1,2.4,14.2,-4.9,29.7,8,0,28.4,247,348,69,454,69,113,99,317,186,163,346,113,94,440,103,36,50,271,125,134,37,60,163,125,113,521,102,66,38,105,1,P.J.,27.0,56,16,40,0.286,31.0,106.7,107.0,107.0,113.3,114.4,114.4,-6.6,-7.3,-7.3,0.082,1.04,10.6,0.045,0.162,0.105,10.1,10.1,0.508,0.537,0.194,0.2,104.5,103.86,86.55,103.86,0.093,3755,296,658,5.3,11.8,0.45,247,348,508,454,69,469,456,456,323,359,359,415,426,426,449,491,522,233,131,159,307,303,411,415,189,190,110,137,137,253,126,111,113,99,317,1
1631094,Paolo Banchero,Paolo,1610612753,ORL,23.0,72,38,34,0.528,34.7,7.3,16.0,0.459,1.2,3.8,0.305,6.3,8.2,0.775,1.2,7.2,8.4,5.2,3.1,0.7,0.6,1.2,2.0,5.5,22.2,0.0,40.8,26,3,39.5,84,128,125,281,15,36,34,280,224,184,396,9,6,296,153,12,30,48,18,258,134,8,203,13,26,255,26,15,8,26,1,Paolo,23.0,72,38,34,0.528,34.7,112.0,114.0,114.0,112.1,114.1,114.1,-0.1,-0.2,-0.2,0.235,1.68,18.6,0.034,0.204,0.119,11.0,11.1,0.496,0.566,0.274,0.278,102.75,100.96,84.14,100.96,0.138,5265,529,1152,7.3,16.0,0.459,84,128,449,281,15,266,183,183,266,354,354,250,263,263,93,304,249,319,52,112,391,395,444,325,33,36,228,357,357,52,25,22,36,34,280,1
1627783,Pascal Siakam,Pascal,1610612754,IND,32.0,62,17,45,0.274,33.2,9.0,18.6,0.484,1.7,4.7,0.358,4.2,6.1,0.693,1.4,5.2,6.6,3.8,2.2,1.1,0.4,0.8,2.4,5.1,24.0,-3.7,39.9,10,0,39.1,201,334,36,467,36,13,11,199,129,123,228,37,24,436,112,48,67,84,67,89,204,56,101,16,20,480,29,56,38,29,1,Pascal,32.0,62,17,45,0.274,33.2,111.6,111.5,111.5,116.3,117.2,117.2,-4.6,-5.6,-5.6,0.19,1.71,13.9,0.041,0.151,0.095,8.2,8.1,0.529,0.562,0.292,0.301,103.31,102.95,85.79,102.95,0.13,4419,559,1155,9.0,18.6,0.484,201,334,541,467,36,286,298,298,451,457,457,364,390,390,153,295,411,265,159,205,151,151,338,342,24,23,180,202,202,70,18,20,13,11,199,1
1630311,Pat Spencer,Pat,1610612744,GSW,29.0,66,30,36,0.455,18.6,2.8,6.6,0.427,0.9,2.5,0.357,0.7,0.9,0.772,0.8,1.6,2.4,3.5,1.3,0.7,0.1,0.5,1.1,0.7,7.2,-1.4,16.5,1,0,15.6,157,196,102,352,316,298,268,392,293,299,232,380,394,300,279,401,379,105,197,245,492,195,436,423,319,364,307,201,38,314,1,Pat,29.0,66,30,36,0.455,18.6,111.7,112.1,112.1,115.2,115.6,115.6,-3.4,-3.4,-3.4,0.27,2.73,29.8,0.041,0.091,0.065,10.9,10.9,0.495,0.516,0.185,0.19,100.17,99.81,83.18,99.81,0.087,2552,186,436,2.8,6.6,0.427,157,196,472,352,316,278,269,269,406,410,410,340,338,338,60,94,52,264,422,383,381,383,445,472,219,228,412,436,436,301,228,215,298,268,392,1
1630172,Patrick Williams,Patrick,1610612741,CHI,24.0,72,24,48,0.333,20.5,2.5,6.6,0.372,1.3,3.8,0.347,0.8,1.0,0.72,0.7,2.3,3.0,1.5,1.0,0.7,0.4,0.4,1.3,0.9,7.0,-4.8,14.9,0,0,14.9,84,252,25,419,281,333,266,518,193,185,267,356,355,391,319,289,309,318,251,274,236,227,398,358,323,519,343,284,38,332,1,Patrick,24.0,72,24,48,0.333,20.5,103.9,103.8,103.8,114.3,114.8,114.8,-10.5,-11.0,-11.0,0.101,1.4,15.2,0.03,0.106,0.067,10.9,10.9,0.472,0.494,0.159,0.164,105.86,105.67,88.06,105.67,0.057,3250,178,478,2.5,6.6,0.372,84,252,552,419,281,513,503,503,374,377,377,496,497,497,373,400,368,365,346,363,377,379,490,501,353,350,51,61,61,501,242,191,333,266,518,1
202331,Paul George,Paul,1610612755,PHI,36.0,37,22,15,0.595,30.7,6.1,13.9,0.439,2.7,6.9,0.392,2.5,3.0,0.82,0.5,4.8,5.3,3.6,1.7,1.7,0.4,0.5,2.3,2.6,17.3,2.4,33.7,2,0,33.1,377,277,382,188,75,75,58,354,32,33,115,97,103,200,362,69,116,102,115,12,186,206,129,108,69,112,66,159,38,60,1,Paul,36.0,37,22,15,0.595,30.7,114.6,115.0,115.0,110.2,111.4,111.4,4.4,3.6,3.6,0.175,2.08,17.6,0.017,0.147,0.081,8.5,8.4,0.536,0.57,0.229,0.236,101.03,100.33,83.61,100.33,0.117,2374,225,513,6.1,13.9,0.439,377,277,187,188,75,148,145,145,169,226,226,138,151,151,173,184,288,494,173,273,170,169,308,306,94,95,361,411,411,106,193,176,75,58,354,1
1630194,Paul Reed,Paul,1610612765,DET,26.0,65,47,18,0.723,13.9,3.2,5.2,0.617,0.2,0.6,0.325,1.1,1.7,0.664,2.0,2.5,4.5,1.2,0.9,0.9,0.9,0.4,1.8,1.2,7.8,2.1,19.5,3,0,17.3,166,44,348,72,410,254,339,43,466,485,345,266,234,463,63,260,165,359,300,179,54,264,247,284,294,118,240,128,38,273,1,Paul,26.0,65,47,18,0.723,13.9,112.3,112.5,112.5,104.0,104.4,104.4,8.2,8.1,8.1,0.134,1.38,15.2,0.142,0.176,0.159,11.0,11.0,0.636,0.65,0.2,0.206,102.04,101.72,84.76,101.72,0.153,1901,209,339,3.2,5.2,0.617,166,44,225,72,410,253,256,256,37,49,49,63,66,66,256,407,371,18,103,43,388,390,60,69,167,166,288,296,296,24,207,260,254,339,43,1
1630202,Payton Pritchard,Payton,1610612738,BOS,28.0,79,54,25,0.684,32.3,6.4,13.8,0.464,2.7,7.1,0.377,1.5,1.7,0.89,0.9,3.1,3.9,5.2,1.4,0.7,0.1,0.5,1.5,1.6,17.0,5.4,30.7,5,0,30.5,25,13,246,93,46,64,59,265,34,27,163,194,231,71,237,189,207,49,181,242,443,158,343,220,74,38,90,96,38,83,1,Payton,28.0,79,54,25,0.684,32.3,117.6,120.1,120.1,111.2,112.1,112.1,6.4,8.0,8.0,0.234,3.74,24.5,0.026,0.09,0.059,6.5,6.5,0.561,0.584,0.21,0.215,97.23,95.81,79.84,95.81,0.12,5109,506,1091,6.4,13.8,0.464,25,13,326,93,46,67,38,38,214,255,255,87,70,70,94,26,124,402,426,432,73,73,205,247,142,146,548,576,576,99,31,29,64,59,265,1
1641796,Pelle Larsson,Pelle,1610612748,MIA,25.0,70,38,32,0.543,26.4,4.0,8.0,0.496,0.9,2.7,0.323,2.6,3.3,0.797,1.0,2.5,3.5,3.4,1.4,0.7,0.2,0.5,2.1,3.2,11.4,1.1,22.0,1,0,21.0,105,128,149,262,159,193,208,172,299,283,352,88,89,236,202,264,247,111,164,264,338,178,170,71,178,175,202,201,38,201,1,Pelle,25.0,70,38,32,0.543,26.4,115.0,115.7,115.7,112.1,113.3,113.3,2.9,2.4,2.4,0.163,2.34,23.7,0.035,0.088,0.062,10.2,10.1,0.551,0.605,0.165,0.169,106.35,105.49,87.91,105.49,0.084,4057,277,559,4.0,8.0,0.496,105,128,424,262,159,136,129,129,269,305,305,172,188,188,197,144,137,305,435,412,308,307,249,172,322,329,45,66,66,322,141,151,193,208,172,1
1631250,Pete Nance,Pete,1610612749,MIL,26.0,47,14,33,0.298,15.7,2.1,4.1,0.515,1.1,2.5,0.42,0.1,0.2,0.364,0.6,2.1,2.7,1.0,0.6,0.3,0.3,0.1,1.3,0.3,5.4,-1.7,11.4,1,0,11.3,320,374,135,447,379,371,397,123,253,302,57,555,536,558,349,319,344,390,422,482,283,469,389,527,391,385,409,201,38,398,1,Pete,26.0,47,14,33,0.298,15.7,112.5,112.2,112.2,118.2,117.4,117.4,-5.7,-5.2,-5.2,0.092,1.85,17.6,0.038,0.135,0.086,9.5,9.5,0.644,0.639,0.132,0.137,97.36,97.81,81.51,97.81,0.078,1502,100,194,2.1,4.1,0.515,320,374,435,447,379,240,267,267,492,465,465,391,386,386,409,255,286,291,222,247,257,259,52,79,476,477,543,535,535,371,339,357,371,397,123,1
1631212,Peyton Watson,Peyton,1610612743,DEN,23.0,54,36,18,0.667,29.6,5.3,10.8,0.491,1.5,3.6,0.411,2.6,3.5,0.73,0.9,4.0,4.9,2.1,1.7,0.9,1.1,0.6,2.5,2.6,14.6,3.6,28.0,2,0,27.2,266,151,348,106,100,114,127,179,156,195,71,91,79,378,220,111,145,228,117,149,33,131,77,103,106,68,119,159,38,116,1,Peyton,23.0,54,36,18,0.667,29.6,122.7,123.7,123.7,116.5,117.6,117.6,6.2,6.2,6.2,0.096,1.19,12.8,0.033,0.127,0.083,10.7,10.7,0.56,0.594,0.204,0.208,100.32,99.45,82.88,99.45,0.087,3307,285,581,5.3,10.8,0.491,266,151,225,106,100,17,13,13,456,471,471,90,95,95,386,462,445,326,251,267,359,364,208,209,152,159,406,455,455,293,133,145,114,127,179,1
1630173,Precious Achiuwa,Precious,1610612758,SAC,26.0,73,20,53,0.274,23.9,4.3,8.2,0.528,0.4,1.3,0.278,1.1,1.9,0.554,2.4,4.3,6.7,1.4,0.9,0.9,0.7,0.6,1.7,1.5,10.1,-3.7,24.1,12,0,21.7,78,302,12,469,209,164,199,106,425,427,437,281,208,520,40,88,60,333,301,170,102,136,287,239,210,481,164,47,38,189,1,Precious,26.0,73,20,53,0.274,23.9,110.9,110.9,110.9,116.9,118.1,118.1,-6.0,-7.2,-7.2,0.082,1.55,12.2,0.098,0.18,0.139,7.9,7.9,0.551,0.558,0.172,0.177,100.9,100.39,83.66,100.39,0.102,3646,316,598,4.3,8.2,0.528,78,302,568,469,209,310,316,316,468,483,483,398,423,423,451,352,469,72,93,73,132,139,248,352,283,294,371,406,406,192,114,136,164,199,106,1
1629656,Quentin Grimes,Quentin,1610612755,PHI,26.0,75,42,33,0.56,29.4,4.5,10.1,0.45,1.7,5.1,0.334,2.7,3.2,0.84,0.6,3.0,3.6,3.3,1.8,0.9,0.4,0.4,2.1,2.6,13.4,0.1,24.6,2,0,24.5,60,87,135,233,104,149,140,313,130,107,301,86,99,152,338,196,231,124,105,190,228,229,188,100,136,242,158,159,38,148,1,Quentin,26.0,75,42,33,0.56,29.4,111.4,112.4,112.4,110.7,112.4,112.4,0.7,-0.1,-0.1,0.159,1.83,19.8,0.02,0.096,0.058,10.8,10.8,0.534,0.585,0.183,0.189,102.65,101.43,84.53,101.43,0.092,4666,340,755,4.5,10.1,0.45,60,87,435,233,104,294,262,262,197,268,268,235,257,257,207,259,216,462,390,435,371,368,313,241,227,230,237,322,322,263,95,83,149,140,313,1
1631245,Quenton Jackson,Quenton,1610612754,IND,27.0,49,10,39,0.204,18.3,3.1,6.7,0.47,0.9,2.4,0.356,2.0,2.4,0.824,0.6,1.8,2.3,2.9,1.3,0.6,0.1,0.5,1.7,2.6,9.1,-1.3,17.2,1,0,16.7,305,411,76,524,325,263,261,248,301,312,234,134,151,190,350,385,387,148,204,301,448,174,290,116,242,350,295,201,38,285,1,Quenton,27.0,49,10,39,0.204,18.3,109.8,109.1,109.1,113.0,112.9,112.9,-3.2,-3.8,-3.8,0.227,2.26,24.1,0.03,0.092,0.061,10.7,10.6,0.534,0.589,0.2,0.207,105.0,105.34,87.78,105.34,0.096,1975,154,328,3.1,6.7,0.47,305,411,503,524,325,364,392,392,308,286,286,331,350,350,101,161,131,360,418,415,351,355,318,226,164,161,83,69,69,230,267,266,263,261,248,1
1642366,Quinten Post,Quinten,1610612744,GSW,26.0,67,32,35,0.478,17.3,2.9,6.6,0.44,1.4,4.1,0.336,0.5,0.6,0.791,1.0,3.0,4.0,1.4,0.8,0.4,0.5,0.3,1.9,0.7,7.7,0.9,16.5,0,0,16.3,147,182,112,340,341,297,275,350,182,169,298,433,447,249,192,199,198,329,324,440,149,368,241,407,296,187,308,284,38,295,1,Quinten,26.0,67,32,35,0.478,17.3,112.7,112.4,112.4,111.2,110.2,110.2,1.5,2.3,2.3,0.116,1.68,15.4,0.057,0.165,0.111,9.2,9.2,0.546,0.56,0.183,0.188,101.13,101.7,84.75,101.7,0.089,2458,193,439,2.9,6.6,0.44,147,182,459,340,341,227,259,259,216,167,167,212,194,194,308,306,350,173,127,138,225,227,271,348,226,236,353,300,300,281,220,213,297,275,350,1
1629628,RJ Barrett,RJ,1610612761,TOR,25.0,57,34,23,0.596,30.3,7.0,14.3,0.491,1.7,5.0,0.339,3.5,4.9,0.717,1.0,4.3,5.3,3.3,1.7,0.7,0.3,1.2,2.6,3.5,19.3,2.9,32.0,0,0,31.7,235,168,275,184,85,47,54,178,133,115,289,53,45,396,211,90,119,117,114,240,245,7,67,57,52,85,79,284,38,74,1,RJ,25.0,57,34,23,0.596,30.3,118.0,118.4,118.4,112.4,113.5,113.5,5.6,4.9,4.9,0.157,1.91,15.4,0.033,0.141,0.088,8.1,8.1,0.55,0.585,0.254,0.26,101.59,100.88,84.07,100.88,0.112,3623,401,816,7.0,14.3,0.491,235,168,289,184,85,60,65,65,276,315,315,106,122,122,212,242,353,325,189,239,148,149,252,243,57,59,326,366,366,133,64,69,47,54,178,1
1642853,Rasheer Fleming,Rasheer,1610612756,PHX,21.0,55,29,26,0.527,12.2,1.6,3.9,0.405,0.8,2.4,0.346,0.3,0.6,0.559,1.0,1.2,2.3,0.3,0.5,0.4,0.4,0.1,1.2,0.5,4.3,1.8,9.3,0,0,9.3,258,203,232,282,438,430,410,464,308,315,270,486,453,517,188,451,399,555,434,432,222,472,431,479,433,136,458,284,38,448,1,Rasheer,21.0,55,29,26,0.527,12.2,113.1,112.7,112.7,106.0,106.6,106.6,7.1,6.1,6.1,0.033,0.55,5.8,0.08,0.099,0.089,10.5,10.5,0.509,0.517,0.159,0.164,97.02,96.98,80.81,96.98,0.056,1367,87,215,1.6,3.9,0.405,258,203,338,282,438,209,250,250,59,77,77,81,100,100,568,549,568,102,375,231,339,342,407,468,356,349,551,560,560,505,357,341,430,410,464,1
1641712,Rayan Rupert,Rayan,1610612763,MEM,21.0,64,29,35,0.453,16.8,1.9,4.9,0.393,0.7,2.1,0.324,0.7,0.8,0.778,0.8,2.2,2.9,1.1,0.9,0.9,0.1,0.4,1.9,0.6,5.2,-5.0,12.4,3,1,11.9,180,203,112,355,353,394,359,493,345,333,350,387,399,284,286,309,313,383,314,186,429,225,224,441,401,522,386,128,23,391,2,Rayan,21.0,64,29,35,0.453,16.8,102.3,103.5,103.5,116.7,117.0,117.0,-14.4,-13.6,-13.6,0.093,1.24,14.8,0.04,0.129,0.082,12.0,12.0,0.463,0.493,0.148,0.151,103.74,103.02,85.85,103.02,0.055,2299,123,313,1.9,4.9,0.393,180,203,459,355,353,533,507,507,462,454,454,537,528,528,403,446,384,274,239,270,453,455,501,502,401,408,153,198,198,510,308,277,394,359,493,2
1642263,Reed Sheppard,Reed,1610612745,HOU,21.0,82,52,30,0.634,26.2,5.0,11.5,0.43,2.8,7.0,0.394,0.8,1.0,0.802,0.3,2.6,2.9,3.4,1.5,1.5,0.7,0.4,2.0,0.8,13.5,3.4,27.0,2,0,26.9,1,24,172,145,165,128,104,382,25,31,111,333,353,226,465,254,316,110,150,27,112,217,198,390,131,75,127,159,38,119,1,Reed,21.0,82,52,30,0.634,26.2,114.1,115.9,115.9,111.5,111.6,111.6,2.6,4.3,4.3,0.183,2.25,20.1,0.012,0.092,0.053,8.9,8.9,0.55,0.564,0.21,0.214,99.57,98.73,82.28,98.73,0.102,4455,407,946,5.0,11.5,0.43,1,24,395,145,165,167,125,125,239,234,234,180,132,132,162,164,205,534,416,482,199,199,253,333,146,148,449,490,490,196,60,49,128,104,382,1
1642265,Rob Dillingham,Rob,1610612741,CHI,21.0,65,29,36,0.446,14.9,2.5,6.3,0.396,0.6,2.0,0.316,0.6,0.8,0.745,0.3,1.7,2.0,2.2,1.5,0.7,0.1,0.6,1.8,0.9,6.3,-2.2,12.9,0,0,12.8,166,203,102,361,394,327,288,488,352,343,374,399,397,353,486,390,416,215,147,248,476,146,264,377,348,413,379,284,38,378,2,Rob,21.0,65,29,36,0.446,14.9,105.9,105.9,105.9,112.7,113.3,113.3,-6.9,-7.4,-7.4,0.206,1.43,21.1,0.018,0.105,0.062,14.7,14.7,0.447,0.469,0.218,0.225,106.34,106.08,88.4,106.08,0.06,2149,163,412,2.5,6.3,0.396,166,203,472,361,394,482,477,477,296,303,303,422,427,427,128,390,182,483,349,407,528,528,511,525,125,122,46,47,47,490,257,221,327,288,488,2
1629057,Robert Williams III,Robert,1610612757,POR,28.0,59,30,29,0.508,17.1,3.0,4.2,0.708,0.2,0.4,0.391,0.6,1.0,0.596,2.4,4.6,7.0,1.0,0.8,0.6,1.5,0.2,1.3,0.7,6.7,1.2,22.1,5,0,19.1,225,196,189,299,345,280,392,9,478,507,117,416,375,508,44,73,51,392,326,322,18,411,407,414,331,170,201,96,38,238,1,Robert,28.0,59,30,29,0.508,17.1,110.1,110.6,110.6,107.4,107.2,107.2,2.6,3.4,3.4,0.089,1.22,15.5,0.133,0.25,0.192,12.7,12.8,0.726,0.722,0.129,0.133,103.03,102.86,85.72,102.86,0.163,2160,177,250,3.0,4.2,0.708,225,196,379,299,345,353,326,326,88,88,88,178,156,156,420,449,344,24,13,11,484,488,12,19,486,493,207,206,206,12,244,319,280,392,9,1
1641842,Ronald Holland II,Ronald,1610612765,DET,20.0,78,56,22,0.718,19.9,3.0,7.0,0.432,0.6,2.5,0.253,1.5,1.9,0.805,1.1,3.0,4.0,1.2,1.2,1.2,0.3,0.6,2.3,1.9,8.2,1.7,18.2,2,0,17.2,28,7,295,73,295,279,249,377,353,301,457,193,206,220,179,205,195,362,217,74,241,135,105,175,275,142,272,159,38,277,1,Ronald,20.0,78,56,22,0.718,19.9,108.7,110.2,110.2,104.4,104.5,104.5,4.3,5.7,5.7,0.088,0.99,12.0,0.052,0.141,0.097,12.1,12.0,0.478,0.525,0.184,0.191,102.56,101.85,84.88,101.85,0.085,3265,235,544,3.0,7.0,0.432,28,7,279,73,295,400,350,350,46,50,50,140,108,108,424,511,477,203,191,193,459,456,477,448,222,219,244,284,284,314,179,157,279,249,377,1
1626220,Royce O'Neale,Royce,1610612756,PHX,32.0,78,43,35,0.551,28.4,3.4,8.0,0.421,2.7,6.7,0.408,0.3,0.5,0.711,0.8,4.0,4.8,2.7,1.3,1.1,0.4,0.1,2.3,0.7,9.8,-1.4,22.7,2,0,22.9,28,75,112,245,122,235,205,416,29,44,80,485,488,409,282,106,154,162,192,101,199,508,130,426,220,365,185,159,38,168,1,Royce,32.0,78,43,35,0.551,28.4,111.0,111.4,111.4,114.4,115.1,115.1,-3.4,-3.6,-3.6,0.129,2.02,21.8,0.025,0.139,0.081,10.8,10.8,0.59,0.596,0.139,0.143,101.16,100.64,83.87,100.64,0.082,4664,263,625,3.4,8.0,0.421,28,75,459,245,122,309,300,300,376,390,390,338,344,344,271,203,163,413,198,275,370,376,128,201,441,445,349,383,383,339,147,126,235,205,416,1
203497,Rudy Gobert,Rudy,1610612750,MIN,33.0,76,46,30,0.605,31.3,4.4,6.5,0.682,0.0,0.1,0.0,2.1,4.0,0.526,3.9,7.5,11.5,1.7,1.4,0.8,1.6,0.5,2.6,4.0,10.9,3.1,33.0,33,0,28.9,54,52,172,171,61,156,283,14,517,537,517,125,66,528,6,10,5,276,175,227,10,172,58,40,188,83,71,11,38,99,1,Rudy,33.0,76,46,30,0.605,31.3,112.1,113.0,113.0,106.6,108.0,108.0,5.5,5.0,5.0,0.074,1.21,14.9,0.121,0.222,0.173,12.3,12.4,0.682,0.664,0.127,0.129,102.6,101.49,84.58,101.49,0.121,5023,335,491,4.4,6.5,0.682,54,52,395,171,61,263,235,235,67,98,98,110,119,119,483,458,381,37,35,31,468,469,24,57,494,498,241,315,315,95,99,184,156,283,14,1
1629060,Rui Hachimura,Rui,1610612747,LAL,28.0,68,47,21,0.691,28.3,4.5,8.8,0.514,1.7,3.9,0.443,0.7,1.1,0.694,0.6,2.7,3.3,0.8,0.6,0.6,0.3,0.3,1.6,0.7,11.5,1.2,18.7,1,0,19.1,135,44,305,87,125,151,179,129,127,180,33,361,349,434,339,238,269,442,400,329,270,294,306,427,177,173,261,201,38,236,1,Rui,28.0,68,47,21,0.691,28.3,115.6,116.4,116.4,113.3,114.4,114.4,2.3,2.0,2.0,0.041,1.36,7.8,0.023,0.094,0.06,5.8,5.8,0.611,0.62,0.149,0.152,101.66,100.83,84.03,100.83,0.073,4047,307,597,4.5,8.8,0.514,135,44,262,87,125,118,110,110,321,361,361,188,204,204,563,416,557,433,406,421,49,49,88,121,397,404,317,371,371,402,119,138,151,179,129,1
201566,Russell Westbrook,Russell,1610612758,SAC,37.0,64,16,48,0.25,28.9,5.6,13.1,0.427,2.0,5.9,0.338,2.0,2.9,0.694,1.3,4.2,5.4,6.7,3.3,1.3,0.2,0.7,2.3,2.2,15.2,-7.1,32.9,16,6,32.2,180,348,25,485,111,97,73,391,86,69,292,139,117,435,137,99,106,20,11,53,373,105,120,141,98,553,72,33,5,68,1,Russell,37.0,64,16,48,0.25,28.9,109.5,110.0,110.0,119.9,122.1,122.1,-10.4,-12.1,-12.1,0.33,2.04,27.4,0.042,0.147,0.093,13.4,13.4,0.503,0.528,0.252,0.257,103.34,102.15,85.12,102.15,0.105,3951,358,839,5.6,13.1,0.427,180,348,552,485,111,376,355,355,517,541,541,493,509,509,28,196,72,253,172,216,508,509,420,439,61,63,177,263,263,174,85,64,97,73,391,1
1642346,Ryan Dunn,Ryan,1610612756,PHX,23.0,70,40,30,0.571,19.4,2.3,5.2,0.453,0.8,2.4,0.331,0.3,0.7,0.489,1.4,2.8,4.2,1.5,0.8,0.9,0.4,0.3,1.9,0.5,5.8,0.1,16.1,2,0,14.9,105,110,172,210,308,348,341,303,311,311,330,497,438,547,117,225,181,319,338,187,196,306,243,480,365,248,319,159,38,333,1,Ryan,23.0,70,40,30,0.571,19.4,110.3,110.4,110.4,107.9,108.7,108.7,2.4,1.7,1.7,0.105,1.82,18.8,0.068,0.142,0.105,10.3,10.4,0.53,0.532,0.136,0.139,98.48,98.02,81.68,98.02,0.081,2748,164,362,2.3,5.2,0.453,105,110,395,210,308,340,337,337,98,121,121,187,208,208,353,263,243,140,188,158,324,328,333,431,462,462,507,527,527,344,256,248,348,341,303,1
1641750,Ryan Kalkbrenner,Ryan,1610612766,CHA,24.0,69,39,30,0.565,21.4,3.2,4.2,0.753,0.0,0.1,0.0,1.2,1.7,0.716,2.4,3.0,5.5,0.8,0.9,0.5,1.5,0.4,1.6,1.4,7.6,0.7,20.2,3,0,17.7,118,118,172,225,256,259,393,5,517,536,517,249,235,399,42,194,104,457,297,406,19,249,330,253,299,201,229,128,38,267,1,Ryan,24.0,69,39,30,0.565,21.4,110.6,112.3,112.3,111.4,111.2,111.2,-0.9,1.1,1.1,0.053,0.87,11.8,0.109,0.133,0.121,13.5,13.5,0.753,0.762,0.113,0.115,101.08,100.4,83.67,100.4,0.108,3099,219,291,3.2,4.2,0.753,118,118,395,225,256,328,263,263,232,219,219,279,225,225,543,532,481,52,229,101,511,510,8,9,529,534,359,404,404,158,196,293,259,393,5,1
1642948,Ryan Nembhard,Ryan,1610612742,DAL,23.0,60,20,40,0.333,19.5,2.7,6.5,0.415,0.8,2.3,0.356,0.4,0.5,0.806,0.2,2.0,2.2,5.3,1.4,0.4,0.0,0.2,1.4,0.7,6.6,-0.4,17.1,4,0,15.8,214,302,69,419,306,310,278,441,311,322,235,465,479,218,523,332,401,47,171,426,520,415,360,413,337,287,297,114,38,308,1,Ryan,23.0,60,20,40,0.333,19.5,110.8,111.2,111.2,112.9,113.1,113.1,-2.1,-1.9,-1.9,0.353,3.72,39.3,0.011,0.095,0.054,10.6,10.6,0.477,0.492,0.173,0.178,102.14,101.89,84.91,101.89,0.087,2496,162,390,2.7,6.5,0.415,214,302,508,419,306,313,309,309,306,297,297,305,299,299,16,27,8,542,399,469,341,344,480,503,279,285,280,280,280,299,260,233,310,278,441,1
1631157,Ryan Rollins,Ryan,1610612749,MIL,23.0,74,29,45,0.392,32.1,6.6,13.9,0.472,2.5,6.1,0.406,1.7,2.1,0.796,0.7,3.8,4.6,5.6,2.7,1.5,0.4,1.0,2.6,2.1,17.3,-2.4,34.2,6,0,33.8,70,203,36,392,48,61,57,238,48,61,84,173,180,238,302,125,163,35,32,28,192,31,61,152,70,418,58,84,38,54,1,Ryan,23.0,74,29,45,0.392,32.1,112.4,113.3,113.3,115.2,116.5,116.5,-2.8,-3.2,-3.2,0.264,2.06,24.2,0.023,0.115,0.07,11.7,11.7,0.561,0.583,0.236,0.242,100.49,99.55,82.96,99.55,0.111,4920,486,1030,6.6,13.9,0.472,70,203,541,392,48,246,221,221,408,438,438,319,333,333,69,190,128,431,305,348,440,444,201,250,82,83,397,449,449,143,38,39,61,57,238,1
1630180,Saddiq Bey,Saddiq,1610612740,NOP,27.0,72,24,48,0.333,31.2,6.1,13.4,0.451,2.1,5.7,0.367,3.4,4.1,0.841,1.7,3.9,5.6,2.5,0.9,0.9,0.1,0.7,1.3,2.5,17.7,-2.6,30.3,7,0,29.9,84,252,25,419,65,76,66,311,73,77,200,55,60,148,85,121,97,184,283,143,470,79,388,121,65,431,97,72,38,90,1,Saddiq,27.0,72,24,48,0.333,31.2,112.7,113.3,113.3,115.9,116.8,116.8,-3.2,-3.6,-3.6,0.12,2.68,13.5,0.051,0.12,0.085,5.1,5.0,0.529,0.579,0.213,0.218,102.75,102.05,85.04,102.05,0.112,4767,436,967,6.1,13.4,0.451,84,252,552,419,65,229,220,220,437,449,449,332,341,341,300,103,425,204,283,250,43,43,343,263,134,139,229,271,271,134,52,44,76,66,311,1
1630573,Sam Hauser,Sam,1610612738,BOS,28.0,78,54,24,0.692,24.8,3.2,7.7,0.419,2.5,6.5,0.393,0.2,0.3,0.85,0.7,3.1,3.8,1.5,0.4,0.5,0.3,0.1,1.4,0.4,9.2,4.7,17.9,0,0,18.6,28,13,258,86,193,252,218,421,44,49,113,519,528,132,306,183,217,317,472,393,284,498,355,497,235,46,278,284,38,250,1,Sam,28.0,78,54,24,0.692,24.8,118.4,119.8,119.8,110.4,111.0,111.0,8.0,8.8,8.8,0.077,3.26,15.0,0.028,0.118,0.073,4.6,4.6,0.584,0.59,0.141,0.145,98.12,97.23,81.03,97.23,0.08,3928,252,601,3.2,7.7,0.419,28,13,309,86,193,49,41,41,181,208,208,66,61,61,470,44,376,390,288,325,37,37,137,225,431,439,521,557,557,353,159,134,252,218,421,1
1630241,Sam Merrill,Sam,1610612739,CLE,30.0,52,37,15,0.712,26.5,4.3,9.3,0.461,3.0,7.2,0.421,1.1,1.3,0.855,0.5,2.0,2.6,2.4,0.8,0.6,0.1,0.2,2.4,1.8,12.8,4.7,20.9,1,0,22.3,286,136,382,81,158,169,161,275,16,25,55,261,294,122,363,331,355,195,335,298,432,426,90,193,142,50,217,201,38,179,1,Sam,30.0,52,37,15,0.712,26.5,119.4,120.3,120.3,111.5,112.6,112.6,8.0,7.7,7.7,0.119,2.98,18.4,0.02,0.072,0.047,6.2,6.2,0.624,0.644,0.167,0.17,102.4,101.54,84.61,101.54,0.081,2921,223,484,4.3,9.3,0.461,286,136,187,81,158,35,36,36,237,271,271,68,74,74,301,69,256,461,521,525,68,68,71,73,315,322,259,313,313,341,194,187,169,161,275,1
1630572,Sandro Mamukelashvili,Sandro,1610612761,TOR,27.0,80,44,36,0.55,21.9,4.1,7.9,0.523,1.4,3.7,0.389,1.5,2.0,0.747,1.4,3.6,4.9,1.9,0.8,0.8,0.5,0.4,1.8,1.4,11.2,2.3,23.0,3,0,22.1,21,67,102,248,247,185,214,109,173,192,124,200,201,350,124,142,142,251,323,209,151,223,251,256,182,114,179,128,38,183,1,Sandro,27.0,80,44,36,0.55,21.9,114.3,114.9,114.9,109.6,109.7,109.7,4.7,5.3,5.3,0.123,2.25,16.5,0.06,0.163,0.111,7.3,7.3,0.614,0.637,0.181,0.187,101.49,101.19,84.32,101.19,0.123,3686,330,631,4.1,7.9,0.523,21,67,472,248,247,158,149,149,140,143,143,124,114,114,286,163,322,160,129,141,102,102,80,83,236,241,332,342,342,86,104,123,185,214,109,1
1630583,Santi Aldama,Santi,1610612763,MEM,25.0,43,19,24,0.442,27.9,5.3,11.1,0.479,1.6,4.7,0.35,1.8,2.7,0.667,1.6,5.1,6.7,2.9,1.3,0.9,0.7,0.3,1.6,2.2,14.0,-1.1,29.9,5,0,28.4,342,316,258,364,130,110,118,215,140,129,256,160,131,452,101,49,63,144,201,185,93,364,311,145,117,341,101,96,38,106,1,Santi,25.0,43,19,24,0.442,27.9,111.8,113.6,113.6,114.6,116.0,116.0,-2.8,-2.4,-2.4,0.153,2.29,18.1,0.052,0.171,0.112,7.9,7.8,0.553,0.572,0.191,0.199,104.96,103.47,86.22,103.47,0.115,2589,228,476,5.3,11.1,0.479,342,316,309,364,130,275,206,206,386,429,429,321,313,313,223,156,267,199,112,133,139,128,241,302,200,195,85,165,165,116,188,194,110,118,215,1
1630703,Scoot Henderson,Scoot,1610612757,POR,22.0,30,18,12,0.6,24.9,4.8,11.4,0.418,1.9,5.4,0.352,2.8,3.3,0.84,0.6,2.1,2.7,3.7,2.4,0.9,0.3,0.6,2.8,3.0,14.2,1.8,24.2,0,0,24.9,410,325,419,174,192,140,107,428,104,91,250,77,87,149,341,321,342,87,49,160,277,125,38,76,112,135,161,284,38,139,1,Scoot,22.0,30,18,12,0.6,24.9,111.7,112.2,112.2,109.3,109.0,109.0,2.5,3.2,3.2,0.231,1.53,19.5,0.022,0.078,0.05,12.7,12.8,0.501,0.553,0.246,0.251,103.4,103.34,86.12,103.34,0.086,1611,143,342,4.8,11.4,0.418,410,325,152,174,192,276,268,268,125,128,128,184,166,166,95,360,222,438,494,497,488,491,424,364,69,72,174,171,171,304,281,258,140,107,428,1
1630567,Scottie Barnes,Scottie,1610612761,TOR,24.0,80,45,35,0.563,33.5,7.1,14.0,0.507,0.9,2.8,0.304,3.0,3.7,0.815,1.9,5.6,7.5,5.9,2.6,1.4,1.5,0.6,2.6,3.3,18.1,3.3,42.0,30,3,38.1,21,60,112,229,26,43,55,144,303,279,399,71,74,207,77,34,42,31,37,35,20,125,56,68,62,76,20,12,8,35,1,Scottie,24.0,80,45,35,0.563,33.5,113.8,114.6,114.6,109.6,110.0,110.0,4.2,4.6,4.6,0.255,2.26,24.5,0.055,0.166,0.11,10.9,10.8,0.537,0.577,0.226,0.233,101.54,101.0,84.17,101.0,0.139,5645,569,1123,7.1,14.0,0.507,21,60,459,229,26,179,164,164,142,162,162,147,126,126,78,162,125,182,124,144,376,377,303,274,102,105,329,354,354,50,17,25,43,55,144,1
1631101,Shaedon Sharpe,Shaedon,1610612757,POR,22.0,50,24,26,0.48,29.4,7.8,17.4,0.452,2.1,6.1,0.337,3.1,3.9,0.787,1.0,3.3,4.3,2.6,2.9,1.4,0.1,1.1,2.0,3.3,20.8,-1.0,31.6,0,0,32.9,297,252,232,338,103,27,20,307,77,62,297,67,67,263,190,166,174,169,22,39,451,14,217,69,35,334,82,284,38,65,1,Shaedon,22.0,50,24,26,0.48,29.4,110.1,112.4,112.4,113.1,113.7,113.7,-3.0,-1.3,-1.3,0.151,0.9,10.7,0.032,0.104,0.068,12.0,11.9,0.511,0.546,0.293,0.3,105.24,103.89,86.58,103.89,0.108,3180,392,868,7.8,17.4,0.452,297,252,338,338,103,351,260,260,312,324,324,328,285,285,225,525,515,337,352,360,455,451,400,386,22,25,72,132,132,157,71,58,27,20,307,1
1628983,Shai Gilgeous-Alexander,Shai,1610612760,OKC,27.0,68,56,12,0.824,33.2,10.8,19.4,0.553,1.7,4.4,0.386,7.9,9.0,0.879,0.6,3.7,4.3,6.6,2.2,1.4,0.8,0.8,2.0,6.1,31.1,11.6,50.4,8,0,48.0,135,7,419,15,33,2,7,83,131,148,134,1,4,82,355,132,177,21,68,41,83,48,193,8,2,2,4,66,38,4,1,Shai,27.0,68,56,12,0.824,33.2,121.0,121.5,121.5,104.2,105.2,105.2,16.9,16.3,16.3,0.332,2.97,20.6,0.017,0.1,0.062,6.9,6.9,0.597,0.665,0.323,0.333,102.51,101.84,84.86,101.84,0.207,4796,731,1321,10.8,19.4,0.553,135,7,152,15,33,24,26,26,38,57,57,14,20,20,26,71,195,488,369,411,81,81,113,56,9,9,247,287,287,6,2,8,2,7,83,1
1630536,Sharife Cooper,Sharife,1610612764,WAS,24.0,41,6,35,0.146,17.1,3.1,6.0,0.514,0.7,1.9,0.382,1.2,1.5,0.833,0.4,1.7,2.1,3.0,1.5,0.4,0.1,0.6,1.5,1.6,8.1,-4.5,15.2,0,0,15.0,356,461,112,552,347,268,298,130,334,365,151,246,271,160,412,394,410,135,156,439,449,121,346,215,280,514,336,284,38,328,1,Sharife,24.0,41,6,35,0.146,17.1,109.3,108.4,108.4,120.8,120.1,120.1,-11.5,-11.7,-11.7,0.256,2.03,27.1,0.025,0.098,0.061,13.3,13.3,0.573,0.609,0.197,0.204,103.01,103.68,86.4,103.68,0.094,1509,127,247,3.1,6.0,0.514,356,461,459,552,347,384,412,412,527,515,515,514,507,507,77,198,75,416,376,419,507,507,165,159,177,175,208,149,149,240,301,321,268,298,130,1
1631321,Sidy Cissoko,Sidy,1610612757,POR,22.0,75,39,36,0.52,19.1,1.8,4.5,0.398,0.8,2.6,0.298,0.8,1.2,0.659,0.8,1.4,2.2,1.5,0.9,0.7,0.3,0.4,2.4,1.7,5.1,-0.8,12.1,0,0,11.6,60,118,102,288,312,411,381,480,318,292,410,350,324,465,254,431,403,315,286,266,245,275,91,202,405,314,395,284,38,396,1,Sidy,22.0,75,39,36,0.52,19.1,108.6,109.2,109.2,110.7,110.9,110.9,-2.1,-1.7,-1.7,0.107,1.57,20.0,0.041,0.071,0.056,12.7,12.7,0.487,0.514,0.123,0.128,102.92,102.55,85.46,102.55,0.036,3063,133,334,1.8,4.5,0.398,60,118,472,288,312,406,388,388,194,204,204,307,294,294,348,342,212,261,529,454,486,482,461,477,501,503,218,226,226,554,294,263,411,381,480,1
1631323,Simone Fontecchio,Simone,1610612748,MIA,30.0,70,36,34,0.514,16.7,2.8,6.7,0.412,1.8,4.7,0.375,1.2,1.5,0.843,0.8,2.2,3.0,1.4,0.7,0.5,0.1,0.3,1.5,0.8,8.5,1.3,15.6,0,0,16.1,105,151,125,291,354,302,259,448,119,127,167,244,272,141,267,304,300,322,372,360,442,328,348,382,259,167,331,284,38,301,1,Simone,30.0,70,36,34,0.514,16.7,113.6,113.8,113.8,109.9,110.5,110.5,3.7,3.3,3.3,0.121,2.06,15.4,0.042,0.118,0.08,7.5,7.4,0.542,0.579,0.184,0.193,105.66,105.28,87.73,105.28,0.09,2574,194,471,2.8,6.7,0.412,105,151,449,291,354,192,194,194,155,178,178,157,160,160,296,188,352,252,289,282,111,107,283,266,223,213,57,72,72,272,219,198,302,259,448,1
1642883,Sion James,Sion,1610612766,CHA,23.0,82,44,38,0.537,22.5,1.7,4.5,0.371,1.0,2.9,0.352,1.0,1.2,0.837,0.6,2.9,3.5,2.0,0.8,0.6,0.2,0.3,1.8,1.2,5.4,0.8,14.4,0,0,13.6,1,67,81,268,232,421,372,520,267,274,251,286,321,157,342,214,241,237,343,299,323,289,259,295,392,194,352,284,38,355,1,Sion,23.0,82,44,38,0.537,22.5,112.5,113.2,113.2,110.3,110.0,110.0,2.2,3.3,3.3,0.121,2.51,25.3,0.026,0.124,0.075,10.1,10.1,0.483,0.531,0.109,0.112,99.24,99.1,82.58,99.1,0.062,3779,138,372,1.7,4.5,0.371,1,67,491,268,232,236,222,222,178,156,156,192,162,162,297,122,108,406,265,306,302,304,468,432,537,539,464,474,474,474,286,242,421,372,520,1
1642461,Spencer Jones,Spencer,1610612743,DEN,24.0,64,41,23,0.641,22.1,2.1,4.1,0.504,0.9,2.3,0.396,0.5,0.8,0.608,1.2,2.1,3.3,0.8,0.5,0.8,0.5,0.3,2.7,0.8,5.5,0.0,13.9,1,0,13.0,180,97,275,138,241,380,399,149,297,322,104,443,414,501,155,318,275,454,458,204,179,372,44,403,383,251,359,201,38,371,1,Spencer,24.0,64,41,23,0.641,22.1,116.4,116.9,116.9,114.2,115.3,115.3,2.2,1.6,1.6,0.047,1.65,13.8,0.055,0.09,0.073,8.4,8.5,0.613,0.619,0.097,0.099,99.98,99.33,82.78,99.33,0.045,2912,132,262,2.1,4.1,0.504,180,97,289,138,241,95,103,103,366,397,397,193,211,211,555,317,415,181,427,327,166,172,85,127,563,564,425,463,463,541,295,310,380,399,149,1
201939,Stephen Curry,Stephen,1610612744,GSW,38.0,43,24,19,0.558,30.9,8.7,18.6,0.468,4.4,11.3,0.393,4.7,5.1,0.923,0.4,3.2,3.6,4.7,2.8,1.1,0.4,0.6,1.7,4.6,26.6,2.1,39.7,3,0,42.3,342,252,333,236,72,16,12,254,1,1,114,31,41,40,436,180,237,58,28,82,211,123,269,25,12,119,34,128,38,18,1,Stephen,38.0,43,24,19,0.558,30.9,116.4,117.6,117.6,113.6,114.8,114.8,2.8,2.8,2.8,0.245,1.68,16.8,0.013,0.1,0.057,10.0,9.9,0.587,0.637,0.308,0.318,104.78,103.66,86.38,103.66,0.146,2873,374,799,8.7,18.6,0.468,342,252,236,236,72,97,85,85,336,380,380,176,179,179,84,307,310,531,370,446,293,286,131,84,15,12,94,152,152,35,79,75,16,12,254,1
1642264,Stephon Castle,Stephon,1610612759,SAS,21.0,68,51,17,0.75,30.0,5.7,12.0,0.471,1.2,3.6,0.332,4.1,5.6,0.734,1.4,3.9,5.3,7.4,3.2,1.1,0.3,1.0,3.3,4.4,16.7,6.0,35.2,18,5,33.4,135,30,359,46,91,93,95,241,220,199,327,40,33,369,111,120,114,10,14,79,294,24,19,31,79,30,51,27,6,57,1,Stephon,21.0,68,51,17,0.75,30.0,117.2,118.2,118.2,107.8,108.4,108.4,9.4,9.8,9.8,0.344,2.31,29.4,0.047,0.119,0.084,12.7,12.7,0.521,0.575,0.243,0.249,103.01,102.28,85.23,102.28,0.117,4334,385,817,5.7,12.0,0.471,135,30,216,46,91,76,69,69,96,113,113,53,54,54,20,152,55,222,287,261,489,486,368,282,75,77,209,250,250,108,76,68,93,95,241,1
203500,Steven Adams,Steven,1610612745,HOU,32.0,32,21,11,0.656,22.8,2.2,4.3,0.504,0.0,0.0,0.0,1.5,2.5,0.58,4.5,4.1,8.6,1.5,1.1,0.7,0.6,0.3,1.7,2.2,5.8,6.1,21.3,3,0,18.6,400,292,432,125,226,365,386,150,517,548,517,202,135,511,2,102,25,303,239,269,120,338,275,143,362,29,210,128,38,251,1,Steven,32.0,32,21,11,0.656,22.8,114.8,117.3,117.3,104.9,105.5,105.5,9.9,11.8,11.8,0.084,1.37,18.5,0.189,0.165,0.177,13.5,13.6,0.504,0.535,0.116,0.117,99.06,97.69,81.41,97.69,0.1,1495,70,139,2.2,4.3,0.504,400,292,144,125,226,144,87,87,50,59,59,46,39,39,439,411,254,3,125,28,510,511,419,418,522,527,475,544,544,206,379,391,365,386,150,1
1629004,Svi Mykhailiuk,Svi,1610612762,UTA,28.0,50,14,36,0.28,23.1,3.5,7.2,0.478,2.0,4.8,0.408,0.5,0.6,0.893,0.7,1.8,2.5,1.9,0.8,0.5,0.1,0.3,1.3,0.6,9.4,-1.5,16.0,0,0,16.8,297,374,102,461,220,229,239,217,92,119,76,435,466,65,305,384,370,252,322,366,504,341,406,443,228,375,320,284,38,283,1,Svi,28.0,50,14,36,0.28,23.1,113.2,114.9,114.9,118.0,117.9,117.9,-4.8,-3.0,-3.0,0.107,2.21,18.3,0.029,0.074,0.051,8.3,8.2,0.613,0.626,0.143,0.147,104.47,103.74,86.45,103.74,0.074,2497,173,362,3.5,7.2,0.478,297,374,472,461,220,208,150,150,490,480,480,371,327,327,344,168,264,377,514,493,160,160,83,110,414,431,112,147,147,399,247,248,229,239,217,1
204456,T.J. McConnell,T.J.,1610612754,IND,34.0,56,15,41,0.268,17.2,4.3,8.0,0.538,0.3,0.9,0.32,0.4,0.5,0.862,0.4,1.8,2.2,5.1,1.1,1.0,0.2,0.4,1.1,1.1,9.4,-2.4,22.1,1,0,19.4,247,365,61,475,344,166,204,98,446,467,360,457,478,111,437,364,402,51,232,121,386,232,442,331,229,419,200,201,38,227,1,T.J.,34.0,56,15,41,0.268,17.2,110.7,109.1,109.1,117.2,116.7,116.7,-6.5,-7.6,-7.6,0.469,4.48,35.3,0.022,0.104,0.063,7.9,7.9,0.556,0.567,0.227,0.237,102.69,103.65,86.38,103.65,0.15,2089,242,450,4.3,8.0,0.538,247,365,515,475,344,319,390,390,477,444,444,408,431,431,2,16,21,440,353,398,133,136,226,321,99,90,234,153,153,31,169,206,166,204,98,1
1643007,Taelon Peter,Taelon,1610612754,IND,24.0,38,6,32,0.158,13.0,1.6,4.2,0.38,1.1,3.3,0.328,0.3,0.4,0.625,0.3,1.3,1.6,1.1,0.7,0.7,0.1,0.1,1.0,0.4,4.5,-2.6,9.6,0,0,9.8,370,461,149,550,425,432,396,510,248,223,339,508,500,492,496,442,474,387,368,271,459,485,462,490,421,435,446,284,38,432,1,Taelon,24.0,38,6,32,0.158,13.0,103.2,103.2,103.2,112.9,111.8,111.8,-9.8,-8.7,-8.7,0.113,1.48,17.3,0.019,0.096,0.057,11.7,11.6,0.509,0.518,0.159,0.164,104.62,105.12,87.6,105.12,0.057,1075,60,158,1.6,4.2,0.38,370,461,424,550,425,522,513,513,307,242,242,477,454,454,316,382,295,467,394,442,437,436,406,464,355,353,102,76,76,500,395,380,432,396,510,1
1631106,Tari Eason,Tari,1610612745,HOU,25.0,60,38,22,0.633,25.8,4.0,9.7,0.416,1.6,4.3,0.358,0.9,1.1,0.776,2.1,4.2,6.3,1.5,1.4,1.2,0.5,0.7,2.3,1.1,10.5,2.8,23.9,6,0,23.1,214,128,295,146,173,189,147,440,146,152,230,325,336,292,57,98,71,303,188,65,171,82,116,328,196,96,167,84,38,164,1,Tari,25.0,60,38,22,0.633,25.8,115.6,116.1,116.1,110.1,109.6,109.6,5.5,6.5,6.5,0.078,1.11,11.6,0.077,0.156,0.116,10.4,10.4,0.496,0.514,0.181,0.187,99.06,99.06,82.55,99.06,0.083,3179,241,580,4.0,9.7,0.416,214,128,279,146,173,117,119,119,165,140,140,111,87,87,464,473,487,108,146,123,332,330,443,476,237,239,476,476,476,327,171,146,189,147,440,1
1627752,Taurean Prince,Taurean,1610612749,MIL,32.0,26,10,16,0.385,23.5,3.3,7.3,0.45,2.3,5.4,0.436,0.2,0.2,1.0,0.2,3.0,3.1,1.8,1.2,0.6,0.2,0.2,1.8,0.5,9.2,-2.0,16.9,2,0,18.1,425,411,368,398,215,243,233,315,58,93,37,515,537,1,548,208,290,267,222,308,336,426,247,469,236,402,302,159,38,261,1,Taurean,32.0,26,10,16,0.385,23.5,114.0,113.7,113.7,116.5,117.5,117.5,-2.5,-3.8,-3.8,0.102,1.48,17.0,0.007,0.125,0.067,11.5,11.5,0.61,0.617,0.157,0.162,100.21,99.88,83.23,99.88,0.073,1271,86,191,3.3,7.3,0.45,425,411,202,398,215,175,201,201,455,469,469,314,351,351,366,381,304,560,262,368,425,427,91,130,366,366,411,430,430,407,359,358,243,233,315,1
1641707,Taylor Hendricks,Taylor,1610612763,MEM,22.0,59,12,47,0.203,19.0,2.8,6.0,0.459,1.1,3.1,0.342,0.8,1.2,0.681,1.1,2.6,3.7,0.9,0.8,0.8,0.5,0.4,1.7,1.1,7.4,-4.4,16.5,2,0,15.9,225,395,32,525,314,304,300,281,252,243,280,339,316,447,171,244,225,420,319,193,153,253,288,332,307,510,306,159,38,307,2,Taylor,22.0,59,12,47,0.203,19.0,108.5,108.4,108.4,118.5,119.1,119.1,-10.0,-10.7,-10.7,0.07,1.1,11.3,0.054,0.141,0.096,10.3,10.2,0.548,0.566,0.157,0.164,103.43,103.17,85.97,103.17,0.077,2404,163,355,2.8,6.0,0.459,225,395,548,525,314,409,410,410,497,503,503,483,490,490,498,478,495,188,190,200,318,309,264,326,363,351,172,188,188,375,257,254,304,300,281,2
1629611,Terance Mann,Terance,1610612751,BKN,29.0,63,15,48,0.238,24.3,2.7,5.8,0.457,0.9,2.4,0.364,1.0,1.3,0.788,1.1,2.1,3.2,3.0,1.1,0.7,0.2,0.3,2.5,1.3,7.2,-4.2,17.1,0,0,16.1,194,365,25,501,200,311,308,287,298,308,203,286,301,258,169,323,283,136,233,287,331,284,86,278,317,505,298,284,38,299,1,Terance,29.0,63,15,48,0.238,24.3,107.7,109.6,109.6,116.4,117.8,117.8,-8.7,-8.2,-8.2,0.182,2.68,28.6,0.044,0.089,0.066,10.7,10.7,0.533,0.564,0.133,0.135,99.5,98.07,81.73,98.07,0.066,3119,168,368,2.7,5.8,0.457,194,365,552,501,200,437,371,371,454,474,474,458,442,442,163,104,62,235,432,377,358,360,322,332,471,481,455,523,523,458,252,243,311,308,287,1
1630545,Terrence Shannon Jr.,Terrence,1610612750,MIN,25.0,43,24,19,0.558,12.5,1.8,4.0,0.45,0.7,1.8,0.408,1.3,1.6,0.8,0.2,0.9,1.1,0.9,0.6,0.3,0.0,0.3,1.2,1.2,5.6,-1.9,8.8,0,0,9.0,342,252,333,236,432,410,407,314,329,382,79,227,245,229,514,500,512,433,420,471,523,309,432,286,379,400,473,284,38,457,1,Terrence,25.0,43,24,19,0.558,12.5,112.8,112.0,112.0,118.7,120.5,120.5,-5.9,-8.5,-8.5,0.102,1.58,14.2,0.018,0.074,0.045,9.0,9.1,0.541,0.597,0.171,0.177,103.15,102.75,85.63,102.75,0.069,1158,77,171,1.8,4.0,0.45,342,252,236,236,432,218,276,276,500,524,524,396,448,448,367,335,402,485,517,536,206,216,287,197,288,289,197,211,211,441,368,372,410,407,314,1
1628418,Thomas Bryant,Thomas,1610612739,CLE,28.0,60,37,23,0.617,12.2,2.3,4.5,0.506,0.8,2.2,0.359,0.9,1.1,0.803,1.0,2.4,3.4,0.6,0.5,0.3,0.4,0.2,1.3,1.1,6.2,0.7,12.8,1,0,12.4,214,136,275,162,439,361,382,146,319,328,227,322,340,223,203,272,255,499,465,478,185,435,408,325,353,204,380,201,38,380,1,Thomas,28.0,60,37,23,0.617,12.2,113.7,114.4,114.4,111.3,110.7,110.7,2.5,3.6,3.6,0.067,1.18,9.3,0.074,0.184,0.129,7.9,7.8,0.594,0.625,0.182,0.186,102.47,102.45,85.38,102.45,0.115,1554,135,267,2.3,4.5,0.506,214,136,289,162,439,183,170,170,220,192,192,183,149,149,515,464,542,113,83,88,131,131,119,112,233,244,252,235,235,115,290,307,361,382,146,1
1642275,Tidjane Salaün,Tidjane,1610612766,CHA,20.0,37,19,18,0.514,15.6,2.2,4.3,0.503,1.0,2.2,0.434,0.7,1.1,0.65,0.7,3.3,4.0,0.7,0.7,0.4,0.2,0.2,1.5,0.9,6.0,-0.1,13.1,1,0,13.0,377,316,348,292,384,368,389,151,278,324,40,370,343,471,313,165,197,469,370,419,371,388,353,357,357,265,373,201,38,372,1,Tidjane,20.0,37,19,18,0.514,15.6,111.9,113.2,113.2,112.6,111.1,111.1,-0.7,2.1,2.1,0.071,1.04,11.7,0.044,0.205,0.125,11.3,11.3,0.616,0.629,0.147,0.151,98.97,99.11,82.59,99.11,0.102,1175,80,159,2.2,4.3,0.503,377,316,225,292,384,267,224,224,287,212,212,271,200,200,493,492,483,234,51,95,412,415,77,105,402,407,484,473,473,195,365,379,368,389,151,1
203501,Tim Hardaway Jr.,Tim,1610612743,DEN,34.0,80,52,28,0.65,26.6,4.4,9.7,0.447,2.8,6.9,0.407,2.0,2.5,0.811,0.2,2.4,2.6,1.4,0.5,0.5,0.1,0.2,1.3,1.9,13.5,2.5,20.0,0,0,21.5,21,24,205,129,155,163,145,328,23,35,81,138,149,212,525,281,351,338,430,363,444,399,408,181,133,109,232,284,38,191,1,Tim,34.0,80,52,28,0.65,26.6,118.8,119.4,119.4,114.6,114.9,114.9,4.2,4.5,4.5,0.07,2.51,10.7,0.008,0.082,0.047,4.3,4.2,0.591,0.624,0.177,0.184,101.62,101.24,84.37,101.24,0.085,4487,348,779,4.4,9.7,0.447,21,24,364,129,155,43,45,45,389,384,384,145,129,129,497,121,518,558,474,527,34,34,126,115,258,257,322,338,338,312,89,78,163,145,328,1
202699,Tobias Harris,Tobias,1610612765,DET,33.0,63,46,17,0.73,27.7,4.9,10.5,0.469,1.3,3.5,0.368,2.2,2.5,0.866,0.9,4.3,5.1,2.5,1.0,0.9,0.4,0.6,1.7,1.7,13.3,5.8,26.2,3,0,24.9,194,52,359,67,133,133,132,249,196,204,195,119,141,105,238,92,127,188,257,151,197,145,283,203,137,31,143,128,38,141,1,Tobias,33.0,63,46,17,0.73,27.7,116.2,118.6,118.6,108.1,108.6,108.6,8.1,10.0,10.0,0.12,2.49,16.7,0.03,0.145,0.088,6.7,6.6,0.531,0.574,0.181,0.186,102.2,100.9,84.08,100.9,0.112,3669,309,659,4.9,10.5,0.469,194,52,216,67,133,102,63,63,101,119,119,65,52,52,299,128,315,359,179,240,78,76,329,285,239,245,277,364,364,137,117,109,133,132,249,1
1641739,Toumani Camara,Toumani,1610612757,POR,26.0,82,42,40,0.512,33.3,4.8,10.9,0.44,2.7,7.2,0.37,1.2,1.7,0.708,1.6,3.6,5.1,2.5,1.8,1.1,0.4,0.5,2.9,2.7,13.4,0.4,26.2,3,0,26.8,1,87,69,293,31,139,123,347,35,24,187,251,239,415,99,143,126,191,109,80,189,152,33,94,135,221,142,128,38,120,1,Toumani,26.0,82,42,40,0.512,33.3,112.2,114.3,114.3,112.2,113.0,113.0,0.1,1.3,1.3,0.103,1.4,15.5,0.043,0.103,0.072,11.1,11.1,0.563,0.578,0.16,0.163,103.61,102.27,85.23,102.27,0.073,5800,392,891,4.8,10.9,0.44,1,87,508,293,31,255,171,171,270,294,294,248,222,222,363,401,345,243,354,333,396,399,194,269,344,356,164,251,251,408,71,55,139,123,347,1
1642848,Tre Johnson,Tre,1610612764,WAS,20.0,60,12,48,0.2,24.0,4.5,10.8,0.419,1.9,5.4,0.358,1.3,1.5,0.874,0.5,2.4,2.8,2.0,1.6,0.6,0.3,0.2,2.0,1.2,12.2,-5.6,19.7,0,0,20.7,214,395,25,526,204,150,125,424,98,95,229,234,275,94,393,283,322,231,141,354,277,445,194,285,153,536,237,284,38,209,1,Tre,20.0,60,12,48,0.2,24.0,108.1,108.7,108.7,119.6,119.9,119.9,-11.5,-11.2,-11.2,0.122,1.31,13.6,0.018,0.093,0.055,10.3,10.3,0.508,0.535,0.22,0.225,104.77,104.38,86.98,104.38,0.068,3144,271,647,4.5,10.8,0.419,214,395,552,526,204,422,403,403,510,511,511,513,501,501,292,426,423,479,412,461,327,326,409,419,119,121,95,109,109,447,143,119,150,125,424,1
1630200,Tre Jones,Tre,1610612741,CHI,26.0,65,27,38,0.415,27.0,5.2,9.5,0.553,0.6,2.0,0.315,2.9,3.5,0.841,0.6,2.6,3.1,5.4,1.4,1.2,0.2,0.8,1.4,2.9,14.1,-2.1,28.5,5,0,25.9,166,225,81,376,150,119,154,84,356,348,377,75,80,145,345,257,287,43,172,76,398,55,356,85,116,408,116,96,38,127,1,Tre,26.0,65,27,38,0.415,27.0,111.7,111.0,111.0,114.3,114.8,114.8,-2.7,-3.8,-3.8,0.284,3.8,30.1,0.02,0.088,0.054,7.9,7.9,0.586,0.637,0.186,0.192,106.13,106.25,88.54,106.25,0.126,3883,341,617,5.2,9.5,0.553,166,225,491,376,150,283,315,315,372,374,374,317,348,348,50,24,47,459,440,468,140,142,132,82,215,217,47,46,46,80,93,131,119,154,84,1
1630544,Tre Mann,Tre,1610612766,CHA,25.0,53,30,23,0.566,12.6,2.1,5.7,0.36,0.9,2.9,0.323,0.4,0.5,0.852,0.4,1.4,1.7,1.6,1.0,0.5,0.1,0.2,1.3,0.5,5.5,-2.9,10.7,0,0,10.9,276,196,275,223,430,381,314,527,287,267,353,459,480,128,447,435,455,288,254,400,474,467,395,488,385,447,425,284,38,406,1,Tre,25.0,53,30,23,0.566,12.6,104.4,105.8,105.8,117.6,115.9,115.9,-13.1,-10.1,-10.1,0.223,1.59,18.9,0.028,0.114,0.068,11.8,11.9,0.442,0.462,0.231,0.237,97.36,97.44,81.2,97.44,0.062,1350,109,303,2.1,5.7,0.36,276,196,289,223,430,508,481,481,481,421,421,528,482,482,104,326,239,389,308,358,448,447,514,528,88,91,542,552,552,479,325,281,381,314,527,1
1630570,Trendon Watford,Trendon,1610612755,PHI,25.0,53,27,26,0.509,16.3,2.6,5.1,0.515,0.2,0.9,0.2,1.1,1.5,0.779,0.7,2.6,3.3,2.5,1.2,0.3,0.4,0.5,2.0,1.5,6.5,-2.9,15.1,1,1,13.9,276,225,232,297,366,318,347,126,471,462,488,262,274,282,308,252,273,189,220,477,194,175,199,230,339,451,339,201,23,350,1,Trendon,25.0,53,27,26,0.509,16.3,107.6,106.5,106.5,114.8,115.6,115.6,-7.2,-9.1,-9.1,0.229,2.06,26.6,0.041,0.146,0.094,12.9,12.9,0.534,0.573,0.17,0.178,103.11,103.23,86.02,103.23,0.093,1863,138,268,2.6,5.1,0.515,276,225,338,297,366,443,465,465,394,412,412,429,461,461,98,187,85,257,175,207,496,494,317,295,295,288,201,180,180,248,286,306,318,347,126,1
1630530,Trey Murphy III,Trey,1610612740,NOP,25.0,66,21,45,0.318,35.5,7.5,15.9,0.47,3.2,8.6,0.379,3.3,3.7,0.886,1.0,4.8,5.7,3.8,1.8,1.5,0.4,0.4,2.1,2.9,21.5,-2.6,37.8,4,0,38.0,157,292,36,436,6,29,36,244,8,9,159,59,73,78,214,68,86,86,99,25,232,267,177,79,29,427,43,114,38,36,1,Trey,25.0,66,21,45,0.318,35.5,112.5,113.6,113.6,116.0,117.2,117.2,-3.5,-3.6,-3.6,0.16,2.08,16.5,0.026,0.131,0.078,7.9,7.9,0.572,0.613,0.223,0.229,102.75,101.71,84.75,101.71,0.122,4964,494,1050,7.5,15.9,0.47,157,292,541,436,6,237,205,205,442,461,461,343,346,346,205,182,323,405,234,288,137,134,166,139,110,113,227,298,298,90,35,33,29,36,244,1
1641774,Tristan Vukcevic,Tristan,1610612764,WAS,23.0,49,8,41,0.163,13.7,3.1,6.5,0.479,1.0,2.9,0.347,1.8,2.3,0.784,0.7,2.3,3.0,1.1,1.3,0.5,0.7,0.3,1.7,1.7,9.0,-4.6,16.4,1,0,16.4,305,440,61,548,415,267,282,214,264,265,265,159,166,271,326,284,301,376,204,402,108,328,290,207,243,517,309,201,38,292,1,Tristan,23.0,49,8,41,0.163,13.7,105.4,103.5,103.5,119.7,118.5,118.5,-14.3,-15.1,-15.1,0.133,0.89,11.4,0.046,0.162,0.104,12.9,12.8,0.558,0.603,0.259,0.27,104.19,105.7,88.08,105.7,0.11,1476,152,317,3.1,6.5,0.479,305,440,515,548,415,493,508,508,512,491,491,534,540,540,259,529,491,231,130,160,498,493,216,181,52,47,133,58,58,144,268,273,267,282,214,1
1641783,Tristan da Silva,Tristan,1610612753,ORL,25.0,77,43,34,0.558,24.7,3.6,8.1,0.45,1.6,4.2,0.374,1.1,1.2,0.884,0.8,2.9,3.7,1.6,0.9,0.9,0.3,0.3,1.5,1.0,9.9,1.3,19.5,0,0,19.2,37,75,125,234,195,215,202,316,145,164,174,274,312,79,285,209,227,290,298,175,257,323,336,334,218,164,245,284,38,233,1,Tristan,25.0,77,43,34,0.558,24.7,111.7,113.2,113.2,110.1,111.6,111.6,1.6,1.6,1.6,0.092,1.8,14.5,0.03,0.115,0.073,8.1,8.1,0.547,0.576,0.16,0.163,102.32,100.96,84.13,100.96,0.085,4013,279,620,3.6,8.1,0.45,37,75,449,234,195,282,226,226,164,232,232,208,213,213,404,270,392,368,304,332,146,150,268,278,349,354,265,359,359,308,139,128,215,202,316,1
1629639,Tyler Herro,Tyler,1610612748,MIA,26.0,33,14,19,0.424,31.3,7.5,15.6,0.48,2.5,6.7,0.378,3.0,3.3,0.917,0.4,4.4,4.8,4.1,1.9,0.7,0.4,0.6,1.9,2.6,20.5,-1.2,33.7,0,0,34.1,398,374,333,372,62,29,38,213,42,41,161,72,93,42,419,83,153,70,84,265,232,113,237,105,38,343,65,284,38,49,1,Tyler,26.0,33,14,19,0.424,31.3,114.1,114.4,114.4,114.7,116.4,116.4,-0.6,-2.0,-2.0,0.199,2.13,17.9,0.013,0.129,0.071,8.4,8.4,0.561,0.602,0.248,0.256,104.25,103.33,86.11,103.33,0.122,2226,247,515,7.5,15.6,0.48,398,374,236,372,62,171,167,167,391,436,436,270,302,302,141,176,271,533,238,340,168,167,201,182,65,66,128,172,172,93,164,172,29,38,213,1
1631213,Tyrese Martin,Tyrese,1610612755,PHI,27.0,46,12,34,0.261,16.9,2.4,6.0,0.394,1.2,3.6,0.321,0.4,0.6,0.679,0.7,1.8,2.5,1.7,0.9,0.5,0.1,0.2,0.7,0.5,6.3,-3.9,13.0,0,0,13.0,324,395,125,480,350,342,299,492,231,200,357,467,456,449,298,382,362,273,309,357,438,441,506,466,347,491,376,284,38,369,2,Tyrese,27.0,46,12,34,0.261,16.9,104.9,105.8,105.8,116.2,116.8,116.8,-11.3,-10.9,-10.9,0.163,1.95,19.2,0.04,0.112,0.074,9.9,9.8,0.489,0.501,0.178,0.186,98.52,97.87,81.56,97.87,0.077,1580,109,277,2.4,6.0,0.394,324,395,449,480,350,501,480,480,449,445,445,509,496,496,198,229,230,267,319,321,280,277,457,493,251,249,504,533,533,376,325,301,342,299,492,2
1630178,Tyrese Maxey,Tyrese,1610612755,PHI,25.0,70,38,32,0.543,38.0,9.9,21.4,0.462,3.1,8.6,0.367,5.3,6.0,0.892,0.3,3.8,4.1,6.6,2.4,1.9,0.8,1.0,2.2,4.1,28.3,1.6,48.6,7,0,47.4,105,128,149,262,1,5,3,270,12,10,197,21,27,68,464,129,186,22,47,10,79,24,156,38,5,150,6,72,38,5,1,Tyrese,25.0,70,38,32,0.543,38.0,113.3,115.0,115.0,111.4,113.4,113.4,1.9,1.5,1.5,0.288,2.7,20.0,0.008,0.096,0.052,7.4,7.4,0.536,0.588,0.286,0.294,101.88,100.25,83.54,100.25,0.15,5570,694,1501,9.9,21.4,0.462,105,128,424,262,1,203,148,148,231,308,308,200,216,216,45,98,207,555,395,487,108,109,310,231,27,27,299,417,417,29,4,2,5,3,270,1
1630623,Tyson Etienne,Tyson,1610612751,BKN,26.0,24,5,19,0.208,15.8,2.4,6.0,0.4,1.8,4.5,0.398,1.3,1.5,0.833,0.2,0.9,1.1,1.7,0.7,0.5,0.0,0.2,2.0,1.1,7.9,-4.3,12.4,0,0,13.4,433,474,333,521,374,337,297,475,117,140,100,239,263,160,528,498,515,278,379,408,524,445,218,313,290,508,388,284,38,359,1,Tyson,26.0,24,5,19,0.208,15.8,106.0,105.6,105.6,117.2,117.8,117.8,-11.2,-12.2,-12.2,0.17,2.5,18.5,0.013,0.06,0.036,7.4,7.4,0.548,0.588,0.198,0.204,102.04,102.0,85.0,102.0,0.071,805,58,145,2.4,6.0,0.4,433,474,236,521,374,481,484,484,476,475,475,507,512,512,184,124,251,527,552,563,104,108,260,232,173,179,287,274,274,421,399,388,337,297,475,1
1626145,Tyus Jones,Tyus,1610612743,DEN,30.0,67,37,30,0.552,14.6,1.1,3.3,0.349,0.6,2.0,0.292,0.1,0.1,0.778,0.2,1.0,1.1,2.4,0.4,0.6,0.0,0.1,0.5,0.2,3.0,-1.6,9.3,0,0,8.3,147,136,172,244,400,492,441,534,371,345,423,551,555,284,542,494,513,200,494,352,515,492,554,544,493,380,456,284,38,472,3,Tyus,30.0,67,37,30,0.552,14.6,107.1,107.5,107.5,113.7,113.6,113.6,-6.5,-6.1,-6.1,0.222,6.36,39.2,0.011,0.065,0.036,6.2,6.2,0.44,0.448,0.103,0.107,101.27,101.09,84.24,101.09,0.065,2069,76,218,1.1,3.3,0.349,147,136,395,244,400,456,433,433,339,323,323,411,399,399,106,1,10,546,546,562,65,66,516,542,552,556,345,349,349,462,371,339,492,441,534,3
1642845,VJ Edgecombe,VJ,1610612755,PHI,20.0,75,43,32,0.573,35.0,6.0,13.7,0.438,2.0,5.6,0.354,2.0,2.4,0.818,1.6,4.0,5.6,4.2,1.8,1.4,0.5,0.7,2.9,1.9,16.0,0.8,33.1,7,0,31.7,60,75,149,209,12,79,61,358,89,81,243,140,152,204,92,105,91,66,98,34,150,80,36,169,89,196,70,72,38,72,1,VJ,20.0,75,43,32,0.573,35.0,113.7,114.8,114.8,111.9,113.9,113.9,1.8,0.9,0.9,0.172,2.3,20.2,0.044,0.111,0.077,8.8,8.8,0.51,0.54,0.196,0.201,101.83,100.44,83.7,100.44,0.092,5492,451,1030,6.0,13.7,0.438,60,75,424,209,12,185,152,152,260,339,339,204,229,229,180,153,203,238,324,297,189,191,402,404,181,188,305,399,399,261,46,39,79,61,358,1
1641705,Victor Wembanyama,Victor,1610612759,SAS,22.0,64,50,14,0.781,29.2,8.6,16.9,0.512,1.9,5.5,0.349,5.8,7.0,0.827,2.0,9.5,11.5,3.1,2.4,1.0,3.1,0.5,2.4,6.3,25.0,10.7,53.4,42,1,49.7,180,32,397,30,107,17,25,135,100,87,261,14,15,181,61,3,4,132,51,113,1,169,92,7,17,3,3,4,23,3,1,Victor,22.0,64,50,14,0.781,29.2,120.0,120.5,120.5,103.7,103.6,103.6,16.3,17.0,17.0,0.17,1.28,12.2,0.071,0.285,0.186,9.5,9.5,0.569,0.626,0.316,0.326,102.36,102.23,85.19,102.23,0.209,3977,553,1080,8.6,16.9,0.512,180,32,175,30,107,26,31,31,35,41,41,16,17,17,183,435,471,126,4,15,256,254,180,111,10,10,262,255,255,5,21,31,17,25,135,1
1631246,Vince Williams Jr.,Vince,1610612762,UTA,25.0,40,16,24,0.4,20.5,2.6,7.3,0.353,1.4,4.4,0.311,1.0,1.3,0.78,1.0,2.9,3.9,4.2,1.8,0.7,0.4,0.3,2.0,1.3,7.5,0.2,20.0,1,0,19.2,362,348,258,384,280,320,235,530,184,144,385,304,303,279,208,215,214,67,110,247,205,346,203,268,303,239,233,201,38,235,2,Vince,25.0,40,16,24,0.4,20.5,108.8,108.7,108.7,107.7,108.4,108.4,1.0,0.3,0.3,0.281,2.37,30.1,0.044,0.123,0.084,12.7,12.7,0.447,0.478,0.19,0.196,102.61,102.34,85.28,102.34,0.085,1747,103,292,2.6,7.3,0.353,362,348,309,384,280,397,402,402,94,110,110,225,240,240,55,141,46,240,269,256,486,485,510,515,201,207,239,246,246,313,335,291,320,235,530,2
1630249,Vít Krejčí,Vít,1610612757,POR,25.0,65,32,33,0.492,21.4,3.0,6.6,0.448,2.0,5.0,0.39,0.6,0.8,0.745,0.5,1.8,2.3,1.5,0.6,0.7,0.3,0.2,2.1,0.8,8.5,-0.6,15.9,0,0,16.2,166,182,135,328,257,291,270,323,91,110,119,412,419,354,396,374,395,301,394,248,296,465,166,381,262,298,326,284,38,296,2,Vít,25.0,65,32,33,0.492,21.4,109.4,110.0,110.0,111.4,111.1,111.1,-2.0,-1.1,-1.1,0.099,2.44,17.0,0.02,0.081,0.05,7.0,6.9,0.597,0.609,0.142,0.147,103.29,103.2,86.0,103.2,0.068,2991,192,429,3.0,6.6,0.448,166,182,435,328,257,380,363,363,234,215,215,304,283,283,375,131,307,455,483,498,83,82,114,157,422,425,185,183,183,444,221,217,291,270,323,2
1642383,Walter Clayton Jr.,Walter,1610612763,MEM,23.0,69,17,52,0.246,20.4,2.6,6.7,0.384,1.1,3.5,0.307,1.6,1.8,0.901,0.4,1.7,2.0,4.0,1.7,0.6,0.3,0.6,1.7,1.6,7.8,-4.1,17.3,1,0,16.8,118,334,16,493,284,323,262,504,246,205,393,191,226,52,455,396,417,73,124,295,297,142,273,217,293,503,293,201,38,284,2,Walter,23.0,69,17,52,0.246,20.4,110.8,111.7,111.7,121.0,121.2,121.2,-10.2,-9.6,-9.6,0.274,2.41,30.7,0.017,0.081,0.048,12.8,12.8,0.465,0.523,0.181,0.186,103.77,103.23,86.02,103.23,0.073,3036,177,461,2.6,6.7,0.384,118,334,566,493,284,317,290,290,529,534,534,486,469,469,58,138,41,492,482,513,491,489,498,455,238,243,150,179,179,412,244,202,323,262,504,2
1628976,Wendell Carter Jr.,Wendell,1610612753,ORL,27.0,78,43,35,0.551,29.3,4.2,8.2,0.512,0.9,2.9,0.319,2.5,3.2,0.792,2.1,5.3,7.4,2.0,1.3,0.8,0.6,0.6,3.4,2.9,11.8,1.2,26.6,12,0,24.9,28,75,112,245,105,175,200,136,290,270,365,93,96,248,56,43,44,238,198,222,119,149,9,81,167,174,133,47,38,140,1,Wendell,27.0,78,43,35,0.551,29.3,111.7,113.5,113.5,110.3,111.3,111.3,1.4,2.2,2.2,0.095,1.54,15.3,0.07,0.177,0.124,10.0,10.0,0.568,0.617,0.156,0.158,102.92,101.62,84.68,101.62,0.096,4838,326,637,4.2,8.2,0.512,28,75,459,245,105,281,212,212,175,225,225,215,198,198,390,358,360,131,100,98,287,292,182,129,368,383,216,309,309,229,107,121,175,200,136,1
1642954,Will Richard,Will,1610612744,GSW,23.0,69,34,35,0.493,20.0,2.3,5.0,0.468,1.0,3.1,0.335,0.7,0.8,0.852,1.0,1.5,2.5,1.3,0.8,1.2,0.1,0.2,1.9,0.9,6.4,-1.4,14.5,0,0,13.8,118,168,112,327,293,344,352,252,260,250,300,380,421,128,210,413,367,339,358,77,438,441,233,375,345,362,350,284,38,352,1,Will,23.0,69,34,35,0.493,20.0,110.3,110.3,110.3,113.8,113.6,113.6,-3.5,-3.3,-3.3,0.094,1.75,18.1,0.045,0.078,0.061,10.3,10.3,0.571,0.596,0.123,0.129,102.73,102.86,85.72,102.86,0.063,2951,162,346,2.3,5.0,0.468,118,168,459,327,293,336,344,344,346,320,320,342,336,336,398,283,268,232,499,418,320,315,174,199,500,501,230,205,205,466,260,257,344,352,252,1
1642860,Will Riley,Will,1610612764,WAS,20.0,74,16,58,0.216,22.1,3.7,8.4,0.439,1.1,3.3,0.316,1.9,2.4,0.8,0.8,2.1,2.9,2.0,1.3,0.7,0.1,0.4,1.2,1.8,10.3,-6.5,18.0,2,0,17.9,70,348,4,518,244,211,193,355,255,220,374,142,150,229,281,315,320,240,202,244,450,283,416,192,203,547,276,159,38,265,1,Will,20.0,74,16,58,0.216,22.1,107.1,107.3,107.3,121.5,121.4,121.4,-14.4,-14.1,-14.1,0.131,1.55,15.7,0.033,0.097,0.064,10.1,10.0,0.502,0.548,0.196,0.205,103.19,103.18,85.98,103.18,0.08,3514,271,618,3.7,8.4,0.439,70,348,579,518,244,457,441,441,535,536,536,536,533,533,264,354,340,330,379,391,304,296,423,381,179,172,193,186,186,352,143,129,211,193,355,1
1642274,Yves Missi,Yves,1610612740,NOP,22.0,66,19,47,0.288,19.7,2.4,4.5,0.544,0.0,0.0,0.0,0.9,1.5,0.559,2.8,3.1,5.8,1.3,0.8,0.3,1.5,0.4,1.7,1.2,5.7,-0.6,19.3,5,0,16.5,157,316,32,453,302,336,380,92,517,546,517,327,253,517,27,191,79,350,329,476,15,247,277,294,373,302,248,96,38,291,1,Yves,22.0,66,19,47,0.288,19.7,111.9,112.7,112.7,113.2,114.1,114.1,-1.3,-1.3,-1.3,0.087,1.56,17.6,0.128,0.147,0.137,11.3,11.3,0.544,0.556,0.122,0.126,101.45,100.7,83.91,100.7,0.087,2719,160,294,2.4,4.5,0.544,157,316,548,453,302,269,245,245,318,346,346,291,287,287,426,351,277,31,170,75,419,414,276,357,504,508,334,379,379,298,263,288,336,380,92,1
1642258,Zaccharie Risacher,Zaccharie,1610612737,ATL,21.0,67,39,28,0.582,22.4,3.6,8.0,0.455,1.4,3.9,0.368,0.9,1.3,0.644,1.1,2.8,3.8,1.1,0.9,0.9,0.5,0.4,2.2,1.1,9.6,-0.2,19.3,0,0,18.8,147,118,205,198,235,214,206,296,177,181,193,326,289,480,180,228,218,375,311,177,138,210,146,315,224,282,249,284,38,246,1,Zaccharie,21.0,67,39,28,0.582,22.4,111.8,112.8,112.8,112.2,112.6,112.6,-0.4,0.2,0.2,0.068,1.31,10.7,0.044,0.121,0.081,8.2,8.2,0.544,0.557,0.168,0.173,105.97,105.34,87.78,105.34,0.07,3289,244,536,3.6,8.0,0.455,147,118,364,198,235,273,241,241,271,272,272,265,247,247,511,428,516,239,275,274,153,154,278,355,300,312,49,70,70,427,167,163,214,206,296,1
203897,Zach LaVine,Zach,1610612758,SAC,31.0,39,9,30,0.231,31.4,6.7,14.0,0.479,2.5,6.5,0.39,3.2,3.6,0.88,0.2,2.6,2.8,2.3,1.9,0.7,0.3,0.6,2.1,2.5,19.2,-7.9,27.0,0,0,28.7,368,432,172,507,59,58,56,216,44,48,121,66,75,81,530,253,329,206,88,255,312,111,185,119,53,566,128,284,38,103,1,Zach,31.0,39,9,30,0.231,31.4,108.3,109.3,109.3,119.9,121.9,121.9,-11.6,-12.6,-12.6,0.111,1.2,11.5,0.006,0.083,0.044,9.6,9.6,0.569,0.614,0.234,0.24,101.71,100.47,83.72,100.47,0.096,2568,262,547,6.7,14.0,0.479,368,432,395,507,59,414,386,386,519,540,540,515,516,516,323,459,488,562,472,537,263,264,177,137,85,87,311,396,396,233,149,156,58,56,216,1
1630192,Zeke Nnaji,Zeke,1610612743,DEN,25.0,52,38,14,0.731,12.0,1.4,2.9,0.47,0.3,1.0,0.259,0.7,0.8,0.773,0.6,2.0,2.6,0.6,0.5,0.3,0.5,0.3,1.4,0.8,3.7,-2.1,9.5,2,0,8.7,286,128,397,66,442,459,466,246,453,453,452,389,397,297,332,341,348,496,438,470,174,308,376,402,465,407,451,159,38,463,1,Zeke,25.0,52,38,14,0.731,12.0,107.1,107.1,107.1,114.3,113.7,113.7,-7.1,-6.6,-6.6,0.069,1.07,12.8,0.053,0.147,0.103,11.9,11.9,0.517,0.558,0.136,0.141,99.08,99.34,82.78,99.34,0.07,1285,71,151,1.4,2.9,0.47,286,128,175,66,442,458,453,453,367,328,328,428,413,413,506,484,444,192,171,165,450,453,386,353,457,456,473,462,462,429,377,385,459,466,246,1
1630533,Ziaire Williams,Ziaire,1610612751,BKN,24.0,56,13,43,0.232,22.9,3.3,7.7,0.425,1.5,4.5,0.343,2.1,2.5,0.85,0.5,1.9,2.4,1.1,1.1,1.4,0.4,0.4,2.1,2.1,10.2,-5.0,18.9,0,0,18.7,247,384,51,505,224,245,215,400,149,141,279,121,136,132,366,356,380,380,248,46,227,277,187,155,205,526,255,284,38,247,1,Ziaire,24.0,56,13,43,0.232,22.9,101.9,103.1,103.1,111.9,113.2,113.2,-10.0,-10.1,-10.1,0.076,1.02,9.9,0.022,0.084,0.052,9.7,9.6,0.524,0.579,0.179,0.186,101.6,100.4,83.67,100.4,0.079,2675,184,433,3.3,7.7,0.425,247,384,527,505,224,536,514,514,257,301,301,482,481,481,477,494,536,437,464,485,271,268,359,264,249,248,325,405,405,360,231,216,245,215,400,1
1629627,Zion Williamson,Zion,1610612740,NOP,25.0,62,22,40,0.355,29.7,7.8,13.0,0.6,0.0,0.1,0.25,5.4,7.5,0.716,2.0,3.7,5.7,3.2,2.0,1.0,0.5,1.3,2.3,5.2,21.0,-1.3,35.2,6,0,33.0,201,277,69,407,96,28,77,56,513,538,458,19,10,398,62,138,87,126,79,137,136,3,128,15,33,357,52,84,38,64,1,Zion,25.0,62,22,40,0.355,29.7,112.4,113.0,113.0,115.0,114.9,114.9,-2.5,-1.9,-1.9,0.174,1.58,14.9,0.064,0.116,0.09,9.4,9.4,0.6,0.644,0.25,0.256,103.8,103.58,86.32,103.58,0.141,3970,484,807,7.8,13.0,0.6,201,277,508,407,96,241,237,237,401,383,383,313,297,297,175,337,379,151,303,229,252,248,97,75,64,65,148,158,158,47,39,71,28,77,56,1
