PLAYER_ID,PLAYER_NAME,NICKNAME,TEAM_ID,TEAM_ABBREVIATION,AGE,GP,W,L,W_PCT,MIN,FGM,FGA,FG_PCT,FG3M,FG3A,FG3_PCT,FTM,FTA,FT_PCT,OREB,DREB,REB,AST,TOV,STL,BLK,BLKA,PF,PFD,PTS,PLUS_MINUS,NBA_FANTASY_PTS,DD2,TD3,WNBA_FANTASY_PTS,GP_RANK,W_RANK,L_RANK,W_PCT_RANK,MIN_RANK,FGM_RANK,FGA_RANK,FG_PCT_RANK,FG3M_RANK,FG3A_RANK,FG3_PCT_RANK,FTM_RANK,FTA_RANK,FT_PCT_RANK,OREB_RANK,DREB_RANK,REB_RANK,AST_RANK,TOV_RANK,STL_RANK,BLK_RANK,BLKA_RANK,PF_RANK,PFD_RANK,PTS_RANK,PLUS_MINUS_RANK,NBA_FANTASY_PTS_RANK,DD2_RANK,TD3_RANK,WNBA_FANTASY_PTS_RANK,TEAM_COUNT,PLAYER_NAME_adv,NICKNAME_adv,TEAM_ID_adv,TEAM_ABBREVIATION_adv,AGE_adv,GP_adv,W_adv,L_adv,W_PCT_adv,MIN_adv,E_OFF_RATING,OFF_RATING,sp_work_OFF_RATING,E_DEF_RATING,DEF_RATING,sp_work_DEF_RATING,E_NET_RATING,NET_RATING,sp_work_NET_RATING,AST_PCT,AST_TO,AST_RATIO,OREB_PCT,DREB_PCT,REB_PCT,TM_TOV_PCT,E_TOV_PCT,EFG_PCT,TS_PCT,USG_PCT,E_USG_PCT,E_PACE,PACE,PACE_PER40,sp_work_PACE,PIE,POSS,FGM_adv,FGA_adv,FGM_PG,FGA_PG,FG_PCT_adv,GP_RANK_adv,W_RANK_adv,L_RANK_adv,W_PCT_RANK_adv,MIN_RANK_adv,E_OFF_RATING_RANK,OFF_RATING_RANK,sp_work_OFF_RATING_RANK,E_DEF_RATING_RANK,DEF_RATING_RANK,sp_work_DEF_RATING_RANK,E_NET_RATING_RANK,NET_RATING_RANK,sp_work_NET_RATING_RANK,AST_PCT_RANK,AST_TO_RANK,AST_RATIO_RANK,OREB_PCT_RANK,DREB_PCT_RANK,REB_PCT_RANK,TM_TOV_PCT_RANK,E_TOV_PCT_RANK,EFG_PCT_RANK,TS_PCT_RANK,USG_PCT_RANK,E_USG_PCT_RANK,E_PACE_RANK,PACE_RANK,sp_work_PACE_RANK,PIE_RANK,FGM_RANK_adv,FGA_RANK_adv,FGM_PG_RANK,FGA_PG_RANK,FG_PCT_RANK_adv,TEAM_COUNT_adv,VOLUME_SCORE,FG3A_RATE,FTA_RATE,EXPECTED_TS,TS_ABOVE_EXPECTED,TS_PCT_SCALED,TS_ABOVE_EXPECTED_SCALED,EFFICIENCY_SCORE,AVG_SHOT_DISTANCE,PCT_PULLUP,PCT_LATE_CLOCK,PCT_MIDRANGE,PCT_RESTRICTED_HARD,PCT_RESTRICTED_EASY,TOTAL_SHOTS_x,SHOT_DIFFICULTY_SCORE,TS_X_DIFFICULTY,TS_X_DIFFICULTY_SCALED,EFFICIENCY_SCORE_SCALED,DIFFICULTY_ADJ_EFFICIENCY,FG_PCT_EARLY_GAME,FG_PCT_LATE_GAME,FG_PCT_CLUTCH,FG_PCT_BLOWOUT,FG_PCT_HOME,FG_PCT_AWAY,FG_PCT_EARLY_CLOCK,FG_PCT_LATE_CLOCK,AVG_REST_DAYS,CLUTCH_ATTEMPTS,TOTAL_SHOTS_y,CLUTCH_VS_BLOWOUT,LATE_VS_EARLY,HOME_AWAY_CONSISTENCY,CLOCK_DISCIPLINE,CONTEXT_SCORE,VS_PLAYER_ID,NET_RATING_IMPACT,OFF_RATING_IMPACT,NET_RATING_ON,NET_RATING_OFF,INDEPENDENCE_SCORE
1630639,A.J. Lawson,A.J.,1610612761,TOR,25.0,7,3,4,0.429,7.2,0.6,2.3,0.25,0.3,1.1,0.25,0.3,0.3,1.0,0.0,0.4,0.4,0.6,0.3,0.0,0.3,0.3,1.1,0.6,1.7,1.0,3.7,0,0,3.6,89,88,62,95,163,184,158,198,149,143,136,162,176,1,191,191,200,144,168,182,98,106,143,148,181,60,189,49,5,189,1,A.J. Lawson,A.J.,1610612761,TOR,25.0,7,3,4,0.429,7.2,113.4,116.5,116.5,109.6,110.8,110.8,3.8,5.7,5.7,0.108,2.0,17.4,0.0,0.068,0.033,8.7,8.7,0.313,0.355,0.157,0.162,99.08,97.2,81.0,97.2,-0.011,103,4,16,0.6,2.3,0.25,89,88,77,95,163,46,27,27,128,132,132,61,59,59,126,62,100,191,182,204,104,104,199,200,133,137,90,140,140,214,164,148,184,158,198,1,15.7,0.4782608695652174,0.1304347826086956,0.5210886223503476,-0.1660886223503476,0.3813104189044038,0.3705357421275573,37.7,13.125,0.0,0.0,0.0,0.4375,0.0,16,43.8,0.1554899999999999,0.3073556620333032,0.377,34.2,0.0,0.0,,0.0,0.1666666666666666,0.5,0.25,,2.4375,0,16,0.0,0.0,0.6666666666666666,0.0,43.4,1630639,7.800000000000001,6.200000000000003,5.7,-2.1,66.5
203932,Aaron Gordon,Aaron,1610612743,DEN,30.0,3,1,2,0.333,29.8,4.0,10.0,0.4,1.0,4.7,0.214,2.3,3.3,0.7,1.3,4.0,5.3,2.3,0.3,0.0,0.3,0.3,3.0,3.3,11.3,0.0,21.9,0,0,20.7,196,163,183,138,68,66,58,143,82,50,152,51,43,120,46,46,51,63,161,182,88,94,32,43,68,89,80,49,5,86,1,Aaron Gordon,Aaron,1610612743,DEN,30.0,3,1,2,0.333,29.8,108.0,110.5,110.5,109.6,110.5,110.5,-1.5,0.0,0.0,0.109,7.0,16.3,0.04,0.125,0.082,2.3,2.4,0.45,0.494,0.175,0.172,103.71,102.09,85.07,102.09,0.064,190,12,30,4.0,10.0,0.4,196,163,26,138,68,94,80,80,127,130,130,96,92,92,123,2,114,103,91,105,32,32,159,160,102,121,9,44,44,159,125,124,66,58,143,1,41.3,0.47,0.3299999999999999,0.5448098256791631,-0.0508098256791631,0.5306122448979592,0.5021454134878167,51.9,15.066666666666666,0.2333333333333333,0.0,0.1333333333333333,0.1,0.0333333333333333,30,49.9,0.246506,0.4872661574711008,0.519,50.3,0.2631578947368421,0.6666666666666666,0.5,,0.4210526315789473,0.3636363636363636,0.3793103448275862,,2.333333333333333,2,30,0.0,0.4035087719298245,0.9425837320574164,0.0,67.0,203932,6.4,3.5999999999999943,0.0,-6.4,61.7
1628988,Aaron Holiday,Aaron,1610612745,HOU,29.0,6,2,4,0.333,11.1,1.0,3.7,0.273,0.7,2.5,0.267,0.0,0.0,0.0,0.0,0.3,0.3,0.5,0.5,0.3,0.2,0.2,1.0,0.3,2.7,0.2,4.8,0,0,5.2,119,128,62,138,139,150,126,197,110,100,129,184,187,184,191,195,205,151,139,133,127,127,147,173,159,86,173,49,5,164,1,Aaron Holiday,Aaron,1610612745,HOU,29.0,6,2,4,0.333,11.1,96.3,100.8,100.8,98.1,97.8,97.8,-1.8,3.0,3.0,0.077,1.0,10.7,0.0,0.029,0.014,10.7,10.7,0.364,0.364,0.155,0.164,97.31,95.33,79.44,95.33,-0.008,131,6,22,1.0,3.7,0.273,119,128,77,138,139,190,164,164,36,41,41,98,72,72,152,135,154,191,208,215,132,133,189,199,137,132,137,185,185,212,151,137,150,126,197,1,18.3,0.6756756756756757,0.0,0.4972855149895215,-0.1332855149895215,0.3909774436090225,0.4079858743636511,39.8,18.09090909090909,0.1363636363636363,0.0,0.0,0.1363636363636363,0.0,22,44.0,0.16016,0.3165868083558676,0.3979999999999999,35.7,0.0833333333333333,0.3333333333333333,,1.0,0.4,0.1666666666666666,0.2727272727272727,,2.590909090909091,0,22,0.0,0.25,0.7666666666666666,0.0,55.0,1628988,5.4,-4.900000000000006,3.0,-2.4,57.5
1630598,Aaron Wiggins,Aaron,1610612760,OKC,27.0,13,10,3,0.769,5.8,0.7,1.9,0.36,0.1,0.7,0.111,0.0,0.0,0.0,0.1,0.3,0.4,0.4,0.3,0.1,0.1,0.2,0.3,0.1,1.5,0.0,2.7,0,0,2.6,44,29,155,22,173,170,172,167,167,169,165,184,187,184,190,201,203,170,167,180,148,116,195,199,191,89,200,49,5,199,1,Aaron Wiggins,Aaron,1610612760,OKC,27.0,13,10,3,0.769,5.8,108.3,103.8,103.8,109.2,107.9,107.9,-0.8,-4.1,-4.1,0.104,1.25,14.7,0.013,0.056,0.034,11.8,11.8,0.38,0.38,0.163,0.177,95.51,98.14,81.79,98.14,0.02,157,9,25,0.7,1.9,0.36,44,29,49,22,173,88,141,141,119,107,107,88,130,130,130,121,122,178,195,202,154,155,183,195,121,111,183,115,115,201,138,131,170,172,167,1,16.7,0.3684210526315789,0.0,0.5085264019428157,-0.1285264019428157,0.4081632653061224,0.4134191831951948,41.0,14.24,0.44,0.04,0.28,0.16,0.0,25,72.5,0.2754999999999999,0.544578332305454,0.41,47.7,0.1666666666666666,0.4545454545454545,,0.3888888888888889,0.1428571428571428,0.4444444444444444,0.375,0.0,3.2,0,25,0.0,0.2878787878787878,0.6984126984126984,0.375,61.8,1630598,-11.899999999999999,-14.799999999999997,-4.1,7.8,35.2
1641737,Adem Bona,Adem,1610612755,PHI,23.0,10,3,7,0.3,9.6,0.8,1.6,0.5,0.0,0.0,0.0,1.0,1.6,0.625,1.1,1.0,2.1,0.1,1.1,0.1,0.7,0.3,2.3,1.3,2.6,0.3,6.6,0,0,6.4,63,88,19,173,147,163,179,51,170,198,170,92,84,137,67,145,126,199,73,176,47,103,78,101,162,82,151,49,5,153,1,Adem Bona,Adem,1610612755,PHI,23.0,10,3,7,0.3,9.6,104.8,108.4,108.4,105.7,106.8,106.8,-0.9,1.6,1.6,0.015,0.09,2.8,0.107,0.096,0.101,30.6,31.4,0.5,0.564,0.158,0.156,97.58,95.4,79.5,95.4,-0.003,190,8,16,0.8,1.6,0.5,63,88,197,173,147,126,95,95,89,99,99,90,84,84,199,182,198,25,142,72,216,218,111,91,132,151,127,184,184,210,143,148,163,179,51,1,18.5,0.0,1.0,0.6483055024858947,-0.0843055024858947,0.6058002148227711,0.4639045995322583,54.9,3.0625,0.125,0.0,0.0,0.3125,0.0625,16,30.4,0.1714559999999999,0.3389155083258218,0.549,44.4,0.4444444444444444,1.0,,0.7142857142857143,0.7777777777777778,0.1428571428571428,0.5,,2.5,0,16,0.0,0.5555555555555556,0.3650793650793651,0.0,47.0,1641737,14.0,0.10000000000000853,1.6,-12.4,66.6
1642876,Adou Thiero,Adou,1610612747,LAL,22.0,6,1,5,0.167,5.6,0.5,1.0,0.5,0.0,0.3,0.0,0.5,1.0,0.5,0.8,1.2,2.0,0.2,0.7,0.0,0.0,0.0,0.8,0.7,1.5,-0.7,3.5,0,0,3.7,119,163,51,193,178,188,194,51,170,182,170,130,115,152,94,143,127,192,111,182,154,158,161,137,187,119,190,49,5,188,1,Adou Thiero,Adou,1610612747,LAL,22.0,6,1,5,0.167,5.6,111.4,111.4,111.4,135.2,126.2,126.2,-23.8,-14.7,-14.7,0.045,0.25,7.7,0.147,0.2,0.174,30.8,29.3,0.5,0.521,0.141,0.154,93.48,96.6,80.5,96.6,0.033,70,3,6,0.5,1.0,0.5,119,163,170,193,178,63,70,70,224,221,221,217,186,186,184,179,179,12,31,15,217,216,111,137,161,155,204,154,154,194,176,186,188,194,51,1,11.7,0.3,1.0,0.6381230429626018,-0.1171230429626017,0.5596133190118153,0.4264379895249468,50.6,8.833333333333334,0.0,0.0,0.0,0.3333333333333333,0.3333333333333333,6,28.2,0.146922,0.2904193747331467,0.506,39.8,0.0,1.0,,0.5,0.25,1.0,0.5,,2.0,0,6,0.0,1.0,0.25,0.0,55.2,1642876,-10.2,3.9000000000000057,-14.7,-4.5,42.3
1642349,Ajay Mitchell,Ajay,1610612760,OKC,23.0,11,10,1,0.909,28.8,5.7,12.5,0.46,1.2,3.6,0.325,2.5,2.7,0.9,1.2,2.5,3.7,4.3,1.4,1.5,0.1,0.5,1.8,3.2,15.1,13.7,29.5,1,0,27.5,54,29,206,6,74,41,40,90,73,73,101,47,57,34,60,86,82,29,62,19,145,68,110,45,43,2,44,32,5,49,1,Ajay Mitchell,Ajay,1610612760,OKC,23.0,11,10,1,0.909,28.8,125.3,125.7,125.7,102.6,103.0,103.0,22.7,22.7,22.7,0.194,3.13,22.2,0.046,0.094,0.071,7.1,7.1,0.507,0.553,0.223,0.231,97.39,97.07,80.9,97.07,0.122,643,63,137,5.7,12.5,0.46,54,29,6,6,74,7,4,4,67,69,69,15,20,20,60,21,58,92,147,131,71,71,104,107,54,52,132,144,144,55,28,30,41,40,90,1,52.7,0.288,0.216,0.5334800746650362,0.0195199253349638,0.5939849624060151,0.5824383700860687,58.9,12.116788321167885,0.3430656934306569,0.0145985401459854,0.1386861313868613,0.1897810218978102,0.0,137,57.3,0.316869,0.6263520565491723,0.589,60.8,0.5,0.2307692307692307,0.4285714285714285,0.5416666666666666,0.4666666666666667,0.4545454545454545,0.4626865671641791,0.0,3.167883211678832,7,137,-0.113095238095238,-0.2692307692307692,0.9878787878787878,0.4626865671641791,53.6,1642349,27.7,16.900000000000006,22.7,-5.0,95.4
1627936,Alex Caruso,Alex,1610612760,OKC,32.0,15,11,4,0.733,23.5,3.7,7.7,0.478,2.2,4.9,0.446,1.5,1.8,0.815,0.4,2.6,3.0,2.1,0.9,1.4,0.5,0.1,2.1,1.5,11.0,8.1,22.4,0,0,22.0,29,21,62,26,88,79,82,75,26,49,32,75,80,71,144,84,102,77,90,24,68,142,90,94,72,10,77,49,5,77,1,Alex Caruso,Alex,1610612760,OKC,32.0,15,11,4,0.733,23.5,121.1,120.1,120.1,103.5,103.7,103.7,17.6,16.4,16.4,0.128,2.21,17.9,0.017,0.111,0.064,8.1,8.1,0.622,0.65,0.17,0.176,98.53,98.84,82.37,98.84,0.111,727,55,115,3.7,7.7,0.478,29,21,77,26,88,11,16,16,69,78,78,23,27,27,104,56,93,160,118,148,94,95,44,42,111,114,108,97,97,72,41,41,79,82,75,1,36.0,0.6363636363636364,0.2337662337662337,0.5267479336319735,0.1232520663680265,0.6981740064446832,0.7008656384570093,69.9,17.008695652173913,0.1478260869565217,0.017391304347826,0.0347826086956521,0.1304347826086956,0.0,115,45.6,0.2964,0.5858911713079368,0.6990000000000001,64.2,0.5079365079365079,0.4615384615384615,,0.4117647058823529,0.4507042253521127,0.5227272727272727,0.4867256637168141,0.0,3.252173913043478,0,115,0.0,-0.0463980463980463,0.92797695262484,0.4867256637168141,64.3,1627936,21.099999999999998,10.0,16.4,-4.7,83.8
1630578,Alperen Sengun,Alperen,1610612745,HOU,23.0,6,2,4,0.333,38.7,7.7,16.5,0.465,0.2,1.3,0.125,4.8,7.0,0.69,3.5,6.7,10.2,4.7,3.0,1.8,1.3,1.5,3.5,7.2,20.3,-0.5,46.0,3,0,41.7,119,128,62,138,11,18,18,83,162,133,164,15,11,122,2,8,5,25,19,13,11,7,14,3,22,111,7,9,5,9,1,Alperen Sengun,Alperen,1610612745,HOU,23.0,6,2,4,0.333,38.7,99.5,103.5,103.5,105.3,104.9,104.9,-5.8,-1.4,-1.4,0.226,1.56,17.3,0.08,0.203,0.132,11.1,11.0,0.47,0.519,0.247,0.253,95.57,93.85,78.2,93.85,0.145,455,46,99,7.7,16.5,0.465,119,128,77,138,11,179,146,146,85,86,86,138,104,104,45,101,101,39,30,38,137,137,148,139,36,42,180,210,210,33,47,48,18,18,83,1,70.4,0.0787878787878788,0.4242424242424242,0.5655718068459369,-0.0465718068459368,0.5574650912996778,0.5069838077282636,53.7,7.222222222222222,0.3333333333333333,0.0303030303030303,0.0303030303030303,0.2222222222222222,0.0707070707070707,99,45.7,0.237183,0.4688374685706153,0.537,50.3,0.4468085106382978,0.6666666666666666,0.6666666666666666,0.4166666666666667,0.5098039215686274,0.4166666666666667,0.4736842105263157,0.3333333333333333,2.757575757575758,9,99,0.2499999999999999,0.2198581560283687,0.9068627450980392,0.1403508771929824,76.8,1630578,4.199999999999999,2.700000000000003,-1.4,-5.6,58.8
1641708,Amen Thompson,Amen,1610612745,HOU,23.0,6,2,4,0.333,44.1,7.0,14.3,0.488,0.3,1.3,0.25,4.8,6.8,0.707,2.5,4.5,7.0,5.7,2.5,2.0,1.2,2.5,3.2,5.3,19.2,1.2,43.1,1,0,38.5,119,128,62,138,1,22,30,68,143,133,136,15,14,116,14,36,25,14,27,7,14,2,26,16,26,58,10,32,5,16,1,Amen Thompson,Amen,1610612745,HOU,23.0,6,2,4,0.333,44.1,102.6,105.5,105.5,103.7,103.1,103.1,-1.1,2.4,2.4,0.231,2.27,22.2,0.052,0.114,0.08,9.8,9.8,0.5,0.553,0.197,0.201,94.09,93.02,77.52,93.02,0.125,510,42,86,7.0,14.3,0.488,119,128,77,138,1,147,124,124,72,70,70,91,78,78,43,53,53,78,112,111,120,120,111,106,74,87,200,216,216,53,54,62,22,30,68,1,61.9,0.0909090909090909,0.4755244755244754,0.575828569005967,-0.0228285690059669,0.5939849624060151,0.5340906115758094,57.0,8.209302325581396,0.2209302325581395,0.0348837209302325,0.127906976744186,0.2674418604651162,0.0465116279069767,86,48.9,0.270417,0.534530812657147,0.5700000000000001,55.2,0.4390243902439024,0.4,0.6666666666666666,0.5,0.5681818181818182,0.4047619047619047,0.4938271604938271,0.0,2.6511627906976742,3,86,0.1666666666666666,-0.0390243902439024,0.8365800865800865,0.4938271604938271,69.7,1641708,32.6,17.0,2.4,-30.2,91.1
203083,Andre Drummond,Andre,1610612755,PHI,32.0,11,4,7,0.364,12.9,1.5,2.1,0.696,0.4,0.7,0.5,0.6,0.9,0.7,1.1,3.2,4.3,0.6,0.8,0.4,0.2,0.2,2.5,1.1,3.9,-3.4,10.8,0,0,10.3,54,69,19,132,128,136,162,12,142,167,16,128,125,120,68,73,66,141,97,131,125,125,69,112,138,176,124,49,5,125,1,Andre Drummond,Andre,1610612755,PHI,32.0,11,4,7,0.364,12.9,111.7,112.4,112.4,126.2,126.3,126.3,-14.5,-14.0,-14.0,0.071,0.78,15.9,0.088,0.276,0.179,20.5,20.7,0.783,0.785,0.112,0.116,95.82,95.5,79.59,95.5,0.089,283,16,23,1.5,2.1,0.696,54,69,197,132,128,60,61,61,214,223,223,183,182,182,157,156,116,36,9,13,208,208,13,15,202,201,173,180,180,103,111,135,136,162,12,1,13.2,0.3333333333333333,0.4285714285714285,0.5678793518193734,0.2171206481806266,0.8431793770139635,0.8080320347080727,82.9,9.130434782608695,0.0,0.0,0.0,0.0434782608695652,0.3043478260869565,23,16.0,0.1256,0.2482723721871689,0.8290000000000001,53.9,0.6923076923076923,1.0,,0.375,0.6153846153846154,0.8,0.6956521739130435,,2.347826086956522,0,23,0.0,0.3076923076923077,0.8153846153846154,0.0,58.8,203083,-4.6,7.1000000000000085,-14.0,-9.4,48.9
1641710,Anthony Black,Anthony,1610612753,ORL,22.0,7,3,4,0.429,27.9,2.9,7.7,0.37,1.0,3.1,0.318,1.9,3.0,0.619,0.3,2.9,3.1,1.4,0.7,2.1,0.7,1.0,2.7,1.9,8.6,-8.7,22.3,0,0,19.9,89,88,62,95,77,95,81,162,82,85,102,61,51,141,165,79,99,95,106,5,45,21,50,77,90,211,78,49,5,88,1,Anthony Black,Anthony,1610612753,ORL,22.0,7,3,4,0.429,27.9,91.7,95.4,95.4,109.8,112.7,112.7,-18.1,-17.3,-17.3,0.097,2.0,12.8,0.008,0.106,0.051,6.4,6.4,0.435,0.474,0.144,0.15,98.67,95.48,79.57,95.48,0.068,392,20,54,2.9,7.7,0.37,89,88,77,95,77,207,189,189,130,159,159,200,193,193,133,62,135,187,129,180,59,59,162,167,158,160,103,181,181,147,101,96,95,81,162,1,33.5,0.4025974025974026,0.3896103896103896,0.5575563040728378,-0.0835563040728378,0.5091299677765843,0.4647599325143269,49.1,14.12962962962963,0.2222222222222222,0.037037037037037,0.0925925925925925,0.0925925925925925,0.0185185185185185,54,47.7,0.226098,0.4469258503724085,0.491,46.9,0.3793103448275862,0.4,,0.3333333333333333,0.4054054054054054,0.2941176470588235,0.3846153846153846,0.0,2.351851851851852,0,54,0.0,0.0206896551724138,0.8887122416534181,0.3846153846153846,62.2,1641710,-26.0,-11.899999999999991,-17.3,8.7,19.9
1630162,Anthony Edwards,Anthony,1610612750,MIN,24.0,10,5,5,0.5,32.4,7.7,18.0,0.428,2.0,6.3,0.317,4.2,5.1,0.824,0.5,5.2,5.7,2.7,2.5,0.5,0.7,1.0,2.9,3.6,21.6,-8.0,33.6,2,0,34.4,63,65,51,53,51,17,14,121,30,24,103,22,27,67,121,24,45,52,27,98,47,21,41,35,20,210,31,20,5,29,1,Anthony Edwards,Anthony,1610612750,MIN,24.0,10,5,5,0.5,32.4,101.7,102.9,102.9,113.9,114.3,114.3,-12.2,-11.4,-11.4,0.145,1.08,10.6,0.013,0.151,0.079,9.8,9.8,0.483,0.533,0.287,0.294,103.24,102.47,85.39,102.47,0.109,692,77,180,7.7,18.0,0.428,63,65,170,53,51,158,151,151,170,174,174,175,172,172,89,133,156,176,67,115,121,122,139,126,19,20,13,38,38,77,22,15,17,14,121,1,74.2,0.35,0.2833333333333333,0.5339686104397858,-0.0009686104397857,0.5725026852846402,0.5590473429602474,56.7,14.28888888888889,0.5277777777777778,0.0166666666666666,0.2666666666666666,0.2111111111111111,0.0111111111111111,180,77.4,0.412542,0.8154680013283363,0.5670000000000001,69.1,0.4444444444444444,0.3076923076923077,0.631578947368421,0.3846153846153846,0.422680412371134,0.4337349397590361,0.4293785310734463,0.3333333333333333,2.477777777777778,19,180,0.2469635627530363,-0.1367521367521367,0.988945472612098,0.096045197740113,68.6,1630162,-14.3,-8.5,-11.4,2.9,33.7
1630574,Ariel Hukporti,Ariel,1610612752,NYK,24.0,8,8,0,1.0,8.8,0.6,1.4,0.455,0.0,0.1,0.0,0.9,1.9,0.467,1.6,2.3,3.9,0.3,0.6,0.3,0.6,0.1,2.1,1.3,2.1,0.9,9.2,0,0,8.0,84,32,226,1,155,180,186,97,170,192,170,105,76,173,32,98,79,181,121,147,55,143,89,103,168,62,133,49,5,136,1,Ariel Hukporti,Ariel,1610612752,NYK,24.0,8,8,0,1.0,8.8,118.0,115.6,115.6,111.7,111.0,111.0,6.3,4.5,4.5,0.036,0.4,8.0,0.181,0.265,0.221,20.0,20.3,0.455,0.483,0.124,0.129,103.66,105.07,87.56,105.07,0.042,154,5,11,0.6,1.4,0.455,84,32,1,1,155,20,32,32,158,137,137,51,64,64,189,176,177,5,10,2,205,206,158,163,190,187,10,17,17,189,158,167,180,186,97,1,12.9,0.0714285714285714,1.3571428571428572,0.693123579262035,-0.210123579262035,0.518796992481203,0.3202626097314848,43.9,4.090909090909091,0.0,0.0,0.0,0.3636363636363636,0.2727272727272727,11,24.2,0.1168859999999999,0.2310474880212533,0.439,33.5,0.3333333333333333,0.75,,0.5714285714285714,0.6,0.3333333333333333,0.4545454545454545,,2.363636363636364,0,11,0.0,0.4166666666666667,0.7333333333333334,0.0,58.5,1630574,-13.7,-5.900000000000006,4.5,18.2,42.0
1641709,Ausar Thompson,Ausar,1610612765,DET,23.0,14,7,7,0.5,30.5,3.5,6.9,0.505,0.1,0.5,0.143,1.1,2.2,0.516,3.2,4.6,7.9,3.1,1.6,2.0,1.8,0.6,2.9,1.9,8.2,0.3,32.1,0,0,26.9,38,45,19,53,65,83,89,48,168,173,163,87,66,151,6,34,16,42,47,7,2,66,39,75,92,84,38,49,5,52,1,Ausar Thompson,Ausar,1610612765,DET,23.0,14,7,7,0.5,30.5,107.3,108.0,108.0,103.7,105.5,105.5,3.6,2.5,2.5,0.16,1.91,24.7,0.104,0.147,0.126,12.9,12.9,0.51,0.52,0.136,0.138,96.27,95.17,79.31,95.17,0.109,839,49,97,3.5,6.9,0.505,38,45,197,53,65,101,101,101,73,91,91,62,75,75,76,81,41,27,68,43,167,167,101,138,168,172,162,188,188,76,44,52,83,89,48,1,33.0,0.072463768115942,0.3188405797101449,0.5622173234626463,-0.0422173234626462,0.5585392051557465,0.5119551653722303,54.0,5.329896907216495,0.1546391752577319,0.0,0.0515463917525773,0.1752577319587628,0.1958762886597938,97,29.4,0.15288,0.3021964988851463,0.54,42.1,0.55,0.3333333333333333,0.0,0.5555555555555556,0.5283018867924528,0.4772727272727273,0.5,,2.268041237113402,1,97,-0.5555555555555556,-0.2166666666666667,0.9489708404802744,0.0,19.1,1641709,-0.6000000000000001,-1.5,2.5,3.1,54.2
1630559,Austin Reaves,Austin,1610612747,LAL,28.0,6,1,5,0.167,36.8,6.2,15.2,0.407,1.5,5.8,0.257,6.2,7.2,0.86,0.5,3.5,4.0,5.8,4.5,0.0,1.2,1.3,3.5,5.8,20.0,-10.2,32.6,0,0,33.7,119,163,51,193,20,34,27,139,56,32,134,10,9,49,121,60,70,13,4,182,14,14,14,12,23,218,35,49,5,31,1,Austin Reaves,Austin,1610612747,LAL,28.0,6,1,5,0.167,36.8,105.8,107.6,107.6,120.3,121.3,121.3,-14.5,-13.7,-13.7,0.255,1.3,20.8,0.014,0.108,0.059,16.1,15.7,0.456,0.546,0.265,0.279,95.91,94.73,78.94,94.73,0.083,435,37,91,6.2,15.2,0.407,119,163,170,193,20,120,107,107,202,204,204,182,178,178,28,120,64,171,125,156,191,189,156,117,28,24,171,196,196,117,63,58,34,27,139,1,70.6,0.3815789473684211,0.4736842105263158,0.558442656068793,-0.0124426560687929,0.5864661654135339,0.5459478362164915,57.0,13.692307692307692,0.3626373626373626,0.0549450549450549,0.0549450549450549,0.2087912087912088,0.0109890109890109,91,58.7,0.320502,0.6335333744485034,0.5700000000000001,60.2,0.425531914893617,0.3333333333333333,0.4,0.4444444444444444,0.3777777777777777,0.4347826086956521,0.4457831325301205,0.0,2.527472527472528,5,91,-0.0444444444444444,-0.0921985815602837,0.9429951690821256,0.4457831325301205,60.2,1630559,-14.2,1.2999999999999972,-13.7,0.5,38.1
1630245,Ayo Dosunmu,Ayo,1610612750,MIN,26.0,10,4,6,0.4,29.2,5.7,11.4,0.5,1.7,4.0,0.425,2.5,2.7,0.926,0.7,2.9,3.6,4.1,1.5,0.9,0.4,0.7,2.8,1.6,15.6,-7.0,28.5,0,0,27.6,63,69,35,122,72,43,50,51,48,62,38,44,59,29,104,77,84,31,52,63,79,51,44,89,42,202,51,49,5,48,1,Ayo Dosunmu,Ayo,1610612750,MIN,26.0,10,4,6,0.4,29.2,106.2,107.8,107.8,118.2,118.7,118.7,-12.0,-11.0,-11.0,0.222,2.73,22.5,0.022,0.1,0.059,8.2,8.2,0.575,0.62,0.197,0.204,102.59,101.63,84.69,101.63,0.116,617,57,114,5.7,11.4,0.5,63,69,181,122,72,113,105,105,190,193,193,174,170,170,48,29,51,151,135,156,96,97,67,54,75,78,17,52,52,64,35,42,43,50,51,1,47.3,0.3508771929824561,0.2368421052631579,0.5358883955498879,0.0841116044501121,0.6659505907626209,0.6561803756102894,66.2,11.385964912280702,0.131578947368421,0.0175438596491228,0.0350877192982456,0.2807017543859649,0.0263157894736842,114,43.6,0.27032,0.5343390736435948,0.662,59.8,0.4807692307692308,0.3571428571428571,0.3333333333333333,0.4230769230769231,0.53125,0.46,0.5,0.0,2.289473684210526,6,114,-0.0897435897435897,-0.1236263736263736,0.92875,0.5,57.5,1630245,-12.2,3.0,-11.0,1.2,41.7
1631248,Baylor Scheierman,Baylor,1610612738,BOS,25.0,7,3,4,0.429,14.2,1.6,3.7,0.423,1.1,3.0,0.381,0.0,0.0,0.0,1.0,1.9,2.9,0.6,0.3,0.9,0.1,0.0,1.1,0.4,4.3,-0.4,11.3,0,0,10.9,89,88,62,95,121,130,125,125,77,87,58,184,187,184,71,107,106,144,168,66,132,158,143,167,132,107,121,49,5,121,1,Baylor Scheierman,Baylor,1610612738,BOS,25.0,7,3,4,0.429,14.2,115.0,110.6,110.6,109.0,109.9,109.9,6.0,0.7,0.7,0.062,2.0,12.5,0.061,0.138,0.096,6.3,6.3,0.577,0.577,0.119,0.125,95.75,97.19,80.99,97.19,0.086,199,11,26,1.6,3.7,0.423,89,88,77,95,121,32,79,79,114,123,123,55,86,86,173,62,138,59,81,81,55,57,65,79,193,191,178,141,141,113,128,130,130,125,125,1,14.7,0.8108108108108107,0.0,0.4951448165106809,0.081855183489319,0.6197636949516648,0.6536043006539605,63.3,22.384615384615383,0.2307692307692307,0.0,0.0769230769230769,0.0384615384615384,0.0,26,54.2,0.312734,0.618178439837437,0.633,62.6,0.7,0.375,,0.4,0.3846153846153846,0.4615384615384615,0.4230769230769231,,2.3461538461538463,0,26,0.0,-0.3249999999999999,0.9230769230769232,0.0,44.7,1631248,-4.7,-3.0,0.7,5.4,49.4
1630538,Bones Hyland,Bones,1610612750,MIN,25.0,10,5,5,0.5,11.6,1.5,5.0,0.3,0.9,3.4,0.265,0.7,0.8,0.875,0.3,1.0,1.3,1.5,0.8,0.4,0.1,0.5,1.1,1.3,4.6,-1.7,9.1,0,0,9.3,63,65,51,53,136,133,106,188,96,79,130,119,132,40,162,145,159,92,98,124,143,71,146,101,125,151,134,49,5,127,1,Bones Hyland,Bones,1610612750,MIN,25.0,10,5,5,0.5,11.6,101.9,104.8,104.8,114.3,111.1,111.1,-12.5,-6.3,-6.3,0.185,1.88,19.7,0.023,0.088,0.053,10.5,10.5,0.39,0.43,0.204,0.212,104.16,104.15,86.79,104.15,0.049,251,15,50,1.5,5.0,0.3,63,65,170,53,136,152,133,133,172,139,139,176,148,148,65,83,77,146,163,177,131,130,179,181,66,70,7,21,21,175,114,97,133,106,188,1,29.5,0.6799999999999999,0.16,0.512895377448606,-0.082895377448606,0.4618689581095596,0.4655144887581477,46.3,19.62,0.44,0.02,0.1,0.14,0.0,50,68.3,0.2936899999999999,0.5805343390736435,0.4629999999999999,52.2,0.3333333333333333,0.3333333333333333,,0.1,0.2608695652173913,0.3333333333333333,0.2708333333333333,1.0,2.58,0,50,0.0,0.0,0.927536231884058,-0.7291666666666667,37.9,1630538,-1.8999999999999995,-2.6000000000000085,-6.3,-4.4,49.0
1627742,Brandon Ingram,Brandon,1610612761,TOR,28.0,5,2,3,0.4,29.6,3.8,11.6,0.328,1.0,2.6,0.385,3.4,4.6,0.739,0.4,2.8,3.2,2.2,2.0,0.6,0.8,0.6,2.0,4.2,12.0,-4.0,21.3,0,0,21.2,155,128,155,122,69,74,47,182,82,97,56,32,30,106,144,81,94,72,36,90,35,61,93,25,62,182,85,49,5,80,1,Brandon Ingram,Brandon,1610612761,TOR,28.0,5,2,3,0.4,29.6,107.1,109.0,109.0,112.3,115.5,115.5,-5.2,-6.5,-6.5,0.108,1.1,12.2,0.014,0.095,0.055,11.1,11.2,0.371,0.44,0.224,0.224,102.8,100.48,83.73,100.48,0.047,310,19,58,3.8,11.6,0.328,155,128,49,122,69,104,88,88,162,182,182,133,151,151,127,132,141,172,144,165,137,142,187,178,52,58,16,68,68,179,105,89,74,47,182,1,52.8,0.2241379310344827,0.396551724137931,0.558450044741019,-0.118450044741019,0.472610096670247,0.4249229991451451,45.4,14.655172413793103,0.6551724137931034,0.0172413793103448,0.4137931034482758,0.1206896551724138,0.0,58,88.4,0.38896,0.7688536774356786,0.454,61.1,0.3235294117647059,0.4285714285714285,0.25,0.5555555555555556,0.3076923076923077,0.34375,0.3157894736842105,1.0,2.7413793103448274,4,58,-0.3055555555555556,0.1050420168067226,0.9639423076923076,-0.6842105263157895,27.1,1627742,-9.1,-3.200000000000003,-6.5,2.6,42.7
1642355,Bronny James,Bronny,1610612747,LAL,21.0,8,4,4,0.5,5.3,0.6,1.3,0.5,0.3,0.8,0.333,0.0,0.0,0.0,0.4,0.0,0.4,0.9,0.5,0.1,0.0,0.0,0.6,0.0,1.5,0.0,3.1,0,0,3.3,84,69,62,53,182,180,189,51,153,164,88,184,187,184,151,210,204,126,139,173,154,158,174,200,187,89,195,49,5,192,1,Bronny James,Bronny,1610612747,LAL,21.0,8,4,4,0.5,5.3,113.6,112.7,112.7,118.4,114.1,114.1,-4.8,-1.4,-1.4,0.269,1.75,33.3,0.07,0.0,0.037,19.0,19.0,0.6,0.6,0.146,0.152,86.83,88.8,74.0,88.8,0.05,79,5,10,0.6,1.3,0.5,84,69,77,53,182,44,58,58,191,173,173,127,105,105,24,88,11,48,210,200,204,203,49,64,156,158,220,228,228,174,158,170,180,189,51,1,11.9,0.6153846153846154,0.0,0.5004034515876206,0.0995965484123794,0.644468313641246,0.6738589812581175,65.6,16.7,0.4,0.0,0.0,0.2,0.1,10,57.2,0.3432,0.6784003036197164,0.6559999999999999,66.7,0.6666666666666666,0.4,,0.5,0.5,0.5,0.5,,2.3,0,10,0.0,-0.2666666666666666,1.0,0.0,49.7,1642355,4.5,5.5,-1.4,-5.9,60.6
1628971,Bruce Brown,Bruce,1610612743,DEN,29.0,6,2,4,0.333,19.4,2.5,5.7,0.441,0.5,1.8,0.273,0.8,1.5,0.556,0.5,2.2,2.7,1.7,1.5,1.7,0.0,0.2,2.7,1.0,6.3,-4.3,15.5,0,0,14.5,119,128,62,138,103,101,102,110,124,122,125,109,90,149,121,100,111,86,52,18,154,127,53,114,108,186,99,49,5,103,1,Bruce Brown,Bruce,1610612743,DEN,29.0,6,2,4,0.333,19.4,107.4,107.5,107.5,114.7,115.4,115.4,-7.4,-7.9,-7.9,0.135,1.11,17.5,0.025,0.118,0.069,15.8,15.8,0.485,0.501,0.169,0.176,100.78,100.4,83.67,100.4,0.059,240,15,34,2.5,5.7,0.441,119,128,77,138,103,100,108,108,173,181,181,147,158,158,98,131,99,143,103,137,188,190,136,153,112,113,41,70,70,162,114,116,101,102,110,1,28.5,0.3157894736842105,0.2631578947368421,0.5429579256120893,-0.0419579256120893,0.5381310418904404,0.5122513106031763,52.8,11.088235294117649,0.2058823529411764,0.0588235294117647,0.0588235294117647,0.2352941176470588,0.0588235294117647,34,47.8,0.239478,0.473373974097443,0.528,50.1,0.45,0.6666666666666666,0.5,,0.4444444444444444,0.4375,0.4375,0.5,2.4705882352941178,4,34,0.0,0.2166666666666666,0.9930555555555556,-0.0625,62.3,1628971,-5.9,2.0999999999999943,-7.9,-2.0,47.6
203468,CJ McCollum,CJ,1610612737,ATL,34.0,6,2,4,0.333,32.1,7.7,16.5,0.465,1.7,5.5,0.303,2.2,4.0,0.542,1.2,1.8,3.0,2.0,3.5,1.0,1.2,0.8,2.3,3.7,19.2,-10.2,28.8,0,0,30.2,119,128,62,138,54,18,18,83,51,37,113,55,38,150,61,110,102,78,11,50,14,39,75,31,26,218,49,49,5,38,1,CJ McCollum,CJ,1610612737,ATL,34.0,6,2,4,0.333,32.1,102.7,104.6,104.6,119.3,119.7,119.7,-16.6,-15.2,-15.2,0.115,0.57,8.5,0.034,0.059,0.046,14.8,14.7,0.515,0.525,0.289,0.299,99.57,98.45,82.04,98.45,0.069,394,46,99,7.7,16.5,0.465,119,128,77,138,54,145,136,136,198,196,196,195,188,188,114,166,171,119,192,187,181,183,96,132,18,16,73,107,107,145,47,48,18,18,83,1,69.5,0.3333333333333333,0.2424242424242424,0.5293278894901117,-0.0043278894901116,0.5639097744360902,0.5552121744419477,56.0,13.97979797979798,0.4444444444444444,0.0202020202020202,0.2323232323232323,0.1414141414141414,0.0101010101010101,99,67.9,0.356475,0.7046408748043077,0.56,63.2,0.5849056603773585,0.7,0.4545454545454545,0.3043478260869565,0.425531914893617,0.5,0.4583333333333333,0.5,2.494949494949495,11,99,0.150197628458498,0.1150943396226414,0.925531914893617,-0.0416666666666666,65.0,203468,5.0,6.699999999999989,-15.2,-20.2,56.0
1630595,Cade Cunningham,Cade,1610612765,DET,24.0,14,7,7,0.5,40.8,9.1,21.0,0.432,2.9,7.3,0.402,7.1,8.2,0.861,0.9,4.2,5.1,7.5,5.6,1.1,0.6,1.2,3.1,5.6,28.1,2.4,44.9,5,1,47.0,38,45,19,53,4,5,5,117,9,12,45,4,6,48,88,42,55,4,2,45,60,17,30,13,1,41,8,4,3,4,1,Cade Cunningham,Cade,1610612765,DET,24.0,14,7,7,0.5,40.8,108.5,110.6,110.6,105.5,107.1,107.1,3.0,3.5,3.5,0.332,1.33,20.0,0.022,0.099,0.061,15.0,14.9,0.502,0.572,0.315,0.322,97.23,95.61,79.68,95.61,0.139,1136,127,294,9.1,21.0,0.432,38,45,197,53,4,85,78,78,88,101,101,65,70,70,13,118,76,149,139,153,185,184,110,84,9,10,142,177,177,37,6,4,5,5,117,1,91.3,0.3476190476190476,0.3904761904761904,0.5450418755656785,0.0269581244343214,0.6143931256713211,0.5909302954639064,60.5,14.462585034013603,0.5136054421768708,0.010204081632653,0.1972789115646258,0.1258503401360544,0.010204081632653,294,69.1,0.3952519999999999,0.7812910163353731,0.605,69.3,0.4383561643835616,0.4571428571428571,0.375,0.4150943396226415,0.4785276073619632,0.3740458015267175,0.4405594405594406,0.3333333333333333,2.2346938775510203,8,294,-0.0400943396226415,0.0187866927592955,0.8955181941647543,0.1072261072261072,54.0,1630595,6.7,12.399999999999991,3.5,-3.2,68.1
1629661,Cameron Johnson,Cameron,1610612743,DEN,30.0,6,2,4,0.333,31.1,5.2,10.3,0.5,1.8,5.8,0.314,2.0,2.8,0.706,0.5,2.7,3.2,2.3,1.0,1.0,0.3,0.0,3.0,2.2,14.2,-1.7,24.5,0,0,24.2,119,128,62,138,61,51,55,51,39,32,105,57,56,117,121,83,98,63,75,50,88,158,32,62,49,150,72,49,5,67,1,Cameron Johnson,Cameron,1610612743,DEN,30.0,6,2,4,0.333,31.1,108.2,108.6,108.6,112.9,112.5,112.5,-4.8,-3.9,-3.9,0.121,2.33,15.6,0.017,0.081,0.05,6.7,6.7,0.589,0.612,0.175,0.18,101.36,101.35,84.46,101.35,0.083,396,31,62,5.2,10.3,0.5,119,128,77,138,61,90,93,93,165,156,156,126,128,128,109,45,118,162,172,181,64,65,55,56,100,109,32,55,55,118,74,86,51,55,51,1,42.3,0.5631067961165048,0.2718446601941747,0.533922499315625,0.078077500684375,0.6573576799140709,0.6492914555617262,65.4,15.548387096774194,0.1935483870967742,0.0161290322580645,0.032258064516129,0.1612903225806451,0.0,62,47.2,0.288864,0.5709948289767067,0.654,61.2,0.6206896551724138,0.375,1.0,,0.5142857142857142,0.4814814814814814,0.4918032786885246,1.0,2.532258064516129,1,62,0.0,-0.2456896551724138,0.9671957671957672,-0.5081967213114754,37.4,1629661,1.1,6.199999999999989,-3.9,-5.0,57.2
1627747,Caris LeVert,Caris,1610612765,DET,31.0,13,6,7,0.462,16.6,2.2,5.0,0.446,0.8,2.1,0.37,0.7,0.8,0.9,0.5,1.8,2.2,1.2,0.6,0.6,0.5,0.2,1.5,0.8,5.9,1.2,13.1,0,0,12.3,44,57,19,86,112,106,106,106,104,114,66,121,137,34,140,113,122,103,122,89,70,135,128,131,112,59,112,49,5,111,1,Caris LeVert,Caris,1610612765,DET,31.0,13,6,7,0.462,16.6,110.4,113.3,113.3,108.4,109.4,109.4,2.0,4.0,4.0,0.105,2.0,17.2,0.027,0.1,0.064,8.6,8.6,0.523,0.555,0.15,0.153,98.77,97.01,80.84,97.01,0.084,435,29,65,2.2,5.0,0.446,44,57,197,86,112,67,52,52,107,115,115,72,67,67,129,62,104,140,134,149,101,101,90,103,150,157,100,145,145,115,79,79,106,106,106,1,24.6,0.42,0.16,0.5276519857001929,0.0273480142998071,0.5961331901181526,0.5913754187523602,59.4,14.292307692307691,0.3692307692307692,0.0153846153846153,0.1538461538461538,0.1076923076923077,0.0461538461538461,65,57.9,0.321345,0.635199724844632,0.594,61.5,0.5476190476190477,0.25,0.0,0.5,0.4137931034482758,0.4722222222222222,0.453125,0.0,2.123076923076923,1,65,-0.5,-0.2976190476190476,0.9415708812260536,0.453125,29.7,1627747,2.4,6.200000000000003,4.0,1.6,61.4
1642868,Carter Bryant,Carter,1610612759,SAS,20.0,20,13,7,0.65,8.8,1.0,2.1,0.488,0.6,1.4,0.393,0.1,0.3,0.333,0.5,1.3,1.8,0.8,0.7,0.1,0.3,0.1,2.0,0.2,2.7,0.9,6.4,0,0,6.5,7,7,19,39,156,150,163,69,121,132,54,181,175,178,141,135,140,134,118,176,95,157,106,186,161,63,153,49,5,151,1,Carter Bryant,Carter,1610612759,SAS,20.0,20,13,7,0.65,8.8,117.7,114.8,114.8,104.6,103.9,103.9,13.1,10.9,10.9,0.115,1.15,20.8,0.057,0.121,0.094,18.1,18.1,0.622,0.607,0.139,0.143,100.78,102.34,85.29,102.34,0.039,364,20,41,1.0,2.1,0.488,7,7,197,39,156,22,39,39,80,80,80,31,39,39,116,128,64,68,100,83,201,201,43,61,166,168,42,41,41,192,101,106,150,163,69,1,17.1,0.6666666666666666,0.1428571428571428,0.5168791923092557,0.0901208076907442,0.6519871106337272,0.6630408676216039,65.6,17.463414634146343,0.1219512195121951,0.0,0.024390243902439,0.1707317073170731,0.024390243902439,41,44.8,0.2719359999999999,0.537533406075557,0.6559999999999999,59.7,0.5517241379310345,0.6666666666666666,0.0,0.4285714285714285,0.4117647058823529,0.5416666666666666,0.4878048780487805,,2.317073170731707,1,41,-0.4285714285714285,0.1149425287356321,0.8700980392156863,0.0,32.4,1642868,1.5999999999999996,1.2999999999999972,10.9,9.3,61.0
1641717,Cason Wallace,Cason,1610612760,OKC,22.0,15,11,4,0.733,25.0,3.1,6.4,0.479,2.0,4.1,0.484,0.5,0.5,0.875,1.3,2.5,3.8,2.4,0.7,2.1,0.5,0.3,2.0,0.5,8.6,3.4,23.8,0,0,22.0,29,21,62,26,84,90,95,74,30,61,24,137,151,40,46,92,80,62,103,6,68,94,93,152,89,30,74,49,5,77,1,Cason Wallace,Cason,1610612760,OKC,22.0,15,11,4,0.733,25.0,113.7,113.9,113.9,105.1,106.3,106.3,8.6,7.6,7.6,0.14,3.27,24.5,0.052,0.092,0.072,7.5,7.5,0.635,0.648,0.124,0.129,99.69,99.06,82.55,99.06,0.107,769,46,96,3.1,6.4,0.479,29,21,77,26,84,43,48,48,83,96,96,42,50,50,96,20,43,80,149,128,83,83,36,43,189,188,69,93,93,80,47,53,90,95,74,1,26.3,0.6406249999999999,0.078125,0.5110907914668258,0.1369092085331742,0.6960257787325457,0.7164575082889115,70.4,17.15625,0.0729166666666666,0.0,0.0208333333333333,0.09375,0.0416666666666666,96,38.0,0.24624,0.4867403577019783,0.7040000000000001,59.5,0.52,0.6666666666666666,,0.5172413793103449,0.5106382978723404,0.4489795918367347,0.4893617021276595,,2.84375,0,96,0.0,0.1466666666666666,0.9383412939643944,0.0,59.3,1641717,2.5999999999999996,-3.1999999999999886,7.6,5.0,58.0
1631096,Chet Holmgren,Chet,1610612760,OKC,24.0,15,11,4,0.733,30.6,5.5,9.7,0.568,1.0,2.8,0.357,2.9,3.5,0.827,2.0,6.2,8.2,1.1,1.3,1.1,1.5,0.7,2.3,3.7,14.9,4.5,32.7,4,0,30.3,29,21,62,26,63,48,62,36,82,93,75,42,42,64,23,12,14,108,63,46,8,46,81,30,45,23,34,6,5,36,1,Chet Holmgren,Chet,1610612760,OKC,24.0,15,11,4,0.733,30.6,116.9,118.8,118.8,109.9,111.5,111.5,7.1,7.3,7.3,0.051,0.85,8.3,0.068,0.195,0.134,9.7,9.7,0.62,0.663,0.175,0.179,98.84,97.34,81.12,97.34,0.135,931,83,146,5.5,9.7,0.568,29,21,77,26,63,25,19,19,131,146,146,47,52,52,180,152,174,50,36,37,119,119,45,35,104,110,98,136,136,41,19,24,48,62,36,1,44.8,0.288659793814433,0.3608247422680413,0.555705981524461,0.1072940184755389,0.7121374865735769,0.6826469070048398,70.0,10.849315068493151,0.2534246575342466,0.0342465753424657,0.1164383561643835,0.1232876712328767,0.1712328767123287,146,45.0,0.29835,0.5897457184875943,0.7000000000000001,64.5,0.618421052631579,0.7272727272727273,1.0,0.525,0.5384615384615384,0.6029411764705882,0.574468085106383,0.4,3.1301369863013697,4,146,0.475,0.1088516746411483,0.9355203619909502,0.174468085106383,87.6,1631096,1.8999999999999995,9.0,7.3,5.4,63.9
1631128,Christian Braun,Christian,1610612743,DEN,25.0,6,2,4,0.333,31.1,2.5,6.0,0.417,1.0,2.3,0.429,2.3,3.2,0.737,0.3,3.2,3.5,1.7,0.7,1.0,0.8,0.7,2.2,2.0,8.3,-2.5,19.9,0,0,18.2,119,128,62,138,59,101,97,129,82,104,36,51,47,108,153,74,85,86,111,50,30,52,86,66,91,165,93,49,5,93,1,Christian Braun,Christian,1610612743,DEN,25.0,6,2,4,0.333,31.1,104.4,105.8,105.8,108.9,109.6,109.6,-4.5,-3.8,-3.8,0.077,2.5,16.9,0.01,0.094,0.053,6.8,6.9,0.5,0.564,0.112,0.114,102.44,101.46,84.55,101.46,0.059,395,15,36,2.5,6.0,0.417,119,128,77,138,59,130,121,121,113,116,116,124,126,126,152,36,107,184,145,174,68,68,111,92,201,203,18,54,54,161,114,112,101,97,129,1,27.7,0.3833333333333333,0.5333333333333333,0.5790372949341931,-0.0150372949341931,0.6058002148227711,0.542985629997876,58.1,12.055555555555555,0.1388888888888889,0.0277777777777777,0.0833333333333333,0.2777777777777778,0.0277777777777777,36,47.8,0.2695919999999999,0.5329000426965225,0.5810000000000001,55.7,0.375,1.0,1.0,,0.5,0.25,0.4285714285714285,0.0,2.5,2,36,0.0,0.625,0.75,0.4285714285714285,75.2,1631128,2.5,-2.799999999999997,-3.8,-6.3,53.5
203991,Clint Capela,Clint,1610612745,HOU,32.0,4,0,4,0.0,5.4,0.8,2.0,0.375,0.0,0.0,0.0,0.0,0.0,0.0,1.3,0.5,1.8,0.3,0.3,0.0,0.3,0.3,0.3,0.0,1.5,-5.0,4.5,0,0,4.0,172,196,62,196,180,165,164,159,170,198,170,184,187,184,55,185,140,181,175,182,104,112,198,200,187,191,179,49,5,187,1,Clint Capela,Clint,1610612745,HOU,32.0,4,0,4,0.0,5.4,110.4,104.7,104.7,143.6,135.4,135.4,-33.1,-30.8,-30.8,0.071,1.0,10.0,0.179,0.118,0.156,10.0,10.0,0.375,0.375,0.161,0.171,94.77,100.24,83.53,100.24,0.048,43,3,8,0.8,2.0,0.375,172,196,77,196,180,66,135,135,228,227,227,223,219,219,157,135,158,6,104,24,124,124,184,196,127,122,193,74,74,178,176,176,165,164,159,1,13.9,0.0,0.0,0.5230055195999742,-0.1480055195999742,0.4027926960257787,0.3911805725636242,39.8,2.0,0.25,0.0,0.0,0.0,0.625,8,12.6,0.04725,0.0933986431993927,0.3979999999999999,24.6,0.2857142857142857,1.0,,1.0,0.6666666666666666,0.2,0.375,,2.875,0,8,0.0,0.7142857142857143,0.5333333333333334,0.0,58.8,203991,-32.3,0.10000000000000853,-30.8,1.5,15.7
1631221,Collin Gillespie,Collin,1610612756,PHX,26.0,4,0,4,0.0,28.4,4.0,9.0,0.444,2.5,6.3,0.4,0.0,0.3,0.0,1.5,3.5,5.0,3.8,1.0,1.3,0.3,0.0,3.0,2.0,10.5,-20.5,25.6,0,0,24.8,172,196,62,196,76,66,71,107,15,26,46,184,180,184,39,60,58,37,75,33,104,158,32,66,77,230,64,49,5,61,1,Collin Gillespie,Collin,1610612756,PHX,26.0,4,0,4,0.0,28.4,100.9,102.6,102.6,134.7,135.7,135.7,-33.8,-33.2,-33.2,0.205,3.75,27.3,0.052,0.137,0.092,7.3,7.2,0.583,0.576,0.153,0.156,101.0,99.79,83.16,99.79,0.088,235,16,36,4.0,9.0,0.444,172,196,77,196,76,164,155,155,223,228,228,224,222,222,53,13,25,79,82,85,78,78,61,81,143,148,37,82,82,106,111,112,66,71,107,1,32.2,0.7,0.0333333333333333,0.5006815931414217,0.0753184068585782,0.6186895810955961,0.6461414970077608,63.0,21.72222222222222,0.4166666666666667,0.0,0.2222222222222222,0.0,0.0277777777777777,36,68.5,0.39456,0.7799231462593103,0.63,70.5,0.6842105263157895,0.0,,0.5,0.4761904761904761,0.4,0.4444444444444444,,2.6666666666666665,0,36,0.0,-0.6842105263157895,0.923809523809524,0.0,34.2,1631221,-41.5,-13.400000000000006,-33.2,8.3,0.0
1642867,Collin Murray-Boyles,Collin,1610612761,TOR,20.0,7,3,4,0.429,27.3,6.0,9.1,0.656,0.0,0.4,0.0,2.4,3.1,0.773,3.0,3.4,6.4,2.4,1.9,1.3,1.1,0.9,2.3,2.0,14.4,-1.9,31.2,1,0,28.1,89,88,62,95,79,37,69,19,170,180,170,49,50,90,9,63,32,59,42,29,18,36,79,66,47,154,41,32,5,45,1,Collin Murray-Boyles,Collin,1610612761,TOR,20.0,7,3,4,0.429,27.3,108.1,111.5,111.5,111.1,113.4,113.4,-3.0,-2.0,-2.0,0.15,1.31,16.7,0.111,0.126,0.118,12.7,12.5,0.656,0.685,0.192,0.2,97.43,94.96,79.14,94.96,0.158,375,42,64,6.0,9.1,0.656,89,88,77,95,79,91,69,69,147,165,165,109,109,109,85,119,108,23,90,50,166,165,32,29,84,88,131,191,191,21,54,84,37,69,19,1,42.2,0.0439560439560439,0.3406593406593406,0.5612196753550234,0.1237803246449766,0.7357679914070893,0.7014687320026598,72.2,4.515625,0.046875,0.03125,0.078125,0.3125,0.140625,64,32.7,0.223995,0.4427688694909626,0.7220000000000001,58.2,0.6774193548387096,1.0,0.75,0.7333333333333333,0.7142857142857143,0.6111111111111112,0.6666666666666666,0.0,2.609375,4,64,0.0166666666666667,0.3225806451612903,0.8968253968253969,0.6666666666666666,78.8,1642867,-4.0,1.9000000000000057,-2.0,2.0,51.5
1630557,Corey Kispert,Corey,1610612737,ATL,27.0,5,2,3,0.4,10.8,0.8,4.4,0.182,0.2,2.4,0.083,0.4,0.6,0.667,0.6,1.0,1.6,1.2,0.6,0.4,0.0,0.4,1.6,0.2,2.2,2.6,6.5,0,0,6.0,155,128,155,122,141,163,115,207,161,102,169,146,146,125,109,145,145,104,123,124,154,88,122,186,167,36,152,49,5,155,1,Corey Kispert,Corey,1610612737,ATL,27.0,5,2,3,0.4,10.8,109.5,114.2,114.2,101.0,100.9,100.9,8.5,13.2,13.2,0.158,2.0,18.8,0.048,0.089,0.067,9.4,9.3,0.205,0.236,0.202,0.206,96.35,94.37,78.64,94.37,-0.025,106,4,22,0.8,4.4,0.182,155,128,49,122,141,72,44,44,48,58,58,43,33,33,77,62,84,88,156,143,116,115,208,215,68,75,160,200,200,220,164,137,163,115,207,1,26.4,0.5454545454545454,0.1363636363636363,0.5153371292782079,-0.2793371292782078,0.2534908700322234,0.2412439798156302,24.9,16.181818181818183,0.2727272727272727,0.1363636363636363,0.0454545454545454,0.0454545454545454,0.0909090909090909,22,52.2,0.123192,0.2435125005930072,0.249,24.6,0.1666666666666666,0.0,1.0,0.0909090909090909,0.1333333333333333,0.2857142857142857,0.2105263157894736,0.0,2.227272727272727,1,22,0.9090909090909092,-0.1666666666666666,0.8476190476190476,0.2105263157894736,100.0,1630557,37.7,13.100000000000009,13.2,-24.5,97.6
1631207,Dalen Terry,Dalen,1610612755,PHI,23.0,7,2,5,0.286,5.6,0.6,1.9,0.308,0.3,0.7,0.4,0.4,1.0,0.429,0.0,0.6,0.6,1.0,0.3,0.7,0.0,0.0,0.4,0.9,1.9,-1.0,5.9,0,0,5.1,89,128,51,174,176,184,174,184,149,168,46,141,115,175,191,184,197,114,168,78,154,158,186,126,178,129,157,49,5,165,1,Dalen Terry,Dalen,1610612755,PHI,23.0,7,2,5,0.286,5.6,86.0,84.9,84.9,96.9,94.1,94.1,-10.8,-9.2,-9.2,0.318,3.5,28.0,0.0,0.103,0.049,8.0,8.0,0.385,0.404,0.191,0.201,101.8,103.94,86.62,103.94,0.094,86,4,13,0.6,1.9,0.308,89,128,170,174,176,213,211,211,34,31,31,169,165,165,14,17,23,191,132,184,92,92,180,189,85,83,21,24,24,97,164,160,184,174,184,1,20.4,0.3684210526315789,0.5263157894736842,0.5719210451236898,-0.1679210451236897,0.4339419978517723,0.3684437307086621,40.8,14.461538461538462,0.2307692307692307,0.0,0.0769230769230769,0.0,0.0,13,42.1,0.170084,0.3362034884640322,0.408,37.2,,0.2857142857142857,,0.3636363636363636,0.4285714285714285,0.1666666666666666,0.3076923076923077,,2.1538461538461537,0,13,0.0,0.0,0.7380952380952381,0.0,46.5,1631207,0.9000000000000004,-26.299999999999997,-9.2,-10.1,37.3
1642450,Daniss Jenkins,Daniss,1610612765,DET,24.0,14,7,7,0.5,22.7,3.1,8.7,0.361,1.1,4.2,0.271,1.7,2.2,0.774,0.9,1.7,2.6,3.0,0.7,0.4,0.4,0.9,1.6,1.8,9.1,-1.6,18.5,0,0,17.5,38,45,19,53,92,87,73,166,77,60,128,65,66,89,88,118,113,45,106,120,87,32,121,82,86,149,94,49,5,95,1,Daniss Jenkins,Daniss,1610612765,DET,24.0,14,7,7,0.5,22.7,101.7,103.7,103.7,106.1,106.5,106.5,-4.4,-2.8,-2.8,0.227,4.2,22.2,0.039,0.074,0.056,5.3,5.3,0.426,0.472,0.199,0.203,95.8,94.67,78.89,94.67,0.089,624,44,122,3.1,8.7,0.361,38,45,197,53,92,159,143,143,94,97,97,121,120,120,44,7,53,108,176,164,46,46,168,170,72,79,175,197,197,104,52,36,87,73,166,1,41.6,0.4827586206896552,0.2528735632183908,0.5325991675212333,-0.0605991675212332,0.5069817400644469,0.4909692726894097,50.1,16.188524590163933,0.3934426229508196,0.0573770491803278,0.1475409836065573,0.1147540983606557,0.0,122,64.5,0.30444,0.6017837658332938,0.501,55.1,0.3846153846153846,0.3181818181818182,0.5,0.4516129032258064,0.3837209302325581,0.3055555555555556,0.375,0.2857142857142857,2.139344262295082,4,122,0.0483870967741935,-0.0664335664335664,0.9218346253229974,0.0892857142857143,57.0,1642450,-9.399999999999999,-8.899999999999991,-2.8,6.6,40.9
1628368,De'Aaron Fox,De'Aaron,1610612759,SAS,28.0,19,12,7,0.632,33.2,6.1,14.3,0.428,1.3,4.5,0.294,2.4,3.2,0.75,0.5,3.4,3.9,5.9,2.0,1.2,0.4,1.1,2.6,2.8,15.9,6.2,32.4,1,0,30.3,10,17,19,40,44,36,32,120,67,57,116,50,49,95,120,67,77,11,36,36,78,20,58,50,41,15,36,32,5,37,1,De'Aaron Fox,De'Aaron,1610612759,SAS,28.0,19,12,7,0.632,33.2,113.1,112.3,112.3,102.3,103.5,103.5,10.8,8.8,8.8,0.278,2.97,25.2,0.015,0.09,0.054,8.5,8.5,0.474,0.508,0.223,0.23,100.91,100.7,83.91,100.7,0.106,1322,116,271,6.1,14.3,0.428,10,17,197,40,44,49,63,63,62,73,73,37,48,48,22,26,37,166,155,171,100,100,145,146,53,55,39,63,63,83,7,7,36,32,120,1,59.9,0.3146853146853147,0.2237762237762237,0.5334161788121515,-0.0254161788121515,0.5456498388829216,0.5311364301822274,54.0,12.350553505535055,0.4833948339483395,0.022140221402214,0.1070110701107011,0.1771217712177121,0.007380073800738,271,63.0,0.32004,0.6326201432705536,0.54,58.6,0.4104477611940298,0.4864864864864865,0.4,0.4864864864864865,0.4206896551724138,0.4365079365079365,0.43359375,0.1666666666666666,2.505535055350553,30,271,-0.0864864864864864,0.0760387252924566,0.9841817186644772,0.2669270833333333,60.6,1628368,0.10000000000000142,1.8999999999999915,8.8,8.7,59.2
1629731,Dean Wade,Dean,1610612739,CLE,29.0,18,8,10,0.444,22.6,1.7,3.6,0.462,1.0,2.7,0.375,0.1,0.2,0.333,1.3,2.6,3.9,0.8,0.6,0.7,0.1,0.1,1.2,0.3,4.4,1.6,12.0,0,0,11.6,11,32,1,87,93,126,129,86,82,96,60,183,184,178,46,85,78,131,133,77,152,148,142,180,130,51,115,49,5,116,1,Dean Wade,Dean,1610612739,CLE,29.0,18,8,10,0.444,22.6,113.2,114.3,114.3,106.9,109.3,109.3,6.3,5.0,5.0,0.048,1.4,15.6,0.062,0.114,0.089,11.1,11.1,0.6,0.596,0.08,0.083,97.25,95.71,79.76,95.71,0.064,807,30,65,1.7,3.6,0.462,11,32,225,87,93,47,43,43,99,114,114,52,61,61,183,114,118,57,111,91,137,139,49,68,222,222,139,173,173,154,77,79,126,129,86,1,15.5,0.75,0.0555555555555555,0.5078187164020106,0.0881812835979893,0.640171858216971,0.6608265824641097,64.8,18.50769230769231,0.0461538461538461,0.0153846153846153,0.0307692307692307,0.0615384615384615,0.0923076923076923,65,37.4,0.222904,0.4406122997612157,0.648,54.4,0.3888888888888889,0.0,0.3333333333333333,0.5,0.3571428571428571,0.5405405405405406,0.46875,0.0,2.353846153846154,3,65,-0.1666666666666666,-0.3888888888888889,0.8166023166023166,0.46875,40.0,1629731,15.3,9.799999999999997,5.0,-10.3,74.3
1629028,Deandre Ayton,Deandre,1610612747,LAL,27.0,10,4,6,0.4,28.5,4.6,8.4,0.548,0.0,0.0,0.0,0.8,1.3,0.615,3.7,5.9,9.6,0.9,1.3,0.2,0.8,1.0,2.8,2.1,10.0,-3.4,24.6,4,0,22.5,63,69,35,122,75,58,76,40,170,198,170,113,104,142,1,17,6,125,67,158,35,21,44,63,80,177,71,6,5,75,1,Deandre Ayton,Deandre,1610612747,LAL,27.0,10,4,6,0.4,28.5,107.6,107.5,107.5,111.2,113.9,113.9,-3.6,-6.4,-6.4,0.053,0.69,8.1,0.146,0.206,0.178,11.7,11.6,0.548,0.557,0.164,0.169,93.24,92.2,76.83,92.2,0.102,547,46,84,4.6,8.4,0.548,63,69,181,122,75,97,109,109,149,171,171,115,149,149,179,160,176,13,29,14,153,150,77,102,119,124,208,221,221,90,47,65,58,76,40,1,36.0,0.0,0.1547619047619047,0.5420982095447623,0.0149017904552377,0.5982814178302901,0.5771660109760779,59.0,3.952380952380953,0.1309523809523809,0.0,0.0714285714285714,0.1428571428571428,0.369047619047619,84,23.2,0.129224,0.2554358998687477,0.59,42.3,0.54,0.6666666666666666,,0.4666666666666667,0.6363636363636364,0.45,0.5421686746987951,,2.702380952380953,0,84,0.0,0.1266666666666666,0.8136363636363637,0.0,53.4,1629028,-1.7000000000000002,2.4000000000000057,-6.4,-4.7,51.8
203471,Dennis Schröder,Dennis,1610612739,CLE,32.0,17,8,9,0.471,15.9,1.9,4.9,0.381,0.6,1.9,0.333,1.1,1.4,0.792,0.2,1.2,1.5,2.4,1.4,0.4,0.2,0.4,1.4,1.5,5.5,-1.4,11.1,0,0,11.1,17,32,7,83,116,119,109,155,113,120,88,89,98,81,176,139,155,61,58,132,126,92,136,95,114,141,122,49,5,120,1,Dennis Schröder,Dennis,1610612739,CLE,32.0,17,8,9,0.471,15.9,104.1,103.7,103.7,106.5,109.7,109.7,-2.3,-6.0,-6.0,0.247,1.71,25.6,0.014,0.072,0.044,15.0,15.0,0.446,0.497,0.188,0.196,96.82,95.59,79.66,95.59,0.067,544,32,84,1.9,4.9,0.381,17,32,222,83,116,134,144,144,96,119,119,103,145,145,35,92,35,169,179,189,184,185,161,157,89,91,145,178,178,149,72,65,119,109,155,1,31.6,0.3877551020408162,0.2857142857142857,0.5413441000638969,-0.0443441000638968,0.5338345864661654,0.5095271007356288,52.4,12.226190476190476,0.1428571428571428,0.0,0.0595238095238095,0.2738095238095238,0.0,84,45.9,0.228123,0.4509286493666682,0.524,48.7,0.3777777777777777,0.6666666666666666,0.625,0.2857142857142857,0.4390243902439024,0.3255813953488372,0.3809523809523809,,2.2857142857142856,8,84,0.3392857142857143,0.2888888888888888,0.8865570051049347,0.0,79.6,203471,-2.5,-7.200000000000003,-6.0,-3.5,46.1
1628401,Derrick White,Derrick,1610612738,BOS,31.0,7,3,4,0.429,35.8,3.7,11.6,0.321,2.1,7.9,0.273,1.6,1.9,0.846,1.4,1.9,3.3,3.1,1.6,0.9,1.4,0.0,1.7,2.6,11.1,-3.4,25.1,0,0,24.3,89,88,62,95,26,77,48,183,27,8,125,68,77,54,43,107,93,42,49,66,9,158,114,55,69,178,70,49,5,65,1,Derrick White,Derrick,1610612738,BOS,31.0,7,3,4,0.429,35.8,105.4,107.9,107.9,110.4,113.6,113.6,-5.0,-5.8,-5.8,0.131,2.0,18.3,0.036,0.05,0.043,9.2,9.2,0.414,0.45,0.171,0.173,96.8,94.3,78.59,94.3,0.053,495,26,81,3.7,11.6,0.321,89,88,77,95,26,124,103,103,140,167,167,128,142,142,102,62,89,113,199,190,113,112,171,177,109,118,149,202,202,169,88,69,77,48,183,1,44.4,0.6810344827586208,0.1637931034482758,0.5161774594041912,-0.0661774594041912,0.4833512352309345,0.4846007367342525,48.4,19.50617283950617,0.3333333333333333,0.0617283950617283,0.0617283950617283,0.0617283950617283,0.0123456790123456,81,58.9,0.26505,0.5239219128042127,0.484,50.4,0.3777777777777777,0.1428571428571428,,0.4,0.3214285714285714,0.32,0.3157894736842105,0.4,2.271604938271605,0,81,0.0,-0.2349206349206349,0.9985714285714286,-0.0842105263157895,48.7,1628401,-34.5,-19.0,-5.8,28.7,13.9
1630217,Desmond Bane,Desmond,1610612753,ORL,27.0,7,3,4,0.429,36.2,6.1,15.7,0.391,3.6,8.3,0.431,2.3,2.9,0.8,1.4,3.3,4.7,1.9,1.6,1.9,0.3,2.0,4.0,1.9,18.1,-2.6,31.4,0,0,32.6,89,88,62,95,25,35,22,150,1,6,35,53,55,74,43,69,63,81,49,11,98,4,4,77,30,168,40,49,5,33,1,Desmond Bane,Desmond,1610612753,ORL,27.0,7,3,4,0.429,36.2,100.6,102.1,102.1,106.0,107.1,107.1,-5.4,-5.0,-5.0,0.096,1.18,9.1,0.035,0.09,0.061,7.7,7.7,0.505,0.535,0.215,0.221,98.16,96.92,80.77,96.92,0.085,515,43,110,6.1,15.7,0.391,89,88,77,95,25,168,159,159,93,100,100,134,138,138,134,124,163,117,154,154,85,86,109,124,57,62,116,148,148,114,53,44,35,22,150,1,58.2,0.5286624203821657,0.1847133757961783,0.5209129807099296,0.0140870192900703,0.5746509129967777,0.5762358159326012,57.5,17.118181818181817,0.4181818181818181,0.0272727272727272,0.1545454545454545,0.1181818181818181,0.009090909090909,110,65.9,0.352565,0.6969120135363791,0.5750000000000001,63.6,0.4285714285714285,0.25,,0.5,0.3571428571428571,0.4259259259259259,0.4056603773584906,0.0,2.4454545454545453,0,110,0.0,-0.1785714285714285,0.9312169312169312,0.4056603773584906,58.7,1630217,1.0,8.099999999999994,-5.0,-6.0,57.7
1626164,Devin Booker,Devin,1610612756,PHX,29.0,4,0,4,0.0,38.3,7.3,15.8,0.46,1.3,5.0,0.25,5.5,7.0,0.786,2.5,1.8,4.3,4.8,4.0,0.3,0.3,2.3,3.8,6.0,21.3,-16.8,31.0,0,0,32.5,172,196,62,196,15,21,21,89,69,44,136,13,11,86,14,114,67,24,5,147,104,3,11,10,21,229,42,49,5,34,1,Devin Booker,Devin,1610612756,PHX,29.0,4,0,4,0.0,38.3,108.1,110.3,110.3,128.8,131.1,131.1,-20.7,-20.8,-20.8,0.198,1.19,17.3,0.063,0.045,0.054,14.5,14.5,0.5,0.564,0.251,0.255,99.39,97.5,81.25,97.5,0.073,310,29,63,7.3,15.8,0.46,172,196,77,196,15,93,82,82,219,225,225,210,203,203,59,123,103,56,202,172,180,179,111,90,34,40,77,134,134,140,79,85,21,21,89,1,69.2,0.3164556962025316,0.4430379746835443,0.5583477067628517,0.0056522932371482,0.6058002148227711,0.566606191440551,59.0,14.206349206349206,0.6349206349206349,0.0317460317460317,0.2222222222222222,0.0476190476190476,0.0476190476190476,63,73.4,0.413976,0.8183025760235306,0.59,70.4,0.4285714285714285,0.8571428571428571,,0.4705882352941176,0.4375,0.4838709677419355,0.4590163934426229,0.5,2.746031746031746,0,63,0.0,0.4285714285714285,0.9536290322580644,-0.040983606557377,67.3,1626164,-19.6,5.0,-20.8,-1.2,32.8
1630170,Devin Vassell,Devin,1610612759,SAS,25.0,21,13,8,0.619,34.3,4.5,10.8,0.416,2.3,6.4,0.363,1.5,1.8,0.816,0.9,4.4,5.2,2.7,1.0,1.2,0.8,0.1,2.0,1.2,12.8,7.6,28.0,1,0,27.0,1,7,10,41,36,61,53,130,23,23,69,74,79,69,92,39,54,53,75,34,39,151,92,105,57,11,54,32,5,51,1,Devin Vassell,Devin,1610612759,SAS,25.0,21,13,8,0.619,34.3,112.1,112.6,112.6,100.6,102.9,102.9,11.4,9.8,9.8,0.112,2.67,17.7,0.024,0.108,0.069,6.6,6.6,0.524,0.552,0.15,0.155,101.68,100.33,83.6,100.33,0.095,1513,94,226,4.5,10.8,0.416,1,7,213,41,36,56,59,59,46,66,66,36,43,43,119,32,98,144,124,138,63,62,89,110,149,152,24,72,72,96,15,9,61,53,130,1,43.5,0.5925925925925926,0.1666666666666666,0.5217834830654398,0.0302165169345602,0.5929108485499464,0.5946502854230519,59.4,18.57522123893805,0.2831858407079646,0.0176991150442477,0.1946902654867256,0.0619469026548672,0.0176991150442477,226,59.8,0.330096,0.6524977465724181,0.594,62.3,0.396551724137931,0.3043478260869565,0.4,0.4423076923076923,0.4137931034482758,0.4181818181818181,0.416289592760181,0.25,2.517699115044248,15,226,-0.0423076923076922,-0.0922038980509745,0.9956112852664576,0.166289592760181,56.2,1630170,4.1000000000000005,0.6999999999999886,9.8,5.7,62.2
1628415,Dillon Brooks,Dillon,1610612756,PHX,30.0,4,0,4,0.0,37.3,9.8,21.3,0.459,3.5,8.0,0.438,3.0,3.0,1.0,1.3,4.8,6.0,1.8,1.5,0.3,0.3,0.5,4.5,3.8,26.0,-7.5,35.8,0,0,38.3,172,196,62,196,18,2,2,94,2,7,34,40,51,1,55,30,38,84,52,147,104,71,1,29,5,207,27,49,5,19,1,Dillon Brooks,Dillon,1610612756,PHX,30.0,4,0,4,0.0,37.3,112.8,116.7,116.7,123.6,125.4,125.4,-10.8,-8.7,-8.7,0.079,1.17,6.9,0.031,0.125,0.077,5.9,5.8,0.541,0.576,0.268,0.274,99.31,96.96,80.8,96.96,0.101,300,39,85,9.8,21.3,0.459,172,196,77,196,18,52,26,26,212,220,220,168,163,163,149,127,189,126,91,119,51,51,82,82,25,29,81,146,146,91,58,63,2,2,94,1,73.5,0.3755868544600939,0.1408450704225352,0.5167978707246673,0.0592021292753326,0.6186895810955961,0.6277421203875166,62.2,14.68235294117647,0.5647058823529412,0.0,0.188235294117647,0.1294117647058823,0.0117647058823529,85,71.3,0.4106879999999999,0.8118032164713695,0.622,71.7,0.3902439024390244,1.0,,0.2727272727272727,0.525,0.4,0.4588235294117647,,2.776470588235294,0,85,0.0,0.6097560975609756,0.875,0.0,70.3,1628415,36.0,36.7,-8.7,-44.7,100.0
1631230,Dominick Barlow,Dominick,1610612755,PHI,23.0,9,3,6,0.333,10.6,1.1,1.9,0.588,0.0,0.1,0.0,0.7,0.8,0.857,0.7,1.0,1.7,0.1,0.2,0.2,0.4,0.2,1.0,0.6,2.9,-5.7,6.8,0,0,6.0,74,88,35,138,143,148,173,28,170,194,170,122,134,50,105,145,143,197,182,155,75,118,147,151,149,197,149,49,5,155,1,Dominick Barlow,Dominick,1610612755,PHI,23.0,9,3,6,0.333,10.6,92.6,89.0,89.0,113.9,116.3,116.3,-21.3,-27.3,-27.3,0.02,0.5,4.3,0.065,0.087,0.077,8.7,8.7,0.588,0.647,0.106,0.112,94.88,95.7,79.75,95.7,0.076,191,10,17,1.1,1.9,0.588,74,88,181,138,143,204,204,204,169,185,185,212,216,216,196,169,196,54,167,123,104,103,56,44,209,207,189,174,174,133,136,146,148,173,28,1,10.5,0.0526315789473684,0.4210526315789474,0.5783572053030075,0.0686427946969925,0.694951664876477,0.6385201898109061,67.2,3.647058823529412,0.0588235294117647,0.0,0.0,0.4117647058823529,0.0588235294117647,17,32.3,0.2089809999999999,0.4130908328984613,0.672,54.3,0.0,0.25,,0.4615384615384615,0.6,0.5833333333333334,0.5882352941176471,,2.3529411764705883,0,17,0.0,0.25,0.9833333333333334,0.0,64.2,1631230,-20.5,-23.599999999999994,-27.3,-6.8,14.0
1642270,Donovan Clingan,Donovan,1610612757,POR,22.0,5,1,4,0.2,21.4,2.8,9.2,0.304,1.0,5.0,0.2,0.4,0.8,0.5,2.8,5.0,7.8,2.2,0.6,0.2,0.6,1.2,2.8,1.2,7.0,-9.4,21.5,0,0,19.6,155,163,62,179,101,98,68,187,82,44,155,146,132,152,12,25,17,72,123,158,56,18,44,106,102,215,84,49,5,90,1,Donovan Clingan,Donovan,1610612757,POR,22.0,5,1,4,0.2,21.4,95.2,97.7,97.7,117.9,117.0,117.0,-22.8,-19.2,-19.2,0.175,3.67,17.7,0.105,0.263,0.171,4.8,4.9,0.359,0.366,0.196,0.2,100.62,99.7,83.09,99.7,0.073,220,14,46,2.8,9.2,0.304,155,163,77,179,101,197,181,181,189,189,189,214,199,199,70,14,97,26,11,17,42,42,190,197,77,90,46,85,85,139,118,100,98,68,187,1,36.9,0.5434782608695653,0.0869565217391304,0.5097537642126357,-0.1437537642126357,0.39312567132116,0.3960346493356773,39.4,14.282608695652174,0.0434782608695652,0.0,0.0,0.108695652173913,0.1521739130434782,46,30.4,0.1112639999999999,0.2199345319986716,0.394,30.7,0.3333333333333333,0.0,0.0,0.2,0.3333333333333333,0.25,0.3043478260869565,,2.282608695652174,1,46,-0.2,-0.3333333333333333,0.9166666666666669,0.0,33.4,1642270,-10.2,-4.799999999999997,-19.2,-9.0,35.8
1628378,Donovan Mitchell,Donovan,1610612739,CLE,29.0,18,8,10,0.444,36.2,9.5,21.1,0.451,2.8,8.7,0.327,4.2,5.1,0.815,0.8,4.0,4.8,3.1,2.6,1.2,0.3,1.2,3.1,4.4,26.0,-2.9,38.1,1,0,39.6,11,32,1,87,23,3,4,100,10,2,98,23,26,70,94,46,61,44,26,38,103,16,31,23,5,173,19,32,5,14,1,Donovan Mitchell,Donovan,1610612739,CLE,29.0,18,8,10,0.444,36.2,106.8,107.4,107.4,110.2,111.4,111.4,-3.4,-4.0,-4.0,0.168,1.17,10.5,0.023,0.111,0.066,9.0,9.0,0.518,0.558,0.306,0.315,98.51,97.74,81.45,97.74,0.126,1329,171,379,9.5,21.1,0.451,11,32,225,87,23,108,110,110,137,144,144,113,129,129,71,126,157,146,119,145,110,110,92,101,13,14,109,124,124,50,1,1,3,4,100,1,85.1,0.4123222748815165,0.2417061611374407,0.5247036733759983,0.0332963266240017,0.5993555316863588,0.5981663937862896,59.9,14.564643799472297,0.4036939313984168,0.0343007915567282,0.1160949868073878,0.1556728232189973,0.0105540897097625,379,61.8,0.344844,0.6816499833957969,0.599,64.0,0.4567901234567901,0.2884615384615384,0.3333333333333333,0.4210526315789473,0.4761904761904761,0.4263157894736842,0.4490358126721763,0.5384615384615384,2.203166226912929,27,379,-0.087719298245614,-0.1683285849952516,0.950125313283208,-0.0894257257893621,43.7,1628378,-3.4,-3.799999999999997,-4.0,-0.6,48.1
1628978,Donte DiVincenzo,Donte,1610612750,MIN,29.0,4,3,1,0.75,24.0,4.0,8.0,0.5,2.8,5.8,0.478,0.0,0.5,0.0,0.0,3.8,3.8,4.0,1.0,1.8,0.0,0.3,2.5,1.0,10.8,11.3,25.5,0,0,24.8,172,88,206,24,87,66,77,51,11,35,25,184,153,184,191,56,81,32,75,16,154,112,67,114,75,4,65,49,5,61,1,Donte DiVincenzo,Donte,1610612750,MIN,29.0,4,3,1,0.75,24.0,116.5,117.1,117.1,93.5,94.4,94.4,23.0,22.8,22.8,0.205,4.0,30.2,0.0,0.133,0.07,7.5,7.6,0.672,0.654,0.16,0.162,106.3,105.54,87.95,105.54,0.126,210,16,32,4.0,8.0,0.5,172,88,6,24,87,26,25,25,23,35,35,13,19,19,54,9,18,191,84,134,84,84,26,41,128,136,4,12,12,49,111,120,66,77,51,1,30.3,0.725,0.0625,0.5027537128392336,0.1512462871607663,0.7024704618689581,0.7328256372157401,71.5,19.0,0.28125,0.03125,0.03125,0.0625,0.03125,32,52.1,0.340734,0.6735257839555957,0.715,69.4,0.6428571428571429,0.7142857142857143,0.75,,0.4285714285714285,0.5555555555555556,0.4838709677419355,1.0,2.6875,4,32,0.0,0.0714285714285714,0.873015873015873,-0.5161290322580645,42.5,1628978,33.9,12.0,22.8,-11.1,97.8
1627827,Dorian Finney-Smith,Dorian,1610612745,HOU,33.0,4,2,2,0.5,12.3,0.5,3.5,0.143,0.5,2.8,0.182,0.5,0.5,1.0,0.3,1.8,2.0,0.3,0.5,0.3,0.3,0.5,1.5,0.3,2.0,-6.5,5.8,0,0,5.8,172,128,183,53,131,188,131,208,124,94,158,130,153,1,168,114,127,181,139,147,104,71,130,181,169,201,158,49,5,158,1,Dorian Finney-Smith,Dorian,1610612745,HOU,33.0,4,2,2,0.5,12.3,87.5,86.6,86.6,107.9,113.4,113.4,-20.4,-26.8,-26.8,0.042,0.5,5.6,0.019,0.143,0.079,11.1,11.2,0.214,0.269,0.15,0.161,96.2,94.3,78.58,94.3,-0.012,97,2,14,0.5,3.5,0.143,172,128,26,53,131,209,207,207,106,164,164,209,215,215,187,169,192,155,73,114,137,141,207,209,147,139,163,203,203,215,186,154,188,131,208,1,17.9,0.7999999999999999,0.1428571428571428,0.5107522770038115,-0.2417522770038115,0.288936627282492,0.2841532588746964,28.7,20.285714285714285,0.0,0.0714285714285714,0.0,0.0,0.0714285714285714,14,36.0,0.09684,0.1914227430143745,0.287,23.9,0.2857142857142857,0.0,,0.0,0.0,0.4,0.1538461538461538,0.0,2.7142857142857144,0,14,0.0,-0.2857142857142857,0.6,0.1538461538461538,35.7,1627827,-28.900000000000002,-20.80000000000001,-26.8,2.1,8.9
1629130,Duncan Robinson,Duncan,1610612765,DET,32.0,13,7,6,0.538,29.5,3.9,8.8,0.447,3.2,6.9,0.456,0.8,1.4,0.611,0.3,2.1,2.4,2.3,1.0,1.3,0.2,0.2,2.9,2.5,11.8,0.2,21.8,0,0,22.8,44,45,35,52,70,70,72,104,7,16,30,108,99,143,161,101,117,68,75,27,117,116,40,57,63,87,81,49,5,73,1,Duncan Robinson,Duncan,1610612765,DET,32.0,13,7,6,0.538,29.5,108.4,108.8,108.8,108.5,109.8,109.8,-0.2,-1.0,-1.0,0.12,2.31,18.3,0.011,0.068,0.04,7.9,7.9,0.627,0.632,0.151,0.155,97.25,96.52,80.43,96.52,0.079,775,51,114,3.9,8.8,0.447,44,45,181,52,70,87,92,92,109,120,120,86,100,100,110,51,90,182,182,194,91,89,41,49,146,154,138,158,158,126,43,42,70,72,104,1,36.1,0.7840909090909091,0.159090909090909,0.5133136441205854,0.1186863558794145,0.6788399570354458,0.6956531303958239,68.6,21.149122807017545,0.2543859649122807,0.0,0.0175438596491228,0.043859649122807,0.0,114,51.0,0.32232,0.6371269984344609,0.6859999999999999,66.2,0.3773584905660377,0.3,,0.4444444444444444,0.4492753623188406,0.4444444444444444,0.4513274336283185,,2.219298245614035,0,114,0.0,-0.0773584905660377,0.9951690821256038,0.0,55.1,1629130,-7.8,0.8999999999999915,-1.0,6.8,48.3
1642844,Dylan Harper,Dylan,1610612759,SAS,20.0,21,13,8,0.619,26.3,4.9,9.6,0.505,0.9,2.8,0.305,2.7,3.2,0.851,1.3,4.4,5.7,2.6,1.5,1.0,0.2,0.7,2.1,2.1,13.3,6.7,26.2,3,0,24.9,1,7,10,41,82,54,64,49,98,92,111,43,46,53,51,39,46,56,51,49,124,48,87,64,55,12,62,9,5,59,1,Dylan Harper,Dylan,1610612759,SAS,20.0,21,13,8,0.619,26.3,113.5,114.1,114.1,100.7,101.6,101.6,12.8,12.6,12.6,0.154,1.72,17.2,0.048,0.143,0.098,10.0,10.0,0.55,0.603,0.198,0.203,101.24,100.53,83.77,100.53,0.134,1154,102,202,4.9,9.6,0.505,1,7,213,41,82,45,46,46,47,61,61,33,36,36,83,91,105,88,72,78,124,125,76,63,73,80,33,66,66,42,9,13,54,64,49,1,47.5,0.2916666666666667,0.3333333333333333,0.5501667220725875,0.0528332779274124,0.6476906552094522,0.620471031019426,63.7,10.128712871287128,0.2079207920792079,0.0198019801980198,0.0891089108910891,0.3069306930693069,0.0643564356435643,202,49.5,0.298485,0.5900125717538783,0.637,61.4,0.4615384615384615,0.4782608695652174,0.3571428571428571,0.5319148936170213,0.5306122448979592,0.4807692307692308,0.5153061224489796,0.0,2.6782178217821784,14,202,-0.1747720364741641,0.0167224080267558,0.9501569858712716,0.5153061224489796,58.3,1642844,8.3,5.0,12.6,4.3,69.1
1630700,Dyson Daniels,Dyson,1610612737,ATL,23.0,6,2,4,0.333,27.6,3.0,6.8,0.439,0.7,2.3,0.286,0.7,1.0,0.667,1.5,4.7,6.2,5.0,1.8,1.8,0.3,0.3,2.0,1.7,7.3,-12.7,26.9,0,0,23.5,119,128,62,138,78,91,91,113,110,104,121,122,115,125,39,32,35,22,43,13,88,94,93,86,99,225,60,49,5,70,1,Dyson Daniels,Dyson,1610612737,ATL,23.0,6,2,4,0.333,27.6,99.8,101.5,101.5,119.5,121.9,121.9,-19.7,-20.4,-20.4,0.283,2.73,35.3,0.053,0.182,0.114,12.9,13.0,0.488,0.504,0.144,0.148,100.27,98.47,82.06,98.47,0.107,337,18,41,3.0,6.8,0.439,119,128,77,138,78,177,163,163,200,207,207,205,200,200,21,30,10,76,43,53,168,168,132,150,159,161,55,106,106,81,110,106,91,91,113,1,29.0,0.338235294117647,0.1470588235294117,0.5297267021569743,-0.0257267021569742,0.5413533834586466,0.5307819168064644,53.7,10.24390243902439,0.024390243902439,0.0,0.0,0.2926829268292683,0.073170731707317,41,33.6,0.169344,0.3347407372266237,0.537,43.6,0.4347826086956521,1.0,,0.5333333333333333,0.3888888888888889,0.4782608695652174,0.4390243902439024,,2.609756097560976,0,41,0.0,0.5652173913043479,0.9106280193236715,0.0,70.5,1630700,-5.199999999999999,-1.2999999999999972,-20.4,-15.2,41.2
1630596,Evan Mobley,Evan,1610612739,CLE,24.0,18,8,10,0.444,35.5,6.3,11.8,0.535,1.3,3.9,0.338,3.0,4.8,0.621,2.1,6.0,8.1,3.9,2.3,0.9,1.8,0.8,2.4,3.4,17.0,-4.1,38.4,3,0,35.7,11,32,1,87,30,30,44,42,64,68,87,40,29,140,22,16,15,36,32,62,3,45,73,42,34,184,18,9,5,25,1,Evan Mobley,Evan,1610612739,CLE,24.0,18,8,10,0.444,35.5,105.4,105.5,105.5,109.9,111.6,111.6,-4.4,-6.0,-6.0,0.186,1.71,19.1,0.057,0.168,0.113,11.2,11.3,0.592,0.609,0.197,0.201,99.61,98.8,82.34,98.8,0.136,1319,114,213,6.3,11.8,0.535,11,32,225,87,30,123,123,123,133,148,148,122,144,144,63,93,79,67,52,55,142,145,54,59,76,84,72,99,99,40,8,11,30,44,42,1,55.5,0.3305084745762711,0.4067796610169491,0.5579285280255851,0.0510714719744148,0.6541353383458647,0.6184596402938971,64.0,10.610328638497652,0.1408450704225352,0.0234741784037558,0.0375586854460093,0.2112676056338028,0.0798122065727699,213,39.6,0.241164,0.4767066748897007,0.64,55.8,0.5188679245283019,0.5555555555555556,0.75,0.4615384615384615,0.5943396226415094,0.4766355140186916,0.5396039603960396,0.2,2.215962441314554,12,213,0.2884615384615384,0.0366876310272537,0.8822958913771821,0.3396039603960396,77.0,1630596,-9.0,-10.5,-6.0,3.0,39.1
1630532,Franz Wagner,Franz,1610612753,ORL,24.0,4,3,1,0.75,30.4,6.3,14.3,0.439,0.8,2.3,0.333,3.5,3.8,0.933,1.0,4.5,5.5,3.5,1.5,2.8,0.3,1.5,2.0,3.5,16.8,5.8,36.1,0,0,32.5,172,88,206,24,66,32,33,114,105,108,88,31,40,26,71,36,48,38,52,1,104,7,93,39,36,16,23,49,5,34,1,Franz Wagner,Franz,1610612753,ORL,24.0,4,3,1,0.75,30.4,105.5,104.8,104.8,96.0,98.0,98.0,9.6,6.8,6.8,0.206,2.33,16.7,0.028,0.146,0.082,7.1,7.2,0.465,0.527,0.233,0.243,98.84,98.18,81.82,98.18,0.158,252,25,57,6.3,14.3,0.439,172,88,6,24,66,121,134,134,31,42,42,40,55,55,52,45,108,137,70,103,72,75,153,130,45,47,99,113,113,22,92,92,32,33,114,1,56.9,0.1608391608391608,0.2657342657342657,0.5437737883769205,-0.0167737883769204,0.5660580021482278,0.5410031376582963,55.6,9.0,0.1929824561403508,0.0350877192982456,0.175438596491228,0.2982456140350877,0.0,57,53.1,0.279837,0.5531512405711846,0.556,55.5,0.4375,0.5,,,0.4583333333333333,0.4242424242424242,0.4509803921568627,0.0,2.736842105263158,0,57,0.0,0.0625,0.9659090909090908,0.4509803921568627,68.3,1630532,20.9,7.099999999999994,6.8,-14.1,78.1
1629216,Gabe Vincent,Gabe,1610612737,ATL,29.0,6,2,4,0.333,15.5,1.3,3.7,0.364,1.0,3.0,0.333,0.7,0.8,0.8,0.5,0.0,0.5,1.2,0.5,0.3,0.2,0.0,1.7,1.2,4.3,-9.8,7.7,0,0,8.0,119,128,62,138,117,140,126,164,82,87,88,122,130,74,121,210,198,107,139,133,127,158,117,107,131,217,141,49,5,136,1,Gabe Vincent,Gabe,1610612737,ATL,29.0,6,2,4,0.333,15.5,95.1,93.7,93.7,123.1,127.4,127.4,-27.9,-33.7,-33.7,0.123,2.33,20.6,0.028,0.0,0.015,8.8,8.8,0.5,0.537,0.123,0.131,97.92,96.95,80.79,96.95,0.027,190,8,22,1.3,3.7,0.364,119,128,77,138,117,198,195,195,210,224,224,221,224,224,106,45,67,135,210,214,107,105,111,123,191,185,122,147,147,197,143,137,140,126,164,1,16.6,0.8108108108108107,0.2162162162162162,0.5218355179825676,0.0151644820174324,0.5767991407089152,0.5774659165195767,57.7,21.13636363636364,0.3181818181818182,0.0909090909090909,0.0,0.0909090909090909,0.0,22,60.0,0.3222,0.6368897955310973,0.5770000000000001,60.7,0.4166666666666667,1.0,0.0,0.2222222222222222,0.3636363636363636,0.3636363636363636,0.4,0.0,2.5454545454545454,1,22,-0.2222222222222222,0.5833333333333333,1.0,0.4,71.9,1629216,-24.1,-13.599999999999994,-33.7,-9.6,13.8
1629048,Goga Bitadze,Goga,1610612753,ORL,26.0,6,3,3,0.5,13.9,1.0,2.5,0.4,0.0,0.0,0.0,0.8,1.2,0.714,2.2,1.8,4.0,0.3,0.7,0.3,1.7,0.5,2.3,1.3,2.8,-4.2,13.5,0,0,11.2,119,88,155,53,123,150,151,143,170,198,170,109,109,114,20,110,70,171,111,133,7,71,75,99,153,185,111,49,5,118,1,Goga Bitadze,Goga,1610612753,ORL,26.0,6,3,3,0.5,13.9,81.2,80.1,80.1,92.4,94.2,94.2,-11.2,-14.1,-14.1,0.05,0.5,8.3,0.121,0.113,0.118,16.7,16.6,0.4,0.47,0.106,0.113,99.15,98.88,82.4,98.88,0.068,171,6,15,1.0,2.5,0.4,119,88,49,53,123,220,214,214,18,34,34,172,183,183,181,169,172,18,116,51,192,192,175,172,209,205,87,96,96,146,151,151,150,151,143,1,12.4,0.0,0.48,0.5877718354904018,-0.1177718354904018,0.5048335123523093,0.4256972863442196,47.3,2.333333333333333,0.1333333333333333,0.2666666666666666,0.0,0.2,0.4666666666666667,15,31.5,0.14805,0.292649082024764,0.473,38.3,0.75,,,,0.3333333333333333,0.4166666666666667,0.4,0.25,2.333333333333333,0,15,0.0,0.0,0.9166666666666666,0.15,57.5,1629048,-12.1,-27.60000000000001,-14.1,-2.0,24.0
203084,Harrison Barnes,Harrison,1610612759,SAS,34.0,20,12,8,0.6,9.1,0.7,2.0,0.333,0.3,1.3,0.231,0.7,0.9,0.824,0.8,0.5,1.3,0.3,0.3,0.1,0.1,0.0,0.4,0.8,2.3,1.9,4.4,0,0,4.5,7,17,10,47,152,179,171,175,147,137,150,119,129,67,98,185,159,181,175,176,153,158,188,132,165,44,182,49,5,177,1,Harrison Barnes,Harrison,1610612759,SAS,34.0,20,12,8,0.6,9.1,113.9,115.2,115.2,103.6,102.9,102.9,10.2,12.3,12.3,0.036,1.0,8.8,0.088,0.05,0.068,8.8,8.9,0.41,0.495,0.119,0.121,97.98,97.77,81.48,97.77,0.044,369,13,39,0.7,2.0,0.333,7,17,213,47,152,42,36,36,71,68,68,38,37,37,188,135,167,37,198,139,106,106,172,159,192,199,120,123,123,182,122,108,179,171,175,1,15.1,0.65,0.45,0.5576579014465919,-0.0626579014465918,0.5316863587540279,0.4886188899376926,51.4,17.76923076923077,0.1025641025641025,0.0,0.0769230769230769,0.0512820512820512,0.0256410256410256,39,41.6,0.20592,0.4070401821718298,0.514,46.1,0.1,0.0,0.5,0.4,0.3333333333333333,0.3333333333333333,0.3333333333333333,,2.3846153846153846,4,39,0.0999999999999999,-0.1,1.0,0.0,60.0,203084,3.6000000000000014,1.7999999999999972,12.3,8.7,63.4
1628392,Isaiah Hartenstein,Isaiah,1610612760,OKC,28.0,15,11,4,0.733,23.4,3.8,6.0,0.633,0.0,0.1,0.0,1.5,2.0,0.767,3.3,5.0,8.3,2.6,1.7,0.8,0.7,0.6,3.2,2.1,9.1,3.5,25.7,3,0,23.0,29,21,62,26,90,74,97,25,170,196,170,70,69,93,4,25,13,57,46,74,49,61,25,65,87,29,63,9,5,72,1,Isaiah Hartenstein,Isaiah,1610612760,OKC,28.0,15,11,4,0.733,23.4,116.4,117.8,117.8,110.3,110.5,110.5,6.2,7.3,7.3,0.152,1.5,23.1,0.147,0.218,0.183,15.4,15.5,0.633,0.664,0.154,0.158,98.53,97.88,81.57,97.88,0.127,715,57,90,3.8,6.0,0.633,29,21,77,26,90,27,22,22,139,129,129,54,53,53,84,103,48,11,24,11,186,187,38,34,138,142,107,121,121,48,35,59,74,97,25,1,31.5,0.0166666666666666,0.3333333333333333,0.5646427918820709,0.0993572081179291,0.7132116004296456,0.6735857350202537,69.7,5.766666666666667,0.0444444444444444,0.0111111111111111,0.1222222222222222,0.1333333333333333,0.2222222222222222,90,26.2,0.173968,0.3438809557695653,0.6970000000000001,52.0,0.6595744680851063,1.0,,0.65625,0.6511627906976745,0.6170212765957447,0.6404494382022472,0.0,2.411111111111111,0,90,0.0,0.3404255319148936,0.9658584858980702,0.6404494382022472,80.8,1628392,2.5,5.599999999999994,7.3,4.8,62.6
1630198,Isaiah Joe,Isaiah,1610612760,OKC,26.0,13,10,3,0.769,11.0,1.8,4.2,0.418,1.2,3.5,0.348,0.1,0.1,1.0,0.4,1.0,1.4,1.1,0.4,0.5,0.1,0.1,1.3,0.4,4.8,-1.2,9.6,0,0,9.8,44,29,155,22,140,123,118,128,70,76,82,182,186,1,150,145,156,112,159,96,148,154,138,172,122,136,128,49,5,126,1,Isaiah Joe,Isaiah,1610612760,OKC,26.0,13,10,3,0.769,11.0,104.3,102.6,102.6,106.6,108.9,108.9,-2.3,-6.3,-6.3,0.157,2.8,18.9,0.03,0.088,0.058,6.8,6.7,0.564,0.568,0.166,0.177,102.09,101.79,84.83,101.79,0.086,305,23,55,1.8,4.2,0.418,44,29,49,22,140,131,154,154,98,112,112,101,147,147,78,28,81,129,161,161,66,67,71,87,116,112,20,50,50,111,97,95,123,118,128,1,22.6,0.8333333333333333,0.0238095238095238,0.4931912068424957,0.0748087931575042,0.6100966702470462,0.6455596893062947,62.4,22.454545454545453,0.2545454545454545,0.0363636363636363,0.0727272727272727,0.0545454545454545,0.0,55,57.9,0.3288719999999999,0.6500782769581098,0.624,63.7,0.3928571428571428,0.7,,0.4285714285714285,0.4074074074074074,0.4285714285714285,0.4038461538461538,0.5,2.9272727272727272,0,55,0.0,0.3071428571428571,0.9788359788359788,-0.0961538461538461,63.5,1630198,-16.9,-17.80000000000001,-6.3,10.6,28.6
1630191,Isaiah Stewart,Isaiah,1610612765,DET,25.0,14,7,7,0.5,11.8,1.4,2.4,0.588,0.3,0.6,0.5,0.9,1.2,0.706,0.9,1.5,2.4,0.2,0.6,0.1,1.0,0.3,2.6,1.4,4.0,0.4,9.8,0,0,9.1,38,45,19,53,135,137,154,28,149,171,16,106,105,117,88,125,116,191,120,181,22,106,60,98,136,77,127,49,5,129,1,Isaiah Stewart,Isaiah,1610612765,DET,25.0,14,7,7,0.5,11.8,99.0,98.8,98.8,93.6,94.8,94.8,5.4,4.0,4.0,0.03,0.33,5.7,0.071,0.107,0.089,17.0,16.8,0.647,0.675,0.128,0.134,100.39,99.81,83.18,99.81,0.064,340,20,34,1.4,2.4,0.588,38,45,197,53,135,182,179,179,24,37,37,56,66,66,192,177,191,47,127,89,197,196,33,32,180,180,50,81,81,157,101,116,137,154,28,1,16.8,0.25,0.5,0.5786660258755255,0.0963339741244745,0.7250268528464018,0.6701342171018403,70.3,7.4411764705882355,0.0588235294117647,0.0294117647058823,0.0,0.2352941176470588,0.2647058823529412,34,27.5,0.185625,0.3669232411404716,0.703,53.5,0.5714285714285714,1.0,,0.25,0.6,0.5714285714285714,0.5757575757575758,1.0,2.264705882352941,0,34,0.0,0.4285714285714286,0.9714285714285714,-0.4242424242424242,59.3,1630191,2.4,-13.600000000000009,4.0,1.6,50.8
1642266,Ja'Kobe Walter,Ja'Kobe,1610612761,TOR,21.0,7,3,4,0.429,32.1,3.6,9.6,0.373,2.4,7.4,0.327,1.6,1.7,0.917,0.3,2.9,3.1,1.4,0.6,2.0,0.3,0.3,2.9,1.4,11.1,-7.0,23.3,0,0,22.7,89,88,62,95,55,80,65,161,16,11,98,68,82,30,165,79,99,95,129,7,98,106,42,97,69,202,75,49,5,74,1,Ja'Kobe Walter,Ja'Kobe,1610612761,TOR,21.0,7,3,4,0.429,32.1,99.4,102.4,102.4,110.2,111.1,111.1,-10.8,-8.7,-8.7,0.069,2.5,11.8,0.008,0.087,0.046,4.7,4.6,0.5,0.54,0.14,0.144,101.53,99.68,83.07,99.68,0.07,462,25,67,3.6,9.6,0.373,89,88,77,95,55,180,156,156,138,138,138,167,162,162,164,36,144,188,166,188,40,40,111,121,163,167,29,86,86,144,92,78,80,65,161,1,35.5,0.7708333333333334,0.1770833333333333,0.517027573713656,0.0229724262863439,0.5800214822771215,0.5863799667083702,58.3,20.149253731343283,0.0597014925373134,0.0,0.044776119402985,0.0895522388059701,0.0,67,43.0,0.2322,0.4589876180084444,0.583,52.1,0.3888888888888889,0.4545454545454545,0.3333333333333333,0.0,0.4615384615384615,0.25,0.373134328358209,,2.537313432835821,9,67,0.3333333333333333,0.0656565656565656,0.7884615384615384,0.0,68.5,1642266,-26.3,-24.39999999999999,-8.7,17.6,16.4
1631095,Jabari Smith Jr.,Jabari,1610612745,HOU,23.0,6,2,4,0.333,41.9,5.5,14.2,0.388,3.2,8.5,0.373,3.3,4.3,0.769,2.0,6.5,8.5,1.8,1.0,1.0,0.7,0.7,2.8,2.3,17.5,-1.5,34.5,1,0,34.3,119,128,62,138,2,49,34,152,5,4,63,35,34,92,23,10,11,82,75,50,49,52,43,59,32,144,30,32,5,30,1,Jabari Smith Jr.,Jabari,1610612745,HOU,23.0,6,2,4,0.333,41.9,101.7,104.1,104.1,105.7,105.4,105.4,-4.0,-1.2,-1.2,0.075,1.83,9.6,0.043,0.169,0.1,5.3,5.3,0.5,0.544,0.18,0.183,93.25,92.26,76.88,92.26,0.105,482,33,85,5.5,14.2,0.388,119,128,77,138,2,160,138,138,90,89,89,119,102,102,156,85,161,95,51,75,45,45,111,118,96,102,207,220,220,84,68,63,49,34,152,1,54.9,0.5985915492957746,0.3028169014084507,0.5359858500021587,0.0080141499978413,0.5843179377013964,0.569302638671532,57.8,18.376470588235293,0.3294117647058823,0.0117647058823529,0.1529411764705882,0.0352941176470588,0.0352941176470588,85,58.0,0.31552,0.6236855005771937,0.578,60.1,0.3777777777777777,0.2,0.5,0.2727272727272727,0.3571428571428571,0.4186046511627907,0.3975903614457831,0.0,2.694117647058824,4,85,0.2272727272727273,-0.1777777777777777,0.9385382059800664,0.3975903614457831,71.1,1631095,4.3,3.0,-1.2,-5.5,59.1
1630183,Jaden McDaniels,Jaden,1610612750,MIN,25.0,12,6,6,0.5,33.8,6.5,14.7,0.443,0.8,3.5,0.238,2.5,2.9,0.857,2.3,3.4,5.8,2.4,1.4,0.5,0.7,0.7,4.4,3.1,16.3,-4.9,28.9,2,0,27.7,48,57,35,53,38,28,28,109,99,77,148,44,54,50,18,65,43,60,57,98,49,52,2,46,39,190,46,20,5,47,1,Jaden McDaniels,Jaden,1610612750,MIN,25.0,12,6,6,0.5,33.8,101.9,103.7,103.7,109.9,110.1,110.1,-8.1,-6.4,-6.4,0.115,1.71,12.3,0.059,0.1,0.078,7.2,7.2,0.472,0.512,0.208,0.214,101.62,100.66,83.89,100.66,0.079,849,78,176,6.5,14.7,0.443,48,57,181,53,38,153,145,145,134,124,124,151,150,150,115,94,139,63,138,117,75,74,147,144,63,68,26,64,64,129,21,17,28,28,109,1,56.2,0.2380952380952381,0.1972789115646258,0.5343715965655591,-0.022371596565559,0.5499462943071965,0.5346123206362736,54.4,11.096590909090908,0.3920454545454545,0.0170454545454545,0.1704545454545454,0.1477272727272727,0.0397727272727272,176,57.8,0.295936,0.5849739867482644,0.544,56.4,0.4666666666666667,0.35,0.25,0.4444444444444444,0.4141414141414141,0.4805194805194805,0.4319526627218935,1.0,2.528409090909091,8,176,-0.1944444444444444,-0.1166666666666667,0.9336219336219336,-0.5680473372781065,27.9,1630183,-5.300000000000001,-9.5,-6.4,-1.1,42.5
1630256,Jae'Sean Tate,Jae'Sean,1610612745,HOU,30.0,5,1,4,0.2,6.1,0.6,2.0,0.3,0.0,0.8,0.0,0.8,1.2,0.667,1.2,0.8,2.0,0.0,0.0,0.2,0.0,0.0,1.6,0.6,2.0,-2.8,5.0,0,0,4.4,155,163,62,179,172,182,164,188,170,162,170,113,106,125,58,168,127,200,200,158,154,158,122,144,169,171,170,49,5,178,1,Jae'Sean Tate,Jae'Sean,1610612745,HOU,30.0,5,1,4,0.2,6.1,86.8,84.4,84.4,102.2,101.5,101.5,-15.4,-17.1,-17.1,0.0,0.0,0.0,0.158,0.118,0.139,0.0,0.0,0.3,0.396,0.163,0.173,101.51,103.25,86.04,103.25,0.015,64,3,10,0.6,2.0,0.3,155,163,77,179,172,210,212,212,61,60,60,186,192,192,200,183,200,10,104,35,1,1,200,190,123,120,30,29,29,203,176,170,182,164,188,1,16.5,0.4,0.6,0.5823247758101049,-0.1863247758101048,0.4253490870032224,0.3474328508471164,39.4,10.5,0.1,0.0,0.0,0.1,0.3,10,25.7,0.101772,0.2011717823426158,0.394,29.8,0.0,0.6666666666666666,,0.3333333333333333,0.5,0.1666666666666666,0.3,,2.6,0,10,0.0,0.6666666666666666,0.6666666666666666,0.0,63.1,1630256,-17.1,-22.799999999999997,-17.1,0.0,21.3
1631222,Jake LaRavia,Jake,1610612747,LAL,24.0,8,4,4,0.5,14.2,1.1,3.4,0.333,0.3,0.9,0.286,0.8,0.8,1.0,1.1,1.0,2.1,0.8,1.4,0.5,0.8,0.6,2.0,0.5,3.3,-1.3,9.3,0,0,8.9,84,69,62,53,120,147,135,175,153,160,121,117,138,1,66,145,125,134,61,98,41,59,93,153,144,137,131,49,5,131,1,Jake LaRavia,Jake,1610612747,LAL,24.0,8,4,4,0.5,14.2,96.9,95.7,95.7,95.0,100.0,100.0,1.9,-4.3,-4.3,0.085,0.55,12.8,0.09,0.058,0.072,23.4,23.6,0.37,0.439,0.156,0.161,99.79,97.82,81.52,97.82,0.02,232,9,27,1.1,3.4,0.333,84,69,77,53,120,187,188,188,27,46,46,73,133,133,142,168,136,32,193,129,211,211,188,179,136,138,65,122,122,200,138,129,147,135,175,1,20.9,0.2647058823529412,0.2352941176470588,0.5425794085484017,-0.1035794085484017,0.4715359828141783,0.4419002716249293,46.0,9.074074074074074,0.1111111111111111,0.0,0.037037037037037,0.2222222222222222,0.074074074074074,27,35.4,0.155406,0.3071896200009488,0.46,38.4,0.4666666666666667,0.2,,0.375,0.3333333333333333,0.3333333333333333,0.3461538461538461,,2.5185185185185186,0,27,0.0,-0.2666666666666666,1.0,0.0,49.7,1631222,1.9000000000000004,-14.5,-4.3,-6.2,46.5
1627751,Jakob Poeltl,Jakob,1610612761,TOR,30.0,7,3,4,0.429,19.2,2.9,4.4,0.645,0.0,0.0,0.0,1.3,2.0,0.643,1.7,4.3,6.0,1.4,0.9,0.9,0.9,0.4,2.7,1.6,7.0,0.7,20.6,0,0,17.9,89,88,62,95,104,95,114,20,170,198,170,78,69,134,30,41,38,95,94,66,27,83,50,92,102,70,88,49,5,94,1,Jakob Poeltl,Jakob,1610612761,TOR,30.0,7,3,4,0.429,19.2,107.3,109.1,109.1,107.2,107.3,107.3,0.1,1.7,1.7,0.112,1.67,18.9,0.084,0.213,0.148,11.3,11.3,0.645,0.659,0.132,0.134,103.4,102.52,85.43,102.52,0.127,287,20,31,2.9,4.4,0.645,89,88,77,95,104,102,87,87,101,103,103,84,82,82,117,95,82,38,27,27,145,144,34,37,174,181,12,37,37,47,101,122,95,114,20,1,22.3,0.0,0.4545454545454545,0.5823451250464166,0.0766548749535834,0.7078410311493019,0.6476672947420035,68.4,3.096774193548387,0.032258064516129,0.0,0.032258064516129,0.3548387096774194,0.1290322580645161,31,28.2,0.185838,0.3673442762939418,0.684,52.6,0.5,0.75,0.6666666666666666,0.6666666666666666,0.7333333333333333,0.5625,0.6451612903225806,,2.677419354838709,3,31,0.0,0.25,0.8291666666666667,0.0,57.7,1627751,5.0,-2.3000000000000114,1.7,-3.3,58.0
1628973,Jalen Brunson,Jalen,1610612752,NYK,29.0,17,14,3,0.824,36.2,9.8,21.2,0.46,2.2,6.5,0.345,5.2,6.1,0.846,0.6,2.5,3.1,6.2,2.6,1.1,0.0,1.1,2.2,5.4,26.9,12.5,40.4,1,0,40.5,17,1,155,9,24,1,3,91,25,21,84,14,18,54,114,91,101,10,25,47,154,19,84,15,3,3,13,32,5,12,1,Jalen Brunson,Jalen,1610612752,NYK,29.0,17,14,3,0.824,36.2,120.3,122.5,122.5,104.9,106.2,106.2,15.5,16.3,16.3,0.271,2.33,18.9,0.017,0.067,0.043,8.1,8.1,0.512,0.563,0.313,0.321,98.89,97.41,81.18,97.41,0.137,1254,166,361,9.8,21.2,0.46,17,1,49,9,24,13,11,11,82,95,95,28,28,28,23,45,83,161,185,191,93,94,99,96,11,12,95,135,135,38,2,2,1,3,91,1,87.4,0.3066037735849056,0.2877358490566037,0.5339604199180858,0.029039580081914,0.6047261009667024,0.593306618791708,60.0,12.68421052631579,0.4626038781163435,0.0332409972299169,0.1994459833795014,0.2105263157894736,0.0083102493074792,361,69.2,0.389596,0.7701108528235052,0.6,68.5,0.453125,0.5454545454545454,0.4137931034482758,0.5595238095238095,0.4888888888888889,0.430939226519337,0.4723032069970845,0.1666666666666666,3.520775623268698,29,361,-0.1457307060755336,0.0923295454545454,0.942050337630448,0.3056365403304178,57.0,1628973,-1.1999999999999993,10.700000000000003,16.3,17.5,66.0
1631105,Jalen Duren,Jalen,1610612765,DET,22.0,14,7,7,0.5,30.2,4.0,7.8,0.514,0.0,0.0,0.0,2.2,3.3,0.674,3.3,5.2,8.5,2.1,2.3,0.6,1.2,1.4,3.4,2.6,10.2,-0.4,26.9,3,0,24.6,38,45,19,53,67,66,80,46,170,198,170,54,44,124,5,23,11,74,31,86,12,13,18,53,79,107,59,9,5,63,1,Jalen Duren,Jalen,1610612765,DET,22.0,14,7,7,0.5,30.2,110.6,112.1,112.1,111.4,112.4,112.4,-0.9,-0.3,-0.3,0.109,0.94,15.7,0.111,0.176,0.144,16.8,16.7,0.514,0.553,0.164,0.167,96.44,95.4,79.5,95.4,0.087,838,56,109,4.0,7.8,0.514,38,45,197,53,67,65,65,65,154,152,152,89,96,96,125,149,117,20,48,29,196,195,98,105,118,129,157,183,183,109,38,45,66,80,46,1,39.7,0.0,0.4230769230769231,0.5756486085450777,-0.0226486085450776,0.5939849624060151,0.5342960659854615,57.0,3.165137614678899,0.0825688073394495,0.0091743119266055,0.036697247706422,0.3486238532110092,0.2110091743119266,109,30.0,0.1659,0.3279330139000901,0.5700000000000001,44.9,0.5645161290322581,0.75,,0.5769230769230769,0.4745762711864407,0.56,0.5092592592592593,1.0,2.220183486238532,0,109,0.0,0.1854838709677418,0.9145762711864408,-0.4907407407407407,48.2,1631105,-8.1,9.199999999999989,-0.3,7.8,52.8
1630224,Jalen Green,Jalen,1610612756,PHX,24.0,4,0,4,0.0,37.7,8.0,20.8,0.386,1.8,8.5,0.206,4.0,5.0,0.8,1.3,4.0,5.3,3.5,3.3,2.0,0.3,1.5,2.0,4.3,21.8,-10.5,36.8,0,0,36.8,172,196,62,196,16,14,6,154,45,4,154,25,28,74,55,46,52,38,16,7,104,7,93,24,19,220,22,49,5,21,1,Jalen Green,Jalen,1610612756,PHX,24.0,4,0,4,0.0,37.7,110.3,112.9,112.9,124.3,126.3,126.3,-14.0,-13.4,-13.4,0.149,1.08,11.9,0.031,0.105,0.067,11.0,10.9,0.428,0.474,0.291,0.298,98.58,96.67,80.56,96.67,0.084,303,32,83,8.0,20.8,0.386,172,196,77,196,16,68,56,56,213,222,222,179,175,175,86,134,143,127,131,144,136,136,166,168,17,19,106,150,150,116,72,67,14,6,154,1,79.1,0.4086538461538461,0.2403846153846153,0.5259754050886939,-0.0519754050886939,0.5091299677765843,0.5008147132423051,50.6,15.060240963855422,0.3975903614457831,0.0,0.216867469879518,0.1325301204819277,0.0120481927710843,83,64.6,0.3062039999999999,0.6052706485127377,0.506,55.6,0.375,0.25,,0.375,0.4090909090909091,0.358974358974359,0.3855421686746988,,2.698795180722892,0,83,0.0,-0.125,0.94988344988345,0.0,51.8,1630224,14.6,22.0,-13.4,-28.0,72.8
1630552,Jalen Johnson,Jalen,1610612737,ATL,24.0,6,2,4,0.333,35.7,6.7,15.3,0.435,1.5,5.2,0.29,4.7,5.3,0.875,1.0,6.7,7.7,5.2,2.3,0.8,0.3,0.8,3.3,3.7,19.5,-15.2,37.6,2,0,36.2,119,128,62,138,28,26,25,115,56,42,120,20,22,40,71,8,18,19,30,70,88,39,22,31,25,228,20,20,5,24,1,Jalen Johnson,Jalen,1610612737,ATL,24.0,6,2,4,0.333,35.7,103.3,104.8,104.8,121.5,125.3,125.3,-18.1,-20.5,-20.5,0.238,2.21,20.5,0.028,0.2,0.111,9.3,9.3,0.484,0.551,0.247,0.251,100.2,97.95,81.63,97.95,0.121,437,40,92,6.7,15.3,0.435,119,128,77,138,28,137,132,132,205,219,219,201,201,201,38,56,68,137,31,56,114,114,138,111,38,44,56,119,119,57,57,56,26,25,115,1,65.1,0.3398692810457516,0.3464052287581699,0.5457006557193654,0.0052993442806346,0.5918367346938777,0.5662032422641626,58.2,11.717391304347826,0.2934782608695652,0.0,0.0760869565217391,0.2608695652173913,0.0326086956521739,92,52.8,0.290928,0.5750747189145595,0.5820000000000001,57.9,0.3617021276595745,0.5,0.6666666666666666,0.4666666666666667,0.4130434782608695,0.4565217391304347,0.4285714285714285,,2.5760869565217392,9,92,0.1999999999999999,0.1382978723404255,0.9565217391304348,0.0,70.6,1630552,-9.7,8.200000000000003,-20.5,-10.8,42.7
1630591,Jalen Suggs,Jalen,1610612753,ORL,25.0,7,3,4,0.429,35.4,3.7,12.4,0.299,1.9,7.7,0.241,1.9,2.0,0.929,0.7,3.3,4.0,4.1,3.0,1.9,0.6,0.9,3.9,1.6,11.1,-4.9,26.4,0,0,26.0,89,88,62,95,31,77,41,191,38,10,147,61,69,28,102,69,70,30,19,11,60,36,8,92,69,189,61,49,5,57,1,Jalen Suggs,Jalen,1610612753,ORL,25.0,7,3,4,0.429,35.4,102.3,104.2,104.2,107.9,110.4,110.4,-5.6,-6.3,-6.3,0.188,1.38,20.4,0.019,0.089,0.053,14.8,14.7,0.374,0.419,0.194,0.202,100.13,98.09,81.74,98.09,0.044,506,26,87,3.7,12.4,0.299,89,88,77,95,31,150,137,137,105,127,127,136,146,146,62,115,70,156,157,176,181,181,186,187,82,81,58,116,116,183,88,61,77,41,191,1,48.9,0.6209677419354839,0.1612903225806451,0.5162120774006463,-0.0972120774006463,0.4500537056928034,0.4491696254349652,45.0,18.229885057471265,0.2183908045977011,0.0114942528735632,0.0459770114942528,0.0344827586206896,0.0459770114942528,87,46.1,0.193159,0.381815630089979,0.45,41.6,0.3617021276595745,0.1818181818181818,,0.2222222222222222,0.3653846153846153,0.2,0.3058823529411765,0.0,2.528735632183908,0,87,0.0,-0.1798839458413926,0.8346153846153846,0.3058823529411765,52.2,1630591,-3.0999999999999996,13.400000000000006,-6.3,-3.2,56.7
1631114,Jalen Williams,Jalen,1610612760,OKC,25.0,5,3,2,0.6,21.4,5.8,11.2,0.518,1.0,2.4,0.417,1.8,2.4,0.75,1.0,2.2,3.2,2.8,1.2,1.0,0.4,1.0,1.0,1.8,14.4,4.0,25.4,0,0,24.2,155,88,183,47,100,39,51,45,82,102,41,64,64,95,71,99,94,49,70,50,79,21,147,81,48,26,66,49,5,66,1,Jalen Williams,Jalen,1610612760,OKC,25.0,5,3,2,0.6,21.4,111.9,111.6,111.6,102.9,102.7,102.7,9.0,8.9,8.9,0.219,2.33,17.3,0.043,0.096,0.069,7.4,7.4,0.563,0.587,0.266,0.274,100.17,100.41,83.67,100.41,0.15,224,29,56,5.8,11.2,0.518,155,88,26,47,100,59,67,67,68,65,65,41,46,46,49,45,101,96,141,136,81,80,72,71,27,28,57,69,69,31,79,94,39,51,45,1,52.0,0.2142857142857143,0.2142857142857143,0.5324172120676776,0.0545827879323224,0.6305048335123523,0.6224683839016256,62.7,9.5,0.25,0.0357142857142857,0.125,0.1785714285714285,0.0535714285714285,56,47.9,0.2811729999999999,0.5557920995619652,0.627,59.1,0.5806451612903226,1.0,,0.5625,0.5272727272727272,0.0,0.5370370370370371,0.0,4.696428571428571,0,56,0.0,0.4193548387096774,0.4727272727272728,0.5370370370370371,59.8,1631114,2.7,-6.1000000000000085,8.9,6.2,57.1
1631288,Jamal Cain,Jamal,1610612753,ORL,27.0,7,3,4,0.429,17.6,1.7,4.1,0.414,0.4,1.7,0.25,0.7,1.6,0.455,1.0,2.4,3.4,0.6,0.7,0.3,0.4,0.4,2.0,2.7,4.6,-4.6,11.0,0,0,10.4,89,88,62,95,109,125,120,132,136,127,136,118,89,174,71,93,88,144,106,142,76,83,93,52,126,187,123,49,5,124,1,Jamal Cain,Jamal,1610612753,ORL,27.0,7,3,4,0.429,17.6,86.7,89.0,89.0,102.5,102.9,102.9,-15.8,-13.9,-13.9,0.065,0.8,9.5,0.048,0.116,0.082,11.9,11.7,0.466,0.473,0.128,0.137,96.73,95.29,79.4,95.29,0.054,245,12,29,1.7,4.1,0.414,89,88,77,95,109,211,205,205,64,67,67,188,180,180,170,153,162,88,109,106,157,153,151,169,179,175,151,187,187,168,125,126,125,120,132,1,20.1,0.4146341463414634,0.3902439024390244,0.5585489374761473,-0.0855489374761473,0.5080558539205156,0.4624850143600452,49.0,13.275862068965518,0.1034482758620689,0.0,0.0689655172413793,0.1034482758620689,0.0689655172413793,29,36.9,0.174537,0.3450056928696807,0.49,41.8,0.4,1.0,,0.3333333333333333,0.3571428571428571,0.4666666666666667,0.4137931034482758,,2.2758620689655173,0,29,0.0,0.6,0.8904761904761904,0.0,70.6,1631288,-12.700000000000001,-17.599999999999994,-13.9,-1.2,29.0
1627750,Jamal Murray,Jamal,1610612743,DEN,29.0,6,2,4,0.333,39.7,7.7,21.5,0.357,1.8,7.0,0.262,6.5,6.7,0.975,1.2,3.8,5.0,5.7,2.2,0.8,0.3,1.0,1.7,6.2,23.7,-4.7,39.5,0,0,38.5,119,128,62,138,6,18,1,169,39,15,131,8,15,23,61,53,58,14,33,70,88,21,117,9,14,188,16,49,5,16,1,Jamal Murray,Jamal,1610612743,DEN,29.0,6,2,4,0.333,39.7,102.9,103.8,103.8,109.2,110.3,110.3,-6.3,-6.5,-6.5,0.268,2.62,17.9,0.028,0.088,0.058,6.8,6.7,0.399,0.484,0.285,0.299,100.94,99.96,83.3,99.96,0.114,498,46,129,7.7,21.5,0.357,119,128,77,138,6,140,142,142,120,126,126,142,152,152,25,33,94,136,162,159,69,66,176,162,20,17,38,78,78,67,47,34,18,1,169,1,83.0,0.3255813953488372,0.3116279069767442,0.5386274204484078,-0.0546274204484078,0.5198711063372717,0.4977870023361107,51.1,14.775193798449612,0.4961240310077519,0.0232558139534883,0.2945736434108527,0.1472868217054263,0.0155038759689922,129,75.2,0.363968,0.7194522194284992,0.511,61.5,0.4406779661016949,0.1764705882352941,0.2,,0.3857142857142857,0.3220338983050847,0.3629032258064516,0.3333333333333333,2.434108527131783,5,129,0.0,-0.2642073778664008,0.936319612590799,0.0295698924731183,47.8,1627750,-7.4,-11.5,-6.5,0.9,39.6
1642347,Jamal Shead,Jamal,1610612761,TOR,23.0,7,3,4,0.429,32.0,3.3,9.3,0.354,2.0,6.0,0.333,0.4,0.9,0.5,0.4,1.6,2.0,5.0,2.0,1.4,0.1,0.1,3.1,1.9,9.0,1.9,21.6,0,0,21.1,89,88,62,95,56,84,67,170,30,27,88,141,127,152,142,123,127,22,36,22,132,136,28,77,88,45,83,49,5,81,1,Jamal Shead,Jamal,1610612761,TOR,23.0,7,3,4,0.429,32.0,108.1,112.4,112.4,109.2,107.6,107.6,-1.1,4.8,4.8,0.211,2.5,30.2,0.013,0.049,0.031,12.1,12.0,0.462,0.466,0.153,0.156,99.1,97.93,81.61,97.93,0.048,453,23,65,3.3,9.3,0.354,89,88,77,95,56,92,62,62,122,104,104,92,63,63,51,36,19,177,201,206,160,159,154,173,142,149,89,120,120,177,97,79,84,67,170,1,35.7,0.6451612903225806,0.0967741935483871,0.5107438016116266,-0.0447438016116265,0.5005370569280344,0.5090707758011404,50.4,18.630769230769232,0.1384615384615384,0.0153846153846153,0.0461538461538461,0.1076923076923077,0.0153846153846153,65,46.5,0.21669,0.4283291427487073,0.504,46.6,0.4857142857142857,0.0,0.1111111111111111,0.3333333333333333,0.4042553191489361,0.2222222222222222,0.359375,0.0,2.5384615384615383,9,65,-0.2222222222222222,-0.4857142857142857,0.8179669030732861,0.359375,31.8,1642347,13.5,6.300000000000011,4.8,-8.7,70.8
201935,James Harden,James,1610612739,CLE,36.0,18,8,10,0.444,37.3,5.7,13.8,0.41,2.1,7.1,0.299,5.7,6.9,0.831,0.7,4.4,5.1,5.5,4.7,1.7,0.7,0.9,2.6,4.7,19.2,0.4,36.1,2,0,36.7,11,32,1,87,17,44,35,137,28,14,114,12,13,62,101,38,56,16,3,17,49,31,63,20,26,81,24,20,5,22,1,James Harden,James,1610612739,CLE,36.0,18,8,10,0.444,37.3,111.5,113.3,113.3,110.5,112.9,112.9,1.0,0.4,0.4,0.236,1.18,20.5,0.02,0.118,0.07,17.4,17.3,0.486,0.568,0.246,0.254,97.95,96.11,80.09,96.11,0.106,1346,102,249,5.7,13.8,0.41,11,32,225,87,17,62,54,54,141,161,161,77,88,88,41,125,69,153,102,135,199,199,135,86,39,41,121,164,164,82,9,8,44,35,137,1,69.0,0.5144927536231884,0.5,0.5582116403264337,0.0097883596735662,0.6100966702470462,0.5713281902828347,59.5,16.686746987951807,0.4698795180722891,0.0080321285140562,0.1044176706827309,0.0803212851405622,0.0080321285140562,249,62.8,0.3567039999999999,0.7050935370115596,0.595,65.0,0.4573643410852713,0.3243243243243243,0.125,0.3409090909090909,0.4745762711864407,0.3511450381679389,0.4180327868852459,0.0,2.2329317269076303,16,249,-0.2159090909090908,-0.1330400167609469,0.8765687669814982,0.4180327868852459,46.3,201935,15.9,15.899999999999991,0.4,-15.5,76.2
1642419,Jamison Battle,Jamison,1610612761,TOR,25.0,6,3,3,0.5,11.9,1.8,3.2,0.579,1.2,1.8,0.636,0.0,0.0,0.0,0.5,1.3,1.8,0.2,0.2,0.0,0.0,0.0,1.0,0.3,4.8,-0.2,7.1,0,0,8.0,119,88,155,53,134,120,136,32,74,122,9,184,187,184,121,132,135,192,190,182,154,158,147,173,123,97,148,49,5,136,1,Jamison Battle,Jamison,1610612761,TOR,25.0,6,3,3,0.5,11.9,114.0,114.9,114.9,119.1,114.0,114.0,-5.1,0.9,0.9,0.017,1.0,4.8,0.045,0.114,0.08,4.8,4.8,0.763,0.763,0.119,0.121,98.68,100.48,83.74,100.48,0.075,148,11,19,1.8,3.2,0.579,119,88,49,53,134,41,38,38,197,172,172,132,85,85,197,135,195,94,113,112,41,41,15,17,195,197,102,67,67,134,128,143,120,136,32,1,12.8,0.5625,0.0,0.5047872136615558,0.2582127863384442,0.8195488721804511,0.8549454563832366,83.4,16.894736842105264,0.1578947368421052,0.0,0.1052631578947368,0.0526315789473684,0.1052631578947368,19,43.6,0.332668,0.6575817954678432,0.8340000000000001,74.6,0.4285714285714285,0.3333333333333333,0.6666666666666666,1.0,0.4444444444444444,0.7,0.6111111111111112,,2.631578947368421,3,19,-0.3333333333333333,-0.0952380952380952,0.7444444444444445,0.0,26.0,1642419,2.1,5.0,0.9,-1.2,59.3
1642272,Jared McCain,Jared,1610612760,OKC,22.0,15,11,4,0.733,17.2,3.7,9.1,0.412,1.7,4.7,0.371,0.8,1.0,0.8,0.6,1.3,1.9,1.0,0.7,0.3,0.0,0.4,1.3,0.9,10.0,2.6,14.0,0,0,15.3,29,21,62,26,111,76,70,135,46,50,65,113,115,74,109,137,134,114,103,133,154,88,140,125,80,36,108,49,5,101,1,Jared McCain,Jared,1610612760,OKC,22.0,15,11,4,0.733,17.2,112.0,113.7,113.7,108.8,108.2,108.2,3.2,5.5,5.5,0.094,1.36,8.9,0.033,0.075,0.053,6.5,6.5,0.507,0.526,0.245,0.256,98.88,98.39,81.99,98.39,0.082,534,56,136,3.7,9.1,0.412,29,21,77,26,111,58,49,49,110,110,110,64,60,60,137,116,164,121,173,173,61,61,103,131,40,37,96,108,108,121,38,32,76,70,135,1,45.1,0.5164835164835165,0.1098901098901098,0.5094408758796947,0.0165591241203053,0.5649838882921591,0.5790581294340454,57.1,15.992647058823527,0.2867647058823529,0.0220588235294117,0.0808823529411764,0.1617647058823529,0.0,136,55.6,0.292456,0.578095102550722,0.5710000000000001,57.5,0.3898305084745763,0.3076923076923077,0.6,0.2962962962962963,0.4324324324324324,0.3870967741935484,0.4135338345864661,0.3333333333333333,2.625,5,136,0.3037037037037037,-0.0821382007822685,0.954664341761116,0.0802005012531328,71.4,1642272,-2.4000000000000004,-3.799999999999997,5.5,7.9,52.8
1629020,Jarred Vanderbilt,Jarred,1610612747,LAL,27.0,7,3,4,0.429,10.7,1.3,3.1,0.409,0.1,1.3,0.111,0.1,0.4,0.333,0.7,2.7,3.4,0.3,0.1,0.3,0.0,0.4,1.7,0.3,2.9,-1.0,8.1,0,0,7.3,89,88,62,95,142,142,139,138,166,138,165,177,162,178,102,82,88,178,196,142,154,83,114,179,150,129,138,49,5,144,1,Jarred Vanderbilt,Jarred,1610612747,LAL,27.0,7,3,4,0.429,10.7,107.0,104.9,104.9,101.9,105.4,105.4,5.0,-0.5,-0.5,0.045,2.0,7.7,0.074,0.224,0.157,3.8,3.8,0.432,0.429,0.147,0.157,93.25,92.51,77.09,92.51,0.073,142,9,22,1.3,3.1,0.409,89,88,77,95,142,107,129,129,54,90,90,58,98,98,184,62,179,43,21,22,37,37,163,182,153,146,206,219,219,138,138,137,142,139,138,1,17.0,0.4193548387096774,0.1290322580645161,0.5240637041455666,-0.0950637041455665,0.4607948442534909,0.4516223461973679,45.7,11.181818181818182,0.0,0.0,0.0,0.1363636363636363,0.1363636363636363,22,25.6,0.109824,0.2170880971583092,0.457,33.7,0.2857142857142857,,0.0,,0.2222222222222222,0.5384615384615384,0.4090909090909091,,2.772727272727273,1,22,0.0,0.0,0.6837606837606838,0.0,44.2,1629020,5.4,-2.8999999999999915,-0.5,-5.9,57.1
1628386,Jarrett Allen,Jarrett,1610612739,CLE,28.0,18,8,10,0.444,29.4,4.8,7.6,0.635,0.0,0.0,0.0,3.1,5.3,0.579,3.2,4.0,7.2,1.1,0.9,1.0,1.7,0.8,2.0,4.9,12.7,-0.4,30.1,3,0,26.4,11,32,1,87,71,55,84,24,170,198,170,39,24,146,8,46,24,113,89,50,4,39,93,19,58,106,43,9,5,55,1,Jarrett Allen,Jarrett,1610612739,CLE,28.0,18,8,10,0.444,29.4,112.0,114.1,114.1,111.6,113.6,113.6,0.4,0.5,0.5,0.058,1.12,8.7,0.111,0.14,0.126,7.8,7.9,0.635,0.64,0.163,0.164,96.58,94.84,79.03,94.84,0.119,1040,87,137,4.8,7.6,0.635,11,32,225,87,71,57,45,45,157,166,166,83,87,87,176,130,169,21,79,44,89,90,37,46,122,133,153,193,193,60,17,30,55,84,24,1,42.9,0.0,0.6973684210526316,0.6100326147961861,0.0299673852038139,0.6874328678839957,0.5943658606532265,65.0,3.153284671532847,0.0510948905109489,0.0072992700729927,0.0510948905109489,0.2408759124087591,0.1824817518248175,137,24.6,0.15744,0.3112102092129608,0.65,48.1,0.6323529411764706,0.6666666666666666,0.5,0.65625,0.703125,0.5753424657534246,0.6370370370370371,0.0,2.1751824817518246,4,137,-0.15625,0.034313725490196,0.8722174657534246,0.6370370370370371,59.3,1628386,9.4,11.699999999999989,0.5,-8.9,68.7
1629750,Javonte Green,Javonte,1610612765,DET,32.0,11,6,5,0.545,12.0,0.8,2.7,0.3,0.6,2.5,0.259,0.5,0.5,0.833,0.2,1.6,1.8,0.3,0.3,0.5,0.5,0.1,1.3,0.5,2.7,0.5,8.0,0,0,7.5,54,57,51,51,133,162,146,188,114,101,132,138,150,58,179,122,136,180,174,95,71,152,139,163,158,76,140,49,5,143,1,Javonte Green,Javonte,1610612765,DET,32.0,11,6,5,0.545,12.0,100.0,99.6,99.6,93.5,93.8,93.8,6.5,5.8,5.8,0.036,1.0,7.7,0.013,0.124,0.068,7.7,7.8,0.417,0.46,0.116,0.119,98.29,98.28,81.9,98.28,0.058,265,9,30,0.8,2.7,0.3,54,57,170,51,133,174,175,175,22,30,30,48,58,58,189,135,179,174,95,141,85,87,170,174,200,200,113,110,110,163,138,124,162,146,188,1,13.8,0.9259259259259258,0.1851851851851851,0.5140893306634371,-0.054089330663437,0.4940923737916219,0.4984013201621747,49.6,22.7,0.1,0.1,0.0333333333333333,0.0666666666666666,0.0,30,51.7,0.23782,0.4700966206493034,0.496,48.3,0.25,,,0.2,0.2666666666666666,0.3333333333333333,0.2962962962962963,0.3333333333333333,2.2666666666666666,0,30,0.0,0.0,0.9333333333333332,-0.037037037037037,53.9,1629750,3.5999999999999996,-12.900000000000006,5.8,2.2,52.8
1629637,Jaxson Hayes,Jaxson,1610612747,LAL,26.0,10,4,6,0.4,16.3,1.9,2.8,0.679,0.0,0.1,0.0,1.9,2.7,0.704,1.5,1.7,3.2,0.7,1.0,0.3,0.8,0.2,2.7,2.8,5.7,0.1,12.9,0,0,11.8,63,69,35,122,113,118,145,14,170,195,170,59,59,119,39,120,94,137,75,141,35,122,52,48,113,88,113,49,5,114,1,Jaxson Hayes,Jaxson,1610612747,LAL,26.0,10,4,6,0.4,16.3,102.9,103.3,103.3,102.0,104.5,104.5,0.9,-1.3,-1.3,0.07,0.7,12.3,0.104,0.1,0.102,17.5,17.6,0.679,0.715,0.131,0.137,100.09,98.68,82.23,98.68,0.08,337,19,28,1.9,2.8,0.679,63,69,181,122,113,141,147,147,56,84,84,78,103,103,162,159,140,28,135,71,200,200,24,21,175,176,59,103,103,125,105,128,118,145,14,1,20.5,0.0357142857142857,0.9642857142857144,0.6447830422096671,0.0702169577903328,0.7679914070891515,0.640317355407394,71.7,2.607142857142857,0.0,0.0714285714285714,0.0,0.25,0.5,28,17.0,0.12155,0.2402667741986495,0.7170000000000001,47.9,0.7333333333333333,0.4285714285714285,0.3333333333333333,1.0,0.7272727272727273,0.6470588235294118,0.6923076923076923,0.5,2.607142857142857,6,28,-0.6666666666666667,-0.3047619047619047,0.9197860962566844,0.1923076923076923,13.6,1629637,7.3999999999999995,-4.400000000000006,-1.3,-8.7,57.6
1627759,Jaylen Brown,Jaylen,1610612738,BOS,29.0,7,3,4,0.429,35.6,9.3,20.4,0.455,2.4,6.0,0.405,4.7,6.6,0.717,1.6,4.1,5.7,3.3,3.6,0.9,1.1,1.6,3.0,5.9,25.7,-3.3,39.9,0,0,41.1,89,88,62,95,29,4,7,97,16,27,43,17,16,113,35,44,44,41,8,66,18,5,32,11,8,175,14,49,5,10,1,Jaylen Brown,Jaylen,1610612738,BOS,29.0,7,3,4,0.429,35.6,102.7,106.1,106.1,108.5,111.0,111.0,-5.8,-4.9,-4.9,0.184,0.92,11.0,0.038,0.109,0.072,11.9,11.8,0.514,0.551,0.325,0.33,97.24,94.6,78.84,94.6,0.122,491,65,143,9.3,20.4,0.455,89,88,77,95,29,144,118,118,108,136,136,137,137,137,66,150,152,109,123,126,157,158,97,112,8,8,141,198,198,54,26,26,4,7,97,1,85.6,0.2941176470588235,0.3235294117647059,0.5378853248848066,0.0131146751151934,0.5918367346938777,0.5751257254302721,58.5,13.874125874125872,0.5174825174825175,0.0139860139860139,0.2447552447552447,0.1678321678321678,0.0139860139860139,143,73.1,0.402781,0.7961735218305739,0.585,69.1,0.4558823529411764,0.4545454545454545,,0.4722222222222222,0.4526315789473684,0.4583333333333333,0.4565217391304347,0.0,2.2587412587412588,0,143,0.0,-0.0013368983957219,0.9942982456140352,0.4565217391304347,67.7,1627759,-28.799999999999997,-25.5,-4.9,23.9,15.4
1641740,Jaylen Clark,Jaylen,1610612750,MIN,24.0,6,2,4,0.333,9.5,0.5,2.0,0.25,0.3,1.3,0.25,0.3,0.3,1.0,0.3,0.8,1.2,0.5,0.0,0.2,0.2,0.2,1.0,0.3,1.7,-0.5,4.8,0,0,4.3,119,128,62,138,150,188,164,198,143,133,136,151,169,1,153,164,166,151,200,163,127,127,147,173,183,111,173,49,5,180,1,Jaylen Clark,Jaylen,1610612750,MIN,24.0,6,2,4,0.333,9.5,113.2,112.6,112.6,115.5,113.2,113.2,-2.3,-0.6,-0.6,0.064,0.0,18.8,0.034,0.1,0.065,0.0,0.0,0.333,0.388,0.095,0.098,99.72,100.97,84.14,100.97,0.023,119,3,12,0.5,2.0,0.25,119,128,77,138,150,48,60,60,177,163,163,102,99,99,171,183,84,118,135,147,1,1,193,192,216,218,68,60,60,198,176,165,188,164,198,1,7.1,0.65,0.15,0.5222168212600375,-0.1342168212600375,0.4167561761546724,0.4069226353662145,41.3,18.166666666666668,0.1666666666666666,0.0,0.0,0.0,0.0,12,39.6,0.153648,0.303714597466673,0.413,35.8,0.5,0.0,,0.1428571428571428,0.2,0.2857142857142857,0.25,,2.583333333333333,0,12,0.0,-0.5,0.9142857142857144,0.0,39.2,1641740,5.7,6.199999999999989,-0.6,-6.3,62.2
1631119,Jaylin Williams,Jaylin,1610612760,OKC,23.0,15,11,4,0.733,16.0,1.7,4.3,0.4,1.2,3.3,0.36,0.3,0.4,0.667,0.5,3.7,4.1,1.5,0.4,0.5,0.2,0.1,2.1,1.1,4.9,2.9,13.9,1,0,13.2,29,21,62,26,115,124,116,143,71,80,71,165,164,125,139,57,69,94,156,97,121,155,88,110,121,35,109,32,5,108,1,Jaylin Williams,Jaylin,1610612760,OKC,23.0,15,11,4,0.733,16.0,113.0,111.0,111.0,106.5,106.1,106.1,6.5,4.9,4.9,0.134,3.67,23.2,0.028,0.213,0.121,6.3,6.3,0.538,0.547,0.127,0.137,98.93,99.99,83.33,99.99,0.088,509,26,65,1.7,4.3,0.4,29,21,77,26,115,50,73,73,97,94,94,49,62,62,99,14,46,139,26,48,57,58,84,115,181,174,94,77,77,107,88,79,124,116,143,1,20.1,0.7674418604651163,0.0930232558139535,0.5077702319338352,0.0392297680661648,0.5875402792696026,0.6049403912670737,59.5,20.95384615384616,0.0461538461538461,0.0307692307692307,0.1076923076923077,0.0153846153846153,0.0153846153846153,65,44.5,0.243415,0.4811562060186284,0.595,53.8,0.4186046511627907,0.3333333333333333,,0.3,0.40625,0.3939393939393939,0.3968253968253968,0.5,2.507692307692308,0,65,0.0,-0.0852713178294574,0.987689393939394,-0.1031746031746032,52.2,1631119,-1.8999999999999995,-5.799999999999997,4.9,6.8,51.8
1642281,Jaylon Tyson,Jaylon,1610612739,CLE,23.0,17,8,9,0.471,12.7,1.5,4.1,0.362,0.5,2.2,0.237,0.6,0.9,0.667,0.8,2.0,2.8,1.3,0.6,0.2,0.1,0.2,1.5,0.6,4.1,-1.4,9.4,0,0,9.1,17,32,7,83,129,135,122,165,123,109,149,129,126,125,99,102,108,101,119,162,151,126,129,146,135,142,130,49,5,128,1,Jaylon Tyson,Jaylon,1610612739,CLE,23.0,17,8,9,0.471,12.7,106.1,105.3,105.3,109.7,112.7,112.7,-3.5,-7.4,-7.4,0.162,2.0,20.4,0.061,0.152,0.108,10.2,10.1,0.428,0.456,0.173,0.181,96.48,95.55,79.63,95.55,0.064,433,25,69,1.5,4.1,0.362,17,32,222,83,129,116,125,125,129,158,158,114,154,154,75,62,72,60,66,61,128,127,167,176,107,106,155,179,179,158,92,75,135,122,165,1,26.4,0.5365853658536587,0.2195121951219512,0.5285812743816267,-0.0725812743816267,0.489795918367347,0.4772897306432004,48.5,15.869565217391305,0.1159420289855072,0.0144927536231884,0.0869565217391304,0.1159420289855072,0.0434782608695652,69,43.6,0.198816,0.3929977702927084,0.485,43.9,0.4137931034482758,0.25,0.5,0.4117647058823529,0.3235294117647059,0.4,0.3432835820895522,1.0,2.347826086956522,2,69,0.088235294117647,-0.1637931034482758,0.923529411764706,-0.6567164179104478,39.3,1642281,-4.7,-5.6000000000000085,-7.4,-2.7,44.6
1628369,Jayson Tatum,Jayson,1610612738,BOS,28.0,6,3,3,0.5,36.3,8.0,16.8,0.475,3.2,8.7,0.365,4.2,5.3,0.781,1.0,9.7,10.7,6.8,2.8,1.2,0.0,0.8,1.8,3.7,23.3,4.7,47.1,5,0,46.3,119,88,155,53,21,14,16,81,5,2,67,23,22,87,71,2,2,7,22,38,154,39,109,31,15,21,5,4,5,5,1,Jayson Tatum,Jayson,1610612738,BOS,28.0,6,3,3,0.5,36.3,114.8,119.4,119.4,109.5,112.9,112.9,5.4,6.6,6.6,0.311,2.41,23.8,0.027,0.252,0.141,9.9,9.8,0.569,0.608,0.262,0.266,97.33,93.98,78.32,93.98,0.185,427,48,101,8.0,16.8,0.475,119,88,49,53,21,34,17,17,125,162,162,57,56,56,15,43,45,141,13,32,123,121,70,60,30,33,136,209,209,14,45,47,14,16,81,1,69.6,0.5178571428571428,0.3154761904761904,0.5336271097982084,0.0743728902017916,0.653061224489796,0.6450620345215216,65.0,16.306930693069308,0.495049504950495,0.0,0.1287128712871287,0.198019801980198,0.0,101,69.9,0.424992,0.8400778025523034,0.65,74.5,0.4482758620689655,0.4,,0.5151515151515151,0.4545454545454545,0.5,0.48,,2.3366336633663365,0,101,0.0,-0.0482758620689655,0.9545454545454546,0.0,54.2,1628369,10.899999999999999,18.5,6.6,-4.3,76.1
203924,Jerami Grant,Jerami,1610612757,POR,32.0,5,1,4,0.2,22.3,3.0,8.6,0.349,1.0,3.0,0.333,3.4,3.6,0.944,0.4,1.4,1.8,0.4,0.6,1.0,0.2,1.0,2.2,2.8,10.4,-9.0,16.2,0,0,16.0,155,163,62,179,95,91,74,173,82,87,88,32,41,25,144,131,139,168,123,50,121,21,85,48,78,213,98,49,5,98,1,Jerami Grant,Jerami,1610612757,POR,32.0,5,1,4,0.2,22.3,100.8,99.2,99.2,118.7,120.3,120.3,-17.9,-21.1,-21.1,0.03,0.67,3.6,0.016,0.067,0.039,5.4,5.4,0.407,0.511,0.196,0.207,100.38,100.54,83.79,100.54,0.057,236,15,43,3.0,8.6,0.349,155,163,77,179,95,165,176,176,193,200,200,199,204,204,191,161,197,165,186,198,47,48,173,145,80,74,51,65,65,164,114,104,91,74,173,1,40.3,0.3488372093023256,0.4186046511627907,0.5587816985116435,-0.0477816985116434,0.5488721804511278,0.5056025177677225,53.2,11.790697674418604,0.1860465116279069,0.0697674418604651,0.1395348837209302,0.3488372093023256,0.0465116279069767,43,57.8,0.295358,0.5838314594303968,0.532,55.8,0.4,0.6666666666666666,0.5,0.5,0.25,0.4347826086956521,0.3333333333333333,0.3333333333333333,2.395348837209302,2,43,0.0,0.2666666666666666,0.8152173913043479,0.0,57.6,203924,-16.200000000000003,-3.0999999999999943,-21.1,-4.9,31.1
1628975,Jevon Carter,Jevon,1610612753,ORL,30.0,3,0,3,0.0,5.5,0.3,1.3,0.25,0.0,0.7,0.0,0.0,0.0,0.0,0.3,0.3,0.7,0.7,0.0,0.3,0.0,0.0,0.0,0.0,0.7,3.0,3.5,0,0,2.7,196,196,155,196,179,203,187,198,170,170,170,184,187,184,153,195,189,139,200,133,154,158,206,200,205,31,191,49,5,195,1,Jevon Carter,Jevon,1610612753,ORL,30.0,3,0,3,0.0,5.5,109.9,109.4,109.4,94.5,83.9,83.9,15.4,25.5,25.5,0.2,0.0,33.3,0.056,0.071,0.063,0.0,0.0,0.25,0.25,0.103,0.112,86.34,91.64,76.36,91.64,0.08,32,1,4,0.3,1.3,0.25,196,196,49,196,179,70,85,85,25,18,18,29,13,13,55,183,11,70,180,152,1,1,203,212,212,208,221,222,222,122,201,193,203,187,198,1,4.5,0.5384615384615384,0.0,0.5071015031104532,-0.2571015031104532,0.2685284640171858,0.2666295974394415,26.8,21.0,0.75,0.0,0.5,0.0,0.0,4,100.0,0.25,0.4941727153407024,0.268,38.1,0.5,0.0,,0.0,0.0,1.0,0.25,,2.25,0,4,0.0,-0.5,0.0,0.0,0.4,1628975,33.0,8.600000000000009,25.5,-7.5,96.4
203954,Joel Embiid,Joel,1610612755,PHI,32.0,7,3,4,0.429,33.3,8.1,17.7,0.46,0.7,4.0,0.179,7.0,8.4,0.831,1.1,6.1,7.3,5.4,2.1,0.3,0.9,0.7,2.4,7.1,24.0,-7.3,42.2,3,0,39.7,89,88,62,95,43,13,15,92,107,62,159,5,5,63,64,14,22,17,34,142,27,48,72,4,12,205,12,9,5,13,1,Joel Embiid,Joel,1610612755,PHI,32.0,7,3,4,0.429,33.3,108.8,109.0,109.0,119.6,120.0,120.0,-10.9,-10.9,-10.9,0.297,2.53,18.6,0.035,0.173,0.107,7.4,7.4,0.48,0.56,0.325,0.331,96.19,95.93,79.95,95.93,0.154,466,57,124,8.1,17.7,0.46,89,88,77,95,43,83,89,89,201,198,198,170,169,169,19,35,87,116,49,62,80,81,141,100,7,7,164,168,168,27,35,35,13,15,92,1,83.3,0.2259887005649717,0.4745762711864407,0.5594179679257834,0.0005820320742166,0.6015037593984963,0.560817655954121,58.5,14.048387096774194,0.2661290322580645,0.0,0.3548387096774194,0.1370967741935483,0.0241935483870967,124,63.7,0.35672,0.7051251640653415,0.585,64.5,0.4347826086956521,0.2222222222222222,,0.5,0.46875,0.45,0.4552845528455284,,2.0,0,124,0.0,-0.2125603864734299,0.98125,0.0,50.5,203954,-1.0,1.7999999999999972,-10.9,-9.9,50.2
202685,Jonas Valančiūnas,Jonas,1610612743,DEN,34.0,4,2,2,0.5,6.3,1.3,1.8,0.714,0.0,0.0,0.0,0.3,0.5,0.5,0.8,1.5,2.3,0.3,1.3,0.0,0.3,0.0,2.8,1.8,2.8,-2.5,5.3,0,0,5.8,172,128,183,53,171,143,176,11,170,198,170,166,153,152,100,125,120,181,68,182,104,158,48,83,155,165,163,49,5,158,1,Jonas Valančiūnas,Jonas,1610612743,DEN,34.0,4,2,2,0.5,6.3,96.5,94.4,94.4,116.0,122.0,122.0,-19.5,-27.6,-27.6,0.071,0.2,7.1,0.111,0.261,0.18,35.7,36.0,0.714,0.698,0.21,0.223,101.22,99.84,83.2,99.84,0.015,54,5,7,1.3,1.8,0.714,172,128,26,53,171,188,192,192,183,208,208,202,217,217,157,180,188,22,12,12,223,223,19,24,61,59,35,80,80,204,158,182,143,176,11,1,21.6,0.0,0.2777777777777778,0.5535103643166968,0.1444896356833032,0.7497314715359827,0.7251118103358398,74.0,6.428571428571429,0.0,0.0,0.1428571428571428,0.0,0.2857142857142857,7,18.3,0.127734,0.2524906304853171,0.74,49.6,0.6666666666666666,,,,1.0,0.3333333333333333,0.7142857142857143,,2.4285714285714284,0,7,0.0,0.0,0.3333333333333332,0.0,29.3,202685,-24.3,-14.199999999999989,-27.6,-3.3,15.8
1630228,Jonathan Kuminga,Jonathan,1610612737,ATL,23.0,6,2,4,0.333,26.0,4.8,10.0,0.483,0.8,4.0,0.208,3.2,4.3,0.731,1.0,2.3,3.3,1.0,1.0,0.5,0.5,0.5,2.7,4.0,13.7,-9.3,21.2,0,0,20.8,119,128,62,138,83,55,58,73,99,62,153,36,34,109,71,95,91,114,75,98,64,71,53,28,53,214,86,49,5,84,1,Jonathan Kuminga,Jonathan,1610612737,ATL,23.0,6,2,4,0.333,26.0,101.0,100.6,100.6,116.9,119.8,119.8,-15.9,-19.2,-19.2,0.068,1.0,7.2,0.037,0.091,0.063,7.2,7.2,0.525,0.574,0.211,0.221,99.73,98.72,82.27,98.72,0.089,323,29,60,4.8,10.0,0.483,119,128,77,138,83,163,165,165,185,197,197,190,198,198,165,135,187,111,150,150,77,77,88,83,60,63,67,101,101,105,79,87,55,58,73,1,47.2,0.4,0.43,0.5569253065059945,0.0170746934940054,0.6165413533834586,0.5796467365135384,60.2,12.8,0.35,0.05,0.1,0.1333333333333333,0.0666666666666666,60,54.7,0.313978,0.6206374432689723,0.6020000000000001,61.1,0.40625,0.6666666666666666,0.6666666666666666,0.4117647058823529,0.4838709677419355,0.4827586206896552,0.4912280701754385,0.3333333333333333,2.5166666666666666,9,60,0.2549019607843137,0.2604166666666666,0.9988876529477198,0.1578947368421052,82.6,1630228,-2.099999999999998,-3.5,-19.2,-17.1,43.1
203903,Jordan Clarkson,Jordan,1610612752,NYK,34.0,16,13,3,0.813,11.5,2.1,4.3,0.478,0.3,1.0,0.25,0.9,1.2,0.789,1.1,0.8,1.8,0.7,0.9,0.3,0.1,0.1,1.4,0.7,5.3,5.4,8.6,0,0,8.7,26,7,155,15,137,111,117,75,153,146,136,103,108,84,70,172,138,138,93,147,150,143,137,136,116,18,137,49,5,133,1,Jordan Clarkson,Jordan,1610612752,NYK,34.0,16,13,3,0.813,11.5,122.7,123.4,123.4,99.9,100.5,100.5,22.8,22.8,22.8,0.083,0.79,10.9,0.089,0.062,0.076,13.9,13.7,0.507,0.549,0.196,0.206,99.8,99.23,82.69,99.23,0.071,381,33,69,2.1,4.3,0.478,26,7,49,15,137,10,9,9,42,55,55,14,18,18,143,155,153,34,190,124,176,175,105,114,80,76,64,89,89,143,68,75,111,117,75,1,29.6,0.2325581395348837,0.2790697674418604,0.545849451273714,0.003150548726286,0.5896885069817401,0.563750039377817,57.9,8.768115942028986,0.1594202898550724,0.0144927536231884,0.072463768115942,0.217391304347826,0.1304347826086956,69,38.9,0.213561,0.4221440770435031,0.579,50.1,0.5862068965517241,0.2,0.3333333333333333,0.4090909090909091,0.5405405405405406,0.40625,0.4705882352941176,1.0,2.9130434782608696,6,69,-0.0757575757575758,-0.3862068965517241,0.8657094594594594,-0.5294117647058824,24.3,203903,8.100000000000001,4.6000000000000085,22.8,14.7,72.9
1641775,Jordan Walsh,Jordan,1610612738,BOS,22.0,7,3,4,0.429,12.7,0.6,2.7,0.211,0.3,1.7,0.167,0.3,0.9,0.333,0.9,1.7,2.6,1.0,0.0,0.6,0.3,0.1,0.7,0.9,1.7,5.6,8.9,0,0,7.3,89,88,62,95,130,184,147,206,149,127,160,162,127,178,92,118,114,114,200,93,98,136,166,126,181,17,136,49,5,144,1,Jordan Walsh,Jordan,1610612738,BOS,22.0,7,3,4,0.429,12.7,120.0,122.3,122.3,102.6,100.0,100.0,17.4,22.3,22.3,0.096,0.0,24.1,0.058,0.143,0.096,0.0,0.0,0.263,0.277,0.101,0.104,96.84,97.13,80.94,97.13,0.042,179,4,19,0.6,2.7,0.211,89,88,77,95,130,15,12,12,66,46,46,24,21,21,135,183,44,65,73,80,1,1,202,207,214,216,144,142,142,191,164,143,184,147,206,1,11.4,0.6296296296296295,0.3333333333333333,0.5454142295812104,-0.2684142295812104,0.2975295381310419,0.2537142629980903,28.0,16.05263157894737,0.0,0.1052631578947368,0.0,0.0526315789473684,0.1052631578947368,19,33.9,0.093903,0.1856172019545519,0.28,23.3,0.4,0.2857142857142857,,0.3333333333333333,0.2,0.2222222222222222,0.1764705882352941,0.5,2.3684210526315788,0,19,0.0,-0.1142857142857143,0.977777777777778,-0.3235294117647058,45.9,1641775,26.9,13.200000000000003,22.3,-4.6,92.6
1630631,Jose Alvarado,Jose,1610612752,NYK,28.0,16,13,3,0.813,8.9,1.6,3.6,0.448,0.6,1.8,0.345,0.3,0.4,0.833,0.1,1.3,1.4,1.1,0.6,0.6,0.1,0.3,0.9,0.5,4.2,5.3,9.2,0,0,8.8,26,7,155,15,154,128,128,103,115,124,85,161,167,58,185,138,157,109,132,87,138,112,160,153,133,19,132,49,5,132,1,Jose Alvarado,Jose,1610612752,NYK,28.0,16,13,3,0.813,8.9,115.6,115.6,115.6,87.1,86.4,86.4,28.5,29.2,29.2,0.186,2.0,20.7,0.013,0.127,0.072,10.3,10.3,0.534,0.552,0.2,0.212,96.06,96.44,80.37,96.44,0.131,288,26,58,1.6,3.6,0.448,26,7,49,15,154,28,31,31,14,19,19,10,11,11,64,62,66,174,89,130,129,129,87,108,69,72,166,159,159,46,88,89,128,128,103,1,27.0,0.5,0.1111111111111111,0.5141172192977134,0.0378827807022866,0.5929108485499464,0.6034025840604971,59.7,14.5,0.2586206896551724,0.0517241379310344,0.0172413793103448,0.1896551724137931,0.0,58,51.5,0.28428,0.5619336780682196,0.5970000000000001,57.9,0.5757575757575758,0.0,0.0,0.5454545454545454,0.44,0.4545454545454545,0.4814814814814814,0.0,3.4827586206896552,4,58,-0.5454545454545454,-0.5757575757575758,0.9854545454545456,0.4814814814814814,21.6,1630631,15.5,-5.0,29.2,13.7,76.3
1628404,Josh Hart,Josh,1610612752,NYK,31.0,17,14,3,0.824,31.9,4.1,9.4,0.434,1.4,4.6,0.308,1.0,1.6,0.63,1.0,7.9,8.9,4.6,1.9,1.8,0.2,0.6,2.6,1.9,10.5,10.3,32.2,3,0,29.5,17,1,155,9,57,65,66,116,60,53,108,92,88,136,71,5,9,27,41,15,115,58,56,76,76,7,37,9,5,43,1,Josh Hart,Josh,1610612752,NYK,31.0,17,14,3,0.824,31.9,118.5,120.4,120.4,102.4,103.7,103.7,16.2,16.7,16.7,0.19,2.39,27.9,0.033,0.238,0.14,11.7,11.7,0.509,0.524,0.162,0.166,98.95,97.53,81.28,97.53,0.119,1097,69,159,4.1,9.4,0.434,17,1,49,9,57,17,15,15,63,77,77,26,25,25,61,44,24,122,17,33,150,152,102,134,124,131,92,133,133,61,23,22,65,66,116,1,40.8,0.4893617021276595,0.1702127659574468,0.5251999281163932,-0.0011999281163931,0.5628356605800215,0.5587832558576994,56.1,13.930817610062894,0.2578616352201258,0.0125786163522012,0.0314465408805031,0.2075471698113207,0.0251572327044025,159,49.9,0.261476,0.5168572196657021,0.561,53.9,0.4653465346534653,0.125,0.1666666666666666,0.5,0.4634146341463415,0.4025974025974026,0.4451612903225806,0.0,3.0125786163522013,6,159,-0.3333333333333333,-0.3403465346534653,0.9391827684510612,0.4451612903225806,37.2,1628404,-0.8000000000000007,2.9000000000000057,16.7,17.5,62.3
1629006,Josh Okogie,Josh,1610612745,HOU,27.0,6,2,4,0.333,17.4,1.8,4.2,0.44,0.8,2.2,0.385,0.3,0.3,1.0,1.0,1.3,2.3,0.8,0.5,1.2,0.0,0.2,2.0,1.2,4.8,-0.7,11.9,0,0,11.2,119,128,62,138,110,120,119,111,99,111,56,151,169,1,71,132,118,129,139,38,154,127,93,107,123,119,117,49,5,118,1,Josh Okogie,Josh,1610612745,HOU,27.0,6,2,4,0.333,17.4,104.7,104.9,104.9,104.2,104.8,104.8,0.5,0.1,0.1,0.082,1.67,14.7,0.056,0.088,0.07,8.8,8.9,0.54,0.56,0.118,0.125,94.61,94.23,78.53,94.23,0.067,203,11,25,1.8,4.2,0.44,119,128,77,138,110,128,130,130,79,85,85,81,90,90,146,95,122,70,160,132,107,107,83,99,197,192,195,205,205,148,128,131,120,119,111,1,16.6,0.5238095238095238,0.0714285714285714,0.5153074482770734,0.0446925517229266,0.6015037593984963,0.6111770556194032,60.5,14.08,0.0,0.12,0.04,0.12,0.16,25,36.3,0.20328,0.401821718297832,0.605,50.3,0.5384615384615384,0.5,,0.3333333333333333,0.3333333333333333,0.5,0.4545454545454545,0.3333333333333333,2.68,0,25,0.0,-0.0384615384615384,0.8333333333333333,0.1212121212121212,52.1,1629006,3.3000000000000003,2.700000000000003,0.1,-3.2,58.7
201950,Jrue Holiday,Jrue,1610612757,POR,35.0,5,1,4,0.2,38.3,6.2,15.4,0.403,2.4,6.8,0.353,1.6,1.8,0.889,1.6,3.8,5.4,7.2,3.2,1.4,0.4,1.4,3.0,2.4,16.4,-9.8,35.9,0,0,35.0,155,163,62,179,14,33,24,142,20,17,78,67,80,38,33,54,49,6,17,24,79,11,32,58,37,216,26,49,5,27,1,Jrue Holiday,Jrue,1610612757,POR,35.0,5,1,4,0.2,38.3,102.8,104.8,104.8,117.3,118.5,118.5,-14.5,-13.7,-13.7,0.31,2.25,27.1,0.036,0.108,0.068,12.0,12.0,0.481,0.506,0.209,0.216,99.43,97.98,81.65,97.98,0.097,393,31,77,6.2,15.4,0.403,155,163,77,179,14,142,131,131,186,192,192,184,177,177,16,54,29,115,126,142,159,160,140,149,62,66,76,118,118,94,74,72,33,24,142,1,55.6,0.4415584415584415,0.1168831168831168,0.5163316416243269,-0.0103316416243268,0.5435016111707841,0.5483579057634993,54.5,14.272727272727272,0.5324675324675324,0.0,0.0909090909090909,0.2207792207792207,0.0129870129870129,77,68.0,0.34408,0.6801397915777156,0.545,61.3,0.3783783783783784,0.6,0.5,0.4615384615384615,0.2826086956521739,0.5806451612903226,0.4025974025974026,,2.4285714285714284,6,77,0.0384615384615384,0.2216216216216215,0.7019635343618513,0.0,53.5,201950,-0.29999999999999893,20.200000000000003,-13.7,-13.4,59.6
1630577,Julian Champagnie,Julian,1610612759,SAS,24.0,21,13,8,0.619,30.5,3.8,8.5,0.449,2.7,6.6,0.403,1.1,1.4,0.767,0.9,4.8,5.7,1.5,0.4,1.2,0.6,0.3,2.2,1.0,11.4,6.7,25.3,1,0,24.8,1,7,10,41,64,73,75,101,12,19,44,90,96,93,91,29,46,91,154,37,60,94,83,122,67,12,68,32,5,60,1,Julian Champagnie,Julian,1610612759,SAS,24.0,21,13,8,0.619,30.5,114.4,114.0,114.0,102.0,103.4,103.4,12.4,10.6,10.6,0.07,3.56,13.9,0.03,0.139,0.088,3.9,3.9,0.607,0.625,0.131,0.136,100.64,100.13,83.44,100.13,0.1,1337,80,178,3.8,8.5,0.449,1,7,213,41,64,38,47,47,55,71,71,34,40,40,161,16,129,131,80,94,38,38,48,52,176,178,45,75,75,93,20,16,73,75,101,1,35.4,0.776470588235294,0.1647058823529411,0.51603769436049,0.10896230563951,0.6713211600429646,0.6845515306800074,67.7,19.915730337078653,0.1011235955056179,0.0224719101123595,0.0280898876404494,0.1067415730337078,0.0224719101123595,178,45.5,0.284375,0.562121463700049,0.677,62.0,0.4404761904761904,0.3809523809523809,0.5,0.4347826086956521,0.4823529411764706,0.4193548387096774,0.4534883720930232,0.25,2.6235955056179776,8,178,0.0652173913043478,-0.0595238095238095,0.9370018975332068,0.2034883720930232,61.3,1630577,5.0,5.299999999999997,10.6,5.6,65.8
1641763,Julian Phillips,Julian,1610612750,MIN,22.0,5,1,4,0.2,5.1,0.4,1.2,0.333,0.4,0.8,0.5,0.0,0.0,0.0,0.0,0.2,0.2,0.4,0.2,0.4,0.0,0.2,0.2,0.2,1.2,0.8,3.0,0,0,3.0,155,163,62,179,185,200,192,175,139,162,16,184,187,184,191,207,214,168,186,124,154,122,201,186,197,65,196,49,5,193,1,Julian Phillips,Julian,1610612750,MIN,22.0,5,1,4,0.2,5.1,112.5,113.0,113.0,112.0,103.6,103.6,0.4,9.3,9.3,0.111,2.0,22.2,0.0,0.05,0.02,11.1,11.1,0.5,0.5,0.109,0.112,99.39,103.06,85.88,103.06,0.045,54,2,6,0.4,1.2,0.333,155,163,77,179,185,53,55,55,161,76,76,82,44,44,120,62,53,191,200,212,137,140,111,154,204,206,78,32,32,181,186,186,200,192,175,1,5.6,0.6666666666666667,0.0,0.5016052350678033,-0.0016052350678033,0.5370569280343717,0.558320531434688,54.6,16.666666666666668,0.1666666666666666,0.0,0.0,0.3333333333333333,0.0,6,52.5,0.2625,0.5188813511077376,0.546,53.2,,0.4,,0.3333333333333333,0.5,0.25,0.3333333333333333,,2.333333333333333,0,6,0.0,0.0,0.75,0.0,47.0,1641763,16.0,6.099999999999994,9.3,-6.7,74.6
203944,Julius Randle,Julius,1610612750,MIN,31.0,12,6,6,0.5,33.3,5.6,14.3,0.39,0.8,3.4,0.244,4.0,5.4,0.738,2.5,5.0,7.5,2.8,2.8,0.5,0.1,0.9,3.4,4.5,16.0,-5.6,28.2,2,0,28.3,48,57,35,53,42,46,30,151,99,78,146,25,21,107,14,25,19,48,22,98,146,33,20,21,40,196,53,20,5,44,1,Julius Randle,Julius,1610612750,MIN,31.0,12,6,6,0.5,33.3,100.7,102.1,102.1,110.2,110.1,110.1,-9.5,-8.0,-8.0,0.14,1.0,12.5,0.065,0.147,0.103,12.5,12.7,0.419,0.479,0.244,0.246,101.75,101.08,84.23,101.08,0.075,842,67,172,5.6,14.3,0.39,48,57,181,53,42,166,158,158,136,125,125,160,159,159,94,135,137,55,68,69,165,166,169,165,41,46,23,58,58,135,24,19,46,30,151,1,64.1,0.2377622377622377,0.3776223776223776,0.5538280043434206,-0.0748280043434206,0.514500537056928,0.4747247195531699,49.9,10.38953488372093,0.3720930232558139,0.0174418604651162,0.1337209302325581,0.2151162790697674,0.0755813953488372,172,56.3,0.2696769999999999,0.5330680614197384,0.499,51.6,0.3617021276595745,0.6,0.5,0.3142857142857143,0.3375,0.4347826086956521,0.3928571428571428,0.3333333333333333,2.558139534883721,8,172,0.1857142857142857,0.2382978723404255,0.9027173913043478,0.0595238095238095,71.8,203944,-8.4,-13.100000000000009,-8.0,0.4,37.3
1642348,Justin Edwards,Justin,1610612755,PHI,22.0,9,3,6,0.333,12.2,1.2,3.6,0.344,0.4,2.0,0.222,0.4,0.8,0.571,0.7,1.6,2.2,0.4,0.7,0.0,0.1,0.2,1.7,0.4,3.3,-6.1,6.3,0,0,6.7,74,88,35,138,132,144,130,174,135,115,151,139,134,147,105,124,123,164,111,182,141,118,117,164,142,199,154,49,5,150,1,Justin Edwards,Justin,1610612755,PHI,22.0,9,3,6,0.333,12.2,93.8,92.0,92.0,115.9,115.4,115.4,-22.2,-23.3,-23.3,0.066,0.67,8.9,0.05,0.128,0.087,13.3,13.3,0.406,0.428,0.16,0.168,98.38,99.55,82.96,99.55,0.017,226,11,32,1.2,3.6,0.344,74,88,181,138,132,203,199,199,182,179,179,213,209,209,169,161,165,84,87,96,171,171,174,186,129,126,110,87,87,202,128,120,144,130,174,1,21.2,0.5555555555555556,0.2222222222222222,0.5293054126409249,-0.1013054126409249,0.4597207303974221,0.4444964112681219,45.4,17.5,0.25,0.03125,0.09375,0.0625,0.09375,32,50.8,0.217424,0.4297800338409476,0.454,44.2,0.2727272727272727,0.5714285714285714,,0.3636363636363636,0.3076923076923077,0.3684210526315789,0.3548387096774194,0.0,2.3125,0,32,0.0,0.2987012987012987,0.9392712550607288,0.3548387096774194,71.9,1642348,-16.200000000000003,-20.5,-23.3,-7.1,20.8
1626157,Karl-Anthony Towns,Karl-Anthony,1610612752,NYK,30.0,17,14,3,0.824,31.1,5.8,10.3,0.56,1.5,3.2,0.463,3.9,4.3,0.904,2.6,8.0,10.6,5.4,2.5,1.2,1.4,0.7,3.9,4.2,16.9,14.4,43.0,11,2,39.5,17,1,155,9,60,40,56,37,59,84,29,28,37,33,13,4,3,18,29,35,10,50,7,26,35,1,11,1,1,15,1,Karl-Anthony Towns,Karl-Anthony,1610612752,NYK,30.0,17,14,3,0.824,31.1,119.5,123.1,123.1,100.6,100.2,100.2,19.0,22.9,22.9,0.238,2.17,26.9,0.09,0.248,0.173,12.4,12.3,0.631,0.693,0.203,0.208,97.86,96.6,80.5,96.6,0.18,1066,98,175,5.8,10.3,0.56,17,1,49,9,60,16,10,10,45,52,52,20,17,17,39,59,30,32,16,16,163,163,39,25,67,73,123,155,155,15,11,18,40,56,37,1,51.5,0.3106796116504854,0.4174757281553398,0.5595181587655035,0.1334818412344964,0.7443609022556391,0.7125446058572831,73.2,9.668571428571427,0.0971428571428571,0.0057142857142857,0.0342857142857142,0.3314285714285714,0.1542857142857142,175,39.2,0.271656,0.5369799326343755,0.7320000000000001,63.4,0.5934065934065934,0.1818181818181818,0.0,0.65,0.5632183908045977,0.5568181818181818,0.5555555555555556,1.0,3.525714285714286,9,175,-0.65,-0.4115884115884116,0.993599791013584,-0.4444444444444444,0.0,1626157,15.299999999999999,10.699999999999989,22.9,7.6,82.1
1630811,Keaton Wallace,Keaton,1610612737,ATL,27.0,3,0,3,0.0,5.1,0.7,2.7,0.25,0.0,1.0,0.0,0.7,0.7,1.0,0.0,1.0,1.0,1.0,0.0,0.3,0.0,0.3,0.3,0.7,2.0,1.0,5.7,0,0,4.7,196,196,155,196,184,171,149,198,170,146,170,122,139,1,191,145,169,114,200,133,154,94,191,137,169,60,160,49,5,172,1,Keaton Wallace,Keaton,1610612737,ATL,27.0,3,0,3,0.0,5.1,103.5,113.3,113.3,101.2,96.9,96.9,2.4,16.5,16.5,0.375,0.0,25.0,0.0,0.167,0.077,0.0,0.0,0.25,0.338,0.231,0.235,98.61,96.31,80.26,96.31,0.104,30,2,8,0.7,2.7,0.25,196,196,49,196,184,136,52,52,49,39,39,70,26,26,4,183,38,191,54,120,1,1,203,202,48,51,104,163,163,85,186,176,171,149,198,1,25.5,0.3703703703703703,0.2592592592592592,0.5350002412160146,-0.1970002412160146,0.3630504833512352,0.3352450545284478,35.2,14.75,0.25,0.125,0.125,0.25,0.0,8,63.3,0.213954,0.4229209165520186,0.352,38.7,,0.2857142857142857,,0.3333333333333333,0.2857142857142857,0.0,0.2857142857142857,0.0,2.125,0,8,0.0,0.0,0.7142857142857143,0.2857142857142857,52.0,1630811,36.1,10.0,16.5,-19.6,96.0
1629640,Keldon Johnson,Keldon,1610612759,SAS,26.0,21,13,8,0.619,17.9,3.0,7.2,0.414,0.9,2.6,0.352,1.1,2.0,0.585,1.2,2.0,3.2,0.9,1.1,0.7,0.1,0.6,2.3,1.3,8.0,0.8,14.5,0,0,14.7,1,7,10,41,108,91,87,131,95,98,79,87,75,145,59,102,97,124,72,80,132,60,79,99,93,64,105,49,5,102,1,Keldon Johnson,Keldon,1610612759,SAS,26.0,21,13,8,0.619,17.9,110.1,110.9,110.9,107.7,107.1,107.1,2.4,3.8,3.8,0.08,0.79,8.9,0.061,0.1,0.081,11.2,11.3,0.477,0.497,0.211,0.215,101.24,101.13,84.28,101.13,0.055,787,63,152,3.0,7.2,0.414,1,7,213,41,108,69,75,75,104,102,102,69,69,69,148,154,166,58,133,107,143,143,143,158,59,67,34,57,57,166,28,23,91,87,131,1,40.9,0.3611111111111111,0.2777777777777778,0.5394014078600049,-0.0424014078600049,0.5338345864661654,0.5117450028120848,52.5,10.144736842105264,0.1052631578947368,0.0197368421052631,0.006578947368421,0.2434210526315789,0.0921052631578947,152,36.5,0.1814049999999999,0.3585816057055205,0.525,44.2,0.3924050632911392,0.6923076923076923,0.4,0.4444444444444444,0.4,0.4305555555555556,0.4121621621621621,0.6666666666666666,2.4934210526315788,5,152,-0.0444444444444444,0.299902629016553,0.9694444444444444,-0.2545045045045044,56.9,1629640,-8.5,-2.3999999999999915,3.8,12.3,47.9
1626162,Kelly Oubre Jr.,Kelly,1610612755,PHI,30.0,11,4,7,0.364,33.1,4.4,9.6,0.453,0.9,3.5,0.256,2.0,2.5,0.815,1.1,4.7,5.8,1.1,0.7,0.5,0.5,0.7,2.5,2.7,11.6,-7.4,22.3,0,0,21.3,54,69,19,132,46,63,63,99,94,75,135,57,63,71,68,31,42,111,105,115,71,47,65,51,65,206,79,49,5,79,1,Kelly Oubre Jr.,Kelly,1610612755,PHI,30.0,11,4,7,0.364,33.1,108.9,111.2,111.2,119.1,121.2,121.2,-10.3,-10.0,-10.0,0.05,1.5,8.8,0.032,0.144,0.087,5.8,5.8,0.5,0.543,0.152,0.156,97.83,95.99,79.99,95.99,0.073,724,48,106,4.4,9.6,0.453,54,69,197,132,46,81,72,72,196,202,202,164,166,166,181,103,168,123,71,95,50,50,111,119,145,150,124,167,167,137,45,46,63,63,99,1,39.8,0.3645833333333333,0.2604166666666667,0.5421875284685466,0.0008124715314534,0.5832438238453277,0.5610807404250829,57.4,11.264150943396226,0.1132075471698113,0.0094339622641509,0.0377358490566037,0.3113207547169811,0.0377358490566037,106,43.4,0.235662,0.4658309217704825,0.574,52.0,0.4375,0.75,,0.4117647058823529,0.4509803921568627,0.4545454545454545,0.4519230769230769,1.0,2.2452830188679247,0,106,0.0,0.3125,0.9964349376114082,-0.5480769230769231,54.1,1626162,-2.0,8.700000000000003,-10.0,-8.0,53.5
1629026,Kenrich Williams,Kenrich,1610612760,OKC,31.0,11,8,3,0.727,6.5,1.1,2.8,0.387,0.5,1.7,0.316,0.4,0.4,1.0,0.5,1.3,1.8,0.5,0.2,0.1,0.0,0.1,0.6,0.2,3.1,-0.6,6.2,0,0,6.2,54,32,155,34,167,149,143,153,122,126,104,150,168,1,117,136,136,150,189,179,154,152,173,192,146,118,155,49,5,154,1,Kenrich Williams,Kenrich,1610612760,OKC,31.0,11,8,3,0.727,6.5,105.5,97.5,97.5,104.1,105.2,105.2,1.4,-7.8,-7.8,0.154,3.0,14.6,0.072,0.192,0.128,4.9,4.9,0.484,0.519,0.191,0.212,100.35,103.83,86.53,103.83,0.112,158,12,31,1.1,2.8,0.387,54,32,49,34,167,122,183,183,78,88,88,75,156,156,80,22,125,44,39,41,43,43,137,140,86,71,53,25,25,71,125,122,149,143,153,1,22.3,0.6071428571428572,0.1428571428571428,0.5147029255959444,0.0042970744040555,0.5574650912996778,0.5650589866605314,56.1,17.161290322580644,0.1290322580645161,0.0,0.064516129032258,0.1290322580645161,0.1290322580645161,31,43.4,0.225246,0.4452417097585274,0.561,50.3,0.5,0.3333333333333333,,0.3,0.4545454545454545,0.35,0.3870967741935484,,2.129032258064516,0,31,0.0,-0.1666666666666666,0.8954545454545455,0.0,48.2,1629026,-15.7,-21.5,-7.8,7.9,27.0
1631165,Keon Ellis,Keon,1610612739,CLE,26.0,12,4,8,0.333,7.4,0.4,1.3,0.333,0.4,1.2,0.357,0.3,0.4,0.8,0.3,0.9,1.2,0.3,0.5,0.6,0.1,0.2,0.8,0.4,1.6,-2.6,4.9,0,0,4.8,48,69,10,138,162,199,189,175,138,141,75,151,163,74,168,162,166,181,139,92,146,127,162,170,186,169,172,49,5,170,1,Keon Ellis,Keon,1610612739,CLE,26.0,12,4,8,0.333,7.4,101.8,98.9,98.9,113.6,114.8,114.8,-11.8,-15.9,-15.9,0.054,0.5,11.5,0.04,0.112,0.081,23.1,22.9,0.5,0.552,0.116,0.122,96.4,97.24,81.04,97.24,0.05,180,5,15,0.4,1.3,0.333,48,69,213,138,162,155,178,178,167,177,177,173,190,190,178,169,146,104,117,108,210,210,111,109,199,194,159,139,139,173,158,151,199,189,175,1,10.1,0.923076923076923,0.3076923076923077,0.529518385647429,0.022481614352571,0.5929108485499464,0.5858196243109057,59.0,23.133333333333333,0.1333333333333333,0.0,0.0,0.0,0.0,15,44.4,0.245088,0.4844632098296884,0.59,53.7,0.3333333333333333,0.6666666666666666,,0.5,0.25,0.4285714285714285,0.3571428571428571,,2.1333333333333333,0,15,0.0,0.3333333333333333,0.8214285714285714,0.0,59.8,1631165,-13.7,-12.5,-15.9,-2.2,30.1
1628989,Kevin Huerter,Kevin,1610612765,DET,27.0,5,1,4,0.2,9.1,0.4,1.4,0.286,0.4,1.0,0.4,0.0,0.0,0.0,0.0,1.0,1.0,1.4,0.4,0.4,0.0,0.0,0.4,0.4,1.2,0.8,5.3,0,0,4.8,155,163,62,179,151,200,185,193,139,146,46,184,187,184,191,145,169,98,156,124,154,158,188,171,197,65,164,49,5,169,1,Kevin Huerter,Kevin,1610612765,DET,27.0,5,1,4,0.2,9.1,94.2,95.9,95.9,87.8,93.8,93.8,6.4,2.2,2.2,0.233,3.5,43.8,0.0,0.088,0.046,12.5,12.5,0.429,0.429,0.078,0.081,106.18,101.83,84.86,101.83,0.08,98,2,7,0.4,1.4,0.286,155,163,77,179,151,202,187,187,15,29,29,50,79,79,42,17,3,191,163,186,164,164,164,183,225,224,5,47,47,123,186,182,200,185,193,1,3.0,0.7142857142857143,0.0,0.5024314494183819,-0.0734314494183819,0.4607948442534909,0.4763191162681631,46.7,21.142857142857142,0.2857142857142857,0.0,0.1428571428571428,0.0,0.0,7,57.2,0.245388,0.4850562170880972,0.467,47.6,0.2857142857142857,,,,0.4,0.0,0.2857142857142857,,3.0,0,7,0.0,0.0,0.6,0.0,40.6,1628989,0.10000000000000009,-15.0,2.2,2.1,47.4
1642863,Khaman Maluach,Khaman,1610612756,PHX,19.0,4,0,4,0.0,11.3,1.0,2.0,0.5,0.0,0.3,0.0,0.0,0.0,0.0,0.5,1.8,2.3,0.0,0.8,0.0,0.0,0.0,1.0,1.0,2.0,-3.3,4.0,0,0,4.3,172,196,62,196,138,150,164,51,170,186,170,184,187,184,121,114,120,200,100,182,154,158,147,114,169,174,185,49,5,181,1,Khaman Maluach,Khaman,1610612756,PHX,19.0,4,0,4,0.0,11.3,97.4,102.2,102.2,121.9,116.5,116.5,-24.5,-14.3,-14.3,0.0,0.0,0.0,0.049,0.163,0.107,27.3,27.3,0.5,0.5,0.109,0.108,96.8,96.57,80.47,96.57,0.028,91,4,8,1.0,2.0,0.5,172,196,77,196,138,185,157,157,207,186,186,218,184,184,200,183,200,86,57,63,212,212,111,154,206,212,148,156,156,196,164,176,150,164,51,1,8.8,0.15,0.0,0.52166841789239,-0.02166841789239,0.5370569280343717,0.5354151145303433,53.6,5.875,0.0,0.0,0.0,0.0,0.25,8,10.6,0.053,0.1047646156522289,0.536,32.0,0.5,0.5,,0.0,0.6666666666666666,0.4,0.5,,2.875,0,8,0.0,0.0,0.7333333333333334,0.0,46.3,1642863,4.099999999999998,-8.599999999999994,-14.3,-18.4,47.4
1631200,Kris Murray,Kris,1610612757,POR,25.0,5,1,4,0.2,5.0,0.4,0.8,0.5,0.0,0.4,0.0,0.2,0.4,0.5,0.2,0.4,0.6,0.0,0.6,0.0,0.0,0.0,0.6,0.2,1.0,-2.4,1.1,0,0,1.6,155,163,62,179,186,200,208,51,170,181,170,171,164,152,177,194,196,200,123,182,154,158,175,186,200,162,217,49,5,209,1,Kris Murray,Kris,1610612757,POR,25.0,5,1,4,0.2,5.0,83.7,70.4,70.4,92.1,90.9,90.9,-8.4,-20.5,-20.5,0.0,0.0,0.0,0.04,0.074,0.058,37.5,38.1,0.5,0.512,0.129,0.16,95.06,103.95,86.62,103.95,-0.022,54,2,4,0.4,0.8,0.5,155,163,77,179,186,217,222,222,16,26,26,155,202,202,200,183,200,104,177,161,225,225,111,141,178,140,187,23,23,218,186,193,200,208,51,1,8.3,0.5,0.5,0.5688717323918631,-0.056871732391863,0.5499462943071965,0.4952247518109725,52.8,12.75,0.0,0.0,0.0,0.25,0.0,4,34.9,0.1786879999999999,0.3532109366351977,0.528,44.1,0.3333333333333333,1.0,,0.6666666666666666,0.0,0.6666666666666666,0.5,,2.0,0,4,0.0,0.6666666666666667,0.3333333333333333,0.0,48.9,1631200,-7.800000000000001,-34.8,-20.5,-12.7,21.0
203937,Kyle Anderson,Kyle,1610612750,MIN,32.0,8,3,5,0.375,7.6,0.8,2.1,0.353,0.0,0.1,0.0,0.4,1.0,0.375,0.3,0.6,0.9,1.9,0.8,0.3,0.0,0.0,0.8,0.6,1.9,-0.4,5.7,0,0,5.1,84,88,51,131,160,165,161,172,170,192,170,149,115,177,168,181,181,80,100,147,154,158,162,143,177,105,159,49,5,166,1,Kyle Anderson,Kyle,1610612750,MIN,32.0,8,3,5,0.375,7.6,104.5,107.4,107.4,107.6,104.9,104.9,-3.0,2.4,2.4,0.349,2.5,35.7,0.029,0.083,0.055,14.3,14.5,0.353,0.365,0.166,0.17,109.66,109.58,91.32,109.58,0.043,136,6,17,0.8,2.1,0.353,84,88,170,131,160,129,111,111,102,87,87,110,77,77,8,36,8,133,168,167,178,178,192,198,117,123,1,4,4,185,151,146,165,161,172,1,18.2,0.0476190476190476,0.4761904761904761,0.5802682395935549,-0.2152682395935549,0.3920515574650913,0.314389135380232,36.1,8.529411764705882,0.4117647058823529,0.0,0.2941176470588235,0.1176470588235294,0.0,17,60.3,0.2200949999999999,0.4350597751316476,0.361,39.8,0.5,0.25,,0.4,0.2,0.4166666666666667,0.375,,2.235294117647059,0,17,0.0,-0.25,0.7833333333333333,0.0,41.0,203937,8.8,0.4000000000000057,2.4,-6.4,62.9
1629013,Landry Shamet,Landry,1610612752,NYK,29.0,17,14,3,0.824,16.2,2.2,4.5,0.487,1.6,3.2,0.509,0.4,0.5,0.778,0.3,0.8,1.1,0.8,0.5,0.2,0.1,0.1,1.8,0.9,6.4,4.0,9.4,0,0,10.6,17,1,155,9,114,108,113,71,54,82,15,144,152,88,164,170,168,132,151,154,140,146,111,124,107,26,129,49,5,123,1,Landry Shamet,Landry,1610612752,NYK,29.0,17,14,3,0.824,16.2,115.5,113.5,113.5,99.7,100.4,100.4,15.8,13.2,13.2,0.068,1.63,12.9,0.018,0.042,0.031,7.9,7.9,0.671,0.682,0.134,0.143,97.73,98.25,81.88,98.25,0.066,562,37,76,2.2,4.5,0.487,17,1,49,9,114,29,50,50,41,54,54,27,34,34,166,98,134,158,205,207,90,91,28,30,170,170,125,112,112,151,63,73,108,113,71,1,22.2,0.7111111111111111,0.1111111111111111,0.5116152780758108,0.1703847219241893,0.732545649838883,0.7546753023952646,74.1,19.68421052631579,0.3026315789473684,0.0131578947368421,0.0789473684210526,0.0657894736842105,0.0,76,56.4,0.384648,0.7603301864414821,0.741,75.1,0.4705882352941176,0.3,0.25,0.5217391304347826,0.24,0.6078431372549019,0.4864864864864865,0.0,3.5,8,76,-0.2717391304347826,-0.1705882352941176,0.6321568627450981,0.4864864864864865,33.4,1629013,-5.199999999999999,-9.299999999999997,13.2,18.4,50.7
2544,LeBron James,LeBron,1610612747,LAL,41.0,10,4,6,0.4,38.4,8.4,18.3,0.459,1.7,5.2,0.327,4.7,6.3,0.746,0.4,6.3,6.7,7.3,3.8,1.3,0.3,0.4,1.6,4.9,23.2,-3.6,43.2,3,0,42.1,63,69,35,122,13,12,13,93,48,41,98,19,17,105,144,11,29,5,7,28,95,88,122,18,16,180,9,9,5,8,1,LeBron James,LeBron,1610612747,LAL,41.0,10,4,6,0.4,38.4,106.3,106.1,106.1,109.2,111.2,111.2,-2.9,-5.1,-5.1,0.354,1.92,22.5,0.011,0.162,0.09,11.7,11.8,0.505,0.55,0.293,0.298,94.84,94.04,78.37,94.04,0.157,753,84,183,8.4,18.3,0.459,63,69,181,122,13,112,119,119,118,142,142,107,140,140,7,80,52,180,59,88,151,157,107,113,16,18,190,208,208,25,18,14,12,13,93,1,79.5,0.2841530054644808,0.3442622950819672,0.5436263910047584,0.0063736089952416,0.5907626208378088,0.5674296917945705,58.1,12.486338797814208,0.360655737704918,0.0491803278688524,0.1530054644808743,0.1584699453551912,0.0491803278688524,183,59.0,0.3245,0.6414361845122318,0.5810000000000001,61.1,0.4606741573033708,0.4782608695652174,0.5,0.3863636363636363,0.4456521739130434,0.4725274725274725,0.4853801169590643,0.0,2.6065573770491803,14,183,0.1136363636363636,0.0175867122618466,0.973124701385571,0.4853801169590643,74.2,2544,4.700000000000001,1.8999999999999915,-5.1,-9.8,57.3
1629652,Luguentz Dort,Luguentz,1610612760,OKC,27.0,15,11,4,0.733,22.3,2.0,5.5,0.366,1.3,4.3,0.308,0.1,0.3,0.5,0.7,2.0,2.7,1.3,0.5,0.5,0.1,0.0,2.7,0.7,5.5,-1.3,11.9,0,0,12.0,29,21,62,26,96,114,104,163,64,59,108,180,179,152,105,102,111,99,135,114,137,158,53,135,115,139,116,49,5,113,1,Luguentz Dort,Luguentz,1610612760,OKC,27.0,15,11,4,0.733,22.3,115.4,115.3,115.3,115.5,117.3,117.3,-0.1,-2.0,-2.0,0.077,2.5,17.9,0.031,0.088,0.06,7.1,7.2,0.488,0.489,0.118,0.122,97.37,96.63,80.53,96.63,0.031,672,30,82,2.0,5.5,0.366,29,21,77,26,96,30,34,34,178,190,190,85,110,110,151,36,95,127,158,155,72,73,132,161,198,195,133,152,152,195,77,68,114,104,163,1,22.9,0.7818181818181817,0.0545454545454545,0.5031773815195227,-0.0141773815195227,0.5252416756176155,0.5439673623300226,53.3,21.24390243902439,0.1463414634146341,0.0121951219512195,0.0,0.0365853658536585,0.0121951219512195,82,44.6,0.218094,0.4311044167180606,0.533,48.2,0.3191489361702128,0.5,,0.3846153846153846,0.3829787234042553,0.3428571428571428,0.3703703703703703,0.0,3.0121951219512195,0,82,0.0,0.1808510638297872,0.9598784194528877,0.3703703703703703,69.7,1629652,-15.4,-0.7999999999999972,-2.0,13.4,40.8
1630568,Luka Garza,Luka,1610612738,BOS,27.0,7,3,4,0.429,8.5,1.4,2.9,0.5,0.6,1.9,0.308,1.0,1.1,0.875,1.0,0.7,1.7,0.9,0.1,0.0,0.1,0.1,2.0,0.6,4.4,1.9,8.1,0,0,7.9,89,88,62,95,157,137,142,51,118,121,108,92,110,40,71,175,142,127,196,182,132,136,93,148,128,45,139,49,5,141,1,Luka Garza,Luka,1610612738,BOS,27.0,7,3,4,0.429,8.5,117.6,117.4,117.4,106.2,108.4,108.4,11.4,9.0,9.0,0.154,6.0,19.4,0.109,0.106,0.108,3.2,3.3,0.6,0.659,0.179,0.183,98.26,97.33,81.11,97.33,0.087,121,10,20,1.4,2.9,0.5,89,88,77,95,157,23,24,24,95,111,111,35,45,45,80,5,78,24,128,58,33,33,49,38,97,101,114,137,137,108,136,142,137,142,51,1,21.4,0.6551724137931034,0.3793103448275862,0.5434398281342818,0.1155601718657182,0.7078410311493019,0.6920840781283212,70.2,17.9,0.0,0.05,0.05,0.2,0.1,20,42.9,0.282711,0.5588322501067413,0.7020000000000001,63.0,0.4,0.6,,0.5,0.3,0.7,0.5263157894736842,0.0,2.35,0,20,0.0,0.1999999999999999,0.6000000000000001,0.5263157894736842,58.5,1630568,7.3,6.0,9.0,1.7,67.4
1628379,Luke Kennard,Luke,1610612747,LAL,29.0,10,4,6,0.4,32.6,3.9,8.0,0.488,1.8,3.8,0.474,1.9,2.3,0.826,0.3,3.2,3.5,2.3,1.4,0.9,0.1,0.5,1.6,0.9,11.5,-1.0,20.8,0,0,21.1,63,69,35,122,49,71,77,70,42,71,26,59,65,65,162,72,85,69,59,63,143,71,122,123,66,129,87,49,5,82,1,Luke Kennard,Luke,1610612747,LAL,29.0,10,4,6,0.4,32.6,106.4,106.6,106.6,107.6,109.7,109.7,-1.3,-3.1,-3.1,0.112,1.64,18.5,0.011,0.097,0.057,11.3,11.0,0.6,0.638,0.138,0.146,95.95,94.96,79.13,94.96,0.092,650,39,80,3.9,8.0,0.488,63,69,181,122,49,111,117,117,103,117,117,94,122,122,118,97,88,183,140,163,144,138,49,48,167,163,170,192,192,100,58,70,71,77,70,1,34.7,0.475,0.2875,0.542494586442316,0.095505413557684,0.6852846401718583,0.6691882791926478,67.9,16.8125,0.375,0.025,0.1125,0.0875,0.0,80,59.7,0.380886,0.7528938754210351,0.679,71.6,0.4716981132075472,0.3333333333333333,0.0,0.5,0.5777777777777777,0.3714285714285714,0.5,0.0,2.625,2,80,-0.5,-0.1383647798742138,0.7936507936507937,0.5,29.2,1628379,6.200000000000001,0.09999999999999432,-3.1,-9.3,58.3
1628436,Luke Kornet,Luke,1610612759,SAS,30.0,21,13,8,0.619,13.4,1.6,2.7,0.579,0.0,0.0,1.0,0.8,1.0,0.773,1.9,2.3,4.2,0.8,0.5,0.6,0.8,0.3,1.8,1.0,4.0,-1.4,13.8,1,0,11.8,1,7,10,41,126,130,147,32,169,197,1,112,114,90,29,95,68,133,138,88,39,106,112,113,136,143,110,32,5,115,1,Luke Kornet,Luke,1610612759,SAS,30.0,21,13,8,0.619,13.4,106.1,105.1,105.1,109.2,109.2,109.2,-3.1,-4.2,-4.2,0.08,1.45,17.0,0.125,0.153,0.139,11.7,11.7,0.588,0.63,0.109,0.113,104.34,104.87,87.39,104.87,0.104,613,33,57,1.6,2.7,0.579,1,7,213,41,126,117,127,127,121,113,113,111,131,131,147,113,106,17,65,34,152,154,57,50,205,204,6,18,18,87,68,92,130,147,32,1,16.8,0.0,0.3703703703703703,0.5738047230922323,0.0561952769077677,0.6766917293233083,0.6243093047843767,65.6,2.017543859649123,0.0350877192982456,0.0,0.0,0.1403508771929824,0.631578947368421,57,7.6,0.04788,0.0946439584420513,0.6559999999999999,37.5,0.6176470588235294,1.0,1.0,0.4444444444444444,0.72,0.46875,0.5714285714285714,,2.421052631578948,2,57,0.5555555555555556,0.3823529411764705,0.74875,0.0,88.1,1628436,-18.1,-9.600000000000009,-4.2,13.9,32.9
1631204,Marcus Sasser,Marcus,1610612765,DET,25.0,6,3,3,0.5,10.2,1.8,3.8,0.478,0.8,2.3,0.357,0.0,0.0,0.0,0.5,0.3,0.8,0.5,0.3,0.5,0.0,0.2,0.7,0.0,4.5,4.7,7.4,0,0,7.7,119,88,155,53,144,120,124,75,99,104,75,184,187,184,121,195,182,151,161,98,154,127,168,200,127,21,145,49,5,142,1,Marcus Sasser,Marcus,1610612765,DET,25.0,6,3,3,0.5,10.2,123.8,123.8,123.8,103.9,100.8,100.8,20.0,23.0,23.0,0.067,1.5,10.7,0.056,0.027,0.039,7.1,7.1,0.587,0.587,0.17,0.18,97.62,99.11,82.59,99.11,0.082,126,11,23,1.8,3.8,0.478,119,88,49,53,144,8,8,8,75,57,57,18,16,16,167,103,154,70,209,197,72,72,58,72,110,108,126,91,91,120,128,135,120,124,75,1,20.2,0.6052631578947368,0.0,0.4987252446240923,0.0882747553759076,0.6305048335123523,0.6609332958435734,64.3,17.91304347826087,0.4782608695652174,0.0869565217391304,0.0434782608695652,0.1304347826086956,0.0,23,67.9,0.398573,0.7878556066859592,0.643,71.5,0.4285714285714285,0.5,,0.4117647058823529,0.2857142857142857,0.7777777777777778,0.5294117647058824,0.5,2.0,0,23,0.0,0.0714285714285714,0.5079365079365079,0.0294117647058823,39.5,1631204,22.6,15.099999999999994,23.0,0.4,90.4
203935,Marcus Smart,Marcus,1610612747,LAL,32.0,10,4,6,0.4,34.5,3.9,9.9,0.394,1.7,5.0,0.34,3.4,4.3,0.791,1.0,2.5,3.5,5.1,3.5,2.4,1.0,0.5,3.1,4.5,12.9,-2.6,31.5,1,0,30.0,63,69,35,122,35,71,61,149,48,44,86,32,36,83,71,89,85,21,11,3,22,71,29,21,56,170,39,32,5,40,1,Marcus Smart,Marcus,1610612747,LAL,32.0,10,4,6,0.4,34.5,108.0,107.8,107.8,110.9,112.7,112.7,-2.9,-4.9,-4.9,0.226,1.46,25.0,0.032,0.073,0.053,17.2,17.2,0.48,0.547,0.194,0.201,96.4,95.68,79.73,95.68,0.08,691,39,99,3.9,9.9,0.394,63,69,181,122,35,95,104,104,145,160,160,106,136,136,46,112,38,125,178,175,198,198,142,116,83,86,158,175,175,124,58,48,71,61,149,1,49.0,0.5050505050505051,0.4343434343434343,0.5548562270002918,-0.0078562270002917,0.5875402792696026,0.5511839979379249,57.3,15.848484848484848,0.2323232323232323,0.0404040404040404,0.0505050505050505,0.101010101010101,0.0303030303030303,99,48.6,0.265842,0.5254874519664121,0.573,54.9,0.3962264150943396,0.6666666666666666,0.5,0.3571428571428571,0.4468085106382978,0.3461538461538461,0.4,0.25,2.717171717171717,6,99,0.1428571428571428,0.270440251572327,0.8993453355155483,0.15,72.4,203935,3.6999999999999993,8.5,-4.9,-8.6,60.1
1629680,Matisse Thybulle,Matisse,1610612757,POR,29.0,4,1,3,0.25,13.3,0.5,3.5,0.143,0.3,2.8,0.091,0.5,0.5,1.0,0.3,1.8,2.0,1.0,0.0,0.8,0.8,0.0,0.8,0.3,1.8,-7.3,10.2,0,0,8.0,172,163,155,176,127,188,131,208,153,94,168,130,153,1,168,114,127,114,200,76,41,158,162,181,180,204,126,49,5,136,1,Matisse Thybulle,Matisse,1610612757,POR,29.0,4,1,3,0.25,13.3,98.7,98.1,98.1,119.1,122.0,122.0,-20.4,-23.9,-23.9,0.105,0.0,21.1,0.016,0.143,0.072,0.0,0.0,0.179,0.235,0.119,0.124,98.16,97.25,81.05,97.25,0.042,106,2,14,0.5,3.5,0.143,172,163,49,176,127,183,180,180,195,209,209,208,210,210,128,183,62,163,73,127,1,1,209,216,195,193,117,138,138,190,186,154,188,131,208,1,13.9,0.7999999999999999,0.1428571428571428,0.5134276326285456,-0.2784276326285456,0.2524167561761546,0.2422823195504448,24.8,19.285714285714285,0.1428571428571428,0.0,0.0,0.1428571428571428,0.0,14,46.2,0.10857,0.2146093268181602,0.248,23.1,0.0,0.5,0.0,,0.1666666666666666,0.0,0.1428571428571428,,2.357142857142857,2,14,0.0,0.5,0.8333333333333334,0.0,65.3,1629680,-13.899999999999999,-4.200000000000003,-23.9,-10.0,31.2
1629622,Max Strus,Max,1610612739,CLE,30.0,18,8,10,0.444,26.7,3.1,7.7,0.406,2.1,5.9,0.358,1.2,1.3,0.917,1.6,3.3,4.8,2.1,1.3,0.8,0.2,0.3,3.3,1.4,9.6,-3.8,20.4,0,0,20.7,11,32,1,87,81,88,82,140,28,31,73,82,101,30,38,71,61,75,63,70,118,110,24,96,83,181,89,49,5,85,1,Max Strus,Max,1610612739,CLE,30.0,18,8,10,0.444,26.7,108.5,108.5,108.5,115.6,117.6,117.6,-7.1,-9.1,-9.1,0.121,1.58,18.0,0.055,0.123,0.088,11.4,11.4,0.543,0.579,0.148,0.154,99.55,98.7,82.25,98.7,0.072,998,56,138,3.1,7.7,0.406,11,32,225,87,81,86,94,94,180,191,191,146,164,164,107,99,92,75,97,93,146,146,78,78,152,156,75,102,102,142,38,29,88,82,140,1,34.3,0.7662337662337663,0.1688311688311688,0.5154839100545126,0.0635160899454874,0.6219119226638024,0.6326672147019516,62.6,19.6231884057971,0.0652173913043478,0.0289855072463768,0.0072463768115942,0.1159420289855072,0.0434782608695652,138,42.5,0.246075,0.4864142037098534,0.626,55.6,0.3857142857142857,0.375,0.5,0.375,0.4142857142857143,0.3970588235294117,0.4029850746268656,0.5,2.210144927536232,2,138,0.125,-0.0107142857142857,0.9827731092436974,-0.0970149253731343,61.1,1629622,-10.6,-0.09999999999999432,-9.1,1.5,42.1
1628969,Mikal Bridges,Mikal,1610612752,NYK,29.0,17,14,3,0.824,31.9,5.7,9.9,0.574,1.1,3.1,0.358,1.3,1.4,0.957,0.4,2.9,3.4,2.7,1.0,1.1,0.3,0.3,2.1,2.0,13.8,11.2,25.1,0,0,23.8,17,1,155,9,58,42,60,34,80,86,73,77,100,24,143,76,90,51,75,44,97,104,91,66,52,5,69,49,5,68,1,Mikal Bridges,Mikal,1610612752,NYK,29.0,17,14,3,0.824,31.9,120.2,121.2,121.2,102.0,103.8,103.8,18.2,17.3,17.3,0.118,2.71,18.9,0.014,0.092,0.055,7.0,7.0,0.63,0.656,0.157,0.162,98.35,97.11,80.93,97.11,0.107,1096,97,169,5.7,9.9,0.574,17,1,49,9,58,14,13,13,57,79,79,22,24,24,112,31,80,170,148,166,70,70,40,39,134,135,111,143,143,79,13,21,42,60,34,1,40.6,0.3131313131313131,0.1414141414141414,0.5288737986517545,0.1271262013482454,0.7046186895810956,0.7052885995415723,70.5,12.177514792899409,0.3372781065088757,0.0236686390532544,0.1715976331360946,0.1065088757396449,0.029585798816568,169,55.0,0.3608,0.7131900627797019,0.705,70.9,0.6041666666666666,0.4117647058823529,0.0,0.5555555555555556,0.5789473684210527,0.5698924731182796,0.5705521472392638,0.5,2.9585798816568047,10,169,-0.5555555555555556,-0.1924019607843137,0.990945104697227,0.0705521472392638,23.2,1628969,2.200000000000001,4.900000000000006,17.3,15.1,66.0
201144,Mike Conley,Mike,1610612750,MIN,38.0,12,6,6,0.5,14.0,1.6,3.2,0.5,1.1,2.2,0.5,0.2,0.2,1.0,0.1,1.2,1.3,2.7,0.4,0.7,0.0,0.0,1.3,0.7,4.4,-0.7,11.5,0,0,10.8,48,57,35,53,122,129,136,51,81,111,16,174,184,1,189,143,161,53,155,80,154,158,141,137,129,119,119,49,5,122,1,Mike Conley,Mike,1610612750,MIN,38.0,12,6,6,0.5,14.0,107.0,108.2,108.2,111.4,109.8,109.8,-4.4,-1.6,-1.6,0.26,6.4,42.1,0.005,0.088,0.042,6.6,6.6,0.671,0.682,0.107,0.109,101.68,101.83,84.86,101.83,0.104,355,19,38,1.6,3.2,0.5,48,57,181,53,122,105,98,98,151,121,121,120,107,107,26,4,5,189,159,192,62,63,28,31,208,211,25,48,48,86,105,109,129,136,51,1,13.8,0.6875,0.0625,0.5087839066929829,0.1732160933070171,0.732545649838883,0.7579077776461618,74.3,19.05263157894737,0.2631578947368421,0.0263157894736842,0.0263157894736842,0.0526315789473684,0.0,38,50.8,0.346456,0.6848364090643138,0.743,71.4,0.5,0.5,1.0,0.5,0.5,0.5,0.4864864864864865,1.0,2.736842105263158,1,38,0.5,0.0,1.0,-0.5135135135135135,72.8,201144,5.300000000000001,2.5,-1.6,-6.9,59.5
1630540,Miles McBride,Miles,1610612752,NYK,25.0,17,14,3,0.824,18.5,2.1,5.8,0.354,1.8,4.4,0.405,0.4,0.5,0.875,0.5,0.8,1.4,1.3,0.6,0.5,0.2,0.3,1.9,0.6,6.3,8.9,11.4,0,0,12.1,17,1,155,9,107,113,100,171,44,58,42,144,161,40,119,167,158,101,128,112,115,104,107,146,109,9,120,49,5,112,1,Miles McBride,Miles,1610612752,NYK,25.0,17,14,3,0.824,18.5,122.7,123.8,123.8,101.3,99.7,99.7,21.5,24.1,24.1,0.088,2.2,16.3,0.029,0.042,0.036,7.4,7.4,0.505,0.522,0.149,0.155,97.25,97.58,81.31,97.58,0.043,638,35,99,2.1,5.8,0.354,17,1,49,9,107,9,7,7,50,45,45,16,14,14,141,58,113,134,203,201,81,82,108,136,151,153,140,132,132,188,65,48,113,100,171,1,27.1,0.7586206896551725,0.0862068965517241,0.5053618109630735,0.0166381890369264,0.560687432867884,0.579148395016209,56.8,20.69696969696969,0.404040404040404,0.0202020202020202,0.1212121212121212,0.0303030303030303,0.0101010101010101,99,63.9,0.333558,0.6593410503344561,0.568,61.4,0.3695652173913043,0.2857142857142857,0.3333333333333333,0.5172413793103449,0.2222222222222222,0.4285714285714285,0.3473684210526316,0.0,2.9494949494949494,12,99,-0.1839080459770115,-0.0838509316770186,0.7936507936507937,0.3473684210526316,44.4,1630540,11.500000000000002,7.099999999999994,24.1,12.6,77.5
1629011,Mitchell Robinson,Mitchell,1610612752,NYK,28.0,16,13,3,0.813,13.6,2.1,2.8,0.733,0.0,0.0,0.0,1.1,3.3,0.327,2.4,2.9,5.3,0.3,0.4,0.4,0.6,0.1,1.6,2.3,5.2,2.5,14.4,0,0,12.7,26,7,155,15,124,111,144,10,170,198,170,91,45,183,17,78,52,181,153,119,63,156,126,61,117,39,106,49,5,110,1,Mitchell Robinson,Mitchell,1610612752,NYK,28.0,16,13,3,0.813,13.6,118.3,116.2,116.2,105.3,103.5,103.5,13.0,12.7,12.7,0.026,0.57,4.9,0.174,0.21,0.192,8.6,8.9,0.733,0.611,0.145,0.15,98.04,99.77,83.15,99.77,0.107,445,33,45,2.1,2.8,0.733,26,7,49,15,124,19,29,29,86,72,72,32,35,35,193,166,194,7,28,8,102,108,18,57,157,159,118,83,83,78,68,102,111,144,10,1,24.0,0.0,1.1785714285714286,0.6717561896521964,-0.0607561896521964,0.6562835660580022,0.4907900061490823,59.0,0.7555555555555555,0.0,0.0222222222222222,0.0222222222222222,0.0666666666666666,0.8222222222222222,45,0.0,0.0,0.0,0.59,29.5,0.75,0.0,1.0,0.7647058823529411,0.8421052631578947,0.6538461538461539,0.7619047619047619,1.0,3.022222222222222,1,45,0.2352941176470588,-0.75,0.8117408906882592,-0.2380952380952381,34.7,1629011,-6.699999999999999,-4.200000000000003,12.7,19.4,52.0
1642885,Mohamed Diawara,Mohamed,1610612752,NYK,21.0,6,6,0,1.0,7.1,0.5,2.2,0.231,0.2,1.0,0.167,0.0,0.0,0.0,0.2,1.3,1.5,1.0,0.5,0.2,0.0,0.0,0.5,0.0,1.2,-2.0,4.5,0,0,4.2,119,57,226,1,164,188,160,205,162,146,160,184,187,184,181,132,149,114,139,163,154,158,176,200,199,156,180,49,5,184,1,Mohamed Diawara,Mohamed,1610612752,NYK,21.0,6,6,0,1.0,7.1,96.0,96.6,96.6,111.4,111.4,111.4,-15.4,-14.7,-14.7,0.2,2.0,27.3,0.022,0.182,0.101,13.6,13.6,0.269,0.269,0.152,0.157,100.03,99.72,83.1,99.72,0.043,89,3,13,0.5,2.2,0.231,119,57,1,1,164,191,184,184,153,143,143,187,187,187,55,62,25,150,43,74,173,174,201,208,144,144,60,84,84,184,176,160,188,160,205,1,14.2,0.4545454545454545,0.0,0.5061313417685157,-0.2371313417685157,0.288936627282492,0.2894288150502957,28.9,15.76923076923077,0.1538461538461538,0.0,0.0769230769230769,0.1538461538461538,0.0,13,46.7,0.125623,0.2483178360769802,0.289,26.9,,0.25,,0.3,0.6666666666666666,0.1,0.2307692307692307,,2.4615384615384617,0,13,0.0,0.0,0.4333333333333333,0.0,33.5,1642885,-33.3,-25.80000000000001,-14.7,18.6,7.5
1631243,Mouhamed Gueye,Mouhamed,1610612737,ATL,23.0,6,2,4,0.333,8.4,0.7,2.3,0.286,0.2,1.7,0.1,0.2,0.3,0.5,0.8,0.8,1.7,0.7,0.2,0.2,0.0,0.0,1.5,0.7,1.7,-5.2,5.0,0,0,4.5,119,128,62,138,159,171,155,193,162,129,167,174,169,152,94,164,143,139,190,163,154,158,130,137,183,192,170,49,5,175,1,Mouhamed Gueye,Mouhamed,1610612737,ATL,23.0,6,2,4,0.333,8.4,92.5,91.5,91.5,123.4,123.1,123.1,-31.0,-31.6,-31.6,0.121,4.0,20.0,0.075,0.116,0.091,5.0,5.0,0.321,0.336,0.127,0.135,99.24,99.88,83.24,99.88,0.008,106,4,14,0.7,2.3,0.286,119,128,77,138,159,205,201,201,211,212,212,222,220,220,108,9,73,42,108,86,44,44,198,203,182,179,84,79,79,205,164,154,171,155,193,1,11.7,0.7391304347826088,0.1304347826086956,0.5135475978962316,-0.1775475978962316,0.3609022556390978,0.3574534403576949,36.0,17.071428571428573,0.0,0.0,0.0,0.0,0.2142857142857142,14,26.0,0.08736,0.1726837136486551,0.36,26.6,0.4,0.0,,0.25,0.375,0.1666666666666666,0.2857142857142857,,2.571428571428572,0,14,0.0,-0.4,0.7916666666666666,0.0,36.9,1631243,-16.0,-13.299999999999997,-31.6,-15.6,21.4
1629675,Naz Reid,Naz,1610612750,MIN,26.0,12,6,6,0.5,26.9,4.9,10.2,0.484,1.8,4.6,0.4,0.9,1.4,0.647,1.2,6.2,7.3,2.1,1.3,0.4,0.3,0.7,3.2,1.8,12.6,-1.3,25.4,0,0,25.3,48,57,35,53,80,53,57,72,39,55,46,104,97,133,61,13,21,76,63,123,88,52,26,80,59,137,67,49,5,58,1,Naz Reid,Naz,1610612750,MIN,26.0,12,6,6,0.5,26.9,109.1,111.0,111.0,114.2,114.4,114.4,-5.1,-3.5,-3.5,0.111,1.56,14.9,0.038,0.228,0.127,9.5,9.4,0.574,0.583,0.175,0.184,103.43,102.43,85.35,102.43,0.112,694,59,122,4.9,10.2,0.484,48,57,181,53,80,79,74,74,171,175,175,131,124,124,120,100,121,110,18,42,118,116,68,77,99,99,11,39,39,68,33,36,53,57,72,1,40.3,0.4509803921568627,0.1372549019607843,0.5214473397164419,0.0615526602835581,0.6262083780880773,0.6304256374127423,62.8,13.344262295081966,0.2295081967213114,0.0081967213114754,0.0327868852459016,0.1885245901639344,0.0327868852459016,122,46.5,0.271095,0.5358710090611509,0.628,58.2,0.4935064935064935,0.5,0.7,0.5,0.4929577464788732,0.4705882352941176,0.475,1.0,2.450819672131148,10,122,0.1999999999999999,0.0064935064935064,0.9776304888152444,-0.525,55.6,1629675,5.9,12.5,-3.5,-9.4,64.6
1629674,Neemias Queta,Neemias,1610612738,BOS,26.0,7,3,4,0.429,21.7,3.6,4.9,0.735,0.0,0.0,0.0,2.1,2.7,0.789,1.7,6.9,8.6,0.6,0.9,0.1,0.9,0.1,4.1,2.6,9.3,0.4,22.6,1,0,20.4,89,88,62,95,98,80,110,9,170,198,170,56,58,84,30,7,10,144,94,169,27,136,3,55,85,77,76,32,5,87,1,Neemias Queta,Neemias,1610612738,BOS,26.0,7,3,4,0.429,21.7,106.2,108.8,108.8,105.3,105.7,105.7,0.9,3.2,3.2,0.043,0.67,7.7,0.075,0.291,0.185,11.5,11.5,0.735,0.767,0.14,0.142,95.09,93.76,78.13,93.76,0.142,294,25,34,3.6,4.9,0.735,89,88,77,95,98,114,90,90,87,92,92,79,71,71,186,161,179,41,6,10,147,147,17,16,164,171,186,212,212,36,92,116,80,110,9,1,26.1,0.0,0.5510204081632653,0.593718042844058,0.1732819571559419,0.8238453276047262,0.7579829720423719,79.8,3.647058823529412,0.088235294117647,0.0,0.0588235294117647,0.2647058823529412,0.2647058823529412,34,27.0,0.20709,0.4093529104796243,0.798,60.4,0.8,0.0,,1.0,0.76,0.6666666666666666,0.7352941176470589,,2.176470588235294,0,34,0.0,-0.8,0.9066666666666666,0.0,30.0,1629674,-1.0999999999999996,-6.299999999999997,3.2,4.3,51.5
1629638,Nickeil Alexander-Walker,Nickeil,1610612737,ATL,27.0,6,2,4,0.333,35.4,4.5,11.8,0.38,3.0,7.2,0.419,1.7,2.5,0.667,0.5,1.8,2.3,2.7,2.8,0.5,0.8,1.0,2.0,3.5,13.7,-13.5,21.6,0,0,24.3,119,128,62,138,32,59,44,156,8,13,40,66,62,125,121,110,118,53,22,98,30,21,93,39,53,227,82,49,5,64,1,Nickeil Alexander-Walker,Nickeil,1610612737,ATL,27.0,6,2,4,0.333,35.4,101.7,101.8,101.8,119.3,120.0,120.0,-17.6,-18.2,-18.2,0.116,0.94,14.7,0.014,0.054,0.033,15.6,15.4,0.507,0.528,0.19,0.201,98.35,97.98,81.65,97.98,0.046,433,27,71,4.5,11.8,0.38,119,128,77,138,32,157,161,161,199,199,199,198,195,195,113,148,124,173,196,203,187,186,106,128,87,85,112,117,117,180,86,74,59,44,156,1,47.8,0.6101694915254237,0.211864406779661,0.5233004398609579,0.0046995601390421,0.5671321160042965,0.5655184902018451,56.6,17.746478873239436,0.3098591549295774,0.0140845070422535,0.1267605633802817,0.1408450704225352,0.0,71,60.1,0.317328,0.6272593576545377,0.5660000000000001,59.7,0.2941176470588235,0.6,0.3333333333333333,0.4736842105263157,0.3870967741935484,0.375,0.3857142857142857,0.0,2.563380281690141,3,71,-0.1403508771929824,0.3058823529411764,0.9879032258064516,0.3857142857142857,67.3,1629638,-0.1999999999999993,1.2000000000000028,-18.2,-18.0,47.6
203999,Nikola Jokić,Nikola,1610612743,DEN,31.0,6,2,4,0.333,39.5,9.0,20.2,0.446,1.2,6.0,0.194,6.7,7.2,0.93,1.5,11.7,13.2,9.5,3.8,1.0,0.8,0.8,3.5,6.3,25.8,-2.3,57.6,6,2,53.3,119,128,62,138,7,6,9,105,74,27,157,7,9,27,39,1,1,1,6,50,30,39,14,8,7,160,1,3,1,1,1,Nikola Jokić,Nikola,1610612743,DEN,31.0,6,2,4,0.333,39.5,106.0,108.0,108.0,110.6,111.8,111.8,-4.6,-3.7,-3.7,0.456,2.48,25.9,0.037,0.279,0.159,10.5,10.5,0.475,0.554,0.295,0.301,101.78,100.24,83.53,100.24,0.191,497,54,121,9.0,20.2,0.446,119,128,77,138,7,119,99,99,142,150,150,125,125,125,2,42,34,112,8,19,130,131,144,104,15,15,22,73,73,13,42,39,6,9,105,1,83.1,0.297029702970297,0.3564356435643565,0.5444759285376327,0.0095240714623673,0.5950590762620839,0.5710264619023806,58.5,11.892561983471074,0.1900826446280991,0.0495867768595041,0.0909090909090909,0.1570247933884297,0.0413223140495867,121,46.1,0.255394,0.5048349858468935,0.585,54.5,0.4545454545454545,0.3529411764705882,0.1428571428571428,,0.5185185185185185,0.3880597014925373,0.4521739130434782,0.3333333333333333,2.5289256198347108,7,121,0.0,-0.1016042780748662,0.8695411829740188,0.1188405797101449,51.8,203999,10.8,6.099999999999994,-3.7,-14.5,65.1
202696,Nikola Vučević,Nikola,1610612738,BOS,35.0,6,3,3,0.5,19.0,2.3,6.2,0.378,1.2,4.0,0.292,0.3,0.7,0.5,0.8,3.5,4.3,2.3,1.3,0.2,0.5,0.3,2.5,1.2,6.2,1.5,15.5,0,0,15.3,119,88,155,53,105,104,96,158,74,62,118,151,139,152,94,60,64,63,63,163,64,94,67,107,110,52,99,49,5,100,1,Nikola Vučević,Nikola,1610612738,BOS,35.0,6,3,3,0.5,19.0,114.6,115.4,115.4,112.8,111.4,111.4,1.8,3.9,3.9,0.175,1.75,23.0,0.04,0.181,0.108,13.1,13.2,0.473,0.477,0.175,0.182,95.82,96.09,80.07,96.09,0.064,228,14,37,2.3,6.2,0.378,119,88,49,53,105,36,33,33,164,145,145,74,68,68,69,88,50,104,46,60,170,170,146,166,103,105,174,165,165,155,118,111,104,96,158,1,28.8,0.6451612903225806,0.1129032258064516,0.510861953708636,-0.0338619537086359,0.5123523093447906,0.5214941916213968,51.6,18.486486486486488,0.081081081081081,0.027027027027027,0.054054054054054,0.054054054054054,0.027027027027027,37,41.7,0.198909,0.3931816025428151,0.516,45.5,0.4761904761904761,0.0,,0.3333333333333333,0.4375,0.3333333333333333,0.3529411764705882,0.0,2.3513513513513518,0,37,0.0,-0.4761904761904761,0.8958333333333333,0.3529411764705882,47.2,202696,0.6000000000000001,4.900000000000006,3.9,3.3,59.2
1628384,OG Anunoby,OG,1610612752,NYK,28.0,15,12,3,0.8,34.1,6.5,11.5,0.57,2.4,5.1,0.474,4.4,5.1,0.857,0.9,5.4,6.3,1.8,0.5,1.5,1.1,0.9,2.5,3.5,19.9,10.8,37.4,2,0,35.6,29,17,155,18,37,27,49,35,20,43,26,21,25,50,87,19,33,83,135,21,20,35,66,38,24,6,21,20,5,26,1,OG Anunoby,OG,1610612752,NYK,28.0,15,12,3,0.8,34.1,118.5,119.0,119.0,103.6,103.9,103.9,14.8,15.1,15.1,0.076,3.38,11.1,0.03,0.153,0.095,3.3,3.3,0.674,0.724,0.181,0.186,99.19,98.84,82.37,98.84,0.155,1055,98,172,6.5,11.5,0.57,29,17,49,18,37,18,18,18,70,81,81,30,30,30,154,19,148,132,64,82,34,34,25,19,95,97,86,98,98,26,11,19,27,49,35,1,51.8,0.4434782608695652,0.4434782608695652,0.559511350217627,0.164488649782373,0.7776584317937701,0.7479439681056277,76.6,12.83720930232558,0.2267441860465116,0.0116279069767441,0.0813953488372093,0.2441860465116279,0.0232558139534883,172,51.1,0.369964,0.7313044578332306,0.766,74.9,0.5670103092783505,0.3333333333333333,0.5454545454545454,0.6744186046511628,0.5802469135802469,0.5604395604395604,0.5739644970414202,0.0,3.2151162790697674,11,172,-0.1289640591966173,-0.2336769759450171,0.9801926468593136,0.5739644970414202,56.0,1628384,-3.4000000000000004,0.20000000000000284,15.1,18.5,58.0
1630168,Onyeka Okongwu,Onyeka,1610612737,ATL,25.0,6,2,4,0.333,33.1,4.7,8.0,0.583,1.7,3.7,0.455,1.5,2.0,0.75,1.3,5.3,6.7,2.3,1.2,1.2,0.8,0.3,3.5,2.0,12.5,-12.5,28.8,0,0,27.2,119,128,62,138,45,57,77,30,51,72,31,71,69,95,46,21,30,63,71,38,30,94,14,66,60,224,47,49,5,50,1,Onyeka Okongwu,Onyeka,1610612737,ATL,25.0,6,2,4,0.333,33.1,104.7,105.1,105.1,120.9,123.5,123.5,-16.2,-18.4,-18.4,0.109,2.0,18.7,0.042,0.168,0.105,9.3,9.4,0.688,0.704,0.135,0.137,99.78,98.53,82.11,98.53,0.101,408,28,48,4.7,8.0,0.583,119,128,77,138,45,127,126,126,203,213,213,191,196,196,123,62,86,98,53,67,115,118,22,23,169,173,66,105,105,92,83,98,57,77,30,1,33.0,0.4625,0.25,0.5385498510034624,0.1654501489965375,0.7561761546723953,0.7490416773049202,75.3,13.0,0.0,0.0208333333333333,0.0416666666666666,0.125,0.1458333333333333,48,30.5,0.21472,0.4244350617518225,0.753,58.9,0.5652173913043478,1.0,1.0,0.5,0.5,0.6428571428571429,0.574468085106383,1.0,2.5416666666666665,3,48,0.5,0.4347826086956522,0.8571428571428571,-0.4255319148936169,81.6,1630168,-0.6999999999999993,10.0,-18.4,-17.7,51.8
1642345,Oso Ighodaro,Oso,1610612756,PHX,23.0,4,0,4,0.0,32.2,3.3,6.0,0.542,0.0,0.0,0.0,1.0,1.5,0.667,3.0,4.0,7.0,4.0,1.8,0.5,0.8,1.5,3.8,1.8,7.5,-11.3,23.9,0,0,21.0,172,196,62,196,52,85,97,41,170,198,170,92,90,125,9,46,25,32,45,98,41,7,11,83,97,222,73,49,5,83,1,Oso Ighodaro,Oso,1610612756,PHX,23.0,4,0,4,0.0,32.2,114.9,115.6,115.6,128.9,131.3,131.3,-14.1,-15.7,-15.7,0.167,2.29,32.0,0.089,0.124,0.106,14.0,14.1,0.542,0.563,0.11,0.111,99.57,98.33,81.94,98.33,0.065,262,13,24,3.3,6.0,0.542,172,196,77,196,52,33,30,30,221,226,226,180,189,189,73,52,16,35,96,66,177,177,80,94,203,209,74,109,109,152,122,134,85,97,41,1,24.9,0.0,0.25,0.5586671804873539,0.004332819512646,0.6047261009667024,0.5650997955701504,58.9,3.458333333333333,0.0,0.0,0.0416666666666666,0.375,0.2083333333333333,24,27.1,0.152573,0.3015896547907079,0.589,44.5,0.6428571428571429,0.0,,0.0,0.7692307692307693,0.2727272727272727,0.5217391304347826,,2.7916666666666665,0,24,0.0,-0.6428571428571429,0.5034965034965034,0.0,17.5,1642345,5.199999999999999,21.19999999999999,-15.7,-20.9,63.8
1642359,Pacôme Dadiet,Pacôme,1610612752,NYK,20.0,7,7,0,1.0,5.7,1.1,2.3,0.5,0.4,1.1,0.375,0.1,0.3,0.5,0.3,0.7,1.0,0.4,0.3,0.3,0.0,0.1,0.1,0.1,2.9,-0.4,5.3,0,0,5.3,89,45,226,1,174,146,158,51,136,143,60,177,176,152,165,175,169,166,168,142,154,136,203,196,150,107,165,49,5,163,1,Pacôme Dadiet,Pacôme,1610612752,NYK,20.0,7,7,0,1.0,5.7,94.8,92.9,92.9,97.6,95.3,95.3,-2.8,-2.4,-2.4,0.143,1.5,13.6,0.05,0.111,0.082,9.1,9.1,0.594,0.592,0.196,0.204,100.54,102.73,85.61,102.73,0.142,85,8,16,1.1,2.3,0.5,89,45,1,1,174,199,196,196,35,38,38,105,112,112,92,103,132,82,119,104,111,111,53,69,78,77,49,36,36,35,143,148,146,158,51,1,20.7,0.4782608695652174,0.1304347826086956,0.5177228523708435,0.0742771476291564,0.635875402792696,0.6449527286570994,64.0,16.0,0.0625,0.0,0.125,0.0625,0.0625,16,39.6,0.234432,0.4633995920110062,0.64,55.2,,0.5,,0.5333333333333333,0.5,0.5,0.5,,2.375,0,16,0.0,0.0,1.0,0.0,57.6,1642359,-20.4,-29.69999999999999,-2.4,18.0,20.9
1631094,Paolo Banchero,Paolo,1610612753,ORL,23.0,7,3,4,0.429,39.0,8.6,20.4,0.42,2.0,6.0,0.333,7.1,10.6,0.676,1.3,7.7,9.0,6.3,3.4,1.4,0.7,2.6,2.6,7.0,26.3,-2.4,49.5,2,0,47.9,89,88,62,95,8,10,7,127,30,27,88,3,1,123,51,6,8,8,13,22,45,1,60,6,4,163,3,20,5,3,1,Paolo Banchero,Paolo,1610612753,ORL,23.0,7,3,4,0.429,39.0,100.6,103.8,103.8,104.0,106.7,106.7,-3.4,-2.9,-2.9,0.336,1.83,18.1,0.03,0.189,0.108,9.9,9.9,0.469,0.524,0.314,0.322,99.2,96.39,80.33,96.39,0.169,548,60,143,8.6,20.4,0.42,89,88,77,95,8,167,140,140,77,98,98,112,121,121,9,85,91,130,40,59,122,123,150,133,10,11,85,161,161,17,31,26,10,7,127,1,91.0,0.2941176470588235,0.5196078431372549,0.5633525029565138,-0.0393525029565138,0.5628356605800215,0.515225828288618,54.4,12.636363636363637,0.4545454545454545,0.0139860139860139,0.2097902097902098,0.1398601398601398,0.0139860139860139,143,65.0,0.3406,0.6732609073801731,0.544,60.9,0.4647887323943662,0.4210526315789473,,0.56,0.5227272727272727,0.2545454545454545,0.4285714285714285,0.0,2.3426573426573425,0,143,0.0,-0.0437361008154188,0.7318181818181818,0.4285714285714285,54.7,1631094,11.9,14.700000000000003,-2.9,-14.8,70.9
202331,Paul George,Paul,1610612755,PHI,36.0,11,4,7,0.364,35.8,5.9,12.9,0.458,3.2,6.5,0.493,1.4,1.8,0.75,0.5,3.4,3.9,3.0,2.0,1.3,0.5,0.5,2.5,2.6,16.4,-6.1,28.7,0,0,29.9,54,69,19,132,27,38,39,95,4,22,23,76,78,95,117,68,76,45,36,31,71,68,69,54,38,198,50,49,5,41,1,Paul George,Paul,1610612755,PHI,36.0,11,4,7,0.364,35.8,109.1,111.5,111.5,118.8,119.6,119.6,-9.7,-8.2,-8.2,0.133,1.5,16.2,0.015,0.095,0.054,10.8,10.7,0.581,0.597,0.196,0.201,96.08,94.74,78.95,94.74,0.086,776,65,142,5.9,12.9,0.458,54,69,197,132,27,78,68,68,194,195,195,162,160,160,101,103,115,167,143,168,135,132,63,67,78,82,165,195,195,110,26,28,38,39,95,1,50.8,0.5038759689922481,0.1395348837209302,0.517866054129868,0.079133945870132,0.6412459720730397,0.6504975611745752,64.5,18.359154929577464,0.4577464788732394,0.0070422535211267,0.3028169014084507,0.0633802816901408,0.0070422535211267,142,74.0,0.4417799999999999,0.873262488732862,0.645,75.9,0.5135135135135135,0.1666666666666666,,0.4871794871794871,0.4347826086956521,0.4794520547945205,0.4539007092198581,1.0,2.1549295774647885,0,142,0.0,-0.3468468468468468,0.9553305539011316,-0.5460992907801419,33.0,202331,5.5,13.0,-8.2,-13.7,62.6
1630194,Paul Reed,Paul,1610612765,DET,26.0,9,4,5,0.444,9.5,3.1,4.7,0.667,0.2,0.6,0.4,1.0,1.3,0.75,2.0,2.0,4.0,0.6,0.8,0.1,0.7,0.3,1.6,1.7,7.4,1.3,14.6,0,0,13.8,74,69,51,87,148,88,111,15,158,172,46,92,101,95,23,102,70,149,99,174,49,94,127,86,98,54,104,49,5,107,1,Paul Reed,Paul,1610612765,DET,26.0,9,4,5,0.444,9.5,107.5,110.9,110.9,101.3,100.6,100.6,6.2,10.3,10.3,0.119,0.71,8.5,0.202,0.186,0.194,11.9,11.8,0.69,0.709,0.266,0.272,94.83,93.72,78.1,93.72,0.253,165,28,42,3.1,4.7,0.667,74,69,170,87,148,98,76,76,51,56,56,53,41,41,111,158,170,4,41,7,156,156,21,22,26,31,191,213,213,5,83,105,88,111,15,1,37.5,0.1276595744680851,0.2765957446808511,0.5435723887892312,0.1654276112107687,0.7615467239527389,0.7490159467225073,75.7,6.547619047619048,0.238095238095238,0.0714285714285714,0.0714285714285714,0.2619047619047619,0.119047619047619,42,45.0,0.31905,0.6306632193178044,0.757,69.4,0.4285714285714285,0.5,0.6666666666666666,0.6,0.4615384615384615,0.7586206896551724,0.6666666666666666,0.6666666666666666,2.071428571428572,3,42,0.0666666666666666,0.0714285714285714,0.7029177718832892,0.0,50.7,1630194,8.4,1.0,10.3,1.9,66.1
1630202,Payton Pritchard,Payton,1610612738,BOS,28.0,7,3,4,0.429,32.9,5.6,13.1,0.424,2.4,7.9,0.309,1.0,1.1,0.875,1.3,2.4,3.7,5.1,0.7,0.4,0.0,0.9,0.7,0.9,14.6,6.3,27.3,0,0,26.7,89,88,62,95,48,47,38,124,16,8,107,92,110,40,51,93,83,20,106,120,154,36,166,126,46,14,58,49,5,53,1,Payton Pritchard,Payton,1610612738,BOS,28.0,7,3,4,0.429,32.9,117.3,120.9,120.9,109.1,110.9,110.9,8.2,10.0,10.0,0.237,7.2,26.7,0.036,0.075,0.054,3.7,3.7,0.516,0.534,0.188,0.194,95.96,93.77,78.14,93.77,0.11,450,39,92,5.6,13.1,0.424,89,88,77,95,48,24,14,14,116,133,133,44,42,42,40,1,32,114,175,169,35,35,95,125,90,93,169,211,211,75,58,56,47,38,124,1,46.8,0.6030534351145038,0.0839694656488549,0.5077572526694785,0.0262427473305215,0.5735767991407089,0.5901135750586934,58.0,18.01086956521739,0.4347826086956521,0.0434782608695652,0.0869565217391304,0.1521739130434782,0.0108695652173913,92,66.7,0.356178,0.704053797618483,0.58,64.2,0.4375,0.2727272727272727,,0.4848484848484848,0.3720930232558139,0.4693877551020408,0.4166666666666667,0.25,2.260869565217391,0,92,0.0,-0.1647727272727273,0.902705268153773,0.1666666666666666,52.4,1630202,22.7,26.5,10.0,-12.7,91.3
1629656,Quentin Grimes,Quentin,1610612755,PHI,26.0,11,4,7,0.364,22.1,2.1,5.3,0.397,1.3,3.2,0.4,1.3,1.5,0.875,0.2,2.5,2.7,2.3,0.5,0.3,0.5,0.3,1.9,1.0,6.7,-6.3,15.0,0,0,14.5,54,69,19,132,97,110,105,148,68,83,46,79,95,40,179,86,110,70,134,146,71,111,108,114,105,200,102,49,5,104,1,Quentin Grimes,Quentin,1610612755,PHI,26.0,11,4,7,0.364,22.1,106.6,107.1,107.1,122.5,120.7,120.7,-15.9,-13.6,-13.6,0.157,4.17,26.0,0.009,0.114,0.063,6.3,6.2,0.517,0.569,0.132,0.136,94.78,95.32,79.44,95.32,0.074,481,23,58,2.1,5.3,0.397,54,69,197,132,97,109,112,112,208,201,201,189,176,176,79,8,33,186,113,151,55,56,93,85,171,177,192,186,186,136,97,89,110,105,148,1,25.1,0.6037735849056605,0.2830188679245283,0.5374515400569734,0.0315484599430265,0.6111707841031149,0.596170917028141,60.5,17.310344827586206,0.293103448275862,0.0689655172413793,0.0689655172413793,0.1206896551724138,0.0,58,57.5,0.3271749999999999,0.6467238325663772,0.605,62.6,0.3666666666666666,0.3333333333333333,,0.4782608695652174,0.3846153846153846,0.40625,0.3773584905660377,0.5,2.1206896551724137,0,58,0.0,-0.0333333333333333,0.9783653846153846,-0.1226415094339622,52.9,1629656,-7.3999999999999995,-1.5,-13.6,-6.2,42.1
1629628,RJ Barrett,RJ,1610612761,TOR,25.0,7,3,4,0.429,38.7,9.0,18.9,0.477,2.4,6.3,0.386,3.7,5.9,0.634,2.0,5.0,7.0,4.0,3.6,1.3,0.3,1.3,3.4,4.1,24.1,0.6,39.7,1,0,40.7,89,88,62,95,10,6,12,78,16,25,55,29,19,135,23,25,25,32,8,29,98,15,18,27,9,73,15,32,5,11,1,RJ Barrett,RJ,1610612761,TOR,25.0,7,3,4,0.429,38.7,111.2,115.2,115.2,113.2,112.4,112.4,-2.0,2.8,2.8,0.168,1.12,13.8,0.05,0.128,0.089,12.3,12.3,0.542,0.563,0.275,0.277,99.05,97.62,81.35,97.62,0.112,546,63,132,9.0,18.9,0.477,89,88,77,95,10,64,35,35,166,154,154,99,74,74,72,129,130,81,88,92,161,162,80,93,23,25,91,130,130,70,28,33,6,12,78,1,76.5,0.3333333333333333,0.3121693121693122,0.5392571132823964,0.0237428867176034,0.6047261009667024,0.5872595737747363,59.8,11.712121212121213,0.1515151515151515,0.0378787878787878,0.0757575757575757,0.1818181818181818,0.0454545454545454,132,43.5,0.2449049999999999,0.4841014754020589,0.598,54.1,0.4915254237288136,0.6086956521739131,0.3,0.631578947368421,0.5,0.4516129032258064,0.4724409448818897,0.6,2.553030303030303,20,132,-0.331578947368421,0.1171702284450995,0.9516129032258064,-0.1275590551181102,38.2,1629628,13.399999999999999,21.200000000000003,2.8,-10.6,78.0
1642263,Reed Sheppard,Reed,1610612745,HOU,21.0,6,2,4,0.333,32.1,4.5,14.7,0.307,2.7,9.0,0.296,0.5,0.7,0.75,0.2,0.8,1.0,4.7,2.0,2.2,0.8,0.7,2.3,0.5,12.2,-1.3,27.4,0,0,26.5,119,128,62,138,53,59,28,186,12,1,115,130,139,95,181,164,169,25,36,4,30,52,75,153,61,140,56,49,5,54,1,Reed Sheppard,Reed,1610612745,HOU,21.0,6,2,4,0.333,32.1,102.6,105.6,105.6,109.0,108.0,108.0,-6.5,-2.4,-2.4,0.243,2.33,21.9,0.005,0.032,0.016,9.4,9.2,0.398,0.407,0.226,0.231,94.13,93.18,77.65,93.18,0.05,374,27,88,4.5,14.7,0.307,119,128,77,138,53,146,122,122,115,109,109,143,113,113,37,45,60,190,207,213,116,113,177,188,51,54,199,215,215,172,86,60,59,28,186,1,53.3,0.6122448979591837,0.0476190476190476,0.499575566466558,-0.092575566466558,0.4371643394199785,0.4544629638277499,44.4,19.53409090909091,0.3636363636363636,0.0,0.1477272727272727,0.0909090909090909,0.0,88,63.5,0.258445,0.5108658696649113,0.444,47.7,0.3181818181818182,0.4166666666666667,0.3333333333333333,0.2105263157894736,0.3076923076923077,0.3055555555555556,0.3068181818181818,,2.647727272727273,3,88,0.1228070175438596,0.0984848484848485,0.997863247863248,0.0,67.0,1642263,-1.4,5.099999999999994,-2.4,-1.0,55.1
1629057,Robert Williams III,Robert,1610612757,POR,28.0,5,1,4,0.2,21.7,4.4,7.0,0.629,0.6,1.8,0.333,0.2,0.6,0.333,3.2,4.2,7.4,2.6,0.4,0.6,1.2,0.6,1.0,0.6,9.6,0.8,27.4,0,0,23.8,155,163,62,179,99,62,88,26,116,125,88,171,146,178,7,43,20,57,156,90,13,61,147,144,82,65,55,49,5,69,1,Robert Williams III,Robert,1610612757,POR,28.0,5,1,4,0.2,21.7,109.0,106.8,106.8,105.8,108.0,108.0,3.2,-1.1,-1.1,0.2,6.5,25.5,0.133,0.179,0.156,3.9,3.9,0.671,0.661,0.146,0.157,95.77,95.74,79.79,95.74,0.191,219,22,35,4.4,7.0,0.629,155,163,77,179,99,80,115,115,91,108,108,63,101,101,55,3,36,16,47,23,39,39,27,36,155,147,177,172,172,12,100,114,62,88,26,1,26.4,0.2571428571428572,0.0857142857142857,0.5250324902778327,0.1359675097221673,0.7099892588614394,0.7153824045003937,71.2,7.4,0.0,0.0285714285714285,0.0285714285714285,0.0571428571428571,0.4571428571428571,35,14.8,0.097828,0.1933757135854009,0.7120000000000001,45.3,0.6,0.75,0.6666666666666666,0.5,0.6521739130434783,0.5833333333333334,0.625,0.0,2.4285714285714284,3,35,0.1666666666666666,0.15,0.9311594202898552,0.625,82.3,1629057,23.7,12.099999999999994,-1.1,-24.8,79.8
1641842,Ronald Holland II,Ronald,1610612765,DET,20.0,9,5,4,0.556,6.4,0.4,1.4,0.308,0.2,0.9,0.25,0.3,0.6,0.6,0.1,1.4,1.6,0.1,0.3,0.4,0.2,0.2,1.0,0.4,1.4,1.7,5.1,0,0,4.7,74,65,62,50,169,198,183,184,158,157,136,151,149,144,187,130,148,197,161,116,118,118,147,164,192,47,167,49,5,172,1,Ronald Holland II,Ronald,1610612765,DET,20.0,9,5,4,0.556,6.4,103.0,105.0,105.0,93.2,89.5,89.5,9.8,15.5,15.5,0.026,0.33,5.3,0.016,0.2,0.11,15.8,15.6,0.385,0.428,0.127,0.134,100.71,101.83,84.86,101.83,0.055,120,4,13,0.4,1.4,0.308,74,65,77,50,169,139,128,128,21,25,25,39,29,29,193,177,193,163,31,57,188,188,180,185,184,182,44,49,49,167,164,160,198,183,184,1,10.9,0.6428571428571429,0.4285714285714286,0.554565406622169,-0.126565406622169,0.4597207303974221,0.4156579812841917,44.2,17.153846153846153,0.1538461538461538,0.0769230769230769,0.0,0.0,0.0,13,41.3,0.1767639999999999,0.3494077834179356,0.442,39.6,0.3333333333333333,0.3333333333333333,,0.3333333333333333,0.3333333333333333,0.0,0.2727272727272727,1.0,2.230769230769231,0,13,0.0,0.0,0.6666666666666667,-0.7272727272727273,26.8,1641842,14.8,-5.400000000000006,15.5,0.7,70.0
1626220,Royce O'Neale,Royce,1610612756,PHX,33.0,4,0,4,0.0,24.4,2.3,3.5,0.643,2.0,3.3,0.615,1.3,1.5,0.833,1.0,5.3,6.3,2.3,1.0,0.5,0.3,0.0,3.0,0.8,7.8,-11.0,19.9,0,0,19.8,172,196,62,196,85,105,131,21,30,81,11,80,90,58,71,22,34,71,75,98,104,158,32,132,95,221,92,49,5,89,1,Royce O'Neale,Royce,1610612756,PHX,33.0,4,0,4,0.0,24.4,101.7,103.0,103.0,123.0,122.2,122.2,-21.3,-19.1,-19.1,0.145,2.25,31.0,0.041,0.193,0.121,13.8,13.5,0.929,0.931,0.087,0.091,99.1,98.8,82.33,98.8,0.114,198,9,14,2.3,3.5,0.643,172,196,77,196,85,156,149,149,209,210,210,211,197,197,89,54,17,99,38,49,175,172,9,8,219,220,88,100,100,66,138,154,105,131,21,1,15.0,0.9428571428571428,0.4285714285714285,0.5463678883688401,0.3846321116311599,1.0,0.9992738700707726,100.0,25.357142857142858,0.2857142857142857,0.0,0.0,0.0,0.0714285714285714,14,54.2,0.5046020000000001,0.9974421620253968,1.0,99.9,0.5714285714285714,1.0,,0.5,0.5714285714285714,0.7142857142857143,0.75,,2.7857142857142856,0,14,0.0,0.4285714285714286,0.8571428571428571,0.0,64.2,1626220,-7.200000000000001,-12.299999999999997,-19.1,-11.9,34.2
203497,Rudy Gobert,Rudy,1610612750,MIN,33.0,12,6,6,0.5,31.0,2.8,5.8,0.493,0.0,0.2,0.0,1.5,3.2,0.474,3.5,5.8,9.3,2.3,1.3,1.2,1.1,1.0,2.8,3.5,7.2,-5.5,27.4,4,0,23.3,48,57,35,53,62,97,101,67,170,189,170,71,47,172,2,18,7,63,68,38,21,21,48,39,101,195,56,6,5,71,1,Rudy Gobert,Rudy,1610612750,MIN,33.0,12,6,6,0.5,31.0,101.4,103.2,103.2,109.9,111.1,111.1,-8.5,-7.9,-7.9,0.102,1.87,22.0,0.097,0.185,0.138,11.8,11.7,0.493,0.502,0.109,0.114,102.16,100.7,83.91,100.7,0.086,778,34,69,2.8,5.8,0.493,48,57,181,53,62,161,148,148,132,141,141,156,157,157,131,84,59,30,42,36,155,151,131,152,206,202,19,62,62,112,67,75,97,101,67,1,28.6,0.0344827586206896,0.5517241379310345,0.5951423602607675,-0.0931423602607675,0.5392051557465092,0.4538158756628924,50.5,2.7246376811594204,0.0,0.0,0.0144927536231884,0.217391304347826,0.4347826086956521,69,14.0,0.07028,0.1389218337365783,0.505,32.2,0.5263157894736842,0.5,0.75,0.1666666666666666,0.4871794871794871,0.5,0.4852941176470588,,2.579710144927536,4,69,0.5833333333333334,-0.0263157894736841,0.9871794871794872,0.0,87.7,203497,-6.300000000000001,-7.5,-7.9,-1.6,42.1
1629060,Rui Hachimura,Rui,1610612747,LAL,28.0,10,4,6,0.4,38.6,6.7,12.2,0.549,3.3,5.8,0.569,0.8,1.1,0.727,0.6,3.4,4.0,1.7,0.9,0.9,0.6,0.5,2.8,1.1,17.5,-5.2,28.5,0,0,29.5,63,69,35,122,12,25,42,39,3,34,14,113,113,110,109,66,70,85,91,63,56,71,44,111,32,193,52,49,5,42,1,Rui Hachimura,Rui,1610612747,LAL,28.0,10,4,6,0.4,38.6,106.1,107.0,107.0,111.1,113.8,113.8,-5.0,-6.9,-6.9,0.076,1.89,11.1,0.017,0.087,0.054,5.9,5.9,0.684,0.69,0.158,0.162,95.86,94.31,78.59,94.31,0.102,759,67,122,6.7,12.2,0.549,63,69,181,122,12,118,114,114,146,170,170,129,153,153,155,82,148,159,165,170,51,53,23,27,130,134,172,201,201,89,24,36,25,42,39,1,44.2,0.4754098360655738,0.0901639344262295,0.5160775215453929,0.173922478454607,0.7411385606874329,0.7587142322571797,74.8,17.262295081967213,0.3524590163934426,0.0081967213114754,0.2459016393442623,0.081967213114754,0.0163934426229508,122,64.8,0.4471199999999999,0.8838180179325394,0.748,81.6,0.5555555555555556,0.5,0.75,0.5172413793103449,0.5333333333333333,0.5645161290322581,0.5454545454545454,1.0,2.581967213114754,4,122,0.2327586206896551,-0.0555555555555555,0.9688172043010752,-0.4545454545454546,56.8,1629060,-7.4,2.0,-6.9,0.5,46.8
1642346,Ryan Dunn,Ryan,1610612756,PHX,23.0,4,0,4,0.0,8.4,0.0,1.0,0.0,0.0,1.0,0.0,0.0,0.0,0.0,0.0,1.5,1.5,0.5,0.8,0.0,0.0,0.0,0.5,0.3,0.0,-2.3,1.8,0,0,2.0,172,196,62,196,158,211,194,211,170,146,170,184,187,184,191,125,149,151,100,182,154,158,176,181,218,159,204,49,5,201,1,Ryan Dunn,Ryan,1610612756,PHX,23.0,4,0,4,0.0,8.4,86.4,88.4,88.4,109.3,104.5,104.5,-22.9,-16.1,-16.1,0.095,0.67,22.2,0.0,0.158,0.087,33.3,33.3,0.0,0.0,0.086,0.089,95.65,96.62,80.51,96.62,-0.011,69,0,4,0.0,1.0,0.0,172,196,77,196,158,212,206,206,124,83,83,215,191,191,136,161,53,191,60,96,219,219,211,218,220,221,179,153,153,213,211,193,211,194,211,1,3.0,1.0,0.0,0.490646187418679,-0.490646187418679,0.0,0.0,0.0,25.5,0.5,0.25,0.0,0.0,0.0,4,79.0,0.0,0.0,0.0,0.0,0.0,0.0,,0.0,0.0,0.0,0.0,0.0,2.75,0,4,0.0,0.0,1.0,0.0,57.6,1642346,1.8999999999999986,-24.799999999999997,-16.1,-18.0,36.1
1630573,Sam Hauser,Sam,1610612738,BOS,28.0,7,3,4,0.429,23.5,2.7,6.6,0.413,2.3,5.4,0.421,0.0,0.0,0.0,1.3,3.0,4.3,0.9,0.3,0.1,0.1,0.4,1.4,0.4,7.7,-2.4,14.7,0,0,15.7,89,88,62,95,89,100,93,134,24,39,39,184,187,184,51,75,65,127,168,169,132,83,135,167,96,163,103,49,5,99,1,Sam Hauser,Sam,1610612738,BOS,28.0,7,3,4,0.429,23.5,102.3,102.7,102.7,105.2,107.9,107.9,-3.0,-5.2,-5.2,0.058,3.0,11.1,0.049,0.12,0.084,3.7,3.7,0.587,0.587,0.127,0.13,97.35,95.91,79.92,95.91,0.079,328,19,46,2.7,6.6,0.413,89,88,77,95,89,151,152,152,84,106,106,108,141,141,175,22,148,85,101,101,35,36,58,72,182,186,135,169,169,128,105,100,100,93,134,1,23.6,0.8181818181818182,0.0,0.4941681714427123,0.0928318285572876,0.6305048335123523,0.6661359430005939,64.5,21.80434782608696,0.2608695652173913,0.0,0.0217391304347826,0.0434782608695652,0.0434782608695652,46,51.7,0.303479,0.5998841659155242,0.645,62.2,0.4285714285714285,0.2,,0.4285714285714285,0.4642857142857143,0.3333333333333333,0.4130434782608695,,2.217391304347826,0,46,0.0,-0.2285714285714285,0.8690476190476191,0.0,45.3,1630573,-14.8,-17.89999999999999,-5.2,9.6,30.7
1630241,Sam Merrill,Sam,1610612739,CLE,30.0,17,8,9,0.471,19.9,2.4,5.6,0.427,1.7,4.6,0.372,1.2,1.5,0.84,0.5,0.8,1.2,1.1,0.5,0.5,0.0,0.1,2.4,1.6,7.8,0.3,11.8,0,0,12.8,17,32,7,83,102,103,103,122,47,53,64,81,94,57,138,170,163,110,137,112,154,146,74,91,94,83,118,49,5,109,1,Sam Merrill,Sam,1610612739,CLE,30.0,17,8,9,0.471,19.9,112.9,114.5,114.5,114.9,114.9,114.9,-2.0,-0.4,-0.4,0.083,2.11,14.3,0.023,0.041,0.032,6.8,6.7,0.578,0.617,0.14,0.146,99.24,98.55,82.13,98.55,0.052,698,41,96,2.4,5.6,0.427,17,32,222,83,102,51,41,41,174,178,178,100,97,97,144,60,126,145,206,205,67,64,64,55,165,164,83,104,104,171,56,53,103,103,122,1,27.5,0.8214285714285714,0.2678571428571428,0.5264133160617644,0.0905866839382355,0.6627282491944146,0.663572741839564,66.3,21.17708333333333,0.2604166666666667,0.0416666666666666,0.0416666666666666,0.03125,0.0208333333333333,96,53.7,0.331329,0.6549350064044784,0.663,65.9,0.425531914893617,0.3333333333333333,0.5714285714285714,0.5909090909090909,0.4166666666666667,0.4375,0.4395604395604395,0.25,2.1875,7,96,-0.0194805194805195,-0.0921985815602837,0.9791666666666669,0.1895604395604395,57.3,1630241,4.1,8.299999999999997,-0.4,-4.5,62.2
1630572,Sandro Mamukelashvili,Sandro,1610612761,TOR,27.0,7,3,4,0.429,14.8,2.0,5.0,0.4,0.6,2.0,0.286,0.4,1.0,0.429,1.6,3.4,5.0,1.0,0.6,0.7,0.4,0.6,1.7,1.0,5.0,0.4,15.4,1,0,13.9,89,88,62,95,119,114,106,143,118,115,121,141,115,175,35,63,58,114,129,78,76,66,114,114,118,77,101,32,5,106,1,Sandro Mamukelashvili,Sandro,1610612761,TOR,27.0,7,3,4,0.429,14.8,109.4,113.4,113.4,113.9,110.5,110.5,-4.5,2.9,2.9,0.09,1.75,14.3,0.097,0.224,0.159,8.2,8.1,0.457,0.46,0.163,0.168,101.6,101.32,84.43,101.32,0.093,217,14,35,2.0,5.0,0.4,89,88,77,95,119,73,51,51,168,128,128,123,73,73,139,88,126,31,20,20,95,96,155,174,120,127,27,56,56,98,118,114,114,106,143,1,24.4,0.4,0.2,0.5323083448089522,-0.0723083448089521,0.4940923737916219,0.4776013245564041,48.7,11.942857142857145,0.1142857142857142,0.0857142857142857,0.0,0.2571428571428571,0.0857142857142857,35,43.0,0.1978,0.3909894523775638,0.487,43.9,0.3684210526315789,0.0,0.0,0.0,0.4615384615384615,0.2222222222222222,0.4516129032258064,0.0,2.5142857142857142,1,35,0.0,-0.3684210526315789,0.7606837606837606,0.4516129032258064,46.9,1630572,4.4,4.0,2.9,-1.5,61.4
1630703,Scoot Henderson,Scoot,1610612757,POR,22.0,5,1,4,0.2,29.0,5.6,11.8,0.475,2.6,5.6,0.464,1.2,1.6,0.75,0.4,1.2,1.6,1.2,1.8,0.8,0.2,0.6,3.4,2.0,15.0,-5.2,19.9,0,0,22.4,155,163,62,179,73,45,46,82,14,36,28,83,84,95,144,140,145,104,44,74,121,61,21,66,44,193,90,49,5,76,1,Scoot Henderson,Scoot,1610612757,POR,22.0,5,1,4,0.2,29.0,101.8,102.6,102.6,110.7,110.9,110.9,-8.8,-8.2,-8.2,0.071,0.67,7.7,0.012,0.042,0.026,11.5,11.6,0.585,0.6,0.206,0.213,100.57,100.08,83.4,100.08,0.064,302,28,59,5.6,11.8,0.475,155,163,77,179,73,154,153,153,143,135,135,157,161,161,157,161,179,179,204,210,147,149,60,65,64,69,47,76,76,156,83,88,45,46,82,1,46.1,0.4745762711864406,0.135593220338983,0.517647931241166,0.0823520687588339,0.644468313641246,0.6541715767612148,64.8,17.06779661016949,0.576271186440678,0.0169491525423728,0.1864406779661017,0.0508474576271186,0.0,59,72.4,0.4344,0.8586745101760047,0.648,75.3,0.4814814814814814,0.5714285714285714,0.6666666666666666,0.0,0.5882352941176471,0.32,0.4827586206896552,0.0,2.4915254237288136,3,59,0.6666666666666666,0.0899470899470899,0.7317647058823529,0.4827586206896552,95.8,1630703,10.400000000000002,4.699999999999989,-8.2,-18.6,62.1
1630567,Scottie Barnes,Scottie,1610612761,TOR,24.0,7,3,4,0.429,39.0,8.4,16.6,0.509,1.1,3.0,0.381,6.1,7.7,0.796,1.6,4.6,6.1,8.6,3.4,1.1,1.7,0.4,3.0,5.3,24.1,-0.4,49.5,3,0,45.7,89,88,62,95,9,11,17,47,77,87,58,11,7,80,35,35,36,2,13,43,5,83,32,17,9,107,3,9,5,6,1,Scottie Barnes,Scottie,1610612761,TOR,24.0,7,3,4,0.429,39.0,108.8,111.7,111.7,110.0,111.7,111.7,-1.2,0.1,0.1,0.359,2.5,26.8,0.04,0.113,0.078,10.7,10.7,0.543,0.605,0.256,0.26,99.68,97.64,81.37,97.64,0.163,554,59,116,8.4,16.6,0.509,89,88,77,95,9,82,66,66,135,149,149,93,91,91,6,36,31,102,115,118,132,134,79,62,33,35,70,126,126,19,33,40,11,17,47,1,73.2,0.180722891566265,0.463855421686747,0.5657900055527659,0.039209994447234,0.6498388829215896,0.604917816434891,63.2,10.93103448275862,0.4396551724137931,0.0172413793103448,0.2586206896551724,0.2068965517241379,0.0258620689655172,116,67.5,0.408375,0.8072311305090374,0.632,72.0,0.5384615384615384,0.3333333333333333,0.2857142857142857,0.6470588235294118,0.492063492063492,0.5283018867924528,0.5132743362831859,0.5,2.534482758620689,14,116,-0.3613445378151261,-0.2051282051282051,0.9637616052710392,0.0132743362831858,30.8,1630567,0.4,4.700000000000003,0.1,-0.3,57.4
1631101,Shaedon Sharpe,Shaedon,1610612757,POR,23.0,5,1,4,0.2,13.4,2.8,6.8,0.412,0.6,2.2,0.273,1.0,1.6,0.625,0.6,1.0,1.6,0.6,0.0,0.4,0.4,0.4,1.0,1.6,7.2,0.4,12.4,0,0,11.6,155,163,62,179,125,98,92,135,116,110,125,92,84,137,109,145,145,142,200,124,79,88,147,89,100,80,114,49,5,117,1,Shaedon Sharpe,Shaedon,1610612757,POR,23.0,5,1,4,0.2,13.4,108.2,109.7,109.7,109.5,111.5,111.5,-1.4,-1.8,-1.8,0.07,0.0,7.3,0.039,0.082,0.058,0.0,0.0,0.456,0.48,0.235,0.241,95.97,94.45,78.71,94.45,0.079,134,14,34,2.8,6.8,0.412,155,163,77,179,125,89,84,84,126,147,147,95,108,108,163,183,186,107,171,160,1,1,157,164,44,49,168,199,199,127,118,116,98,92,135,1,37.0,0.3235294117647059,0.2352941176470588,0.5334773334563845,-0.0534773334563845,0.5155746509129968,0.4991000154436958,50.9,15.029411764705882,0.6176470588235294,0.0,0.3235294117647059,0.1176470588235294,0.0,34,81.2,0.38976,0.7704350301247688,0.509,64.0,0.44,0.0,,0.5,0.391304347826087,0.4545454545454545,0.4117647058823529,,2.5294117647058822,0,34,0.0,-0.44,0.9367588932806324,0.0,41.9,1631101,17.599999999999998,11.600000000000009,-1.8,-19.4,74.3
1628983,Shai Gilgeous-Alexander,Shai,1610612760,OKC,27.0,15,11,4,0.733,36.3,8.8,19.0,0.463,1.2,3.9,0.305,8.8,9.9,0.892,0.4,2.5,2.9,7.9,3.1,1.3,0.9,0.7,2.3,7.3,27.6,2.6,46.4,2,0,43.9,29,21,62,26,22,8,11,85,71,69,111,1,2,37,144,88,105,3,18,32,26,52,81,2,2,36,6,20,5,7,1,Shai Gilgeous-Alexander,Shai,1610612760,OKC,27.0,15,11,4,0.733,36.3,115.3,116.3,116.3,112.3,113.8,113.8,3.0,2.5,2.5,0.367,2.59,23.1,0.011,0.067,0.039,8.9,8.9,0.495,0.591,0.308,0.318,98.76,97.73,81.45,97.73,0.157,1113,132,285,8.8,19.0,0.463,29,21,77,26,22,31,28,28,163,168,168,66,76,76,5,34,47,181,184,196,109,109,129,70,12,13,101,125,125,24,5,5,8,11,85,1,88.3,0.2052631578947368,0.5210526315789474,0.5675013661955579,0.023498633804442,0.6348012889366272,0.5869807189761244,61.6,13.389473684210529,0.6526315789473685,0.0245614035087719,0.3614035087719298,0.1508771929824561,0.0,285,85.6,0.505896,1.0,0.616,80.8,0.4932432432432432,0.5,0.5,0.3380281690140845,0.4493670886075949,0.4803149606299212,0.4673913043478261,0.4285714285714285,2.933333333333333,4,285,0.1619718309859155,0.0067567567567567,0.9690521279776736,0.0388198757763975,66.1,1628983,-17.1,-0.10000000000000853,2.5,19.6,41.6
1631321,Sidy Cissoko,Sidy,1610612757,POR,22.0,4,0,4,0.0,6.5,1.0,2.5,0.4,0.5,1.3,0.4,0.3,0.3,1.0,0.5,0.8,1.3,0.3,0.3,1.0,0.0,0.0,1.0,0.8,2.8,1.5,7.4,0,0,6.8,172,196,62,196,166,150,151,143,124,139,46,166,180,1,121,172,161,181,175,50,154,158,147,132,155,52,146,49,5,149,1,Sidy Cissoko,Sidy,1610612757,POR,22.0,4,0,4,0.0,6.5,100.3,94.7,94.7,93.0,87.3,87.3,7.3,7.5,7.5,0.067,1.0,8.3,0.061,0.143,0.093,8.3,8.0,0.5,0.527,0.162,0.185,96.76,102.79,85.65,102.79,0.112,57,4,10,1.0,2.5,0.4,172,196,77,196,166,169,191,191,19,20,20,46,51,51,167,135,172,61,73,84,97,93,111,129,125,98,150,35,35,69,164,170,150,151,143,1,15.6,0.52,0.12,0.517731524392196,0.0092684756078039,0.5660580021482278,0.5707346572740232,56.8,14.0,0.2,0.0,0.1,0.2,0.1,10,48.4,0.255068,0.5041905846260892,0.568,53.6,0.5,0.0,,0.0,0.5714285714285714,0.0,0.4,,2.1,0,10,0.0,-0.5,0.4285714285714286,0.0,18.6,1631321,24.5,-7.799999999999997,7.5,-17.0,73.3
1642461,Spencer Jones,Spencer,1610612743,DEN,24.0,6,2,4,0.333,24.2,2.2,3.2,0.684,1.5,2.2,0.692,0.7,0.8,0.8,0.5,1.5,2.0,0.3,0.7,0.7,1.2,0.0,3.3,0.5,6.5,-2.8,14.2,0,0,14.0,119,128,62,138,86,109,136,13,56,111,7,122,130,74,121,125,127,171,111,80,14,158,22,153,106,172,107,49,5,105,1,Spencer Jones,Spencer,1610612743,DEN,24.0,6,2,4,0.333,24.2,107.5,108.4,108.4,109.1,110.9,110.9,-1.6,-2.5,-2.5,0.022,0.5,7.4,0.023,0.058,0.042,14.8,14.7,0.921,0.92,0.078,0.082,96.82,95.62,79.69,95.62,0.056,285,13,19,2.2,3.2,0.684,119,128,77,138,86,99,95,95,117,134,134,97,114,114,195,169,185,146,194,193,183,182,10,9,224,223,146,176,176,165,122,143,109,136,13,1,12.8,0.6875,0.25,0.5347318607608148,0.3852681392391852,0.988184747583244,1.0,99.3,17.0,0.0,0.0,0.0526315789473684,0.0526315789473684,0.0,19,34.4,0.31648,0.625583123804102,0.993,80.9,0.5555555555555556,0.0,,,0.8,0.5555555555555556,0.6842105263157895,,2.421052631578948,0,19,0.0,-0.5555555555555556,0.7555555555555555,0.0,30.8,1642461,3.0999999999999996,2.4000000000000057,-2.5,-5.6,57.3
1642264,Stephon Castle,Stephon,1610612759,SAS,21.0,21,13,8,0.619,33.5,6.3,13.3,0.477,1.6,4.5,0.362,4.7,5.8,0.811,1.4,3.6,5.0,6.3,3.5,1.0,0.4,0.9,3.8,5.5,19.0,4.1,35.0,3,0,34.6,1,7,10,41,40,30,36,80,55,56,70,17,20,73,43,59,57,8,10,61,84,34,9,14,29,25,29,9,5,28,1,Stephon Castle,Stephon,1610612759,SAS,21.0,21,13,8,0.619,33.5,111.7,112.7,112.7,103.8,105.8,105.8,7.9,6.9,6.9,0.301,1.78,24.5,0.042,0.094,0.07,13.8,13.7,0.538,0.6,0.247,0.251,100.71,99.29,82.74,99.29,0.12,1447,133,279,6.3,13.3,0.477,1,7,213,41,40,61,57,57,74,93,93,45,54,54,18,87,42,97,145,133,174,176,85,66,37,43,43,88,88,59,4,6,30,36,80,1,66.2,0.3383458646616541,0.4360902255639097,0.5569741216101824,0.0430258783898175,0.644468313641246,0.609274274397102,63.0,11.917562724014337,0.2867383512544803,0.007168458781362,0.1003584229390681,0.2258064516129032,0.043010752688172,279,52.6,0.3156,0.6238436358461028,0.63,62.7,0.4967741935483871,0.3125,0.3076923076923077,0.5694444444444444,0.4393939393939394,0.5102040816326531,0.4817518248175182,0.5,2.49820788530466,13,279,-0.2617521367521367,-0.1842741935483871,0.9291898577612864,-0.0182481751824817,34.6,1642264,-6.6,1.1000000000000085,6.9,13.5,52.6
1631106,Tari Eason,Tari,1610612745,HOU,25.0,6,2,4,0.333,32.5,5.2,10.8,0.477,1.7,5.0,0.333,1.8,2.2,0.846,2.0,4.7,6.7,1.7,0.8,2.5,0.7,0.5,3.7,2.0,13.8,1.7,33.0,1,0,30.2,119,128,62,138,50,51,52,79,51,44,88,63,68,54,23,32,30,86,96,2,49,71,13,66,51,47,33,32,5,38,1,Tari Eason,Tari,1610612745,HOU,25.0,6,2,4,0.333,32.5,107.2,107.9,107.9,104.8,103.6,103.6,2.4,4.3,4.3,0.083,2.0,11.8,0.058,0.155,0.103,5.9,5.8,0.554,0.587,0.168,0.173,94.0,94.21,78.51,94.21,0.125,380,31,65,5.2,10.8,0.477,119,128,77,138,50,103,102,102,81,75,75,68,65,65,145,62,144,65,62,70,51,52,75,74,113,119,201,206,206,51,74,79,51,52,79,1,41.7,0.4629629629629629,0.2037037037037037,0.5298949752543667,0.0571050247456332,0.6305048335123523,0.6253479312917622,62.8,13.06153846153846,0.0923076923076923,0.0153846153846153,0.0307692307692307,0.123076923076923,0.0769230769230769,65,35.6,0.208972,0.4130730426807091,0.628,52.1,0.4482758620689655,0.5333333333333333,0.0,0.3571428571428571,0.4242424242424242,0.53125,0.4918032786885246,0.0,2.6307692307692307,3,65,-0.3571428571428571,0.0850574712643678,0.8929924242424243,0.4918032786885246,47.5,1631106,15.7,12.600000000000009,4.3,-11.4,75.8
1630545,Terrence Shannon Jr.,Terrence,1610612750,MIN,25.0,9,4,5,0.444,22.6,4.2,10.4,0.404,0.9,3.6,0.25,2.4,2.7,0.917,0.6,2.0,2.6,1.3,0.9,0.4,0.0,1.6,2.4,3.6,11.8,-1.9,17.3,0,0,17.4,74,69,51,87,94,64,54,141,97,74,136,48,61,30,116,102,115,99,92,116,154,6,71,37,64,155,97,49,5,97,1,Terrence Shannon Jr.,Terrence,1610612750,MIN,25.0,9,4,5,0.444,22.6,107.0,110.3,110.3,116.1,112.4,112.4,-9.1,-2.1,-2.1,0.089,1.5,9.7,0.02,0.09,0.052,6.5,6.4,0.447,0.507,0.218,0.223,104.07,104.17,86.81,104.17,0.067,437,38,94,4.2,10.4,0.404,74,69,170,87,94,106,83,83,184,153,153,158,111,111,140,103,160,152,153,179,60,60,160,147,56,60,8,20,20,150,62,55,64,54,141,1,46.0,0.3461538461538461,0.2596153846153846,0.5371070701041246,-0.0301070701041246,0.5445757250268529,0.5257810076834636,53.7,11.127659574468083,0.1595744680851064,0.0425531914893617,0.0744680851063829,0.2872340425531915,0.0,94,48.8,0.247416,0.4890649461549409,0.537,51.3,0.2745098039215686,0.5,0.25,0.375,0.4259259259259259,0.375,0.4269662921348314,0.0,2.648936170212766,4,94,-0.125,0.2254901960784313,0.949074074074074,0.4269662921348314,65.1,1630545,4.9,6.099999999999994,-2.1,-7.0,60.9
203501,Tim Hardaway Jr.,Tim,1610612743,DEN,34.0,6,2,4,0.333,23.3,3.2,7.5,0.422,1.3,3.8,0.348,3.2,4.0,0.792,1.0,2.3,3.3,0.8,0.7,0.7,0.3,0.5,1.7,2.3,10.8,-0.8,18.4,0,0,18.3,119,128,62,138,91,86,86,126,64,70,82,36,38,81,71,95,91,129,111,80,88,71,117,59,74,128,95,49,5,92,1,Tim Hardaway Jr.,Tim,1610612743,DEN,34.0,6,2,4,0.333,23.3,105.0,107.0,107.0,108.9,109.8,109.8,-3.9,-2.8,-2.8,0.061,1.25,7.9,0.041,0.091,0.066,6.3,6.2,0.511,0.585,0.173,0.183,103.2,101.77,84.81,101.77,0.09,298,19,45,3.2,7.5,0.422,119,128,77,138,91,125,113,113,112,122,122,117,119,119,174,121,178,101,150,146,58,55,100,75,106,100,15,51,51,101,105,102,86,86,126,1,36.7,0.5066666666666666,0.5333333333333333,0.5689836095790085,0.0160163904209914,0.6283566058002148,0.5784385098173819,60.8,16.0,0.2222222222222222,0.0444444444444444,0.1333333333333333,0.1333333333333333,0.0444444444444444,45,54.0,0.3159,0.6244366431045116,0.608,61.6,0.5357142857142857,0.0,,,0.45,0.4,0.4418604651162791,0.0,2.466666666666667,0,45,0.0,-0.5357142857142857,0.95,0.4418604651162791,49.7,203501,4.4,0.7999999999999972,-2.8,-7.2,57.4
202699,Tobias Harris,Tobias,1610612765,DET,33.0,14,7,7,0.5,34.6,6.5,15.3,0.425,1.4,4.6,0.292,3.7,4.5,0.825,1.1,6.1,7.2,1.6,1.1,1.5,0.8,0.8,2.6,2.9,18.1,0.7,35.0,2,0,32.9,38,45,19,53,34,28,26,123,63,52,117,29,31,66,64,15,23,90,74,20,38,44,60,47,31,70,28,20,5,32,1,Tobias Harris,Tobias,1610612765,DET,33.0,14,7,7,0.5,34.6,109.4,112.3,112.3,108.8,110.6,110.6,0.5,1.6,1.6,0.078,1.53,8.2,0.034,0.171,0.104,5.4,5.4,0.47,0.523,0.228,0.231,96.81,94.77,78.97,94.77,0.121,955,91,214,6.5,15.3,0.425,38,45,197,53,34,75,64,64,111,131,131,80,83,83,150,102,175,120,50,68,48,47,149,135,50,53,147,194,194,58,16,10,28,26,123,1,63.0,0.3006535947712418,0.2941176470588235,0.5423251164820133,-0.0193251164820132,0.5617615467239527,0.5380903777827641,55.2,12.378504672897195,0.3457943925233644,0.02803738317757,0.1775700934579439,0.102803738317757,0.0233644859813084,214,56.2,0.293926,0.5810008381169253,0.552,56.7,0.4423076923076923,0.3793103448275862,0.25,0.4193548387096774,0.4308943089430894,0.4175824175824176,0.4341463414634146,0.1666666666666666,2.2242990654205608,4,214,-0.1693548387096774,-0.0629973474801061,0.9866881086393282,0.2674796747967479,52.1,202699,-4.199999999999999,10.5,1.6,5.8,57.4
1628396,Tony Bradley,Tony,1610612737,ATL,28.0,4,1,3,0.25,10.2,0.8,1.0,0.75,0.3,0.3,1.0,1.0,1.5,0.667,0.3,2.5,2.8,0.8,0.3,0.5,0.8,0.3,1.8,1.3,2.8,-0.8,10.7,0,0,9.0,172,163,155,176,145,165,194,8,153,186,1,92,90,125,168,89,109,134,175,98,41,112,113,103,155,126,125,49,5,130,1,Tony Bradley,Tony,1610612737,ATL,28.0,4,1,3,0.25,10.2,94.5,96.3,96.3,102.1,101.3,101.3,-7.6,-5.0,-5.0,0.125,3.0,27.3,0.02,0.227,0.116,9.1,9.4,0.875,0.828,0.079,0.08,95.54,95.02,79.18,95.02,0.151,81,3,4,0.8,1.0,0.75,172,163,49,176,145,200,185,185,59,59,59,148,139,139,105,22,25,154,19,52,111,117,12,13,223,225,182,190,190,30,176,193,165,194,8,1,4.8,0.3,1.5,0.7059942929635108,0.1220057070364891,0.8893662728249194,0.6994427146691397,81.3,7.0,0.0,0.0,0.0,0.25,0.25,4,23.3,0.192924,0.3813511077375587,0.813,59.7,1.0,1.0,,1.0,1.0,0.5,0.75,,2.0,0,4,0.0,0.0,0.5,0.0,36.4,1628396,15.3,-7.900000000000006,-5.0,-20.3,60.6
1641739,Toumani Camara,Toumani,1610612757,POR,26.0,5,1,4,0.2,33.0,2.2,7.6,0.289,1.4,5.4,0.259,1.2,1.2,1.0,1.6,3.8,5.4,1.2,1.4,1.4,0.6,0.6,2.6,3.2,7.0,-8.8,19.9,0,0,19.0,155,163,62,179,47,107,85,192,61,40,132,83,106,1,33,54,49,104,59,24,56,61,59,44,102,212,91,49,5,91,1,Toumani Camara,Toumani,1610612757,POR,26.0,5,1,4,0.2,33.0,99.1,101.8,101.8,115.6,115.6,115.6,-16.5,-13.9,-13.9,0.054,0.86,11.1,0.041,0.122,0.077,13.0,13.0,0.382,0.431,0.119,0.121,100.37,99.0,82.5,99.0,0.043,342,11,38,2.2,7.6,0.289,155,163,77,179,47,181,162,162,179,183,183,194,179,179,177,151,148,99,99,122,169,169,182,180,194,196,52,94,94,187,128,109,107,85,192,1,28.7,0.7105263157894738,0.1578947368421052,0.5187823887143893,-0.0877823887143893,0.4629430719656283,0.4599351631128759,46.2,18.13157894736842,0.131578947368421,0.0,0.0263157894736842,0.1578947368421052,0.0263157894736842,38,45.7,0.196967,0.3893428688900485,0.462,42.6,0.2631578947368421,0.3333333333333333,1.0,0.375,0.2916666666666667,0.2857142857142857,0.2894736842105263,,2.3421052631578947,2,38,0.625,0.0701754385964912,0.9940476190476192,0.0,93.1,1641739,-0.8000000000000007,3.0999999999999943,-13.9,-13.1,49.9
1630570,Trendon Watford,Trendon,1610612755,PHI,25.0,7,2,5,0.286,5.7,1.0,1.6,0.636,0.0,0.1,0.0,0.9,1.1,0.75,0.0,0.4,0.4,0.4,0.3,0.4,0.0,0.0,0.3,0.6,2.9,-0.7,5.0,0,0,4.6,89,128,51,174,175,150,181,22,170,190,170,106,110,95,191,191,200,166,168,120,154,158,197,148,150,124,169,49,5,174,1,Trendon Watford,Trendon,1610612755,PHI,25.0,7,2,5,0.286,5.7,95.2,92.9,92.9,101.8,98.8,98.8,-6.7,-5.9,-5.9,0.136,1.5,15.0,0.0,0.083,0.04,10.0,10.2,0.636,0.689,0.185,0.188,99.62,102.34,85.28,102.34,0.149,85,7,11,1.0,1.6,0.636,89,128,170,174,175,195,196,196,53,44,44,145,143,143,97,103,120,191,168,195,124,128,35,28,92,96,71,42,42,32,147,167,150,181,22,1,19.3,0.0625,0.6875,0.6044730193965661,0.0845269806034338,0.7400644468313641,0.6566545956803123,70.7,5.0,0.0909090909090909,0.0,0.0,0.3636363636363636,0.0,11,34.5,0.2377049999999999,0.4698693012002466,0.7070000000000001,58.8,,0.7777777777777778,,0.6,1.0,0.5,0.6363636363636364,,2.363636363636364,0,11,0.0,0.0,0.5,0.0,36.4,1630570,4.6,-17.599999999999994,-5.9,-10.5,46.3
1641783,Tristan da Silva,Tristan,1610612753,ORL,25.0,7,3,4,0.429,15.3,1.6,4.1,0.379,0.7,2.3,0.313,0.3,0.6,0.5,1.0,1.9,2.9,0.1,0.7,0.1,0.0,0.1,1.1,0.4,4.1,-1.7,7.5,0,0,8.1,89,88,62,95,118,130,120,157,107,107,106,162,148,152,71,107,106,196,106,169,154,136,143,167,134,152,143,49,5,135,1,Tristan da Silva,Tristan,1610612753,ORL,25.0,7,3,4,0.429,15.3,97.1,94.1,94.1,102.5,101.8,101.8,-5.5,-7.7,-7.7,0.016,0.2,2.7,0.059,0.123,0.089,13.5,13.6,0.466,0.471,0.141,0.148,96.34,98.17,81.81,98.17,0.043,222,11,29,1.6,4.1,0.379,89,88,77,95,118,186,193,193,65,62,62,135,155,155,198,180,199,62,98,90,172,173,151,171,162,162,161,114,114,186,128,126,130,120,157,1,19.6,0.5609756097560976,0.1463414634146341,0.5212464635259287,-0.0502464635259287,0.505907626208378,0.5027885838711394,50.5,16.482758620689655,0.1034482758620689,0.0,0.1034482758620689,0.0689655172413793,0.0344827586206896,29,42.0,0.1978199999999999,0.391028986194791,0.505,44.8,0.375,0.0,,0.0,0.3571428571428571,0.4,0.3793103448275862,,2.3793103448275863,0,29,0.0,-0.375,0.9571428571428572,0.0,44.7,1641783,-2.9000000000000004,-8.5,-7.7,-4.8,44.4
1642278,Tyler Kolek,Tyler,1610612752,NYK,25.0,8,8,0,1.0,6.7,1.4,3.1,0.44,0.5,1.1,0.444,0.3,0.3,1.0,0.1,0.6,0.8,1.5,0.4,0.0,0.1,0.1,0.4,0.3,3.5,-0.8,6.7,0,0,6.5,84,32,226,1,165,139,140,111,124,145,33,166,180,1,185,181,186,92,160,182,138,143,190,181,140,126,150,49,5,151,1,Tyler Kolek,Tyler,1610612752,NYK,25.0,8,8,0,1.0,6.7,99.9,99.1,99.1,103.9,103.5,103.5,-4.0,-4.4,-4.4,0.387,4.0,29.3,0.018,0.083,0.052,7.3,7.3,0.52,0.541,0.22,0.227,101.55,102.12,85.1,102.12,0.136,113,11,25,1.4,3.1,0.44,84,32,1,1,165,175,177,177,76,74,74,118,134,134,3,9,20,157,168,178,79,79,91,120,55,56,28,43,43,39,128,131,139,140,111,1,25.9,0.3548387096774194,0.0967741935483871,0.5162353781909232,0.0247646218090767,0.5810955961331902,0.5884260521167127,58.4,13.68,0.28,0.0,0.16,0.2,0.0,25,56.9,0.307829,0.6084827711624524,0.584,59.6,,0.3529411764705882,,0.4347826086956521,0.5,0.4210526315789473,0.44,,2.44,0,25,0.0,0.0,0.9210526315789472,0.0,54.2,1642278,-22.799999999999997,-23.400000000000006,-4.4,18.4,21.6
1630178,Tyrese Maxey,Tyrese,1610612755,PHI,25.0,11,4,7,0.364,39.7,8.7,19.2,0.455,2.4,6.7,0.351,3.9,4.4,0.896,0.4,3.6,4.0,5.9,2.1,0.8,0.4,1.0,2.0,3.6,23.7,-7.8,38.8,2,0,38.4,54,69,19,132,5,9,10,96,22,18,80,27,33,36,152,58,70,12,35,73,85,21,93,34,13,209,17,20,5,18,1,Tyrese Maxey,Tyrese,1610612755,PHI,25.0,11,4,7,0.364,39.7,108.6,110.7,110.7,118.7,121.3,121.3,-10.1,-10.6,-10.6,0.26,2.83,20.4,0.009,0.09,0.05,7.2,7.2,0.517,0.562,0.261,0.267,96.05,94.1,78.42,94.1,0.125,859,96,211,8.7,19.2,0.455,54,69,197,132,5,84,77,77,192,203,203,163,168,168,27,27,71,185,152,182,76,76,94,98,31,32,167,207,207,52,14,12,9,10,96,1,74.4,0.3489583333333333,0.2291666666666666,0.5294798486934214,0.0325201513065787,0.6036519871106338,0.5972802622391729,60.1,14.028436018957343,0.4691943127962085,0.0284360189573459,0.1990521327014218,0.1895734597156398,0.0094786729857819,211,70.1,0.393962,0.7787410851242154,0.601,69.0,0.4424778761061947,0.4782608695652174,,0.4067796610169492,0.4631578947368421,0.4482758620689655,0.4532019704433497,0.3333333333333333,2.241706161137441,0,211,0.0,0.0357829934590226,0.9851179673321234,0.1198686371100164,60.7,1630178,0.40000000000000036,13.900000000000006,-10.6,-11.0,58.0
1626145,Tyus Jones,Tyus,1610612743,DEN,30.0,3,1,2,0.333,10.1,1.3,2.7,0.5,0.0,0.3,0.0,0.3,0.7,0.5,0.0,0.0,0.0,1.7,0.0,0.7,0.0,0.0,1.0,1.7,3.0,-0.7,7.5,0,0,6.0,196,163,183,138,146,140,149,51,170,182,170,151,139,152,191,210,216,86,200,80,154,158,147,86,147,119,143,49,5,155,1,Tyus Jones,Tyus,1610612743,DEN,30.0,3,1,2,0.333,10.1,103.3,108.2,108.2,111.2,109.7,109.7,-7.9,-1.5,-1.5,0.25,0.0,35.7,0.0,0.0,0.0,0.0,0.0,0.5,0.507,0.132,0.133,99.26,97.61,81.34,97.61,0.082,61,4,8,1.3,2.7,0.5,196,163,26,138,146,138,97,97,148,118,118,150,106,106,29,183,8,191,210,216,1,1,111,148,172,184,82,131,131,119,164,176,140,149,51,1,13.4,0.1111111111111111,0.2592592592592592,0.5536116657933631,-0.046611665793363,0.5445757250268529,0.5069383021962576,53.0,11.0,0.5,0.0,0.25,0.0,0.0,8,60.6,0.307242,0.6073224536268325,0.53,56.9,0.5,0.5,,,0.5,0.5,0.5,,2.75,0,8,0.0,0.0,1.0,0.0,57.6,1626145,3.2,0.20000000000000284,-1.5,-4.7,56.6
1642845,VJ Edgecombe,VJ,1610612755,PHI,20.0,11,4,7,0.364,37.0,5.5,13.2,0.414,1.9,6.5,0.292,1.2,1.6,0.722,2.1,4.0,6.1,3.4,1.6,1.0,0.4,0.5,2.6,1.7,14.0,-3.5,28.8,2,0,28.1,54,69,19,132,19,50,37,132,37,20,118,86,83,112,21,46,37,40,48,50,85,68,57,85,50,179,48,20,5,46,1,VJ Edgecombe,VJ,1610612755,PHI,20.0,11,4,7,0.364,37.0,109.1,111.4,111.4,115.0,115.7,115.7,-5.8,-4.3,-4.3,0.14,2.06,17.8,0.056,0.105,0.081,8.7,8.7,0.486,0.504,0.189,0.192,95.57,94.27,78.56,94.27,0.078,798,60,145,5.5,13.2,0.414,54,69,197,132,19,77,71,71,175,184,184,139,132,132,95,61,96,69,130,109,103,102,134,151,88,95,181,204,204,130,31,25,50,37,132,1,50.5,0.4924242424242424,0.1212121212121212,0.516623761788763,-0.012623761788763,0.5413533834586466,0.545741074305585,54.3,15.537931034482758,0.3034482758620689,0.0344827586206896,0.096551724137931,0.1034482758620689,0.0413793103448275,145,54.0,0.27216,0.5379761848285023,0.543,54.0,0.3953488372093023,0.5714285714285714,,0.34,0.3333333333333333,0.4705882352941176,0.4202898550724637,0.0,2.2275862068965515,0,145,0.0,0.1760797342192691,0.8627450980392157,0.4202898550724637,66.5,1642845,24.599999999999998,15.300000000000011,-4.3,-28.9,81.0
1641705,Victor Wembanyama,Victor,1610612759,SAS,22.0,20,12,8,0.6,33.4,8.0,16.0,0.502,1.8,5.0,0.36,6.3,7.3,0.862,2.2,8.4,10.6,2.8,2.9,1.1,3.5,0.4,2.6,7.1,24.1,9.9,51.8,10,1,48.4,7,17,10,47,41,14,20,50,42,44,71,9,8,47,19,3,4,49,21,48,1,93,64,5,11,8,2,2,3,2,1,Victor Wembanyama,Victor,1610612759,SAS,22.0,20,12,8,0.6,33.4,114.8,114.7,114.7,98.5,100.3,100.3,16.3,14.4,14.4,0.144,0.98,11.4,0.067,0.214,0.147,11.6,11.5,0.558,0.628,0.279,0.288,99.82,98.96,82.47,98.96,0.198,1378,160,319,8.0,16.0,0.502,7,17,213,47,41,35,40,40,37,53,53,25,31,31,91,147,147,51,25,28,149,148,73,51,21,22,63,95,95,11,3,3,14,20,50,1,76.5,0.3125,0.45625,0.55773690986616,0.07026309013384,0.6745435016111708,0.6403700230509102,66.1,11.504702194357368,0.2727272727272727,0.0313479623824451,0.115987460815047,0.115987460815047,0.2006269592476489,319,45.9,0.2882519999999999,0.5697850941695526,0.6609999999999999,61.5,0.5029239766081871,0.4545454545454545,0.3888888888888889,0.5098039215686274,0.4804469273743016,0.5285714285714286,0.5033112582781457,0.4,2.579937304075235,18,319,-0.1209150326797385,-0.0483785220627325,0.951875498802873,0.1033112582781456,50.0,1641705,15.8,6.799999999999997,14.4,-1.4,76.9
1628976,Wendell Carter Jr.,Wendell,1610612753,ORL,27.0,7,3,4,0.429,33.8,3.6,6.9,0.521,0.7,2.6,0.278,3.1,4.4,0.71,2.9,4.1,7.0,2.9,1.4,0.6,1.7,1.0,4.0,3.6,11.0,-2.1,29.1,2,0,26.1,89,88,62,95,39,80,90,44,107,98,124,38,32,115,11,44,25,47,56,93,5,21,4,36,72,158,45,20,5,56,1,Wendell Carter Jr.,Wendell,1610612753,ORL,27.0,7,3,4,0.429,33.8,106.2,108.8,108.8,111.3,112.7,112.7,-5.1,-3.9,-3.9,0.131,2.0,21.5,0.079,0.125,0.101,10.8,10.9,0.573,0.625,0.132,0.133,98.24,96.43,80.36,96.43,0.089,477,25,48,3.6,6.9,0.521,89,88,77,95,39,115,91,91,150,157,157,130,127,127,103,62,61,40,91,73,134,135,69,53,173,183,115,160,160,102,92,98,80,90,44,1,34.9,0.3768115942028985,0.6376811594202899,0.5906122756133768,0.0343877243866231,0.6713211600429646,0.5994124035036849,64.3,11.208333333333334,0.0208333333333333,0.0,0.0208333333333333,0.125,0.2083333333333333,48,26.1,0.163125,0.3224476967598084,0.643,48.3,0.5,0.5,,0.4285714285714285,0.5384615384615384,0.5,0.5319148936170213,,2.5,0,48,0.0,0.0,0.9615384615384616,0.0,56.0,1628976,4.9,27.89999999999999,-3.9,-8.8,72.0
1642258,Zaccharie Risacher,Zaccharie,1610612737,ATL,21.0,3,0,3,0.0,7.6,1.7,4.7,0.357,0.3,1.7,0.2,0.0,0.0,0.0,1.3,1.7,3.0,0.0,0.0,0.0,0.0,0.3,0.7,0.0,3.7,-0.7,7.3,0,0,7.0,196,196,155,196,161,126,111,168,143,129,155,184,187,184,46,121,102,200,200,182,154,94,168,200,139,119,147,49,5,146,1,Zaccharie Risacher,Zaccharie,1610612737,ATL,21.0,3,0,3,0.0,7.6,102.7,106.7,106.7,112.0,111.1,111.1,-9.3,-4.4,-4.4,0.0,0.0,0.0,0.121,0.2,0.155,0.0,0.0,0.393,0.393,0.241,0.256,96.52,95.08,79.24,95.08,0.077,45,5,14,1.7,4.7,0.357,196,196,49,196,161,143,116,116,160,139,139,159,135,135,200,183,200,19,31,25,1,1,178,191,42,39,154,189,189,131,158,154,126,111,168,1,29.7,0.3617021276595744,0.0,0.5020557710549648,-0.1090557710549647,0.4221267454350161,0.4356481047863543,42.8,11.5,0.2142857142857142,0.0,0.0,0.0714285714285714,0.0714285714285714,14,35.3,0.138729,0.2742243465060012,0.428,35.1,0.0,0.3333333333333333,,0.4444444444444444,0.4545454545454545,0.0,0.3571428571428571,,2.2142857142857144,0,14,0.0,0.3333333333333333,0.5454545454545454,0.0,48.1,1642258,14.4,3.1000000000000085,-4.4,-18.8,66.1
